protein,drug,True Label,Predicted Probability
1.0,0.7301946878433228
0.0,0.2719513773918152
0.0,0.515806257724762
1.0,0.7299202084541321
1.0,0.3604165315628052
0.0,0.30838242173194885
0.0,0.27009105682373047
0.0,0.479716032743454
0.0,0.276105672121048
0.0,0.27595213055610657
1.0,0.7184696793556213
1.0,0.7287631630897522
0.0,0.28721264004707336
1.0,0.7287123203277588
0.0,0.27190324664115906
1.0,0.4169127345085144
1.0,0.6844046115875244
1.0,0.7206430435180664
0.0,0.2868301272392273
1.0,0.6909380555152893
0.0,0.5841374397277832
1.0,0.3883891999721527
0.0,0.548014760017395
0.0,0.6469197273254395
0.0,0.548284649848938
0.0,0.498818576335907
0.0,0.30206841230392456
1.0,0.7241003513336182
1.0,0.6865103244781494
0.0,0.7257929444313049
1.0,0.7234309911727905
1.0,0.4450959265232086
1.0,0.6839082837104797
0.0,0.27851107716560364
0.0,0.27071601152420044
0.0,0.3447461724281311
0.0,0.2860721945762634
1.0,0.7250669598579407
0.0,0.2903483510017395
1.0,0.7102206945419312
1.0,0.7140054702758789
1.0,0.7219707369804382
1.0,0.3391795754432678
0.0,0.4845797121524811
1.0,0.6840688586235046
1.0,0.6927690505981445
1.0,0.7306438684463501
1.0,0.7253819108009338
1.0,0.32558080554008484
0.0,0.2800756096839905
0.0,0.2944619357585907
0.0,0.3410661816596985
0.0,0.2709898054599762
1.0,0.7307573556900024
1.0,0.5490034818649292
0.0,0.29448410868644714
0.0,0.27986225485801697
1.0,0.7266177535057068
1.0,0.2725895345211029
0.0,0.6506023406982422
1.0,0.7293296456336975
0.0,0.2715793251991272
1.0,0.270201712846756
0.0,0.29345497488975525
0.0,0.34979963302612305
0.0,0.4009585976600647
0.0,0.7177185416221619
1.0,0.728757381439209
1.0,0.729087233543396
1.0,0.3716335594654083
0.0,0.286268413066864
0.0,0.31857529282569885
0.0,0.2929702401161194
1.0,0.7260065078735352
1.0,0.7295069694519043
1.0,0.33158546686172485
1.0,0.2740415334701538
1.0,0.2990614175796509
1.0,0.7211634516716003
0.0,0.5649062991142273
1.0,0.7255133986473083
1.0,0.2944614887237549
0.0,0.2938275635242462
0.0,0.30275818705558777
1.0,0.7169069051742554
0.0,0.27769625186920166
0.0,0.7287938594818115
1.0,0.5938342213630676
1.0,0.6754255890846252
1.0,0.2973666191101074
1.0,0.7217974066734314
1.0,0.5020192265510559
0.0,0.45441296696662903
1.0,0.5152893662452698
1.0,0.7059853672981262
0.0,0.3345872461795807
0.0,0.3342444598674774
0.0,0.6671839356422424
0.0,0.2741852402687073
0.0,0.28936710953712463
0.0,0.4644794166088104
0.0,0.27590712904930115
1.0,0.7283448576927185
1.0,0.7041102051734924
1.0,0.7261028289794922
0.0,0.31222549080848694
1.0,0.5480954647064209
1.0,0.7296735048294067
1.0,0.6998074054718018
1.0,0.7216402888298035
1.0,0.6458088159561157
1.0,0.7231971621513367
0.0,0.2897012233734131
1.0,0.7099305391311646
0.0,0.2936631739139557
0.0,0.5630211234092712
0.0,0.5626381039619446
0.0,0.7280009388923645
0.0,0.7033587098121643
0.0,0.7144904136657715
0.0,0.2700277268886566
1.0,0.5019266605377197
1.0,0.6989057660102844
1.0,0.37786027789115906
1.0,0.7249221801757812
0.0,0.6575022339820862
0.0,0.3730955719947815
1.0,0.7265457510948181
1.0,0.6709862351417542
0.0,0.29731765389442444
0.0,0.49128714203834534
0.0,0.7294040322303772
0.0,0.2899075448513031
1.0,0.28817686438560486
1.0,0.730008065700531
1.0,0.6026596426963806
1.0,0.7283706665039062
1.0,0.72960364818573
0.0,0.27413690090179443
0.0,0.2865748405456543
1.0,0.7032601237297058
1.0,0.6503949165344238
0.0,0.4363151490688324
1.0,0.7306367754936218
1.0,0.7229476571083069
0.0,0.6572425961494446
0.0,0.27273452281951904
1.0,0.7269461750984192
0.0,0.29590925574302673
1.0,0.3890794515609741
0.0,0.28732985258102417
1.0,0.6189153790473938
0.0,0.27924349904060364
0.0,0.3231322467327118
1.0,0.7213680148124695
1.0,0.31841325759887695
1.0,0.7251540422439575
1.0,0.6768304109573364
0.0,0.6674182415008545
1.0,0.2821114957332611
1.0,0.2815580368041992
0.0,0.2732286751270294
0.0,0.5924661159515381
1.0,0.6918479800224304
0.0,0.30782389640808105
0.0,0.2803860902786255
0.0,0.3515431880950928
1.0,0.4409160315990448
1.0,0.7224578261375427
0.0,0.2858335077762604
0.0,0.5598270297050476
1.0,0.6864628791809082
0.0,0.5099364519119263
0.0,0.30069977045059204
1.0,0.7047837972640991
1.0,0.727657675743103
1.0,0.7216336131095886
1.0,0.449242502450943
1.0,0.7177800536155701
0.0,0.2724822163581848
0.0,0.36067530512809753
0.0,0.27685996890068054
1.0,0.2952316105365753
0.0,0.7088810801506042
1.0,0.2903660237789154
1.0,0.707554817199707
1.0,0.7285422682762146
1.0,0.7304633855819702
1.0,0.4210379719734192
1.0,0.7301617860794067
1.0,0.6987422108650208
1.0,0.7296886444091797
0.0,0.7040620446205139
0.0,0.2967313528060913
1.0,0.7300190925598145
0.0,0.2989513874053955
0.0,0.34773391485214233
1.0,0.5701982378959656
0.0,0.711251437664032
0.0,0.2808784246444702
0.0,0.28158289194107056
1.0,0.7014418244361877
0.0,0.273903489112854
0.0,0.3034386932849884
1.0,0.7158194780349731
1.0,0.7305201292037964
1.0,0.7247257828712463
0.0,0.27273255586624146
0.0,0.2741113007068634
0.0,0.2699606716632843
1.0,0.4573841392993927
0.0,0.270110547542572
0.0,0.299348920583725
1.0,0.713948130607605
0.0,0.41954460740089417
0.0,0.28228694200515747
1.0,0.29807135462760925
0.0,0.2765096127986908
1.0,0.32850995659828186
0.0,0.29453009366989136
0.0,0.2917901277542114
0.0,0.3762538433074951
1.0,0.7137308716773987
0.0,0.6685152053833008
0.0,0.33400386571884155
0.0,0.2838359475135803
0.0,0.2725488841533661
0.0,0.4612582325935364
1.0,0.30889737606048584
1.0,0.31765010952949524
0.0,0.34959539771080017
1.0,0.7274263501167297
0.0,0.7107861042022705
1.0,0.727182924747467
1.0,0.5839951634407043
0.0,0.31061893701553345
0.0,0.4913043975830078
1.0,0.4237091541290283
1.0,0.6855969429016113
0.0,0.2977266311645508
1.0,0.6137133240699768
0.0,0.27606824040412903
1.0,0.7269923686981201
1.0,0.7293110489845276
0.0,0.4263397455215454
1.0,0.7288808822631836
1.0,0.7260941863059998
0.0,0.510791540145874
1.0,0.5947118401527405
0.0,0.5340388417243958
1.0,0.728767991065979
0.0,0.27665865421295166
1.0,0.7303398251533508
0.0,0.2744232714176178
1.0,0.5651288032531738
0.0,0.32092413306236267
1.0,0.42634880542755127
1.0,0.7305170893669128
0.0,0.26963531970977783
0.0,0.558307409286499
1.0,0.5647592544555664
0.0,0.3046901822090149
0.0,0.37568095326423645
1.0,0.6962541937828064
1.0,0.7129826545715332
1.0,0.7301833629608154
1.0,0.7165066599845886
1.0,0.7132008671760559
0.0,0.30611103773117065
0.0,0.4160243272781372
0.0,0.2882750928401947
1.0,0.6541398763656616
1.0,0.7218696475028992
0.0,0.28131014108657837
1.0,0.730133593082428
0.0,0.38093438744544983
0.0,0.27349525690078735
0.0,0.2703040838241577
0.0,0.28643742203712463
1.0,0.5300686359405518
0.0,0.4927942454814911
0.0,0.293069988489151
1.0,0.728252112865448
0.0,0.3100760877132416
1.0,0.6970713138580322
0.0,0.37793517112731934
1.0,0.7281844615936279
1.0,0.6705136895179749
1.0,0.6897373795509338
0.0,0.2961444854736328
1.0,0.6861873269081116
1.0,0.2702770233154297
1.0,0.730097234249115
1.0,0.7220836281776428
1.0,0.338678777217865
1.0,0.7293449640274048
1.0,0.7228101491928101
1.0,0.27783411741256714
0.0,0.2842998504638672
0.0,0.397727906703949
0.0,0.26978591084480286
1.0,0.6421751379966736
0.0,0.7069887518882751
0.0,0.5327137112617493
1.0,0.60248202085495
1.0,0.29143163561820984
0.0,0.27647724747657776
1.0,0.7264437079429626
0.0,0.29618722200393677
1.0,0.7282842397689819
0.0,0.3268260657787323
0.0,0.28327181935310364
0.0,0.6443952918052673
0.0,0.5131843090057373
0.0,0.31128987669944763
0.0,0.2711397111415863
1.0,0.7040706276893616
1.0,0.646504819393158
0.0,0.27047082781791687
1.0,0.7120639681816101
1.0,0.7182044386863708
0.0,0.2787291407585144
0.0,0.3225058615207672
0.0,0.27053573727607727
0.0,0.2894255220890045
1.0,0.727353572845459
0.0,0.7110419273376465
0.0,0.27338576316833496
0.0,0.42926517128944397
1.0,0.617206871509552
1.0,0.7137500047683716
1.0,0.7288598418235779
0.0,0.2899651527404785
1.0,0.6272075176239014
0.0,0.5074470043182373
1.0,0.6730100512504578
1.0,0.7299188375473022
0.0,0.2732545733451843
0.0,0.2833314836025238
1.0,0.5766036510467529
0.0,0.28434208035469055
0.0,0.29854705929756165
1.0,0.7241426706314087
1.0,0.698906421661377
1.0,0.7246439456939697
1.0,0.7257040739059448
0.0,0.2747614085674286
0.0,0.30991581082344055
0.0,0.28306829929351807
0.0,0.43009886145591736
1.0,0.7168033719062805
1.0,0.5954174399375916
1.0,0.29411354660987854
1.0,0.36273476481437683
0.0,0.44342467188835144
0.0,0.7306342720985413
1.0,0.640693724155426
0.0,0.2928192615509033
0.0,0.33217859268188477
0.0,0.7182051539421082
0.0,0.272489070892334
0.0,0.2697243094444275
0.0,0.2961680293083191
1.0,0.5529170632362366
1.0,0.5852856636047363
1.0,0.6135804653167725
1.0,0.7223483920097351
1.0,0.7087007761001587
0.0,0.2734239101409912
0.0,0.27005448937416077
1.0,0.6166075468063354
1.0,0.7292723059654236
0.0,0.3985539972782135
1.0,0.7051615715026855
1.0,0.695284903049469
1.0,0.3442903459072113
0.0,0.33434054255485535
0.0,0.298707515001297
1.0,0.7296809554100037
0.0,0.2739187180995941
0.0,0.27725812792778015
0.0,0.28985971212387085
0.0,0.29721176624298096
0.0,0.283805251121521
0.0,0.3099611699581146
0.0,0.29850223660469055
1.0,0.6614730358123779
1.0,0.6562880277633667
0.0,0.2801916003227234
0.0,0.6968803405761719
1.0,0.6399837732315063
1.0,0.5137462615966797
1.0,0.7259836792945862
0.0,0.6417145133018494
1.0,0.27205103635787964
1.0,0.30825838446617126
1.0,0.6694846153259277
1.0,0.7190552353858948
1.0,0.3848472237586975
0.0,0.29347530007362366
0.0,0.27467241883277893
1.0,0.7285290956497192
0.0,0.680336058139801
1.0,0.5608533024787903
1.0,0.711273193359375
0.0,0.7022194862365723
0.0,0.26980820298194885
0.0,0.4805320203304291
1.0,0.6933990120887756
1.0,0.2731039822101593
0.0,0.4573918282985687
0.0,0.2981201112270355
0.0,0.42266228795051575
0.0,0.3414369225502014
1.0,0.7296105027198792
0.0,0.28967753052711487
1.0,0.708984375
0.0,0.4815814197063446
1.0,0.464573472738266
0.0,0.45131582021713257
0.0,0.2777663469314575
0.0,0.3018648624420166
0.0,0.2811841666698456
1.0,0.722705602645874
0.0,0.28281456232070923
1.0,0.716668426990509
1.0,0.6511583924293518
0.0,0.5064067840576172
0.0,0.29156020283699036
0.0,0.2721807658672333
1.0,0.6328768730163574
1.0,0.6139597296714783
0.0,0.7238973379135132
0.0,0.26982203125953674
1.0,0.7305291295051575
1.0,0.7301183938980103
1.0,0.6776140332221985
1.0,0.7303426861763
1.0,0.7290996313095093
0.0,0.6449719071388245
0.0,0.2803322672843933
0.0,0.3674784302711487
0.0,0.6072141528129578
1.0,0.7085227370262146
1.0,0.7241808176040649
0.0,0.7266718745231628
0.0,0.6555706262588501
1.0,0.6727051138877869
1.0,0.7301934957504272
1.0,0.7305994033813477
0.0,0.30739253759384155
0.0,0.28093475103378296
1.0,0.7256156802177429
0.0,0.27951881289482117
0.0,0.272442102432251
1.0,0.32676827907562256
0.0,0.42890578508377075
1.0,0.5852715969085693
1.0,0.7297289967536926
1.0,0.7044968008995056
1.0,0.3170338273048401
1.0,0.7195532917976379
1.0,0.7055492997169495
1.0,0.5904620885848999
0.0,0.27482831478118896
1.0,0.7300719022750854
0.0,0.49111509323120117
0.0,0.3464830815792084
0.0,0.7199216485023499
0.0,0.6049238443374634
1.0,0.7302101254463196
0.0,0.3637959659099579
0.0,0.2706916034221649
0.0,0.7251323461532593
1.0,0.7306244969367981
1.0,0.42212483286857605
0.0,0.5630704760551453
1.0,0.7143781781196594
1.0,0.6463270783424377
0.0,0.33920973539352417
0.0,0.27031928300857544
0.0,0.2846229076385498
1.0,0.7287145853042603
0.0,0.2800392806529999
1.0,0.618272602558136
1.0,0.727920413017273
0.0,0.7094821333885193
0.0,0.6619246602058411
1.0,0.7302839159965515
1.0,0.6574652791023254
1.0,0.7138750553131104
0.0,0.2887504994869232
0.0,0.33205926418304443
0.0,0.2820172905921936
0.0,0.37865763902664185
1.0,0.5969218015670776
1.0,0.6862742304801941
1.0,0.7302346229553223
1.0,0.704598069190979
0.0,0.32183852791786194
1.0,0.2887052893638611
1.0,0.7281839847564697
1.0,0.7221603393554688
0.0,0.6553446650505066
1.0,0.7296335101127625
1.0,0.7281730771064758
1.0,0.697363018989563
0.0,0.269322007894516
0.0,0.2880765497684479
1.0,0.7193912267684937
0.0,0.3219926655292511
0.0,0.34493955969810486
0.0,0.45715370774269104
1.0,0.6830395460128784
0.0,0.4187776446342468
1.0,0.6915112733840942
0.0,0.27807295322418213
1.0,0.5995006561279297
1.0,0.29274094104766846
1.0,0.6845946311950684
1.0,0.6708330512046814
0.0,0.2785765826702118
1.0,0.3794194161891937
0.0,0.7299522161483765
1.0,0.7292717099189758
0.0,0.7229351997375488
0.0,0.4023613929748535
1.0,0.5134273767471313
1.0,0.7045851945877075
1.0,0.27236682176589966
0.0,0.27738234400749207
0.0,0.28457361459732056
1.0,0.2749699652194977
1.0,0.7286642789840698
0.0,0.2799544036388397
1.0,0.3028333783149719
1.0,0.7146611213684082
1.0,0.7226837277412415
1.0,0.6914770007133484
1.0,0.7195449471473694
1.0,0.7181466817855835
0.0,0.34383368492126465
1.0,0.7292075157165527
0.0,0.27382901310920715
0.0,0.6840177178382874
1.0,0.27605363726615906
1.0,0.7115070819854736
1.0,0.529589056968689
0.0,0.27094846963882446
0.0,0.6094338893890381
0.0,0.6689234375953674
0.0,0.3056131601333618
1.0,0.5670415759086609
1.0,0.7162019610404968
0.0,0.34427711367607117
0.0,0.27509066462516785
1.0,0.29339706897735596
0.0,0.7097492218017578
0.0,0.27943503856658936
0.0,0.7305371761322021
0.0,0.2734147310256958
1.0,0.724000871181488
0.0,0.7168340682983398
0.0,0.3850371837615967
0.0,0.6780940294265747
0.0,0.40541183948516846
0.0,0.275332510471344
1.0,0.3304611146450043
1.0,0.274151086807251
0.0,0.2886239290237427
0.0,0.30754709243774414
1.0,0.28073862195014954
0.0,0.5926133990287781
0.0,0.41336414217948914
0.0,0.540411114692688
1.0,0.7306075692176819
1.0,0.4731486737728119
1.0,0.7303239703178406
0.0,0.4831330478191376
0.0,0.30464884638786316
0.0,0.2823055684566498
0.0,0.7236725687980652
1.0,0.7306889295578003
1.0,0.2967466115951538
0.0,0.26938241720199585
1.0,0.7256662845611572
1.0,0.5168735980987549
1.0,0.7267006635665894
1.0,0.6593363881111145
1.0,0.7281107902526855
1.0,0.7274219393730164
0.0,0.353892058134079
0.0,0.42763257026672363
0.0,0.2911396026611328
0.0,0.6987035274505615
1.0,0.7305213212966919
0.0,0.4730682373046875
1.0,0.6312981843948364
0.0,0.2770206928253174
0.0,0.6551801562309265
1.0,0.7306378483772278
1.0,0.7278911471366882
0.0,0.4921301305294037
1.0,0.7240994572639465
1.0,0.7108361124992371
0.0,0.7079798579216003
0.0,0.2718077301979065
1.0,0.7261703610420227
0.0,0.2835441529750824
0.0,0.30989500880241394
1.0,0.5739864110946655
0.0,0.2722298502922058
1.0,0.6961920857429504
0.0,0.27724823355674744
0.0,0.7301791906356812
1.0,0.7291970252990723
0.0,0.4292946457862854
1.0,0.730278491973877
0.0,0.31313809752464294
1.0,0.7293859720230103
0.0,0.5614008903503418
0.0,0.2952630817890167
0.0,0.3792765438556671
1.0,0.36697378754615784
1.0,0.7156752347946167
1.0,0.3259524405002594
1.0,0.7295750975608826
1.0,0.36381450295448303
1.0,0.3083103597164154
0.0,0.3814021646976471
1.0,0.3507061004638672
1.0,0.7247329950332642
0.0,0.28865814208984375
0.0,0.2824800908565521
0.0,0.2732997238636017
0.0,0.2969469726085663
1.0,0.7063789963722229
1.0,0.6473756432533264
1.0,0.49588167667388916
0.0,0.5600479245185852
1.0,0.2727440893650055
0.0,0.2733898460865021
1.0,0.7305532097816467
0.0,0.2841602861881256
1.0,0.6793069243431091
0.0,0.2927170395851135
1.0,0.7267175316810608
1.0,0.7305966019630432
1.0,0.26970937848091125
1.0,0.7205024361610413
1.0,0.6214753985404968
0.0,0.6837450265884399
0.0,0.2977299392223358
1.0,0.7134924530982971
0.0,0.5997357368469238
1.0,0.720405638217926
1.0,0.6483527421951294
0.0,0.27589917182922363
0.0,0.6203511357307434
1.0,0.5676378607749939
1.0,0.39970114827156067
1.0,0.6698099374771118
1.0,0.6310386657714844
1.0,0.6621558666229248
1.0,0.7061631679534912
1.0,0.7219402194023132
0.0,0.2751433253288269
0.0,0.2874387502670288
1.0,0.6970366835594177
0.0,0.44218358397483826
0.0,0.2787984013557434
0.0,0.28952136635780334
0.0,0.27028051018714905
1.0,0.7250460982322693
1.0,0.7062005996704102
0.0,0.4067496657371521
0.0,0.7256482839584351
1.0,0.5459925532341003
0.0,0.27620840072631836
1.0,0.5499201416969299
0.0,0.6319661736488342
0.0,0.27536800503730774
1.0,0.7264095544815063
0.0,0.6234197020530701
0.0,0.292000412940979
1.0,0.7269477844238281
0.0,0.7276458740234375
1.0,0.6828561425209045
0.0,0.7285289168357849
1.0,0.3706975281238556
1.0,0.6765589118003845
0.0,0.43385306000709534
0.0,0.27749472856521606
0.0,0.2724974453449249
0.0,0.27935492992401123
0.0,0.3533220887184143
1.0,0.7212846279144287
1.0,0.7217051982879639
0.0,0.4141490161418915
0.0,0.2941751778125763
0.0,0.7003058195114136
1.0,0.6296125650405884
1.0,0.6891025900840759
0.0,0.3600490391254425
0.0,0.6598734259605408
0.0,0.6770681738853455
0.0,0.35824042558670044
1.0,0.7228999137878418
1.0,0.2784663438796997
1.0,0.698824942111969
1.0,0.7126455903053284
1.0,0.7191416621208191
1.0,0.6895546317100525
1.0,0.7255616188049316
1.0,0.7276246547698975
0.0,0.7176513075828552
0.0,0.7154455780982971
0.0,0.32882454991340637
0.0,0.27166783809661865
1.0,0.7292921543121338
1.0,0.6613589525222778
0.0,0.2883540391921997
1.0,0.284839391708374
1.0,0.6108762621879578
0.0,0.6370419859886169
1.0,0.7013742327690125
1.0,0.72153240442276
0.0,0.27766817808151245
0.0,0.2700396180152893
0.0,0.27697381377220154
0.0,0.28387296199798584
0.0,0.294281005859375
0.0,0.6957067251205444
0.0,0.3238662779331207
1.0,0.6618342995643616
1.0,0.7187752723693848
0.0,0.27048856019973755
0.0,0.27192744612693787
1.0,0.7299137115478516
0.0,0.2742878496646881
0.0,0.27502745389938354
1.0,0.6923488974571228
1.0,0.7282577753067017
1.0,0.6904069781303406
1.0,0.5765721201896667
1.0,0.7194427847862244
1.0,0.41052186489105225
1.0,0.7273741364479065
1.0,0.4596334397792816
0.0,0.35296937823295593
1.0,0.7284631133079529
1.0,0.7301782369613647
1.0,0.7301288843154907
1.0,0.2721978724002838
1.0,0.7262781262397766
0.0,0.29970109462738037
0.0,0.7167271971702576
1.0,0.7301163673400879
1.0,0.7051196098327637
1.0,0.6746796369552612
0.0,0.3593643009662628
0.0,0.32961130142211914
0.0,0.346303790807724
1.0,0.6816078424453735
0.0,0.2771534025669098
0.0,0.3345349431037903
0.0,0.29711800813674927
0.0,0.41457924246788025
0.0,0.683535635471344
0.0,0.2740637958049774
0.0,0.3306345045566559
1.0,0.7127204537391663
0.0,0.3275138735771179
1.0,0.3301120698451996
0.0,0.42250949144363403
0.0,0.270205020904541
1.0,0.7194651365280151
1.0,0.5043656826019287
0.0,0.7269964218139648
1.0,0.7003652453422546
0.0,0.2866649925708771
0.0,0.3117474317550659
1.0,0.7283198833465576
1.0,0.7287797331809998
1.0,0.7305693626403809
1.0,0.685889482498169
0.0,0.6256430149078369
0.0,0.6545559167861938
0.0,0.27776846289634705
0.0,0.3082931339740753
1.0,0.7104982733726501
1.0,0.7302301526069641
0.0,0.6627839803695679
1.0,0.7026116847991943
1.0,0.7242798805236816
0.0,0.2722626030445099
0.0,0.707608699798584
0.0,0.38060030341148376
1.0,0.5830934047698975
0.0,0.2841389775276184
0.0,0.2981027066707611
1.0,0.7273218631744385
0.0,0.28138038516044617
1.0,0.38114631175994873
0.0,0.274722158908844
0.0,0.27888476848602295
0.0,0.39044004678726196
0.0,0.32147055864334106
1.0,0.7298437356948853
1.0,0.6592134237289429
1.0,0.5155382752418518
1.0,0.6297760605812073
0.0,0.3139690160751343
1.0,0.7268222570419312
0.0,0.6596718430519104
1.0,0.7040535807609558
1.0,0.6039438247680664
1.0,0.3033496141433716
0.0,0.31996309757232666
1.0,0.7258912324905396
1.0,0.7276179790496826
1.0,0.728398323059082
0.0,0.29063284397125244
0.0,0.2863170802593231
0.0,0.6765745282173157
1.0,0.6041584014892578
1.0,0.7307727932929993
1.0,0.2916693091392517
0.0,0.28595879673957825
0.0,0.4320563077926636
0.0,0.3972184956073761
1.0,0.7185579538345337
0.0,0.2716730237007141
0.0,0.3318154811859131
0.0,0.27363964915275574
0.0,0.28361713886260986
0.0,0.6702381372451782
0.0,0.2818566560745239
0.0,0.27272292971611023
0.0,0.5175202488899231
0.0,0.4391385316848755
1.0,0.7294012904167175
1.0,0.5108238458633423
1.0,0.6959010362625122
1.0,0.29156699776649475
0.0,0.2901957035064697
0.0,0.6651594638824463
0.0,0.2779037058353424
1.0,0.7204568386077881
1.0,0.28786832094192505
0.0,0.2772749662399292
1.0,0.7076848745346069
1.0,0.7276239395141602
1.0,0.7221737504005432
0.0,0.2725028693675995
0.0,0.27567893266677856
0.0,0.2862637937068939
1.0,0.2899976968765259
1.0,0.5574453473091125
1.0,0.7273157835006714
1.0,0.7095856666564941
1.0,0.27062681317329407
0.0,0.35193461179733276
1.0,0.7261030673980713
1.0,0.2873399555683136
0.0,0.2788735628128052
1.0,0.7304450273513794
0.0,0.7038639187812805
0.0,0.27009305357933044
1.0,0.7300207614898682
1.0,0.6958039999008179
1.0,0.6051095128059387
1.0,0.7300874590873718
0.0,0.43053147196769714
1.0,0.33050858974456787
0.0,0.6568796634674072
1.0,0.7279235124588013
0.0,0.3202871084213257
0.0,0.5308681726455688
1.0,0.6995813846588135
0.0,0.27070721983909607
0.0,0.2712078094482422
0.0,0.3449003994464874
0.0,0.6338316202163696
1.0,0.5131960511207581
1.0,0.7204899787902832
1.0,0.5491942167282104
1.0,0.7281290888786316
0.0,0.2759927213191986
1.0,0.35184240341186523
0.0,0.6292629837989807
0.0,0.2778432071208954
1.0,0.725115180015564
1.0,0.68511563539505
1.0,0.6150486469268799
0.0,0.3432689905166626
1.0,0.7234371900558472
0.0,0.3360151946544647
0.0,0.27430975437164307
1.0,0.7177666425704956
1.0,0.729911744594574
0.0,0.31697651743888855
0.0,0.7217201590538025
1.0,0.352706640958786
0.0,0.299262136220932
0.0,0.2705962359905243
1.0,0.2727602422237396
0.0,0.2757607400417328
1.0,0.33523669838905334
1.0,0.7188303470611572
0.0,0.42630282044410706
0.0,0.5700573325157166
1.0,0.6392433047294617
0.0,0.4900371730327606
0.0,0.5249598622322083
0.0,0.28722232580184937
0.0,0.6171267032623291
1.0,0.7284693717956543
1.0,0.7285587191581726
1.0,0.2711338996887207
1.0,0.7306782007217407
0.0,0.28300711512565613
0.0,0.28472769260406494
0.0,0.7245672941207886
0.0,0.2937699854373932
1.0,0.6268657445907593
1.0,0.2794340252876282
1.0,0.7176673412322998
0.0,0.27252987027168274
1.0,0.33755752444267273
1.0,0.7200597524642944
1.0,0.7140982151031494
1.0,0.7308270335197449
1.0,0.7280110716819763
1.0,0.2741634249687195
0.0,0.28193405270576477
0.0,0.2738198935985565
0.0,0.2706790566444397
0.0,0.3075811266899109
1.0,0.5646618604660034
0.0,0.4705089330673218
1.0,0.7296696305274963
1.0,0.6831362247467041
0.0,0.3249383866786957
1.0,0.7296021580696106
0.0,0.5815742611885071
0.0,0.27483049035072327
0.0,0.27389296889305115
1.0,0.7163571119308472
1.0,0.6888642907142639
0.0,0.26942652463912964
0.0,0.3813069462776184
0.0,0.31654444336891174
0.0,0.2816915810108185
0.0,0.2698737680912018
0.0,0.30358290672302246
0.0,0.3034563660621643
1.0,0.579513430595398
0.0,0.4558391273021698
0.0,0.31312185525894165
1.0,0.7282710075378418
1.0,0.28128448128700256
0.0,0.3972923159599304
1.0,0.6866927146911621
0.0,0.2696850299835205
1.0,0.728937566280365
0.0,0.7261914610862732
0.0,0.6765974164009094
0.0,0.2889992892742157
1.0,0.6819857954978943
0.0,0.27575990557670593
1.0,0.4633684754371643
0.0,0.6551091074943542
1.0,0.7266309261322021
0.0,0.2824935019016266
0.0,0.2848995625972748
1.0,0.4588685929775238
1.0,0.3100021779537201
1.0,0.5672430992126465
1.0,0.7214421629905701
1.0,0.7300518155097961
0.0,0.34999099373817444
0.0,0.27557802200317383
1.0,0.6393336057662964
1.0,0.7180601954460144
1.0,0.3188254237174988
1.0,0.7271455526351929
0.0,0.3000575602054596
1.0,0.7301210761070251
0.0,0.6430195569992065
1.0,0.7101097106933594
0.0,0.29647281765937805
0.0,0.29617035388946533
0.0,0.46999457478523254
0.0,0.3479911684989929
0.0,0.2871420681476593
0.0,0.6648675203323364
0.0,0.29434511065483093
1.0,0.34421423077583313
1.0,0.730758547782898
0.0,0.30082347989082336
1.0,0.7305718660354614
0.0,0.28706568479537964
1.0,0.5941884517669678
1.0,0.41754797101020813
1.0,0.31811395287513733
0.0,0.7142727375030518
0.0,0.2714247703552246
1.0,0.3697296380996704
1.0,0.7302255630493164
1.0,0.7302806377410889
0.0,0.27684447169303894
1.0,0.6963558197021484
1.0,0.6810182929039001
1.0,0.7148812413215637
1.0,0.7203118801116943
1.0,0.7300897240638733
1.0,0.40008944272994995
1.0,0.7213758230209351
0.0,0.3737676739692688
1.0,0.7292505502700806
1.0,0.2721128463745117
1.0,0.7139984965324402
1.0,0.7293288707733154
0.0,0.3805120885372162
0.0,0.3342711329460144
0.0,0.37483254075050354
0.0,0.36159881949424744
1.0,0.7291293740272522
1.0,0.7130039930343628
1.0,0.393054336309433
0.0,0.2875834107398987
1.0,0.3106781244277954
1.0,0.7278012037277222
1.0,0.27611544728279114
1.0,0.2895655333995819
1.0,0.7287315130233765
0.0,0.35010674595832825
0.0,0.2826244831085205
1.0,0.7129265666007996
1.0,0.7298009395599365
0.0,0.3082267642021179
0.0,0.2828407883644104
0.0,0.2788196802139282
1.0,0.7155553102493286
1.0,0.7246888875961304
1.0,0.40061137080192566
0.0,0.6949306726455688
0.0,0.3532359004020691
1.0,0.2748967111110687
0.0,0.33478811383247375
1.0,0.6942404508590698
1.0,0.730679988861084
1.0,0.7247427701950073
0.0,0.5798200368881226
0.0,0.3090810775756836
1.0,0.42014196515083313
1.0,0.6944047808647156
0.0,0.7284435629844666
0.0,0.7303218245506287
0.0,0.26978230476379395
1.0,0.2729092538356781
1.0,0.725170910358429
0.0,0.30815064907073975
0.0,0.3178083896636963
1.0,0.2777116596698761
0.0,0.29919689893722534
1.0,0.3197731375694275
1.0,0.6731187105178833
1.0,0.7230284214019775
1.0,0.3154504895210266
0.0,0.6170467138290405
0.0,0.2727467119693756
0.0,0.6540606617927551
1.0,0.7134028673171997
0.0,0.3384348154067993
0.0,0.3244408965110779
1.0,0.7291696071624756
0.0,0.5064694881439209
0.0,0.28231140971183777
1.0,0.6217947602272034
1.0,0.7093309760093689
0.0,0.7008583545684814
0.0,0.3586050570011139
0.0,0.40556800365448
0.0,0.2964826822280884
1.0,0.6863594055175781
1.0,0.7125122547149658
0.0,0.3314821124076843
0.0,0.35463353991508484
1.0,0.6749998927116394
0.0,0.6196839213371277
1.0,0.3587028384208679
0.0,0.353071391582489
0.0,0.3510262668132782
0.0,0.2736784815788269
1.0,0.43903690576553345
0.0,0.2840634286403656
0.0,0.37843674421310425
0.0,0.7197173237800598
0.0,0.42176783084869385
0.0,0.38005316257476807
1.0,0.7005897164344788
0.0,0.4097799062728882
0.0,0.2697482407093048
1.0,0.7291553616523743
0.0,0.3664705753326416
0.0,0.2740572392940521
0.0,0.49072590470314026
1.0,0.728174090385437
1.0,0.7013119459152222
0.0,0.2867799699306488
0.0,0.2764291763305664
0.0,0.27174612879753113
0.0,0.29986655712127686
1.0,0.7281440496444702
0.0,0.294350266456604
1.0,0.6379228830337524
0.0,0.28544893860816956
1.0,0.7297772169113159
1.0,0.31908056139945984
1.0,0.6830241680145264
0.0,0.2890418469905853
1.0,0.6750695109367371
0.0,0.2795965075492859
0.0,0.2954612374305725
0.0,0.30610424280166626
1.0,0.7220981121063232
0.0,0.4556088447570801
1.0,0.2825877368450165
1.0,0.691815197467804
0.0,0.574063241481781
1.0,0.7290278673171997
0.0,0.2773187756538391
0.0,0.27360203862190247
0.0,0.27416089177131653
0.0,0.2752901017665863
0.0,0.2771209180355072
0.0,0.26996850967407227
1.0,0.7307372093200684
0.0,0.65772944688797
0.0,0.2732490599155426
0.0,0.2933121621608734
0.0,0.4324742257595062
1.0,0.715567409992218
1.0,0.7186974883079529
1.0,0.7214899659156799
1.0,0.28090333938598633
0.0,0.3010784387588501
1.0,0.2730143070220947
0.0,0.6817376613616943
1.0,0.7116314172744751
0.0,0.2971280515193939
0.0,0.28127917647361755
0.0,0.34534987807273865
1.0,0.730354905128479
1.0,0.5472277402877808
1.0,0.4532455503940582
0.0,0.28131958842277527
1.0,0.6770471930503845
1.0,0.7114318609237671
0.0,0.3080143928527832
0.0,0.27302008867263794
1.0,0.7294776439666748
1.0,0.7001500129699707
1.0,0.7303879857063293
0.0,0.28156784176826477
0.0,0.43827927112579346
1.0,0.6097008585929871
0.0,0.3175555169582367
0.0,0.35976913571357727
0.0,0.27369990944862366
1.0,0.7303845882415771
1.0,0.6018779873847961
0.0,0.2814663350582123
0.0,0.6946659684181213
1.0,0.7297259569168091
0.0,0.6450027823448181
0.0,0.27347466349601746
0.0,0.2730804681777954
1.0,0.7270151376724243
0.0,0.27249982953071594
1.0,0.7167116403579712
0.0,0.27647605538368225
1.0,0.37687617540359497
0.0,0.27348628640174866
1.0,0.7276352047920227
0.0,0.28521355986595154
1.0,0.7247717380523682
0.0,0.5225543975830078
0.0,0.28163978457450867
0.0,0.45665380358695984
1.0,0.7178122997283936
0.0,0.4955458343029022
1.0,0.5898849368095398
0.0,0.6468729972839355
0.0,0.28528764843940735
0.0,0.5911262035369873
1.0,0.7091671824455261
0.0,0.28501689434051514
1.0,0.7304620742797852
1.0,0.720529317855835
1.0,0.722629725933075
0.0,0.2941132187843323
0.0,0.30323168635368347
0.0,0.30866026878356934
0.0,0.583703875541687
1.0,0.2696882486343384
1.0,0.6879979968070984
0.0,0.32859867811203003
1.0,0.730530321598053
0.0,0.28263628482818604
1.0,0.6781889200210571
0.0,0.6870118975639343
0.0,0.3924739956855774
1.0,0.7271451354026794
1.0,0.7048109173774719
0.0,0.2996223270893097
1.0,0.7111567854881287
1.0,0.7288491725921631
1.0,0.7280924320220947
0.0,0.28195658326148987
1.0,0.5247392058372498
0.0,0.27086740732192993
0.0,0.7288841009140015
1.0,0.6688441038131714
0.0,0.2755175828933716
0.0,0.27028945088386536
0.0,0.30657708644866943
1.0,0.7167163491249084
0.0,0.27644312381744385
1.0,0.7201424837112427
1.0,0.27211517095565796
0.0,0.3009195327758789
0.0,0.27896925806999207
1.0,0.30468136072158813
0.0,0.3199681043624878
0.0,0.6498856544494629
1.0,0.7245063185691833
0.0,0.2717032730579376
0.0,0.2829274535179138
0.0,0.3147391676902771
0.0,0.5825304388999939
1.0,0.44717568159103394
1.0,0.5244300961494446
0.0,0.6657791137695312
0.0,0.2780325710773468
0.0,0.3878183960914612
1.0,0.3342033326625824
1.0,0.7102013230323792
0.0,0.28401580452919006
0.0,0.5075258016586304
1.0,0.7285563349723816
0.0,0.46145379543304443
0.0,0.37126588821411133
0.0,0.3116360902786255
1.0,0.7247110605239868
0.0,0.4269144535064697
0.0,0.2893868684768677
0.0,0.27248504757881165
0.0,0.3163609802722931
0.0,0.2710550129413605
1.0,0.72252357006073
1.0,0.7172632813453674
0.0,0.6041619777679443
1.0,0.2803238332271576
0.0,0.38078930974006653
0.0,0.292043000459671
0.0,0.2706037759780884
0.0,0.2741750180721283
0.0,0.28666964173316956
0.0,0.2898437976837158
1.0,0.6359313130378723
0.0,0.37685999274253845
0.0,0.7170114517211914
0.0,0.3393658995628357
0.0,0.2738780379295349
1.0,0.35121655464172363
0.0,0.2824441194534302
1.0,0.7140430808067322
1.0,0.7300409078598022
1.0,0.5988065004348755
0.0,0.6605127453804016
0.0,0.2992275357246399
0.0,0.27409976720809937
1.0,0.7263151407241821
0.0,0.44362306594848633
0.0,0.7069683074951172
0.0,0.34534892439842224
1.0,0.42816829681396484
0.0,0.2973732352256775
0.0,0.41436684131622314
1.0,0.7011269927024841
0.0,0.27236321568489075
0.0,0.3089897036552429
1.0,0.7298063039779663
0.0,0.2809295058250427
0.0,0.275982141494751
0.0,0.2813786268234253
0.0,0.2834737002849579
1.0,0.6620402932167053
0.0,0.2987739145755768
0.0,0.6351850628852844
0.0,0.32951927185058594
0.0,0.32814207673072815
1.0,0.6703010201454163
0.0,0.2819632291793823
1.0,0.35576918721199036
1.0,0.7105363607406616
0.0,0.2843559682369232
1.0,0.7273746132850647
1.0,0.2841559946537018
0.0,0.27084797620773315
1.0,0.6192559003829956
0.0,0.2812158167362213
0.0,0.59144127368927
1.0,0.7281174659729004
0.0,0.5198137164115906
0.0,0.6661666035652161
0.0,0.33198922872543335
0.0,0.3349550664424896
0.0,0.34298646450042725
1.0,0.540405809879303
0.0,0.29005593061447144
0.0,0.7284289598464966
0.0,0.5305011868476868
0.0,0.294994980096817
1.0,0.6974495649337769
0.0,0.2863175868988037
0.0,0.3546108901500702
0.0,0.4615500271320343
0.0,0.27158209681510925
0.0,0.2818945050239563
1.0,0.6935240030288696
0.0,0.29950976371765137
0.0,0.35764285922050476
1.0,0.4162468910217285
0.0,0.2711032032966614
1.0,0.6331066489219666
1.0,0.45730799436569214
1.0,0.6764621734619141
1.0,0.7296795845031738
0.0,0.6853047013282776
0.0,0.4348764419555664
0.0,0.7063350677490234
1.0,0.44157734513282776
0.0,0.684217095375061
0.0,0.27649787068367004
0.0,0.27233004570007324
1.0,0.6041346192359924
1.0,0.6042003035545349
0.0,0.2763184905052185
0.0,0.2938109040260315
1.0,0.48434603214263916
1.0,0.7247326374053955
1.0,0.27027326822280884
0.0,0.2969139814376831
0.0,0.5956411957740784
1.0,0.7135627269744873
0.0,0.3355877697467804
0.0,0.7178453803062439
0.0,0.2981129288673401
0.0,0.27878230810165405
1.0,0.6205841898918152
0.0,0.27379310131073
1.0,0.2908892035484314
1.0,0.28869783878326416
1.0,0.7153297066688538
1.0,0.40693703293800354
0.0,0.27652665972709656
1.0,0.7065057158470154
0.0,0.3565562963485718
1.0,0.7242493629455566
1.0,0.730434000492096
0.0,0.5929973125457764
0.0,0.7115188241004944
0.0,0.29955926537513733
1.0,0.6890586018562317
1.0,0.6247549057006836
0.0,0.328208327293396
0.0,0.27404531836509705
1.0,0.7205592393875122
1.0,0.7302254438400269
1.0,0.28197211027145386
1.0,0.7296181917190552
0.0,0.2921547591686249
1.0,0.7304587960243225
0.0,0.6770694851875305
1.0,0.3393478989601135
0.0,0.2729471027851105
0.0,0.612709105014801
1.0,0.7249219417572021
1.0,0.7286272048950195
1.0,0.7274036407470703
1.0,0.7305890321731567
1.0,0.710089921951294
1.0,0.7301992774009705
0.0,0.47382107377052307
0.0,0.7095043063163757
0.0,0.638800859451294
0.0,0.37171584367752075
1.0,0.7304613590240479
0.0,0.2736436426639557
0.0,0.2702801525592804
0.0,0.2731361985206604
1.0,0.72388756275177
0.0,0.6333760619163513
0.0,0.27676138281822205
1.0,0.5109305381774902
1.0,0.7232169508934021
1.0,0.7201012372970581
0.0,0.64337158203125
1.0,0.7191222310066223
0.0,0.2707975208759308
0.0,0.422309547662735
0.0,0.301391065120697
0.0,0.2726570665836334
0.0,0.5648213624954224
0.0,0.6960667967796326
0.0,0.2734086811542511
1.0,0.7070050239562988
1.0,0.2959432899951935
0.0,0.2728191316127777
0.0,0.6551541090011597
1.0,0.6883144378662109
1.0,0.30401211977005005
0.0,0.6129962205886841
1.0,0.34269455075263977
0.0,0.5446798801422119
1.0,0.7298417687416077
0.0,0.6834256649017334
0.0,0.2735658288002014
1.0,0.5513420701026917
1.0,0.7275704741477966
0.0,0.29345399141311646
0.0,0.4003840386867523
0.0,0.6779079437255859
0.0,0.5320662260055542
0.0,0.28491270542144775
0.0,0.2718840539455414
1.0,0.7149465680122375
1.0,0.7223591208457947
1.0,0.6469499468803406
0.0,0.6088911294937134
1.0,0.6501889824867249
0.0,0.2849222421646118
1.0,0.5169196128845215
0.0,0.41373276710510254
1.0,0.7284368872642517
1.0,0.7184972763061523
0.0,0.27654874324798584
0.0,0.2934544086456299
0.0,0.4617726802825928
0.0,0.29814061522483826
0.0,0.26999348402023315
0.0,0.445061057806015
1.0,0.6545290350914001
1.0,0.7231082320213318
1.0,0.707082986831665
1.0,0.33751562237739563
0.0,0.2863147556781769
0.0,0.4269821345806122
0.0,0.2838706374168396
0.0,0.4432354271411896
0.0,0.721492350101471
0.0,0.27484190464019775
0.0,0.27704301476478577
1.0,0.34066587686538696
1.0,0.6259143352508545
1.0,0.6020636558532715
0.0,0.33964064717292786
1.0,0.36375176906585693
0.0,0.7274172902107239
1.0,0.7151522040367126
0.0,0.6672885417938232
0.0,0.6367263793945312
0.0,0.3482150435447693
0.0,0.3835708796977997
0.0,0.42189231514930725
0.0,0.2836478650569916
0.0,0.36923497915267944
1.0,0.5504600405693054
0.0,0.27775824069976807
1.0,0.7253304123878479
0.0,0.33278653025627136
0.0,0.29609352350234985
1.0,0.7164915204048157
1.0,0.7302112579345703
0.0,0.7201409935951233
0.0,0.27402883768081665
0.0,0.5090956091880798
1.0,0.2697412073612213
1.0,0.728482723236084
1.0,0.2743840217590332
0.0,0.2710060179233551
1.0,0.5448130965232849
1.0,0.7001053690910339
0.0,0.6462769508361816
0.0,0.37089401483535767
1.0,0.7140331268310547
0.0,0.41672369837760925
1.0,0.5892609357833862
0.0,0.33226558566093445
1.0,0.7240703701972961
1.0,0.3197759985923767
1.0,0.6774886846542358
0.0,0.7109596133232117
0.0,0.2733815908432007
1.0,0.7306408882141113
1.0,0.7288315892219543
0.0,0.2808113098144531
0.0,0.31323617696762085
0.0,0.6767243146896362
1.0,0.6879634261131287
0.0,0.34464704990386963
0.0,0.27874433994293213
0.0,0.30218642950057983
1.0,0.3923098146915436
0.0,0.3672381341457367
1.0,0.7285236120223999
1.0,0.4374576807022095
1.0,0.7129441499710083
0.0,0.29668816924095154
0.0,0.27134934067726135
0.0,0.27093514800071716
0.0,0.2722438871860504
1.0,0.7127377986907959
1.0,0.7250373959541321
0.0,0.2761763632297516
0.0,0.27396172285079956
0.0,0.2708592116832733
1.0,0.38644686341285706
1.0,0.7272956967353821
1.0,0.6213861107826233
0.0,0.727890133857727
0.0,0.27033162117004395
0.0,0.2700537443161011
0.0,0.29756632447242737
0.0,0.4551336169242859
0.0,0.293815940618515
1.0,0.690418004989624
0.0,0.344608336687088
1.0,0.6288542747497559
0.0,0.5551652312278748
0.0,0.2731829285621643
1.0,0.7144408226013184
0.0,0.29555681347846985
1.0,0.7215399742126465
0.0,0.3118777871131897
0.0,0.26989567279815674
1.0,0.7071634531021118
1.0,0.7261416912078857
1.0,0.3570031225681305
0.0,0.3349347710609436
1.0,0.7259573340415955
1.0,0.7277507185935974
1.0,0.5575480461120605
1.0,0.2837432622909546
1.0,0.7290143966674805
1.0,0.7306700348854065
0.0,0.2882743775844574
0.0,0.58778977394104
0.0,0.399096816778183
0.0,0.2783324718475342
1.0,0.7305045127868652
0.0,0.5192010402679443
0.0,0.6801540851593018
1.0,0.729077160358429
1.0,0.723620593547821
0.0,0.2963363826274872
1.0,0.6421712040901184
1.0,0.7295508980751038
0.0,0.29181885719299316
0.0,0.38126668334007263
1.0,0.7162782549858093
0.0,0.346602201461792
0.0,0.3587433099746704
1.0,0.5293582677841187
0.0,0.27691540122032166
0.0,0.30540236830711365
0.0,0.3048073351383209
0.0,0.2732052505016327
1.0,0.7306625843048096
0.0,0.3453800678253174
1.0,0.5272235870361328
0.0,0.27343854308128357
0.0,0.286448210477829
1.0,0.5790820717811584
0.0,0.2733589708805084
0.0,0.27172520756721497
0.0,0.3795495331287384
1.0,0.6896732449531555
1.0,0.7186028957366943
0.0,0.27661412954330444
1.0,0.590672492980957
1.0,0.6382566094398499
1.0,0.7304114103317261
1.0,0.6156114339828491
0.0,0.4171646237373352
0.0,0.3014552891254425
0.0,0.29043740034103394
1.0,0.38545069098472595
0.0,0.4799424111843109
0.0,0.7077218890190125
0.0,0.277267187833786
1.0,0.6032098531723022
1.0,0.7269379496574402
0.0,0.2933034896850586
1.0,0.5917595624923706
1.0,0.7215279340744019
1.0,0.7305707931518555
1.0,0.724105179309845
1.0,0.7238979339599609
1.0,0.610717236995697
1.0,0.6825253367424011
0.0,0.27503660321235657
1.0,0.6999094486236572
1.0,0.6405887007713318
1.0,0.6175252199172974
1.0,0.6576958298683167
1.0,0.6039847135543823
1.0,0.7306355834007263
0.0,0.28526192903518677
1.0,0.5311589241027832
1.0,0.7272151112556458
1.0,0.38552629947662354
1.0,0.48033055663108826
1.0,0.7118965983390808
1.0,0.2701660990715027
0.0,0.30133119225502014
0.0,0.27826744318008423
1.0,0.6844913363456726
1.0,0.7303682565689087
1.0,0.7093042731285095
1.0,0.6587550640106201
0.0,0.7233251929283142
0.0,0.280425488948822
1.0,0.7073495388031006
1.0,0.3347693383693695
1.0,0.730391263961792
1.0,0.6580695509910583
1.0,0.6843646764755249
1.0,0.6450156569480896
1.0,0.49026334285736084
1.0,0.37151217460632324
0.0,0.3537958860397339
1.0,0.7152153253555298
1.0,0.7307175993919373
1.0,0.6826163530349731
0.0,0.28944796323776245
1.0,0.4233817756175995
1.0,0.696230411529541
1.0,0.5519698262214661
1.0,0.6770625710487366
0.0,0.2847788333892822
1.0,0.6349276304244995
1.0,0.7308080792427063
1.0,0.7250007390975952
1.0,0.6679635643959045
0.0,0.37864425778388977
0.0,0.2847611606121063
1.0,0.7070586085319519
0.0,0.3129134774208069
1.0,0.7140018343925476
0.0,0.278780460357666
0.0,0.28918933868408203
1.0,0.7301148772239685
0.0,0.27493229508399963
1.0,0.7067373991012573
0.0,0.2999420166015625
1.0,0.2802940309047699
1.0,0.7063799500465393
0.0,0.29316529631614685
1.0,0.6616499423980713
0.0,0.2786911427974701
1.0,0.7240800857543945
0.0,0.2754771113395691
0.0,0.3110356330871582
0.0,0.27159613370895386
1.0,0.7082319259643555
0.0,0.6603647470474243
1.0,0.7301093935966492
1.0,0.7232872843742371
0.0,0.30577054619789124
1.0,0.5902793407440186
0.0,0.2713451683521271
0.0,0.28801101446151733
1.0,0.7106189727783203
0.0,0.29154205322265625
0.0,0.3420415222644806
0.0,0.6420121788978577
1.0,0.7163919806480408
0.0,0.5531014204025269
1.0,0.7273464798927307
0.0,0.646112322807312
1.0,0.30418092012405396
1.0,0.6089401841163635
0.0,0.32613253593444824
1.0,0.2730198800563812
1.0,0.7307435870170593
0.0,0.6685758829116821
1.0,0.46225717663764954
1.0,0.7246105074882507
0.0,0.27783212065696716
0.0,0.34117308259010315
1.0,0.7239928245544434
0.0,0.2699780762195587
1.0,0.6835178732872009
0.0,0.6748237013816833
0.0,0.7277363538742065
1.0,0.7102434635162354
1.0,0.2809635102748871
0.0,0.2737862765789032
1.0,0.6408434510231018
1.0,0.28278467059135437
1.0,0.7232683897018433
1.0,0.5945755243301392
0.0,0.2715665400028229
1.0,0.726672351360321
1.0,0.7214825749397278
1.0,0.721710205078125
0.0,0.30090880393981934
0.0,0.3207035958766937
1.0,0.7121577858924866
1.0,0.617720901966095
0.0,0.272311270236969
0.0,0.4425086975097656
0.0,0.33339977264404297
1.0,0.6228153705596924
0.0,0.46990612149238586
0.0,0.2805585563182831
0.0,0.3512253761291504
1.0,0.449579656124115
0.0,0.5288284420967102
0.0,0.47047221660614014
0.0,0.5257993936538696
0.0,0.6438703536987305
1.0,0.7306588888168335
0.0,0.3138689696788788
1.0,0.7255775332450867
0.0,0.27139604091644287
0.0,0.2862284481525421
0.0,0.2716701924800873
0.0,0.2730383276939392
1.0,0.725420355796814
1.0,0.7045016288757324
0.0,0.2780175805091858
1.0,0.693069577217102
1.0,0.7298735976219177
0.0,0.3163370192050934
1.0,0.4524816870689392
1.0,0.3056352138519287
1.0,0.6785055994987488
1.0,0.6999627351760864
1.0,0.7264645099639893
1.0,0.48003390431404114
1.0,0.2705176770687103
1.0,0.72831130027771
0.0,0.289406955242157
1.0,0.5095624327659607
1.0,0.6576533317565918
0.0,0.3162594139575958
1.0,0.7296938300132751
0.0,0.26978781819343567
1.0,0.7173289060592651
1.0,0.27218732237815857
0.0,0.2801887094974518
1.0,0.6676347255706787
0.0,0.3346979320049286
1.0,0.6872150897979736
0.0,0.721911609172821
0.0,0.517231285572052
0.0,0.30321791768074036
0.0,0.27741295099258423
0.0,0.35887131094932556
1.0,0.6181612610816956
1.0,0.7233030200004578
0.0,0.2800410985946655
0.0,0.2786337733268738
0.0,0.5976395010948181
0.0,0.5068686008453369
1.0,0.716701090335846
0.0,0.7292445302009583
0.0,0.3406601548194885
0.0,0.2784541845321655
1.0,0.721747636795044
1.0,0.7279170751571655
0.0,0.2826246917247772
0.0,0.299709677696228
1.0,0.28183621168136597
0.0,0.28059011697769165
0.0,0.27209094166755676
0.0,0.2691716253757477
1.0,0.3387150168418884
1.0,0.7236097455024719
0.0,0.27252256870269775
0.0,0.5915841460227966
0.0,0.27624472975730896
0.0,0.2726619243621826
1.0,0.7282634973526001
1.0,0.6891950368881226
1.0,0.38713154196739197
1.0,0.2768171429634094
1.0,0.7148617506027222
1.0,0.7222309112548828
0.0,0.5284170508384705
0.0,0.28606927394866943
1.0,0.7268247604370117
0.0,0.48722848296165466
1.0,0.45575058460235596
1.0,0.5839352607727051
0.0,0.35058873891830444
1.0,0.4502387046813965
1.0,0.7268496155738831
1.0,0.7297230362892151
0.0,0.4238441288471222
0.0,0.2730332016944885
0.0,0.7301594018936157
1.0,0.7152994275093079
0.0,0.2774435877799988
0.0,0.27267223596572876
1.0,0.2779819965362549
1.0,0.6533327698707581
1.0,0.7279294729232788
1.0,0.7289155721664429
0.0,0.44786787033081055
1.0,0.7295807600021362
0.0,0.35170283913612366
1.0,0.7305882573127747
1.0,0.7306499481201172
1.0,0.32153400778770447
1.0,0.6293037533760071
1.0,0.7289936542510986
1.0,0.7284047603607178
1.0,0.7303447723388672
0.0,0.3714853823184967
1.0,0.7272868752479553
0.0,0.2775432765483856
1.0,0.6786778569221497
1.0,0.7277166247367859
0.0,0.28275027871131897
1.0,0.7286291122436523
0.0,0.5738264918327332
0.0,0.2992638647556305
1.0,0.7254284620285034
0.0,0.27265942096710205
0.0,0.6925504803657532
1.0,0.7304276823997498
0.0,0.27825620770454407
0.0,0.2763151228427887
0.0,0.27081868052482605
1.0,0.7119185328483582
1.0,0.7306120991706848
1.0,0.27787041664123535
1.0,0.7304269075393677
1.0,0.7029528617858887
1.0,0.2768339216709137
1.0,0.2877746522426605
1.0,0.4193858504295349
0.0,0.4052577614784241
0.0,0.2812449634075165
1.0,0.718619167804718
0.0,0.29274725914001465
0.0,0.34960129857063293
0.0,0.31731969118118286
0.0,0.27058446407318115
0.0,0.3366503119468689
0.0,0.2849193215370178
1.0,0.7082258462905884
0.0,0.31418079137802124
0.0,0.27074354887008667
0.0,0.40184369683265686
1.0,0.274082750082016
0.0,0.7273450493812561
0.0,0.27801313996315
1.0,0.38271766901016235
0.0,0.2712108790874481
0.0,0.2699761986732483
1.0,0.6756442189216614
0.0,0.5719836950302124
0.0,0.6691897511482239
1.0,0.4285982847213745
1.0,0.7260715365409851
0.0,0.2825736999511719
0.0,0.27117735147476196
0.0,0.35420143604278564
0.0,0.279372900724411
0.0,0.6136935353279114
1.0,0.7029358148574829
0.0,0.6148636341094971
0.0,0.36880654096603394
1.0,0.7257030606269836
1.0,0.3471120297908783
0.0,0.2725086510181427
0.0,0.3231346309185028
0.0,0.34762585163116455
1.0,0.7306998372077942
0.0,0.7044974565505981
1.0,0.2859851121902466
1.0,0.3776836395263672
1.0,0.724396824836731
1.0,0.7298721075057983
1.0,0.5275342464447021
0.0,0.5873688459396362
0.0,0.38633087277412415
0.0,0.40458011627197266
1.0,0.7246358394622803
1.0,0.6420856714248657
0.0,0.4983537793159485
1.0,0.712466835975647
1.0,0.7244217395782471
0.0,0.3527364134788513
0.0,0.31538450717926025
1.0,0.611482560634613
1.0,0.28075718879699707
1.0,0.5802898406982422
1.0,0.7249218821525574
1.0,0.7019683122634888
0.0,0.38586941361427307
0.0,0.27934530377388
0.0,0.29863470792770386
1.0,0.7166332602500916
1.0,0.66237473487854
0.0,0.352996289730072
1.0,0.6852890849113464
0.0,0.3290942907333374
0.0,0.27503180503845215
0.0,0.3591897487640381
1.0,0.3866613209247589
1.0,0.6969447731971741
1.0,0.492305725812912
0.0,0.3897826671600342
1.0,0.7132381200790405
1.0,0.3190186321735382
1.0,0.629305362701416
1.0,0.7259684801101685
0.0,0.30047574639320374
1.0,0.72710120677948
1.0,0.6597896814346313
0.0,0.6886123418807983
1.0,0.6615082025527954
0.0,0.7000250220298767
1.0,0.5857341289520264
1.0,0.7003410458564758
0.0,0.3753223717212677
0.0,0.4929707944393158
1.0,0.7246917486190796
1.0,0.5963441133499146
0.0,0.42779847979545593
0.0,0.5280450582504272
0.0,0.3443542718887329
1.0,0.7280078530311584
0.0,0.29410484433174133
1.0,0.7270671129226685
1.0,0.2948119640350342
1.0,0.7267570495605469
0.0,0.6342051029205322
1.0,0.7230139970779419
0.0,0.2885470390319824
1.0,0.7300856113433838
1.0,0.7284076809883118
1.0,0.625731348991394
0.0,0.5338594913482666
0.0,0.7292691469192505
1.0,0.7192060947418213
0.0,0.27329930663108826
1.0,0.36025968194007874
1.0,0.7135170698165894
0.0,0.47551825642585754
1.0,0.7255421280860901
1.0,0.5711463689804077
1.0,0.7170523405075073
1.0,0.7282328009605408
1.0,0.6608980298042297
0.0,0.41355645656585693
1.0,0.7059131264686584
0.0,0.2899854779243469
1.0,0.7260881662368774
0.0,0.278579443693161
0.0,0.724859893321991
1.0,0.32364606857299805
0.0,0.7108088135719299
0.0,0.28914597630500793
1.0,0.6751981377601624
0.0,0.2769354283809662
0.0,0.2860516607761383
0.0,0.30275505781173706
1.0,0.7159978151321411
1.0,0.6877857446670532
0.0,0.2762724459171295
1.0,0.3054412603378296
0.0,0.2911205589771271
0.0,0.33904582262039185
1.0,0.7217528223991394
1.0,0.4396069645881653
0.0,0.2705378830432892
0.0,0.6362193822860718
0.0,0.27060666680336
0.0,0.39317384362220764
1.0,0.3965282142162323
1.0,0.6905854940414429
1.0,0.5051268935203552
1.0,0.2746136486530304
1.0,0.2753816246986389
0.0,0.37577253580093384
1.0,0.667564332485199
0.0,0.405962198972702
0.0,0.28119951486587524
0.0,0.2709917724132538
0.0,0.3341031074523926
1.0,0.30084073543548584
1.0,0.726456880569458
0.0,0.31251245737075806
0.0,0.2701874077320099
0.0,0.27730417251586914
1.0,0.7306363582611084
0.0,0.3204635977745056
1.0,0.729718029499054
0.0,0.27001845836639404
1.0,0.4218173027038574
0.0,0.29562443494796753
1.0,0.7283448576927185
0.0,0.6897880434989929
0.0,0.28758031129837036
0.0,0.2695263624191284
0.0,0.2840597331523895
0.0,0.37724795937538147
1.0,0.40513375401496887
1.0,0.7249183654785156
1.0,0.6893762946128845
0.0,0.3460164964199066
1.0,0.6764668226242065
1.0,0.7232673168182373
0.0,0.29516875743865967
1.0,0.7000507712364197
0.0,0.28370916843414307
0.0,0.2989288568496704
0.0,0.6068413257598877
0.0,0.5453140735626221
1.0,0.7283796072006226
1.0,0.27387940883636475
0.0,0.464497834444046
0.0,0.2762223482131958
0.0,0.27669331431388855
1.0,0.2985322177410126
0.0,0.2849760353565216
1.0,0.5716577768325806
1.0,0.7280545234680176
1.0,0.7255894541740417
1.0,0.6722928285598755
0.0,0.2768702208995819
1.0,0.7115575671195984
1.0,0.7274918556213379
1.0,0.7265238165855408
0.0,0.32074296474456787
0.0,0.29643675684928894
1.0,0.27138054370880127
1.0,0.7304819822311401
1.0,0.7153275012969971
1.0,0.705335795879364
1.0,0.7249652743339539
0.0,0.27327650785446167
1.0,0.36414262652397156
0.0,0.4679877758026123
0.0,0.315242737531662
1.0,0.7217033505439758
1.0,0.7296187877655029
1.0,0.7279887795448303
0.0,0.2933233082294464
0.0,0.27706560492515564
1.0,0.2907482981681824
1.0,0.29408949613571167
0.0,0.3605246841907501
0.0,0.28110170364379883
0.0,0.2862764000892639
1.0,0.7245955467224121
0.0,0.3549691438674927
1.0,0.7281169891357422
0.0,0.4837389588356018
1.0,0.6838540434837341
1.0,0.7294410467147827
1.0,0.7287730574607849
0.0,0.26996785402297974
1.0,0.7301522493362427
0.0,0.2790391445159912
0.0,0.640386164188385
1.0,0.7250404953956604
0.0,0.32392677664756775
0.0,0.27690616250038147
1.0,0.718558132648468
1.0,0.7166561484336853
1.0,0.5844172239303589
0.0,0.27753642201423645
1.0,0.7262169718742371
0.0,0.28725096583366394
0.0,0.27022072672843933
0.0,0.2782696783542633
1.0,0.6344878077507019
1.0,0.7284777760505676
1.0,0.6778575778007507
0.0,0.5981438755989075
0.0,0.46654024720191956
0.0,0.2861631214618683
0.0,0.3579529821872711
0.0,0.341957151889801
0.0,0.37938350439071655
1.0,0.7133439183235168
1.0,0.7221448421478271
1.0,0.7271146774291992
1.0,0.6747392416000366
0.0,0.2713276147842407
0.0,0.2975301742553711
0.0,0.2722110152244568
1.0,0.7160324454307556
0.0,0.26997801661491394
1.0,0.279803067445755
1.0,0.6006516218185425
1.0,0.723396897315979
1.0,0.7301433086395264
1.0,0.28455081582069397
0.0,0.6878124475479126
0.0,0.2753182053565979
0.0,0.30726492404937744
0.0,0.2756801247596741
0.0,0.6732256412506104
0.0,0.465442031621933
1.0,0.6388823390007019
0.0,0.3097670376300812
0.0,0.48225101828575134
1.0,0.28210580348968506
0.0,0.31561776995658875
0.0,0.28364118933677673
1.0,0.38456305861473083
0.0,0.3606909513473511
0.0,0.2835826873779297
0.0,0.3578776717185974
1.0,0.274728387594223
1.0,0.2923648953437805
0.0,0.587343692779541
0.0,0.3042841851711273
1.0,0.27166593074798584
1.0,0.7291476726531982
0.0,0.30058446526527405
0.0,0.27065372467041016
1.0,0.7248775959014893
1.0,0.7296550869941711
0.0,0.47692298889160156
1.0,0.5833821296691895
1.0,0.28068408370018005
0.0,0.47280508279800415
0.0,0.3273813724517822
1.0,0.4404740035533905
1.0,0.7203149795532227
0.0,0.27188000082969666
1.0,0.6417064070701599
0.0,0.28727129101753235
1.0,0.6686851978302002
0.0,0.7131629586219788
0.0,0.611363410949707
1.0,0.7307469248771667
0.0,0.2955504357814789
0.0,0.2969153821468353
0.0,0.31816214323043823
1.0,0.5637282133102417
1.0,0.3906099498271942
0.0,0.2805035710334778
0.0,0.27376943826675415
1.0,0.728922426700592
0.0,0.3105204701423645
1.0,0.35957732796669006
1.0,0.7287549376487732
0.0,0.2781073749065399
0.0,0.2752229571342468
0.0,0.40619558095932007
0.0,0.3091484606266022
1.0,0.7260993123054504
0.0,0.44583913683891296
0.0,0.29617631435394287
1.0,0.7250413298606873
1.0,0.707072913646698
1.0,0.31726378202438354
1.0,0.42598360776901245
0.0,0.6683065295219421
0.0,0.2810266613960266
1.0,0.7035701274871826
1.0,0.7277321815490723
0.0,0.28632551431655884
0.0,0.29224199056625366
1.0,0.6921007037162781
1.0,0.7129870057106018
0.0,0.2715857923030853
1.0,0.7100845575332642
1.0,0.41133496165275574
0.0,0.3225471079349518
1.0,0.671474814414978
1.0,0.28879329562187195
1.0,0.7216832041740417
0.0,0.717279851436615
0.0,0.3289569318294525
0.0,0.39562904834747314
0.0,0.33781683444976807
0.0,0.6473874449729919
1.0,0.7258571982383728
1.0,0.7124831080436707
0.0,0.3431454598903656
1.0,0.7096519470214844
0.0,0.2788434326648712
0.0,0.27117156982421875
0.0,0.535628616809845
0.0,0.3372553288936615
1.0,0.352440744638443
1.0,0.32711127400398254
0.0,0.42057013511657715
0.0,0.31453463435173035
0.0,0.27255743741989136
0.0,0.2797798216342926
1.0,0.2930711805820465
1.0,0.3971632719039917
0.0,0.4216267466545105
0.0,0.5362460613250732
0.0,0.300282746553421
0.0,0.3018065392971039
0.0,0.2735457718372345
1.0,0.6523498892784119
1.0,0.7303737998008728
0.0,0.717361330986023
0.0,0.7250264286994934
0.0,0.7292827367782593
0.0,0.34584030508995056
1.0,0.7286052703857422
0.0,0.3111090064048767
0.0,0.2907946705818176
1.0,0.72725909948349
1.0,0.6181145310401917
1.0,0.7118841409683228
0.0,0.33801284432411194
0.0,0.5715771317481995
0.0,0.27776747941970825
1.0,0.6879227161407471
0.0,0.676882266998291
1.0,0.453039288520813
0.0,0.29155224561691284
1.0,0.7286894917488098
1.0,0.29843318462371826
0.0,0.2721693813800812
0.0,0.27219805121421814
0.0,0.27779579162597656
1.0,0.7279451489448547
0.0,0.2744446396827698
0.0,0.27512142062187195
1.0,0.27251675724983215
0.0,0.42079415917396545
0.0,0.2835559546947479
0.0,0.3020152747631073
0.0,0.2736290395259857
0.0,0.2718725800514221
1.0,0.7287029027938843
1.0,0.7220686078071594
0.0,0.26995649933815
1.0,0.7270894646644592
0.0,0.2710173726081848
1.0,0.33316630125045776
0.0,0.27691885828971863
1.0,0.7300689816474915
0.0,0.2724647521972656
0.0,0.44119277596473694
0.0,0.27527350187301636
0.0,0.29396840929985046
0.0,0.2890026867389679
1.0,0.5307182669639587
0.0,0.31266093254089355
1.0,0.6288970112800598
1.0,0.7246410250663757
0.0,0.3099493086338043
0.0,0.37832945585250854
1.0,0.7287148237228394
1.0,0.7203977704048157
0.0,0.27351346611976624
1.0,0.6537926197052002
1.0,0.2809782922267914
0.0,0.27421241998672485
1.0,0.7233961224555969
1.0,0.7273249626159668
1.0,0.47625234723091125
0.0,0.2714317739009857
0.0,0.2808772027492523
0.0,0.37689805030822754
0.0,0.3336745798587799
0.0,0.28067684173583984
1.0,0.7199538350105286
0.0,0.3140673041343689
0.0,0.29906708002090454
0.0,0.32551825046539307
1.0,0.727791965007782
1.0,0.4117160737514496
0.0,0.30454444885253906
0.0,0.4688241183757782
1.0,0.7189622521400452
1.0,0.7286669015884399
1.0,0.6991125345230103
0.0,0.30162331461906433
0.0,0.28906992077827454
1.0,0.725185751914978
0.0,0.3715088963508606
0.0,0.313279926776886
1.0,0.7292990684509277
1.0,0.6988278031349182
1.0,0.32867005467414856
1.0,0.7290367484092712
1.0,0.7296932935714722
0.0,0.5154373049736023
0.0,0.28478559851646423
1.0,0.727715253829956
1.0,0.7025551199913025
1.0,0.6893536448478699
1.0,0.6959043145179749
1.0,0.721415102481842
0.0,0.7258100509643555
1.0,0.6926491856575012
0.0,0.2757159173488617
0.0,0.3450030982494354
1.0,0.7255080342292786
0.0,0.28365853428840637
0.0,0.2699457108974457
0.0,0.270427405834198
1.0,0.5855997800827026
0.0,0.27262192964553833
0.0,0.6380463242530823
1.0,0.7057092785835266
1.0,0.730715811252594
0.0,0.6421395540237427
0.0,0.3416692018508911
0.0,0.4051818549633026
0.0,0.2701103389263153
1.0,0.6298695206642151
0.0,0.2692849636077881
0.0,0.4079797565937042
0.0,0.27027612924575806
1.0,0.7157294154167175
1.0,0.6794517040252686
1.0,0.726094663143158
0.0,0.2710142135620117
1.0,0.6881569623947144
1.0,0.2721203863620758
0.0,0.7214999794960022
0.0,0.3118993043899536
0.0,0.27621564269065857
1.0,0.7268474102020264
0.0,0.6309303641319275
1.0,0.7292042374610901
1.0,0.7262281179428101
1.0,0.6949664354324341
0.0,0.6963561177253723
1.0,0.7158268094062805
1.0,0.41726118326187134
1.0,0.72162264585495
1.0,0.7232423424720764
0.0,0.4782581627368927
1.0,0.7298136949539185
0.0,0.31140372157096863
1.0,0.7246342897415161
0.0,0.3724851906299591
1.0,0.6468021273612976
0.0,0.2795545756816864
1.0,0.6942086219787598
1.0,0.728022575378418
1.0,0.728619396686554
1.0,0.7247939109802246
0.0,0.28732290863990784
1.0,0.7076500654220581
0.0,0.7207387089729309
1.0,0.7287175059318542
1.0,0.7235466837882996
0.0,0.269805371761322
0.0,0.2890211343765259
1.0,0.37077945470809937
0.0,0.2716829180717468
0.0,0.4728856682777405
1.0,0.6970911622047424
1.0,0.7303128838539124
0.0,0.5502956509590149
0.0,0.35119131207466125
1.0,0.3030899465084076
1.0,0.7187806963920593
1.0,0.29827821254730225
1.0,0.724239706993103
0.0,0.29348522424697876
0.0,0.33392059803009033
0.0,0.27803176641464233
0.0,0.5235280394554138
0.0,0.2962438464164734
1.0,0.7281239628791809
0.0,0.3227441608905792
1.0,0.5490034818649292
1.0,0.29878127574920654
0.0,0.7025904059410095
0.0,0.40499600768089294
1.0,0.2897680699825287
0.0,0.273116797208786
1.0,0.2721341550350189
1.0,0.6845802068710327
1.0,0.730272114276886
0.0,0.4777333736419678
0.0,0.6787416338920593
0.0,0.2856699526309967
0.0,0.26951637864112854
0.0,0.28868716955184937
0.0,0.2832005023956299
1.0,0.310811847448349
1.0,0.7190577387809753
1.0,0.3771308362483978
0.0,0.31744325160980225
0.0,0.28171491622924805
0.0,0.2757921814918518
0.0,0.4927239716053009
0.0,0.6354992389678955
0.0,0.645390510559082
0.0,0.36998236179351807
0.0,0.27184534072875977
0.0,0.3516782224178314
0.0,0.2702816128730774
0.0,0.3028557002544403
0.0,0.3083786070346832
1.0,0.7302757501602173
0.0,0.28953278064727783
1.0,0.7010188102722168
1.0,0.7071056962013245
0.0,0.27141624689102173
1.0,0.7240654230117798
1.0,0.6907666921615601
0.0,0.31780916452407837
1.0,0.7294915318489075
1.0,0.7257917523384094
1.0,0.73006671667099
1.0,0.5831918120384216
0.0,0.30313941836357117
0.0,0.27476775646209717
0.0,0.7225250005722046
1.0,0.7240728139877319
1.0,0.48991239070892334
0.0,0.28413015604019165
1.0,0.7156147360801697
1.0,0.7291454076766968
1.0,0.7307217121124268
0.0,0.2715741991996765
1.0,0.7279447913169861
1.0,0.7213349938392639
0.0,0.6639745831489563
0.0,0.34098711609840393
0.0,0.280905544757843
1.0,0.7249056696891785
0.0,0.7224375009536743
1.0,0.56705242395401
0.0,0.2719939649105072
0.0,0.5234128832817078
1.0,0.673952579498291
1.0,0.6117144823074341
0.0,0.27219387888908386
1.0,0.6324706077575684
1.0,0.6884084343910217
0.0,0.6418505311012268
1.0,0.32387423515319824
1.0,0.49455055594444275
1.0,0.7203452587127686
0.0,0.3181833028793335
1.0,0.7169936895370483
0.0,0.27301523089408875
0.0,0.4457012712955475
0.0,0.7224633097648621
1.0,0.35336488485336304
0.0,0.3771217167377472
1.0,0.38660579919815063
1.0,0.657641589641571
1.0,0.6701164841651917
1.0,0.7285629510879517
0.0,0.5039777755737305
1.0,0.27608853578567505
0.0,0.4362255334854126
0.0,0.4783015847206116
0.0,0.27244624495506287
1.0,0.7287400364875793
0.0,0.36053967475891113
1.0,0.7161294221878052
1.0,0.7136760950088501
0.0,0.29664507508277893
1.0,0.6817135810852051
0.0,0.31879889965057373
0.0,0.29918596148490906
1.0,0.6660232543945312
0.0,0.3975867033004761
1.0,0.3034437894821167
1.0,0.7229397892951965
0.0,0.30167603492736816
1.0,0.342593789100647
0.0,0.2749871611595154
0.0,0.3511989116668701
1.0,0.4772881865501404
1.0,0.6501662731170654
0.0,0.38053786754608154
0.0,0.2754770815372467
1.0,0.4223681092262268
1.0,0.36993807554244995
1.0,0.45406314730644226
1.0,0.7185766100883484
1.0,0.728378415107727
0.0,0.2805205285549164
0.0,0.2761246860027313
0.0,0.40027767419815063
1.0,0.6801947355270386
0.0,0.3063849210739136
1.0,0.6379508972167969
1.0,0.26986151933670044
0.0,0.27543380856513977
0.0,0.34433749318122864
1.0,0.7207982540130615
1.0,0.6855307221412659
1.0,0.5478897094726562
0.0,0.5715770721435547
1.0,0.41887322068214417
0.0,0.30549871921539307
0.0,0.40507206320762634
1.0,0.7273483872413635
0.0,0.3502480685710907
0.0,0.2746756970882416
0.0,0.27330100536346436
1.0,0.653121829032898
1.0,0.7180786728858948
0.0,0.538420557975769
0.0,0.4643671214580536
1.0,0.6714217066764832
0.0,0.28243207931518555
1.0,0.2762123644351959
1.0,0.6830054521560669
0.0,0.28716495633125305
0.0,0.28410252928733826
1.0,0.7282286286354065
1.0,0.7304142713546753
0.0,0.27945375442504883
1.0,0.479152113199234
0.0,0.2749781906604767
0.0,0.6156951785087585
1.0,0.7271615266799927
1.0,0.7298288345336914
0.0,0.2878803312778473
1.0,0.7238813638687134
0.0,0.41935545206069946
0.0,0.2697003185749054
0.0,0.32526665925979614
1.0,0.7198176980018616
0.0,0.3381591737270355
1.0,0.5636593699455261
1.0,0.7089365124702454
1.0,0.7188073992729187
0.0,0.43257376551628113
1.0,0.6884957551956177
1.0,0.6583497524261475
0.0,0.7209655046463013
0.0,0.2764221131801605
0.0,0.6037359833717346
1.0,0.3454461395740509
1.0,0.727040708065033
0.0,0.2835964858531952
0.0,0.3753589987754822
0.0,0.2701539397239685
0.0,0.2990557551383972
1.0,0.7302008271217346
0.0,0.2700933814048767
0.0,0.2711406946182251
1.0,0.7189598083496094
1.0,0.7231941819190979
0.0,0.27386316657066345
1.0,0.6482753753662109
1.0,0.6978875398635864
0.0,0.6121851801872253
0.0,0.27434977889060974
1.0,0.28997868299484253
1.0,0.7305269837379456
1.0,0.3932771682739258
0.0,0.27150607109069824
0.0,0.29719486832618713
0.0,0.27863043546676636
0.0,0.31624698638916016
1.0,0.3365938067436218
1.0,0.3237548768520355
0.0,0.2804744243621826
0.0,0.6740254759788513
1.0,0.49296095967292786
1.0,0.7139487862586975
0.0,0.5930687785148621
0.0,0.6417584419250488
0.0,0.3219195306301117
1.0,0.29074862599372864
0.0,0.27420857548713684
1.0,0.2920660674571991
0.0,0.27425166964530945
1.0,0.7305655479431152
0.0,0.29711198806762695
0.0,0.6874513626098633
1.0,0.3535950481891632
0.0,0.2807166278362274
1.0,0.7303756475448608
0.0,0.2783803641796112
1.0,0.7151437997817993
1.0,0.7301025986671448
0.0,0.27588897943496704
1.0,0.38919565081596375
0.0,0.6240191459655762
1.0,0.6009274125099182
0.0,0.4587119221687317
0.0,0.4298468828201294
0.0,0.5821623802185059
0.0,0.32681846618652344
1.0,0.7296744585037231
1.0,0.7296666502952576
0.0,0.2782686650753021
1.0,0.720549464225769
0.0,0.5166895985603333
1.0,0.7307396531105042
1.0,0.7287461757659912
0.0,0.30457544326782227
1.0,0.4419591426849365
1.0,0.32144004106521606
0.0,0.3615943193435669
0.0,0.40264013409614563
1.0,0.7224875688552856
0.0,0.3668906092643738
1.0,0.7292924523353577
1.0,0.7306219339370728
1.0,0.5320318341255188
0.0,0.3051266670227051
1.0,0.7307755351066589
1.0,0.4772288203239441
0.0,0.28328967094421387
0.0,0.27039477229118347
1.0,0.6990275979042053
1.0,0.7290878891944885
1.0,0.720155656337738
0.0,0.32943472266197205
0.0,0.29867908358573914
1.0,0.729029655456543
1.0,0.7272979617118835
0.0,0.2782525420188904
1.0,0.6613087058067322
1.0,0.7283892631530762
1.0,0.4789584279060364
0.0,0.2843033969402313
0.0,0.4100591242313385
1.0,0.6800436973571777
1.0,0.6233687996864319
1.0,0.727751612663269
0.0,0.2914441227912903
1.0,0.730150043964386
0.0,0.2803584039211273
0.0,0.7102879881858826
1.0,0.6992143392562866
1.0,0.7279829382896423
0.0,0.27012890577316284
1.0,0.7275294065475464
0.0,0.40657955408096313
1.0,0.7291103601455688
1.0,0.7151440382003784
1.0,0.7088871002197266
1.0,0.7261688113212585
1.0,0.7161701917648315
1.0,0.7202490568161011
0.0,0.4821482300758362
1.0,0.381607323884964
1.0,0.3874777853488922
0.0,0.4283861219882965
1.0,0.7284191846847534
0.0,0.704901397228241
1.0,0.7096472382545471
0.0,0.27042272686958313
1.0,0.6982162594795227
1.0,0.7291364073753357
0.0,0.7265070676803589
0.0,0.6933232545852661
1.0,0.7062341570854187
1.0,0.3672539293766022
0.0,0.2769136428833008
0.0,0.6333547830581665
0.0,0.38939374685287476
0.0,0.2710745632648468
0.0,0.4646027088165283
0.0,0.5208855867385864
1.0,0.726309061050415
1.0,0.5196543335914612
1.0,0.6944534778594971
1.0,0.729727029800415
0.0,0.36334726214408875
0.0,0.36619722843170166
0.0,0.44716691970825195
0.0,0.2803282141685486
0.0,0.2832249701023102
1.0,0.7145138382911682
1.0,0.7286189794540405
1.0,0.31926190853118896
0.0,0.29406827688217163
1.0,0.5503609776496887
0.0,0.2772054970264435
1.0,0.7240558862686157
0.0,0.5418298244476318
0.0,0.3681766092777252
0.0,0.35102763772010803
1.0,0.7167328000068665
1.0,0.42763134837150574
1.0,0.7286954522132874
0.0,0.7172907590866089
1.0,0.6509924530982971
1.0,0.6930912137031555
1.0,0.5967577695846558
0.0,0.3010641932487488
0.0,0.3122377097606659
1.0,0.6776546239852905
1.0,0.5004824995994568
1.0,0.7296351194381714
0.0,0.2994632422924042
0.0,0.4402691423892975
0.0,0.27347880601882935
0.0,0.27112898230552673
0.0,0.300283819437027
1.0,0.7205484509468079
0.0,0.3199431896209717
0.0,0.29443252086639404
1.0,0.7255499362945557
0.0,0.29504498839378357
0.0,0.4972131848335266
0.0,0.2996232211589813
1.0,0.7057701945304871
0.0,0.27081748843193054
0.0,0.4692586362361908
1.0,0.414425790309906
0.0,0.4726552665233612
1.0,0.7300354838371277
0.0,0.40361589193344116
0.0,0.5654093027114868
1.0,0.29495781660079956
1.0,0.7178933620452881
0.0,0.713401734828949
1.0,0.7287121415138245
1.0,0.7160540819168091
1.0,0.7211186289787292
0.0,0.28432396054267883
1.0,0.6954199075698853
0.0,0.5077512264251709
0.0,0.2918853759765625
0.0,0.44978126883506775
0.0,0.2729872465133667
1.0,0.7137337327003479
0.0,0.30624303221702576
0.0,0.5202685594558716
0.0,0.2702946662902832
0.0,0.33582180738449097
1.0,0.6642172336578369
0.0,0.2842085063457489
1.0,0.7176478505134583
1.0,0.720055341720581
0.0,0.45749667286872864
0.0,0.3168432116508484
0.0,0.29855263233184814
0.0,0.2724817097187042
1.0,0.6981405019760132
1.0,0.6854745149612427
1.0,0.29247504472732544
0.0,0.3805606961250305
0.0,0.2708043158054352
1.0,0.7042454481124878
1.0,0.6813175082206726
0.0,0.5188682675361633
1.0,0.714880108833313
1.0,0.7297230362892151
0.0,0.2744998633861542
1.0,0.7178956866264343
0.0,0.30154314637184143
0.0,0.2853164076805115
0.0,0.28584733605384827
1.0,0.5374213457107544
0.0,0.4002833366394043
0.0,0.6234031915664673
0.0,0.2790509760379791
1.0,0.7300459742546082
1.0,0.7045541405677795
1.0,0.6832128763198853
1.0,0.43461912870407104
1.0,0.7094683051109314
0.0,0.4937841296195984
1.0,0.6039010286331177
0.0,0.27487656474113464
1.0,0.3391982316970825
1.0,0.6840855479240417
1.0,0.7279950380325317
1.0,0.3627867102622986
0.0,0.27029702067375183
1.0,0.3877885639667511
0.0,0.2795059084892273
1.0,0.7259663939476013
0.0,0.5040853023529053
0.0,0.7301927208900452
0.0,0.3273840844631195
1.0,0.6793609261512756
1.0,0.7221125364303589
1.0,0.7297080755233765
0.0,0.3972755968570709
1.0,0.43761157989501953
1.0,0.7126477956771851
0.0,0.4736959636211395
0.0,0.2718102037906647
1.0,0.40136194229125977
1.0,0.7089992761611938
0.0,0.594785213470459
0.0,0.2822211682796478
1.0,0.7099422216415405
0.0,0.6706022024154663
0.0,0.2747165560722351
1.0,0.6354462504386902
1.0,0.5144553780555725
1.0,0.4811865985393524
1.0,0.6983041763305664
0.0,0.3012341260910034
1.0,0.728864848613739
0.0,0.4800753891468048
1.0,0.7230124473571777
1.0,0.7121736407279968
0.0,0.29415884613990784
0.0,0.2731229364871979
1.0,0.7083495259284973
0.0,0.28305289149284363
1.0,0.2820979058742523
1.0,0.6098973751068115
1.0,0.7260389924049377
0.0,0.4987693428993225
0.0,0.7140681147575378
1.0,0.7306650280952454
1.0,0.7270951867103577
1.0,0.721120297908783
0.0,0.31288859248161316
0.0,0.28598374128341675
0.0,0.7149767875671387
0.0,0.272715300321579
0.0,0.27391135692596436
0.0,0.2697271406650543
0.0,0.27054089307785034
0.0,0.5359253287315369
0.0,0.28025564551353455
1.0,0.6985755562782288
0.0,0.5812242031097412
1.0,0.31447267532348633
1.0,0.5947141051292419
1.0,0.7222352623939514
0.0,0.6995069980621338
0.0,0.2801237404346466
1.0,0.7304279804229736
1.0,0.5294024348258972
1.0,0.7248536348342896
0.0,0.2779117524623871
1.0,0.7302300930023193
0.0,0.5451216101646423
0.0,0.27075788378715515
1.0,0.708199143409729
0.0,0.4749290943145752
1.0,0.723541796207428
0.0,0.71033775806427
0.0,0.3858066201210022
1.0,0.4089655876159668
1.0,0.7174437046051025
1.0,0.6498068571090698
1.0,0.7076927423477173
0.0,0.31485626101493835
1.0,0.5235835313796997
1.0,0.5654881000518799
0.0,0.27346399426460266
1.0,0.6905931830406189
0.0,0.2730991542339325
0.0,0.6360775828361511
0.0,0.3191254138946533
1.0,0.7272130846977234
0.0,0.4552432894706726
0.0,0.27313897013664246
0.0,0.2719177305698395
1.0,0.3011194169521332
1.0,0.730636715888977
0.0,0.32519713044166565
1.0,0.6968863606452942
1.0,0.2807292342185974
1.0,0.7279976010322571
1.0,0.7181952595710754
0.0,0.277334988117218
0.0,0.3929107189178467
0.0,0.6163807511329651
0.0,0.35764265060424805
1.0,0.708776593208313
1.0,0.30304989218711853
1.0,0.6484206914901733
0.0,0.27131521701812744
1.0,0.7118111848831177
0.0,0.360975980758667
1.0,0.7302032709121704
1.0,0.729279637336731
1.0,0.7307305335998535
1.0,0.7304160594940186
0.0,0.28507357835769653
1.0,0.7302252650260925
0.0,0.2729128897190094
1.0,0.4893428683280945
1.0,0.7173197865486145
0.0,0.5847548246383667
1.0,0.726233184337616
1.0,0.47723761200904846
0.0,0.7179726958274841
1.0,0.7136728763580322
1.0,0.728330671787262
1.0,0.35810840129852295
1.0,0.6229840517044067
1.0,0.7288477420806885
0.0,0.38394588232040405
0.0,0.2712462544441223
0.0,0.29519832134246826
0.0,0.6792097687721252
0.0,0.7228963375091553
0.0,0.3774675726890564
1.0,0.7190542817115784
0.0,0.37789076566696167
1.0,0.7300065159797668
1.0,0.45123350620269775
1.0,0.728946328163147
0.0,0.26990339159965515
1.0,0.7218942046165466
0.0,0.2711513042449951
0.0,0.6292421221733093
0.0,0.2753731906414032
1.0,0.7038689255714417
1.0,0.681805431842804
1.0,0.7279887199401855
1.0,0.7152239084243774
1.0,0.6555516719818115
1.0,0.709286630153656
0.0,0.29779812693595886
0.0,0.2761141359806061
0.0,0.3035769760608673
1.0,0.7128245234489441
1.0,0.27209848165512085
1.0,0.715167760848999
0.0,0.2754196524620056
0.0,0.33048251271247864
0.0,0.721872866153717
1.0,0.631415605545044
0.0,0.29921627044677734
1.0,0.6936131715774536
1.0,0.6768486499786377
0.0,0.27205410599708557
1.0,0.6953767538070679
0.0,0.27464091777801514
1.0,0.7199921011924744
1.0,0.5777114033699036
0.0,0.41502898931503296
1.0,0.6611396074295044
0.0,0.3513733148574829
1.0,0.7108457684516907
0.0,0.2855853736400604
1.0,0.29691290855407715
1.0,0.7289823293685913
1.0,0.730033814907074
1.0,0.3096104860305786
1.0,0.7257412672042847
1.0,0.5149627923965454
1.0,0.7094954252243042
0.0,0.28460070490837097
0.0,0.7017078995704651
1.0,0.7094267010688782
0.0,0.7036628127098083
1.0,0.6917710304260254
0.0,0.72828608751297
0.0,0.48145803809165955
0.0,0.2712348997592926
0.0,0.38628828525543213
1.0,0.6408150792121887
1.0,0.7297273278236389
0.0,0.43815240263938904
0.0,0.2773112952709198
0.0,0.3593454957008362
0.0,0.27079010009765625
0.0,0.2701932191848755
0.0,0.36310669779777527
1.0,0.6772515177726746
1.0,0.7273222804069519
1.0,0.282368004322052
0.0,0.27112871408462524
1.0,0.7292365431785583
0.0,0.3309447169303894
1.0,0.7282639145851135
0.0,0.5373458862304688
0.0,0.5082136988639832
1.0,0.4340932071208954
1.0,0.33701780438423157
1.0,0.6179218292236328
1.0,0.7161335349082947
1.0,0.7240670919418335
0.0,0.27304306626319885
0.0,0.7031722068786621
0.0,0.360804945230484
0.0,0.3161301612854004
1.0,0.7179936766624451
1.0,0.6695939898490906
0.0,0.30983155965805054
0.0,0.2983270585536957
1.0,0.5762360095977783
1.0,0.7245903015136719
1.0,0.7099514007568359
1.0,0.46776726841926575
0.0,0.2776147425174713
1.0,0.7284578084945679
1.0,0.7301787734031677
0.0,0.27117615938186646
0.0,0.6276277899742126
1.0,0.730031430721283
0.0,0.3998448848724365
1.0,0.715685248374939
1.0,0.29216933250427246
1.0,0.7011158466339111
0.0,0.27799853682518005
0.0,0.28146839141845703
1.0,0.7299412488937378
1.0,0.7281262874603271
0.0,0.4895355701446533
0.0,0.40193918347358704
1.0,0.6745116114616394
1.0,0.7297922968864441
1.0,0.7275252938270569
0.0,0.7146599292755127
1.0,0.5896506309509277
0.0,0.48122167587280273
0.0,0.27497485280036926
1.0,0.7241860032081604
1.0,0.3022199273109436
0.0,0.6853517293930054
0.0,0.4358644485473633
0.0,0.40365153551101685
1.0,0.7289348840713501
0.0,0.44562050700187683
0.0,0.3206305205821991
1.0,0.6586515307426453
1.0,0.6880197525024414
0.0,0.7289231419563293
0.0,0.6814205646514893
0.0,0.2899043560028076
1.0,0.709091067314148
0.0,0.702035665512085
0.0,0.2775619328022003
1.0,0.7295968532562256
0.0,0.2743353843688965
1.0,0.7058712244033813
1.0,0.6767889261245728
0.0,0.2733995020389557
0.0,0.5792911648750305
0.0,0.2707962989807129
0.0,0.6441430449485779
1.0,0.7237926125526428
1.0,0.7106767296791077
0.0,0.43439221382141113
0.0,0.6012081503868103
0.0,0.2872633635997772
0.0,0.4563805162906647
0.0,0.28874772787094116
0.0,0.27547314763069153
1.0,0.7177364230155945
0.0,0.3386751711368561
0.0,0.2715223729610443
0.0,0.32389575242996216
1.0,0.27673253417015076
1.0,0.7272660732269287
0.0,0.2854333817958832
1.0,0.3315648138523102
1.0,0.7302753329277039
1.0,0.6864134669303894
0.0,0.5935344099998474
1.0,0.6890068054199219
1.0,0.41253215074539185
0.0,0.5578284859657288
0.0,0.3009892702102661
1.0,0.39589765667915344
0.0,0.2721816599369049
0.0,0.3500063717365265
1.0,0.6609031558036804
1.0,0.6428558230400085
1.0,0.4305768311023712
1.0,0.7300339341163635
1.0,0.3001769483089447
1.0,0.7120305895805359
1.0,0.7216154336929321
1.0,0.33362993597984314
1.0,0.6896237134933472
1.0,0.39730778336524963
0.0,0.3150828778743744
1.0,0.7224341630935669
0.0,0.43980443477630615
0.0,0.3118732273578644
1.0,0.7254061698913574
0.0,0.6221675276756287
1.0,0.7136858701705933
0.0,0.27250760793685913
0.0,0.26956459879875183
0.0,0.30990710854530334
1.0,0.7242806553840637
0.0,0.342255175113678
1.0,0.6978020668029785
1.0,0.7283018827438354
1.0,0.7296230792999268
1.0,0.47428980469703674
0.0,0.6927602887153625
0.0,0.2793516516685486
0.0,0.45658430457115173
1.0,0.6572481393814087
1.0,0.7294237017631531
1.0,0.4657922387123108
0.0,0.29118451476097107
1.0,0.28384852409362793
1.0,0.5991992950439453
1.0,0.6926377415657043
1.0,0.7230564951896667
1.0,0.35316672921180725
1.0,0.7253567576408386
1.0,0.5784311890602112
1.0,0.6376740336418152
1.0,0.7291479706764221
0.0,0.2714652717113495
1.0,0.7231971621513367
1.0,0.7151438593864441
0.0,0.3599989712238312
1.0,0.7164156436920166
1.0,0.7292259335517883
0.0,0.3384280502796173
1.0,0.6914161443710327
0.0,0.292400598526001
0.0,0.2730600833892822
0.0,0.29620441794395447
0.0,0.39042234420776367
1.0,0.7304168939590454
1.0,0.7295399904251099
1.0,0.4970124661922455
1.0,0.7276026010513306
1.0,0.7180866599082947
1.0,0.686883807182312
0.0,0.2714894413948059
1.0,0.728926956653595
0.0,0.2732877731323242
1.0,0.6673202514648438
0.0,0.2854449152946472
1.0,0.7283576130867004
0.0,0.2954183518886566
1.0,0.30098897218704224
1.0,0.7237781882286072
0.0,0.32789596915245056
1.0,0.7234265804290771
0.0,0.3156677186489105
1.0,0.7071059942245483
1.0,0.6881167888641357
1.0,0.7300177812576294
0.0,0.2843875288963318
0.0,0.28223708271980286
1.0,0.7178817987442017
1.0,0.7246947884559631
0.0,0.5741984844207764
1.0,0.6578232645988464
1.0,0.728481650352478
0.0,0.2863468825817108
0.0,0.30050718784332275
0.0,0.3825879395008087
1.0,0.4729137718677521
0.0,0.3541075587272644
1.0,0.7280242443084717
0.0,0.3632306754589081
0.0,0.3217107057571411
1.0,0.7294180989265442
0.0,0.2880491316318512
0.0,0.6098126173019409
0.0,0.2760083079338074
1.0,0.2909162640571594
1.0,0.6889488697052002
0.0,0.27223315834999084
1.0,0.6081799268722534
1.0,0.5888239741325378
1.0,0.723115861415863
0.0,0.2917002737522125
0.0,0.6343391537666321
1.0,0.7305879592895508
1.0,0.3213643431663513
0.0,0.27617350220680237
0.0,0.7231021523475647
0.0,0.32304951548576355
1.0,0.7203630805015564
0.0,0.3033844232559204
1.0,0.28277429938316345
0.0,0.3184991478919983
1.0,0.6297410130500793
0.0,0.28307920694351196
0.0,0.5281482934951782
0.0,0.27832165360450745
0.0,0.4024922847747803
0.0,0.3744802474975586
1.0,0.7020782828330994
0.0,0.2736838161945343
0.0,0.6056602597236633
1.0,0.37286829948425293
0.0,0.648854672908783
0.0,0.3448526859283447
1.0,0.5796040296554565
1.0,0.6952204704284668
1.0,0.7179465293884277
1.0,0.5661672353744507
0.0,0.2830686867237091
0.0,0.6969529986381531
1.0,0.7131330370903015
1.0,0.7289016246795654
1.0,0.7272390723228455
1.0,0.7292660474777222
1.0,0.7227892279624939
1.0,0.7304453253746033
1.0,0.6716528534889221
1.0,0.7166485786437988
0.0,0.27550867199897766
1.0,0.707669734954834
1.0,0.710905134677887
1.0,0.28423836827278137
0.0,0.2805826961994171
0.0,0.6933744549751282
0.0,0.5629777908325195
0.0,0.27058228850364685
0.0,0.26943111419677734
1.0,0.7289248704910278
0.0,0.3286172151565552
0.0,0.3413905203342438
0.0,0.3498094379901886
0.0,0.3464580178260803
0.0,0.30327752232551575
1.0,0.505085825920105
1.0,0.49376073479652405
1.0,0.42456087470054626
0.0,0.30992642045021057
0.0,0.39294254779815674
0.0,0.3075806498527527
0.0,0.2717931270599365
1.0,0.726934015750885
0.0,0.3507096469402313
0.0,0.581764817237854
1.0,0.35901862382888794
0.0,0.2700151205062866
1.0,0.7241895794868469
1.0,0.6455152630805969
0.0,0.285148948431015
1.0,0.7281203866004944
1.0,0.729172945022583
0.0,0.28427937626838684
1.0,0.6992915868759155
1.0,0.44905203580856323
0.0,0.28912702202796936
0.0,0.31279560923576355
0.0,0.28215548396110535
0.0,0.2940082848072052
1.0,0.7206617593765259
0.0,0.27034956216812134
1.0,0.7252956628799438
1.0,0.4071487486362457
0.0,0.4758547246456146
1.0,0.713767945766449
0.0,0.33084791898727417
0.0,0.3105594515800476
0.0,0.390697717666626
0.0,0.3387752175331116
1.0,0.6686511635780334
0.0,0.44889482855796814
0.0,0.2737811207771301
0.0,0.4883381426334381
1.0,0.7293633222579956
0.0,0.2837317883968353
0.0,0.7103842496871948
0.0,0.395585298538208
0.0,0.32682138681411743
0.0,0.3526476323604584
0.0,0.47185802459716797
1.0,0.7303940057754517
0.0,0.6523097157478333
1.0,0.7285580039024353
0.0,0.2856985628604889
1.0,0.7277804017066956
0.0,0.41357681155204773
0.0,0.4470059871673584
0.0,0.5232349038124084
0.0,0.649291455745697
0.0,0.4304080009460449
0.0,0.29136669635772705
1.0,0.7301778793334961
0.0,0.28774315118789673
1.0,0.7294647097587585
0.0,0.27657684683799744
0.0,0.2721033990383148
0.0,0.7207034826278687
0.0,0.27091264724731445
1.0,0.7280784249305725
0.0,0.2694321274757385
1.0,0.37151435017585754
1.0,0.5463886857032776
0.0,0.3162384033203125
0.0,0.27800077199935913
0.0,0.29313579201698303
0.0,0.2707044780254364
1.0,0.6165947914123535
1.0,0.6843457818031311
0.0,0.2985062599182129
0.0,0.7287710309028625
1.0,0.3261134624481201
1.0,0.7302930951118469
0.0,0.32205528020858765
1.0,0.6965879201889038
0.0,0.46061965823173523
1.0,0.6980676054954529
0.0,0.6818299293518066
0.0,0.34792038798332214
1.0,0.6474257111549377
1.0,0.4386008679866791
0.0,0.7203423380851746
1.0,0.7208592891693115
1.0,0.7145296931266785
0.0,0.7078158259391785
0.0,0.3270670473575592
0.0,0.29235005378723145
1.0,0.6092339158058167
0.0,0.308870404958725
0.0,0.37386554479599
0.0,0.2815527617931366
0.0,0.27322185039520264
0.0,0.3707084059715271
0.0,0.2818916440010071
0.0,0.45519548654556274
1.0,0.7225638628005981
1.0,0.7280653715133667
0.0,0.2718033790588379
0.0,0.2893201410770416
0.0,0.305647611618042
0.0,0.27416664361953735
1.0,0.2723253071308136
1.0,0.7088841199874878
0.0,0.6880084276199341
0.0,0.5316590070724487
0.0,0.2966518700122833
0.0,0.32910892367362976
1.0,0.5876108407974243
1.0,0.29582327604293823
1.0,0.7184125781059265
1.0,0.7076759934425354
0.0,0.39578014612197876
0.0,0.27306050062179565
0.0,0.29515859484672546
0.0,0.705956757068634
0.0,0.4828040897846222
0.0,0.2951262593269348
0.0,0.6987168192863464
0.0,0.27735447883605957
1.0,0.6911430358886719
1.0,0.2739473879337311
1.0,0.669689953327179
0.0,0.4407717287540436
0.0,0.2875840663909912
1.0,0.28484538197517395
1.0,0.44272667169570923
1.0,0.7221999168395996
1.0,0.6803261041641235
0.0,0.27050647139549255
0.0,0.271348237991333
0.0,0.27175071835517883
0.0,0.32575562596321106
0.0,0.7131078243255615
0.0,0.39444804191589355
0.0,0.4208473861217499
1.0,0.7130330204963684
0.0,0.4917633831501007
0.0,0.34815317392349243
1.0,0.7303321957588196
0.0,0.39760687947273254
1.0,0.7245867848396301
1.0,0.5516484975814819
0.0,0.3016166687011719
0.0,0.34590354561805725
1.0,0.30834856629371643
0.0,0.28955334424972534
0.0,0.2724052965641022
1.0,0.7053490877151489
0.0,0.2943451702594757
0.0,0.27225261926651
1.0,0.6457746028900146
1.0,0.7177448272705078
0.0,0.729821503162384
0.0,0.27127885818481445
0.0,0.32519441843032837
0.0,0.46563953161239624
0.0,0.30312493443489075
0.0,0.2826169729232788
1.0,0.643281102180481
0.0,0.7177015542984009
1.0,0.7182759642601013
0.0,0.3872467577457428
1.0,0.6745245456695557
1.0,0.7160943150520325
1.0,0.7086792588233948
0.0,0.2696363031864166
0.0,0.2885311543941498
0.0,0.5146629810333252
0.0,0.5904779434204102
0.0,0.2898366153240204
0.0,0.27410244941711426
1.0,0.4572051465511322
1.0,0.7147031426429749
1.0,0.7306802272796631
0.0,0.6998618245124817
0.0,0.28389137983322144
1.0,0.7287755608558655
0.0,0.2696397602558136
0.0,0.39472904801368713
0.0,0.28703826665878296
1.0,0.5615270137786865
0.0,0.2879183292388916
0.0,0.3976874053478241
0.0,0.7077995538711548
1.0,0.3141116201877594
1.0,0.7245094180107117
1.0,0.7305117249488831
1.0,0.6529807448387146
1.0,0.7104561924934387
1.0,0.7123651504516602
0.0,0.28243258595466614
1.0,0.7168425917625427
0.0,0.31541919708251953
0.0,0.43294182419776917
0.0,0.27637842297554016
1.0,0.7197123765945435
0.0,0.532990038394928
1.0,0.6111061573028564
0.0,0.3588438630104065
1.0,0.6457610726356506
0.0,0.27285850048065186
0.0,0.37823212146759033
1.0,0.4674832820892334
1.0,0.7300556898117065
1.0,0.29522067308425903
1.0,0.5432469844818115
0.0,0.27982643246650696
1.0,0.656769871711731
1.0,0.7260251045227051
1.0,0.5851030945777893
0.0,0.27635201811790466
1.0,0.6867618560791016
1.0,0.6075369119644165
0.0,0.4970017969608307
0.0,0.30448731780052185
0.0,0.32559752464294434
0.0,0.6934550404548645
1.0,0.6603625416755676
1.0,0.6635500192642212
1.0,0.7234520316123962
1.0,0.726539671421051
0.0,0.7166415452957153
0.0,0.2843155860900879
0.0,0.4525134861469269
1.0,0.6590341925621033
1.0,0.7194717526435852
1.0,0.7203589081764221
1.0,0.7234480381011963
0.0,0.7166098952293396
1.0,0.7213729619979858
1.0,0.7296513915061951
0.0,0.7290816903114319
1.0,0.7118284702301025
0.0,0.4993700683116913
0.0,0.686500072479248
0.0,0.3109892010688782
0.0,0.34559863805770874
1.0,0.7139682769775391
0.0,0.28664058446884155
1.0,0.2839869260787964
0.0,0.31277284026145935
0.0,0.35932791233062744
1.0,0.7287258505821228
0.0,0.27211615443229675
1.0,0.676122784614563
0.0,0.26955536007881165
0.0,0.336885541677475
0.0,0.27467039227485657
0.0,0.47767025232315063
1.0,0.39361825585365295
0.0,0.2699117362499237
0.0,0.2703143060207367
0.0,0.367013156414032
1.0,0.2818228602409363
0.0,0.7122057676315308
0.0,0.32967594265937805
0.0,0.3697276711463928
1.0,0.3473016917705536
1.0,0.7271799445152283
1.0,0.5057204365730286
0.0,0.7061904668807983
0.0,0.3640984296798706
0.0,0.2840818166732788
0.0,0.27413076162338257
1.0,0.7271683216094971
1.0,0.7295010685920715
0.0,0.31851059198379517
0.0,0.2810575067996979
1.0,0.7183244824409485
1.0,0.7288597822189331
0.0,0.6489916443824768
1.0,0.3911467492580414
0.0,0.4662744700908661
1.0,0.7217804789543152
0.0,0.5204164385795593
1.0,0.6947023272514343
0.0,0.5969032049179077
0.0,0.31324511766433716
0.0,0.3312602639198303
1.0,0.7288421392440796
0.0,0.2827129662036896
1.0,0.7070441246032715
0.0,0.3481917679309845
0.0,0.4122576117515564
0.0,0.31383851170539856
1.0,0.7301146984100342
1.0,0.7268964052200317
0.0,0.2704506516456604
1.0,0.6543174982070923
0.0,0.336833119392395
0.0,0.5976226329803467
0.0,0.3746386170387268
0.0,0.27436867356300354
1.0,0.7224013209342957
0.0,0.2709308862686157
1.0,0.7132072448730469
1.0,0.4604377746582031
1.0,0.6559151411056519
1.0,0.6639693975448608
0.0,0.3026471436023712
1.0,0.7113917469978333
0.0,0.32049205899238586
0.0,0.34336233139038086
1.0,0.5305883884429932
1.0,0.5162397623062134
1.0,0.31068238615989685
0.0,0.2767103314399719
0.0,0.28213268518447876
0.0,0.5123494863510132
0.0,0.2722560465335846
1.0,0.7296994924545288
0.0,0.3475525975227356
1.0,0.6848897933959961
0.0,0.3075040578842163
1.0,0.7302493453025818
0.0,0.2923825979232788
1.0,0.27494725584983826
1.0,0.7021186351776123
0.0,0.27253589034080505
1.0,0.7005487084388733
1.0,0.7250434756278992
0.0,0.2896289825439453
1.0,0.7294409871101379
1.0,0.7306494116783142
0.0,0.2936297357082367
1.0,0.30222564935684204
1.0,0.48836827278137207
0.0,0.2701095938682556
1.0,0.7293920516967773
0.0,0.3146670162677765
0.0,0.29991546273231506
0.0,0.6195316314697266
0.0,0.4448675811290741
0.0,0.28417956829071045
1.0,0.6527139544487
1.0,0.7307030558586121
1.0,0.6993086338043213
1.0,0.608941376209259
0.0,0.6943489909172058
0.0,0.27002987265586853
0.0,0.28623342514038086
0.0,0.5384160280227661
1.0,0.722777783870697
0.0,0.351774126291275
1.0,0.7292996048927307
0.0,0.2742418348789215
0.0,0.6962988376617432
1.0,0.7289013862609863
0.0,0.2769717276096344
0.0,0.3156290352344513
0.0,0.5133055448532104
0.0,0.279186874628067
1.0,0.7045491933822632
0.0,0.2868620455265045
0.0,0.32288697361946106
1.0,0.47701898217201233
0.0,0.3169797658920288
0.0,0.27492374181747437
1.0,0.3353953957557678
0.0,0.2847405970096588
1.0,0.7267655730247498
1.0,0.7219156622886658
1.0,0.6109154224395752
0.0,0.4415763020515442
0.0,0.5778824687004089
0.0,0.281456857919693
0.0,0.2928008437156677
1.0,0.7298629283905029
0.0,0.7242490649223328
1.0,0.7043929100036621
0.0,0.698428213596344
1.0,0.2698098421096802
1.0,0.3536827266216278
0.0,0.27968958020210266
1.0,0.719831109046936
1.0,0.7254501581192017
0.0,0.34222882986068726
0.0,0.35572054982185364
0.0,0.3187684416770935
0.0,0.27443668246269226
1.0,0.654426634311676
1.0,0.6530929207801819
0.0,0.30753961205482483
1.0,0.717717170715332
0.0,0.2707030773162842
1.0,0.7304409742355347
0.0,0.2853429615497589
1.0,0.7278496026992798
1.0,0.6975073218345642
1.0,0.7294343709945679
1.0,0.6716804504394531
1.0,0.7280615568161011
1.0,0.7276514768600464
1.0,0.6955243945121765
0.0,0.6130369305610657
1.0,0.4050348997116089
1.0,0.7153809070587158
1.0,0.7285202145576477
0.0,0.5928660035133362
0.0,0.27317261695861816
1.0,0.5328431129455566
1.0,0.7270942330360413
0.0,0.4412670135498047
0.0,0.5350936651229858
1.0,0.7242618203163147
1.0,0.7003465890884399
0.0,0.5318307280540466
0.0,0.2921593487262726
1.0,0.7273162603378296
0.0,0.7117947340011597
0.0,0.3579198122024536
0.0,0.5027915239334106
0.0,0.3050416111946106
1.0,0.7278700470924377
0.0,0.5665793418884277
1.0,0.7190202474594116
0.0,0.3231746554374695
1.0,0.2749531865119934
0.0,0.440493106842041
1.0,0.7295961380004883
0.0,0.305718332529068
0.0,0.27246323227882385
0.0,0.2943175733089447
1.0,0.28890618681907654
0.0,0.513107419013977
0.0,0.5178917646408081
0.0,0.6788255572319031
1.0,0.3961939513683319
1.0,0.4427706003189087
0.0,0.3786587119102478
1.0,0.6803125739097595
1.0,0.7247377038002014
0.0,0.2807847857475281
1.0,0.5062289237976074
1.0,0.5273770093917847
1.0,0.7213687300682068
1.0,0.6520373821258545
0.0,0.7204214334487915
0.0,0.28757646679878235
0.0,0.320527583360672
1.0,0.28008389472961426
1.0,0.6310164928436279
0.0,0.2964323163032532
1.0,0.3093923032283783
0.0,0.2877856492996216
0.0,0.6614710688591003
0.0,0.29166772961616516
0.0,0.2832741141319275
0.0,0.2763538658618927
1.0,0.6966481804847717
1.0,0.7298063635826111
0.0,0.32849591970443726
1.0,0.7192307710647583
0.0,0.2801734507083893
0.0,0.2962495982646942
1.0,0.6925703287124634
1.0,0.36322563886642456
0.0,0.26990294456481934
0.0,0.2721762955188751
0.0,0.2741364538669586
1.0,0.7276947498321533
0.0,0.293009489774704
1.0,0.7158467769622803
0.0,0.7266557812690735
1.0,0.7277964353561401
0.0,0.2701592743396759
1.0,0.4964250326156616
1.0,0.7252979874610901
0.0,0.294534832239151
1.0,0.666927695274353
1.0,0.7304748296737671
0.0,0.3018159866333008
0.0,0.2822481691837311
0.0,0.3489568829536438
1.0,0.7258850932121277
1.0,0.7280721068382263
1.0,0.2755832076072693
1.0,0.7191228866577148
0.0,0.27773281931877136
0.0,0.6136952042579651
1.0,0.7204204797744751
0.0,0.4364159405231476
1.0,0.5393497943878174
0.0,0.3484547734260559
0.0,0.27924636006355286
0.0,0.421726793050766
0.0,0.30073127150535583
1.0,0.6241742968559265
0.0,0.2846788763999939
0.0,0.26982539892196655
1.0,0.7274699211120605
1.0,0.6402297616004944
1.0,0.7274470329284668
1.0,0.72892165184021
0.0,0.5272464156150818
1.0,0.7247655391693115
1.0,0.7164856195449829
0.0,0.2778888940811157
0.0,0.6034537553787231
1.0,0.7168563008308411
0.0,0.5072153210639954
0.0,0.3436671495437622
0.0,0.7127999663352966
0.0,0.515002429485321
0.0,0.6031827926635742
0.0,0.28170910477638245
0.0,0.2813064455986023
1.0,0.7142921090126038
0.0,0.28091004490852356
1.0,0.2904869318008423
0.0,0.2722429931163788
0.0,0.2743584215641022
0.0,0.41536110639572144
1.0,0.5534253120422363
0.0,0.5447232127189636
1.0,0.7298192977905273
1.0,0.7245590090751648
0.0,0.4781217575073242
1.0,0.6620440483093262
0.0,0.2838321626186371
1.0,0.7077034115791321
1.0,0.7112810611724854
0.0,0.4221124053001404
1.0,0.2838882803916931
0.0,0.5944097638130188
0.0,0.26954469084739685
1.0,0.7266101837158203
1.0,0.6607800722122192
1.0,0.7270170450210571
0.0,0.27263739705085754
0.0,0.2927899956703186
0.0,0.2953411042690277
0.0,0.5896331071853638
1.0,0.2818705141544342
1.0,0.6868183612823486
0.0,0.276917427778244
1.0,0.6729163527488708
0.0,0.28943052887916565
1.0,0.38611531257629395
0.0,0.2790379226207733
0.0,0.2775218188762665
0.0,0.28041794896125793
1.0,0.7303082346916199
1.0,0.7002766728401184
0.0,0.7018435597419739
0.0,0.2815784513950348
0.0,0.3758050799369812
1.0,0.7022756338119507
0.0,0.5672870874404907
1.0,0.32299163937568665
1.0,0.6414908170700073
0.0,0.6943594217300415
0.0,0.6824786067008972
1.0,0.7055637240409851
0.0,0.2717210650444031
0.0,0.3831367790699005
1.0,0.6958767771720886
1.0,0.7127764821052551
0.0,0.3414883613586426
0.0,0.3940969705581665
1.0,0.2808467149734497
1.0,0.7224209308624268
1.0,0.34344419836997986
1.0,0.7172739505767822
1.0,0.7173828482627869
0.0,0.32772403955459595
0.0,0.27969035506248474
0.0,0.28778597712516785
1.0,0.709186315536499
1.0,0.7107131481170654
1.0,0.5420106649398804
0.0,0.3939841389656067
1.0,0.29739972949028015
1.0,0.5861479043960571
0.0,0.27333301305770874
1.0,0.7089811563491821
0.0,0.2877202033996582
1.0,0.7295673489570618
0.0,0.6881527304649353
0.0,0.3564712405204773
1.0,0.7299926280975342
1.0,0.3385140895843506
1.0,0.4959922730922699
0.0,0.31245148181915283
1.0,0.730057418346405
1.0,0.7194093465805054
1.0,0.7151423692703247
0.0,0.28200045228004456
0.0,0.2821536362171173
1.0,0.7068935632705688
0.0,0.2731282114982605
1.0,0.7152937650680542
1.0,0.41235917806625366
1.0,0.7103986740112305
1.0,0.7296658754348755
1.0,0.6979150772094727
0.0,0.6283360719680786
0.0,0.4961470365524292
0.0,0.7206907272338867
0.0,0.7162911891937256
1.0,0.3151959776878357
1.0,0.7277640700340271
1.0,0.7293711304664612
0.0,0.3078012466430664
0.0,0.3303198516368866
0.0,0.2790808081626892
1.0,0.4596860110759735
1.0,0.7027908563613892
0.0,0.4783879816532135
0.0,0.4876807928085327
1.0,0.5898654460906982
0.0,0.6419283747673035
0.0,0.27865293622016907
1.0,0.7192858457565308
1.0,0.6882668137550354
1.0,0.7247247695922852
0.0,0.2799050509929657
0.0,0.2801201045513153
0.0,0.592485249042511
0.0,0.6455663442611694
0.0,0.27379894256591797
1.0,0.7303031086921692
1.0,0.3216845393180847
0.0,0.3012002408504486
0.0,0.2929442226886749
0.0,0.2702779173851013
1.0,0.28863492608070374
0.0,0.2906542718410492
0.0,0.27019158005714417
1.0,0.7303687334060669
1.0,0.7280751466751099
1.0,0.7223096489906311
0.0,0.3712049424648285
0.0,0.3023427426815033
1.0,0.7302443981170654
0.0,0.3449433445930481
1.0,0.5584374070167542
0.0,0.5883455872535706
1.0,0.5487978458404541
1.0,0.2761293053627014
1.0,0.7273966073989868
0.0,0.26941627264022827
0.0,0.47167447209358215
0.0,0.31097593903541565
0.0,0.3560900390148163
0.0,0.7300068736076355
1.0,0.4440263509750366
1.0,0.7269269824028015
1.0,0.7297691702842712
0.0,0.6474114060401917
1.0,0.725520133972168
0.0,0.274086058139801
1.0,0.44580361247062683
1.0,0.5486227869987488
1.0,0.44773802161216736
1.0,0.7293944358825684
0.0,0.4247785210609436
0.0,0.41751542687416077
0.0,0.7301522493362427
1.0,0.6646870374679565
1.0,0.6572694778442383
1.0,0.7242475152015686
0.0,0.32686346769332886
1.0,0.7283432483673096
0.0,0.6231216192245483
0.0,0.2717888057231903
1.0,0.7120180130004883
1.0,0.6991002559661865
0.0,0.27107518911361694
1.0,0.7306843400001526
1.0,0.7207511067390442
0.0,0.30415523052215576
1.0,0.4606453478336334
1.0,0.586398184299469
0.0,0.638191819190979
0.0,0.27263209223747253
1.0,0.7300325036048889
1.0,0.726694643497467
1.0,0.6341512203216553
0.0,0.37485504150390625
0.0,0.3777488172054291
1.0,0.7295658588409424
0.0,0.27728044986724854
1.0,0.2972865700721741
1.0,0.7211207151412964
0.0,0.27221545577049255
0.0,0.277758926153183
0.0,0.2849549949169159
1.0,0.7302778959274292
1.0,0.7225236892700195
1.0,0.5133536458015442
0.0,0.3992448151111603
0.0,0.2719646692276001
1.0,0.662853479385376
1.0,0.2904033958911896
0.0,0.27141374349594116
1.0,0.7301563024520874
0.0,0.2872086465358734
1.0,0.6582452058792114
0.0,0.2797641158103943
0.0,0.33568358421325684
1.0,0.7124605178833008
0.0,0.359054297208786
1.0,0.7236313819885254
1.0,0.7295160889625549
1.0,0.694722592830658
0.0,0.34387657046318054
0.0,0.28369563817977905
0.0,0.3151453137397766
0.0,0.26960670948028564
0.0,0.28691694140434265
0.0,0.2712855637073517
1.0,0.2753528952598572
0.0,0.6543583273887634
0.0,0.4545826315879822
1.0,0.7077094912528992
1.0,0.720012366771698
0.0,0.3115968406200409
1.0,0.7295466661453247
0.0,0.2702425718307495
1.0,0.3491353392601013
0.0,0.2700653076171875
0.0,0.2762826681137085
0.0,0.7105550765991211
1.0,0.7306023240089417
1.0,0.7150154113769531
1.0,0.7224456667900085
1.0,0.7292348742485046
0.0,0.3015700876712799
0.0,0.2701495289802551
1.0,0.28339484333992004
0.0,0.6929882764816284
1.0,0.5173131823539734
1.0,0.7271032333374023
1.0,0.7277905344963074
0.0,0.7223075032234192
1.0,0.7282892465591431
0.0,0.2714841663837433
0.0,0.276191771030426
1.0,0.7160701155662537
1.0,0.6872158646583557
0.0,0.5440508127212524
1.0,0.7280185222625732
1.0,0.7106757760047913
1.0,0.6999358534812927
0.0,0.3057277500629425
0.0,0.7242167592048645
0.0,0.28466203808784485
0.0,0.3448614776134491
0.0,0.2772252857685089
0.0,0.28485241532325745
0.0,0.4538611173629761
1.0,0.7255929708480835
0.0,0.2933577001094818
1.0,0.7276542782783508
0.0,0.28080451488494873
1.0,0.6542219519615173
0.0,0.3255159258842468
0.0,0.37450894713401794
1.0,0.6093019843101501
0.0,0.31404557824134827
0.0,0.6023002862930298
0.0,0.4006732702255249
1.0,0.29301849007606506
0.0,0.3254900276660919
1.0,0.7285394072532654
1.0,0.5350727438926697
1.0,0.7275915145874023
1.0,0.6984981298446655
1.0,0.7185489535331726
1.0,0.7296632528305054
1.0,0.6583635807037354
0.0,0.2825329601764679
1.0,0.7113913893699646
0.0,0.6282475590705872
0.0,0.2897038459777832
0.0,0.49028581380844116
0.0,0.2697618007659912
1.0,0.7276093363761902
1.0,0.7290223836898804
1.0,0.7181943655014038
1.0,0.5674344301223755
0.0,0.3616131544113159
1.0,0.7277952432632446
1.0,0.7237370014190674
1.0,0.7259001135826111
0.0,0.26952987909317017
1.0,0.7308117747306824
1.0,0.7304263710975647
0.0,0.4481663703918457
1.0,0.7115672826766968
1.0,0.650679349899292
0.0,0.38392964005470276
1.0,0.7301822900772095
1.0,0.712445855140686
0.0,0.2718799114227295
1.0,0.727095365524292
1.0,0.7208390831947327
1.0,0.7122562527656555
1.0,0.7187585830688477
0.0,0.28217577934265137
0.0,0.2900368571281433
1.0,0.6920876502990723
0.0,0.2795146703720093
1.0,0.7292467951774597
0.0,0.28088533878326416
1.0,0.7193436622619629
0.0,0.2945862412452698
1.0,0.7295282483100891
1.0,0.5764762759208679
0.0,0.500767707824707
0.0,0.6047492027282715
0.0,0.27656394243240356
0.0,0.2845173180103302
0.0,0.30131587386131287
1.0,0.7302249670028687
0.0,0.3153309226036072
0.0,0.35096827149391174
1.0,0.7024434804916382
1.0,0.7128923535346985
0.0,0.29645541310310364
0.0,0.3808937966823578
0.0,0.5150473713874817
0.0,0.2845839262008667
0.0,0.6528434157371521
0.0,0.6329647898674011
1.0,0.7293992638587952
1.0,0.7161706686019897
0.0,0.3348105847835541
1.0,0.6623077392578125
1.0,0.6625802516937256
1.0,0.6795482039451599
1.0,0.7101707458496094
0.0,0.45903682708740234
0.0,0.3110393285751343
0.0,0.3520031273365021
1.0,0.7223924398422241
0.0,0.3571789562702179
0.0,0.3264799416065216
1.0,0.7290559411048889
0.0,0.5119289755821228
1.0,0.6400338411331177
1.0,0.730317234992981
1.0,0.7297002077102661
0.0,0.26983192563056946
1.0,0.723196268081665
0.0,0.275647908449173
0.0,0.27234938740730286
0.0,0.27515873312950134
1.0,0.7268778681755066
0.0,0.27246221899986267
0.0,0.3572900593280792
1.0,0.7210155725479126
0.0,0.3469347059726715
0.0,0.27062729001045227
0.0,0.6343455910682678
1.0,0.6598027348518372
1.0,0.7298520803451538
0.0,0.2703537344932556
1.0,0.7210937142372131
1.0,0.6301871538162231
1.0,0.7109777927398682
0.0,0.3306799530982971
1.0,0.554959237575531
0.0,0.2839246690273285
0.0,0.3891085386276245
0.0,0.28507304191589355
0.0,0.7011160850524902
0.0,0.33301839232444763
0.0,0.32192733883857727
0.0,0.29332637786865234
0.0,0.48884931206703186
0.0,0.28435325622558594
1.0,0.5640668272972107
0.0,0.4015890955924988
0.0,0.302202433347702
0.0,0.45867806673049927
1.0,0.7172056436538696
1.0,0.7183674573898315
1.0,0.7226906418800354
1.0,0.5997292399406433
0.0,0.42183417081832886
1.0,0.38045239448547363
1.0,0.691681444644928
0.0,0.689109206199646
0.0,0.7242863178253174
0.0,0.27217790484428406
0.0,0.27021047472953796
1.0,0.4334748089313507
0.0,0.6145757436752319
1.0,0.469667911529541
0.0,0.44023197889328003
1.0,0.2802010774612427
0.0,0.27405375242233276
1.0,0.6161815524101257
1.0,0.723565399646759
1.0,0.3420425355434418
0.0,0.6976189017295837
1.0,0.3384651243686676
0.0,0.6065909266471863
1.0,0.7231088876724243
0.0,0.28822341561317444
1.0,0.7288858890533447
0.0,0.2823089361190796
0.0,0.27054262161254883
1.0,0.7199530601501465
0.0,0.2720717489719391
1.0,0.7287588715553284
1.0,0.7285336852073669
0.0,0.30270376801490784
0.0,0.6759247183799744
0.0,0.55882328748703
0.0,0.5115865468978882
0.0,0.30770358443260193
0.0,0.27702611684799194
0.0,0.28879624605178833
0.0,0.2808592915534973
0.0,0.7192314863204956
1.0,0.28015807271003723
1.0,0.6788274645805359
0.0,0.3138316571712494
1.0,0.7079105973243713
1.0,0.7267757654190063
1.0,0.7305231094360352
1.0,0.7151735424995422
1.0,0.7276374101638794
0.0,0.26965272426605225
0.0,0.2710533142089844
0.0,0.3424186706542969
0.0,0.28593119978904724
0.0,0.29964590072631836
0.0,0.5409335494041443
0.0,0.29320916533470154
0.0,0.2765606939792633
0.0,0.5458751320838928
1.0,0.7270405292510986
1.0,0.7031509876251221
0.0,0.4224424958229065
0.0,0.6584393978118896
0.0,0.28488481044769287
1.0,0.7032716870307922
1.0,0.723380446434021
1.0,0.7296643257141113
0.0,0.28433969616889954
0.0,0.270476758480072
1.0,0.27023401856422424
1.0,0.28776881098747253
1.0,0.7136402726173401
1.0,0.6588093638420105
0.0,0.7095781564712524
0.0,0.2784927189350128
0.0,0.4748929440975189
1.0,0.6295756697654724
1.0,0.728804349899292
0.0,0.2759028673171997
1.0,0.6821122169494629
1.0,0.7286686301231384
1.0,0.2807871699333191
0.0,0.37884071469306946
1.0,0.7222888469696045
1.0,0.7276303768157959
1.0,0.6158028244972229
1.0,0.6934510469436646
1.0,0.7292339205741882
0.0,0.27199292182922363
1.0,0.5827814340591431
1.0,0.7277458310127258
0.0,0.44657814502716064
1.0,0.6271239519119263
1.0,0.7230533361434937
1.0,0.6989529132843018
1.0,0.7053048014640808
1.0,0.7242480516433716
0.0,0.42412084341049194
0.0,0.27791261672973633
0.0,0.27489331364631653
0.0,0.7006455659866333
1.0,0.3059692680835724
0.0,0.29167330265045166
1.0,0.6519103646278381
1.0,0.7229111790657043
0.0,0.2708962857723236
0.0,0.7248936295509338
0.0,0.6665883660316467
0.0,0.28624090552330017
1.0,0.7301927804946899
0.0,0.3182111978530884
0.0,0.2901526093482971
0.0,0.6027299761772156
1.0,0.7254875302314758
0.0,0.27977535128593445
0.0,0.2919453978538513
1.0,0.707452654838562
1.0,0.7136872410774231
0.0,0.7053714990615845
1.0,0.7297781109809875
0.0,0.2734782099723816
1.0,0.6109539866447449
0.0,0.7214414477348328
0.0,0.31124982237815857
0.0,0.28537142276763916
0.0,0.7275040149688721
1.0,0.687099039554596
0.0,0.6759780645370483
1.0,0.7074971199035645
0.0,0.2834891378879547
0.0,0.27571481466293335
1.0,0.7186164259910583
1.0,0.6594831943511963
0.0,0.7121403813362122
1.0,0.6271369457244873
1.0,0.2771627604961395
0.0,0.2743368446826935
1.0,0.590647280216217
1.0,0.7304165959358215
1.0,0.33277010917663574
0.0,0.7227727770805359
1.0,0.7293432354927063
0.0,0.2815942168235779
0.0,0.3579580783843994
1.0,0.5821605920791626
0.0,0.27849477529525757
0.0,0.6409172415733337
1.0,0.7293816804885864
0.0,0.29290851950645447
1.0,0.538581371307373
0.0,0.3390374779701233
1.0,0.7285361289978027
0.0,0.29388073086738586
0.0,0.27467215061187744
1.0,0.6662638187408447
0.0,0.38788968324661255
1.0,0.7075207233428955
1.0,0.7282584309577942
0.0,0.2718949615955353
1.0,0.7161815166473389
1.0,0.6525527238845825
1.0,0.7189605236053467
0.0,0.2692607343196869
1.0,0.5652223825454712
1.0,0.5766648054122925
1.0,0.7089989185333252
1.0,0.7288831472396851
1.0,0.7301202416419983
0.0,0.5904038548469543
1.0,0.32844308018684387
1.0,0.7278111577033997
0.0,0.40538039803504944
1.0,0.40193885564804077
1.0,0.7180253863334656
1.0,0.6896002888679504
0.0,0.2847965657711029
1.0,0.4209551513195038
1.0,0.6188634634017944
0.0,0.32924628257751465
0.0,0.2759075462818146
0.0,0.2736136019229889
0.0,0.2856259047985077
0.0,0.2709079384803772
0.0,0.28160709142684937
1.0,0.7278939485549927
0.0,0.35081446170806885
0.0,0.31329748034477234
0.0,0.27933719754219055
0.0,0.5295313596725464
1.0,0.40452033281326294
0.0,0.28141704201698303
1.0,0.515695333480835
0.0,0.2747631371021271
1.0,0.6960306763648987
0.0,0.29898229241371155
1.0,0.7291092872619629
0.0,0.6797823309898376
0.0,0.30048125982284546
1.0,0.7308217287063599
1.0,0.7268283367156982
1.0,0.45523306727409363
1.0,0.5870161056518555
0.0,0.3074442446231842
0.0,0.2714105546474457
1.0,0.7234096527099609
1.0,0.38880982995033264
0.0,0.27563923597335815
0.0,0.6858612298965454
1.0,0.5496849417686462
1.0,0.30693963170051575
0.0,0.2765195965766907
1.0,0.6977849006652832
1.0,0.2825358211994171
0.0,0.28888756036758423
1.0,0.7291138172149658
1.0,0.7086127996444702
1.0,0.48172610998153687
0.0,0.3934953510761261
1.0,0.5238178372383118
0.0,0.2769147753715515
0.0,0.39512118697166443
0.0,0.38524144887924194
0.0,0.44244566559791565
1.0,0.7018001079559326
1.0,0.2764122188091278
1.0,0.6944504976272583
0.0,0.30667006969451904
0.0,0.27244213223457336
0.0,0.5831484794616699
0.0,0.28139081597328186
0.0,0.45877936482429504
1.0,0.6173681020736694
0.0,0.3264428973197937
1.0,0.7301011085510254
1.0,0.7173678278923035
1.0,0.3048430383205414
1.0,0.27228352427482605
0.0,0.7112796306610107
1.0,0.7279191017150879
1.0,0.7297531366348267
0.0,0.3866882026195526
0.0,0.5593557357788086
1.0,0.6813531517982483
0.0,0.27408480644226074
1.0,0.5510739684104919
0.0,0.2851513922214508
0.0,0.2711895704269409
0.0,0.28540074825286865
1.0,0.7063308954238892
0.0,0.26995936036109924
0.0,0.7070728540420532
0.0,0.3702821731567383
1.0,0.7303749918937683
0.0,0.37253880500793457
1.0,0.657084584236145
0.0,0.3087843954563141
0.0,0.34054985642433167
1.0,0.7242377400398254
1.0,0.5937461256980896
0.0,0.29815852642059326
0.0,0.39385950565338135
0.0,0.288237601518631
1.0,0.7250764966011047
1.0,0.7273831963539124
0.0,0.2892376482486725
1.0,0.28473395109176636
0.0,0.3360973000526428
0.0,0.2856093943119049
0.0,0.3008129894733429
0.0,0.29043519496917725
0.0,0.2770819664001465
1.0,0.6852519512176514
1.0,0.6165152788162231
0.0,0.3984842598438263
1.0,0.7154312133789062
1.0,0.6715079545974731
0.0,0.27872174978256226
0.0,0.6269080638885498
1.0,0.7141956686973572
0.0,0.41175973415374756
0.0,0.3350681662559509
0.0,0.28742215037345886
1.0,0.6000697016716003
0.0,0.35123613476753235
1.0,0.3501822054386139
0.0,0.2732173502445221
0.0,0.588729977607727
1.0,0.5224576592445374
0.0,0.7239635586738586
0.0,0.4211392104625702
1.0,0.7255046367645264
1.0,0.7307056188583374
0.0,0.2877753674983978
1.0,0.7208156585693359
1.0,0.3522740602493286
0.0,0.2786169946193695
1.0,0.7295016646385193
1.0,0.7297006249427795
1.0,0.7231894135475159
1.0,0.711652934551239
1.0,0.6717658042907715
1.0,0.6123283505439758
0.0,0.2826502025127411
1.0,0.7305956482887268
1.0,0.7030144929885864
1.0,0.7291792631149292
0.0,0.3348807096481323
1.0,0.7274996638298035
0.0,0.7111942172050476
1.0,0.7291831970214844
0.0,0.37049898505210876
0.0,0.2771044969558716
0.0,0.643269956111908
0.0,0.6350125074386597
1.0,0.7295815944671631
1.0,0.728448212146759
0.0,0.44028714299201965
0.0,0.28960251808166504
0.0,0.2776395082473755
1.0,0.7300439476966858
0.0,0.3501374423503876
1.0,0.7026759386062622
1.0,0.7000159621238708
0.0,0.28211554884910583
0.0,0.5479539036750793
0.0,0.4707420766353607
0.0,0.2701605260372162
0.0,0.6825509667396545
1.0,0.7103583216667175
0.0,0.2824572026729584
1.0,0.2882087528705597
0.0,0.2792071998119354
1.0,0.7297697067260742
1.0,0.7125529646873474
0.0,0.2709154188632965
0.0,0.2917976677417755
1.0,0.27627497911453247
1.0,0.7236193418502808
1.0,0.6243555545806885
0.0,0.6480038166046143
1.0,0.5864285826683044
0.0,0.3079317510128021
1.0,0.6995232701301575
0.0,0.40835484862327576
0.0,0.2720963656902313
0.0,0.27250513434410095
0.0,0.2736651599407196
0.0,0.34930700063705444
1.0,0.6814184188842773
1.0,0.6845877766609192
0.0,0.417470782995224
1.0,0.7302402257919312
0.0,0.2768342196941376
0.0,0.6056009531021118
0.0,0.2698949873447418
1.0,0.6239203214645386
1.0,0.7007282376289368
1.0,0.3072783350944519
1.0,0.4089488685131073
1.0,0.7304062843322754
1.0,0.6163874864578247
1.0,0.7268220782279968
0.0,0.3418567180633545
1.0,0.5771623253822327
1.0,0.7299805879592896
0.0,0.283614844083786
0.0,0.5742907524108887
0.0,0.2847995460033417
0.0,0.7175722122192383
1.0,0.30194002389907837
0.0,0.32534289360046387
0.0,0.2751266360282898
0.0,0.41021549701690674
1.0,0.7292929887771606
1.0,0.7291404604911804
1.0,0.7298738360404968
1.0,0.7287935018539429
1.0,0.730650782585144
0.0,0.30154234170913696
0.0,0.5405604243278503
0.0,0.6256888508796692
1.0,0.7300232648849487
1.0,0.7256454229354858
0.0,0.29047173261642456
0.0,0.5047405362129211
0.0,0.32636842131614685
1.0,0.7256352305412292
1.0,0.698951244354248
1.0,0.7001993656158447
1.0,0.654312252998352
1.0,0.28667163848876953
0.0,0.2898207902908325
0.0,0.300775945186615
0.0,0.33146509528160095
0.0,0.6594308614730835
0.0,0.2788733243942261
1.0,0.7256246209144592
1.0,0.4450807571411133
0.0,0.3041614890098572
0.0,0.6563727259635925
1.0,0.730543315410614
1.0,0.27331072092056274
1.0,0.7206811904907227
1.0,0.6031714677810669
1.0,0.730441153049469
0.0,0.30836397409439087
1.0,0.7272666692733765
0.0,0.3734767735004425
0.0,0.3173457980155945
1.0,0.7248465418815613
0.0,0.47084376215934753
0.0,0.278613418340683
1.0,0.7289159297943115
0.0,0.33580657839775085
0.0,0.3327937424182892
0.0,0.2982300817966461
0.0,0.3197259306907654
1.0,0.7016333937644958
0.0,0.27138298749923706
1.0,0.722206711769104
0.0,0.27010953426361084
0.0,0.6999717354774475
1.0,0.6559732556343079
0.0,0.31051507592201233
0.0,0.30615395307540894
1.0,0.6724079251289368
1.0,0.6742677092552185
0.0,0.28651294112205505
1.0,0.7160938382148743
1.0,0.28229355812072754
1.0,0.7231276631355286
0.0,0.30341827869415283
1.0,0.3146628439426422
1.0,0.687146782875061
0.0,0.32638663053512573
0.0,0.3922824561595917
0.0,0.27389276027679443
1.0,0.6571823358535767
0.0,0.3044261932373047
1.0,0.31787094473838806
1.0,0.6973193287849426
1.0,0.2767672836780548
1.0,0.7021909952163696
1.0,0.7234386801719666
1.0,0.7266258597373962
0.0,0.28951653838157654
0.0,0.2809799909591675
1.0,0.7286539673805237
1.0,0.7269667983055115
0.0,0.3236280381679535
0.0,0.40355122089385986
1.0,0.7290055751800537
1.0,0.7251341938972473
1.0,0.7189304828643799
0.0,0.2763713598251343
1.0,0.2766529619693756
0.0,0.31492361426353455
0.0,0.2843324542045593
1.0,0.7306351661682129
1.0,0.6721511483192444
1.0,0.7305006980895996
1.0,0.7292519211769104
0.0,0.6176295280456543
1.0,0.7241489291191101
1.0,0.3976266384124756
1.0,0.7208088040351868
1.0,0.6730481386184692
1.0,0.6983795762062073
0.0,0.31103017926216125
0.0,0.27785730361938477
0.0,0.2752057611942291
1.0,0.3768478035926819
0.0,0.4837762713432312
0.0,0.5838439464569092
1.0,0.3420603275299072
1.0,0.7301144599914551
1.0,0.2855173349380493
0.0,0.49337711930274963
1.0,0.7283364534378052
1.0,0.6840327978134155
1.0,0.7201715111732483
1.0,0.6012055277824402
1.0,0.72782301902771
0.0,0.27482348680496216
0.0,0.6157929301261902
0.0,0.33209556341171265
0.0,0.3687410354614258
0.0,0.28066861629486084
0.0,0.6976834535598755
0.0,0.4612058699131012
0.0,0.27172571420669556
1.0,0.6923071146011353
0.0,0.36886394023895264
0.0,0.2776821255683899
1.0,0.6521557569503784
0.0,0.3571479916572571
1.0,0.7295366525650024
0.0,0.5297883152961731
0.0,0.2700103521347046
0.0,0.6994686126708984
0.0,0.32454714179039
0.0,0.33474087715148926
1.0,0.7305660843849182
0.0,0.2956341505050659
1.0,0.5972067713737488
0.0,0.3251270055770874
1.0,0.6948378086090088
0.0,0.376930832862854
1.0,0.7274438142776489
0.0,0.6352643966674805
0.0,0.28617435693740845
1.0,0.7287967205047607
0.0,0.2727647125720978
1.0,0.6904848217964172
1.0,0.5480421185493469
1.0,0.6145837306976318
1.0,0.7070019245147705
0.0,0.28092581033706665
0.0,0.27717360854148865
1.0,0.7244638800621033
0.0,0.2731945216655731
1.0,0.5692007541656494
1.0,0.7258815765380859
0.0,0.33282846212387085
1.0,0.7091994285583496
1.0,0.7305267453193665
1.0,0.7153186798095703
1.0,0.7250814437866211
1.0,0.7295611500740051
0.0,0.2846793234348297
1.0,0.6811288595199585
0.0,0.2779069244861603
1.0,0.7245415449142456
0.0,0.27538350224494934
1.0,0.6742826104164124
1.0,0.7203218340873718
0.0,0.4711545407772064
1.0,0.7305758595466614
1.0,0.6889307498931885
1.0,0.5411282777786255
0.0,0.3739457130432129
0.0,0.6296787261962891
0.0,0.275096595287323
1.0,0.27307960391044617
0.0,0.2798067033290863
1.0,0.7204607129096985
0.0,0.2719022333621979
0.0,0.275278240442276
1.0,0.2870822548866272
0.0,0.2862406075000763
1.0,0.7241290211677551
1.0,0.725952684879303
0.0,0.6618289351463318
0.0,0.3196706771850586
1.0,0.624839723110199
1.0,0.30996397137641907
0.0,0.27574390172958374
0.0,0.2888707220554352
1.0,0.6142473816871643
1.0,0.7294955849647522
0.0,0.278403103351593
0.0,0.3210514783859253
0.0,0.27112069725990295
0.0,0.6005334854125977
0.0,0.31680092215538025
1.0,0.6074619889259338
0.0,0.713429868221283
0.0,0.2800678312778473
0.0,0.3822442889213562
0.0,0.27421993017196655
1.0,0.2728641927242279
0.0,0.28602540493011475
1.0,0.7246852517127991
1.0,0.2701317071914673
0.0,0.2879333198070526
1.0,0.7198171615600586
0.0,0.7121537327766418
1.0,0.7260989546775818
1.0,0.7301473617553711
0.0,0.3996714949607849
1.0,0.27938970923423767
0.0,0.3275485038757324
0.0,0.6923929452896118
1.0,0.726571261882782
0.0,0.6559680104255676
1.0,0.5460002422332764
0.0,0.27735552191734314
1.0,0.6867412328720093
1.0,0.2709103226661682
1.0,0.6840608716011047
1.0,0.7297259569168091
0.0,0.2736817002296448
1.0,0.7066398859024048
1.0,0.4729251265525818
0.0,0.3509722650051117
0.0,0.3113313913345337
1.0,0.7303202748298645
0.0,0.3129778802394867
1.0,0.7137543559074402
1.0,0.7173895835876465
0.0,0.35233941674232483
1.0,0.7164899706840515
0.0,0.27837780117988586
1.0,0.7135007381439209
1.0,0.7154943943023682
1.0,0.7070410847663879
0.0,0.7031697630882263
0.0,0.30541032552719116
1.0,0.6970889568328857
1.0,0.4920598566532135
0.0,0.2740062475204468
1.0,0.7276288866996765
0.0,0.4178949296474457
0.0,0.6720796823501587
1.0,0.7302889227867126
0.0,0.2763029634952545
0.0,0.3826324939727783
1.0,0.7193208336830139
0.0,0.2788190543651581
1.0,0.6805087327957153
1.0,0.5190597176551819
0.0,0.2768552899360657
0.0,0.3382282853126526
1.0,0.37009820342063904
1.0,0.40193280577659607
0.0,0.2711217999458313
0.0,0.2741589844226837
1.0,0.7292676568031311
0.0,0.27051958441734314
1.0,0.705091118812561
1.0,0.5875895619392395
0.0,0.2813020348548889
1.0,0.7207879424095154
0.0,0.4863426387310028
1.0,0.6403371691703796
0.0,0.3199630081653595
1.0,0.7221835255622864
1.0,0.46435898542404175
1.0,0.2811306416988373
0.0,0.28367507457733154
0.0,0.411211222410202
0.0,0.40528327226638794
1.0,0.3658495545387268
0.0,0.2782062590122223
1.0,0.6854191422462463
1.0,0.6871878504753113
1.0,0.7296569347381592
0.0,0.7207247614860535
0.0,0.3440065085887909
0.0,0.2904060184955597
0.0,0.32018980383872986
0.0,0.6520708203315735
1.0,0.6915624141693115
1.0,0.7143468856811523
1.0,0.7287200093269348
1.0,0.38489994406700134
0.0,0.3111342191696167
1.0,0.3976433575153351
0.0,0.7176514863967896
0.0,0.2895519435405731
0.0,0.5217225551605225
0.0,0.2748827636241913
1.0,0.7181477546691895
1.0,0.7263035178184509
0.0,0.7035855054855347
0.0,0.6342667937278748
0.0,0.6243710517883301
0.0,0.27049338817596436
0.0,0.2896617650985718
1.0,0.4592234790325165
1.0,0.6210219264030457
0.0,0.3249609172344208
0.0,0.37772509455680847
0.0,0.34648406505584717
1.0,0.7299939393997192
0.0,0.717522919178009
1.0,0.7295427918434143
1.0,0.7303547859191895
0.0,0.26952770352363586
1.0,0.693771243095398
1.0,0.5858805775642395
1.0,0.5941635966300964
1.0,0.2734254002571106
0.0,0.6700273156166077
1.0,0.7295074462890625
0.0,0.2882172763347626
0.0,0.32443520426750183
0.0,0.2753234803676605
1.0,0.2757435739040375
1.0,0.7261526584625244
1.0,0.44935500621795654
0.0,0.2718663215637207
0.0,0.33480334281921387
0.0,0.5617323517799377
1.0,0.34482577443122864
1.0,0.7294294834136963
1.0,0.6736955642700195
1.0,0.7196917533874512
0.0,0.28018975257873535
0.0,0.6455976963043213
1.0,0.720718502998352
1.0,0.6937390565872192
0.0,0.5409213900566101
0.0,0.654556155204773
0.0,0.27366533875465393
0.0,0.5764068365097046
1.0,0.7040507793426514
0.0,0.7293494343757629
1.0,0.7003156542778015
1.0,0.7189661860466003
0.0,0.3187843859195709
1.0,0.6697226166725159
0.0,0.7051924467086792
1.0,0.5506107807159424
0.0,0.4591996669769287
1.0,0.3168557584285736
1.0,0.5961480140686035
1.0,0.30543652176856995
0.0,0.5664853453636169
1.0,0.7050645351409912
1.0,0.7230628728866577
0.0,0.601677417755127
0.0,0.2952991724014282
1.0,0.7188876867294312
1.0,0.7296856045722961
1.0,0.6735395789146423
0.0,0.46939316391944885
1.0,0.6292624473571777
1.0,0.7306391000747681
1.0,0.7181804180145264
0.0,0.605793833732605
1.0,0.39215222001075745
0.0,0.7066231966018677
1.0,0.615285336971283
1.0,0.2814362347126007
0.0,0.2724541127681732
0.0,0.28295251727104187
1.0,0.6700568795204163
1.0,0.35855817794799805
0.0,0.43343618512153625
1.0,0.7247118353843689
1.0,0.7297461032867432
0.0,0.46125710010528564
1.0,0.703058660030365
1.0,0.7110713720321655
1.0,0.7093454599380493
1.0,0.6781488656997681
1.0,0.3572090268135071
0.0,0.561352014541626
0.0,0.28239625692367554
1.0,0.7298973202705383
0.0,0.36668869853019714
1.0,0.6246058940887451
0.0,0.2957606911659241
1.0,0.7296009063720703
0.0,0.449806272983551
1.0,0.6966375708580017
1.0,0.7293100357055664
1.0,0.7306823134422302
0.0,0.28201916813850403
0.0,0.43838250637054443
0.0,0.5589152574539185
1.0,0.6078191995620728
0.0,0.27387335896492004
1.0,0.30046191811561584
0.0,0.27205678820610046
0.0,0.7184637784957886
0.0,0.27604803442955017
1.0,0.3306504786014557
0.0,0.35141319036483765
0.0,0.2807382345199585
1.0,0.30608904361724854
0.0,0.28490373492240906
0.0,0.29236605763435364
1.0,0.7260043621063232
0.0,0.284169465303421
0.0,0.3439653515815735
1.0,0.7284538745880127
0.0,0.27159392833709717
1.0,0.6912908554077148
0.0,0.705535888671875
1.0,0.5831438899040222
1.0,0.7204544544219971
1.0,0.722999095916748
0.0,0.3178918957710266
0.0,0.4017057418823242
1.0,0.28795742988586426
0.0,0.26956725120544434
1.0,0.4272066354751587
1.0,0.7243767976760864
1.0,0.7297185063362122
0.0,0.2941485345363617
1.0,0.44206222891807556
0.0,0.27827468514442444
0.0,0.296455442905426
0.0,0.2954503893852234
0.0,0.2919960618019104
0.0,0.34269610047340393
0.0,0.5120205283164978
0.0,0.2696184515953064
0.0,0.3995954394340515
1.0,0.70747971534729
0.0,0.2928721308708191
1.0,0.7288270592689514
1.0,0.48963111639022827
1.0,0.7190114259719849
0.0,0.29732874035835266
1.0,0.729450523853302
0.0,0.2779538333415985
1.0,0.7275723218917847
1.0,0.5517687797546387
1.0,0.7296956181526184
0.0,0.2759741544723511
1.0,0.30092859268188477
1.0,0.6760101318359375
1.0,0.7043489217758179
0.0,0.27185705304145813
1.0,0.7210489511489868
1.0,0.4604635536670685
0.0,0.2700579762458801
0.0,0.3379914462566376
0.0,0.721269428730011
1.0,0.7257938981056213
1.0,0.730663537979126
1.0,0.7073083519935608
0.0,0.29088881611824036
1.0,0.6524401903152466
0.0,0.6061922311782837
1.0,0.4555985927581787
1.0,0.7303474545478821
0.0,0.7086918354034424
1.0,0.705590009689331
1.0,0.7302404046058655
1.0,0.2942845821380615
0.0,0.3204512298107147
1.0,0.7156488299369812
1.0,0.3784438967704773
0.0,0.3836643695831299
0.0,0.27190491557121277
1.0,0.5243394374847412
1.0,0.7047187089920044
0.0,0.2701089084148407
1.0,0.6726638674736023
0.0,0.6865178942680359
1.0,0.7293168306350708
0.0,0.29119640588760376
0.0,0.40006935596466064
1.0,0.7226961851119995
1.0,0.7153881192207336
0.0,0.285617470741272
1.0,0.5541916489601135
1.0,0.7257965803146362
0.0,0.27734842896461487
1.0,0.30290743708610535
1.0,0.2792317867279053
1.0,0.7149885892868042
1.0,0.7300480008125305
1.0,0.4550272226333618
1.0,0.7100915312767029
0.0,0.32371532917022705
1.0,0.704960286617279
0.0,0.3018161356449127
0.0,0.5796055793762207
0.0,0.2699912488460541
1.0,0.7224807739257812
0.0,0.3126426041126251
1.0,0.5895761251449585
1.0,0.2704482972621918
1.0,0.6489314436912537
0.0,0.6597798466682434
0.0,0.2748936116695404
1.0,0.6908554434776306
0.0,0.3663378655910492
0.0,0.6992524266242981
0.0,0.4900491237640381
0.0,0.2889297902584076
1.0,0.7216467261314392
0.0,0.3064567446708679
0.0,0.3069891333580017
1.0,0.7227535843849182
1.0,0.726064145565033
0.0,0.49569857120513916
0.0,0.27643367648124695
1.0,0.7295704483985901
1.0,0.5508204102516174
1.0,0.7061154842376709
1.0,0.3130272328853607
1.0,0.6253446936607361
0.0,0.6915140151977539
1.0,0.27456313371658325
0.0,0.271488755941391
0.0,0.38020795583724976
1.0,0.7200878858566284
0.0,0.286070853471756
1.0,0.6984505653381348
0.0,0.44356128573417664
0.0,0.6542792916297913
0.0,0.277627557516098
1.0,0.6971599459648132
1.0,0.6952709555625916
1.0,0.2775571644306183
1.0,0.7270432710647583
0.0,0.2723897099494934
1.0,0.32162249088287354
1.0,0.7224697470664978
0.0,0.2735346555709839
1.0,0.7306249737739563
0.0,0.5990323424339294
1.0,0.483996719121933
1.0,0.5357943177223206
0.0,0.7181200981140137
1.0,0.2768387794494629
0.0,0.27054470777511597
1.0,0.32670077681541443
1.0,0.7284665107727051
0.0,0.28466060757637024
1.0,0.5716678500175476
1.0,0.7065669894218445
0.0,0.37069928646087646
1.0,0.6057926416397095
1.0,0.6926173567771912
0.0,0.33562999963760376
1.0,0.7301708459854126
0.0,0.6130535006523132
0.0,0.2763712704181671
0.0,0.2760016918182373
1.0,0.723950982093811
0.0,0.44778966903686523
0.0,0.27247682213783264
0.0,0.6401966214179993
0.0,0.28453725576400757
0.0,0.28046995401382446
0.0,0.271637499332428
1.0,0.7007021307945251
1.0,0.6925045251846313
0.0,0.49805212020874023
1.0,0.700203537940979
1.0,0.7302058935165405
1.0,0.39479219913482666
1.0,0.7184288501739502
1.0,0.6859235763549805
1.0,0.7271374464035034
0.0,0.7082908153533936
1.0,0.6012991666793823
1.0,0.7088276147842407
1.0,0.6764233112335205
1.0,0.729572594165802
1.0,0.4555479884147644
1.0,0.3823685944080353
0.0,0.3160068988800049
1.0,0.5721703767776489
0.0,0.2813854217529297
0.0,0.3722689151763916
0.0,0.32366833090782166
1.0,0.4708985686302185
1.0,0.3403826653957367
1.0,0.6493661403656006
1.0,0.33219119906425476
1.0,0.5787108540534973
1.0,0.7306700348854065
1.0,0.66289222240448
0.0,0.27180016040802
0.0,0.6903971433639526
1.0,0.7294771075248718
0.0,0.27005037665367126
1.0,0.42885124683380127
0.0,0.38972413539886475
1.0,0.7087148427963257
0.0,0.2823043167591095
1.0,0.7299855351448059
0.0,0.3088410496711731
1.0,0.6681361794471741
1.0,0.7255833745002747
1.0,0.7291211485862732
1.0,0.5407556891441345
1.0,0.7303964495658875
0.0,0.563117265701294
0.0,0.6720470786094666
1.0,0.7151327133178711
1.0,0.5965097546577454
0.0,0.2894268333911896
1.0,0.7050013542175293
1.0,0.34349656105041504
1.0,0.7111454010009766
0.0,0.27080675959587097
0.0,0.2764468491077423
1.0,0.7284535765647888
1.0,0.7051584124565125
0.0,0.280905157327652
0.0,0.27492451667785645
0.0,0.28779691457748413
1.0,0.2722914218902588
1.0,0.2805759012699127
1.0,0.7054938673973083
1.0,0.727306604385376
1.0,0.7088190913200378
0.0,0.3039609491825104
0.0,0.6739745736122131
1.0,0.7300361394882202
0.0,0.41372978687286377
0.0,0.661812961101532
0.0,0.2701479196548462
0.0,0.27039748430252075
0.0,0.28209957480430603
0.0,0.31021860241889954
0.0,0.6196287274360657
0.0,0.5522289276123047
0.0,0.49503806233406067
1.0,0.7292042374610901
0.0,0.47111788392066956
0.0,0.3752938210964203
1.0,0.7244444489479065
0.0,0.38149452209472656
0.0,0.312332421541214
0.0,0.549767017364502
0.0,0.5769503116607666
0.0,0.29473617672920227
1.0,0.6291821599006653
0.0,0.5823425054550171
1.0,0.709120512008667
1.0,0.592479944229126
1.0,0.6328867077827454
0.0,0.28396543860435486
0.0,0.2712259590625763
1.0,0.6422666907310486
1.0,0.728757381439209
0.0,0.27450916171073914
1.0,0.4750708341598511
1.0,0.6379647850990295
1.0,0.7129335999488831
0.0,0.46646758913993835
0.0,0.6641799807548523
1.0,0.7303037047386169
0.0,0.704363226890564
1.0,0.2928468585014343
1.0,0.7266049981117249
1.0,0.6806955337524414
1.0,0.43002042174339294
0.0,0.6666989922523499
1.0,0.6258891224861145
0.0,0.33246293663978577
0.0,0.38455629348754883
0.0,0.2696731686592102
0.0,0.2750312387943268
0.0,0.27674347162246704
1.0,0.6634461283683777
1.0,0.6647871732711792
1.0,0.7294426560401917
1.0,0.7296038269996643
0.0,0.39987796545028687
0.0,0.5492000579833984
1.0,0.726329505443573
1.0,0.28417307138442993
0.0,0.28932392597198486
0.0,0.5084612369537354
1.0,0.7261154651641846
0.0,0.45041340589523315
0.0,0.27025604248046875
1.0,0.5566007494926453
0.0,0.2951345443725586
1.0,0.7092384696006775
0.0,0.41978776454925537
1.0,0.5010337233543396
0.0,0.28643664717674255
1.0,0.7287232875823975
1.0,0.719129741191864
1.0,0.7255248427391052
1.0,0.3164074718952179
1.0,0.7279751896858215
0.0,0.702532172203064
0.0,0.27082115411758423
1.0,0.7255675792694092
1.0,0.6617927551269531
1.0,0.7276744842529297
1.0,0.5371266603469849
0.0,0.2850284278392792
0.0,0.37324246764183044
0.0,0.30023595690727234
1.0,0.2972748279571533
1.0,0.7206535339355469
1.0,0.7216060161590576
1.0,0.5553228259086609
0.0,0.2979907691478729
0.0,0.3367752432823181
0.0,0.39990678429603577
1.0,0.47716769576072693
0.0,0.3969024419784546
1.0,0.27525484561920166
1.0,0.7303544878959656
1.0,0.7140318751335144
1.0,0.7152811288833618
0.0,0.29239416122436523
0.0,0.5026388764381409
0.0,0.2714643180370331
0.0,0.2821924388408661
0.0,0.6148810386657715
0.0,0.6301095485687256
0.0,0.6890565752983093
0.0,0.2814144790172577
0.0,0.5081539154052734
1.0,0.7273818254470825
1.0,0.7112728953361511
0.0,0.2741197645664215
1.0,0.7307745814323425
1.0,0.44037386775016785
1.0,0.7187663912773132
1.0,0.27161553502082825
0.0,0.3237164318561554
1.0,0.730014979839325
0.0,0.3814636170864105
0.0,0.28438836336135864
1.0,0.6864668130874634
0.0,0.2888382375240326
0.0,0.33689963817596436
1.0,0.729667067527771
1.0,0.6947946548461914
0.0,0.34025636315345764
1.0,0.49355554580688477
0.0,0.27223411202430725
0.0,0.2731594741344452
0.0,0.29904645681381226
0.0,0.36110198497772217
0.0,0.2812865376472473
0.0,0.36756759881973267
0.0,0.29461151361465454
0.0,0.2833791673183441
0.0,0.2727947533130646
1.0,0.713189423084259
0.0,0.5761143565177917
1.0,0.3319331407546997
0.0,0.2707710564136505
1.0,0.7307985424995422
1.0,0.7249013185501099
1.0,0.7243838906288147
0.0,0.49419742822647095
1.0,0.7300021648406982
1.0,0.28750112652778625
1.0,0.7172673940658569
0.0,0.2749919593334198
1.0,0.7304927706718445
1.0,0.6866567134857178
0.0,0.30192819237709045
1.0,0.7294439673423767
1.0,0.7083593606948853
1.0,0.6819194555282593
1.0,0.5305501222610474
0.0,0.5630730986595154
1.0,0.7208648920059204
1.0,0.48462003469467163
0.0,0.32176676392555237
0.0,0.4764060974121094
1.0,0.3404105007648468
0.0,0.33862361311912537
1.0,0.7266451120376587
1.0,0.5554101467132568
0.0,0.27466893196105957
0.0,0.7045125365257263
0.0,0.30713215470314026
1.0,0.6922385096549988
0.0,0.2797364592552185
0.0,0.27228009700775146
0.0,0.2749697268009186
0.0,0.2735523283481598
1.0,0.6918694376945496
0.0,0.6995686292648315
0.0,0.28137823939323425
0.0,0.5912664532661438
1.0,0.7246806621551514
1.0,0.7206124067306519
1.0,0.636029839515686
1.0,0.2984926104545593
0.0,0.43711578845977783
1.0,0.682023286819458
1.0,0.5203170776367188
0.0,0.3233441412448883
1.0,0.5741888880729675
1.0,0.7281683683395386
1.0,0.3854736387729645
1.0,0.7299798130989075
0.0,0.2713799476623535
0.0,0.31682339310646057
0.0,0.2701089084148407
1.0,0.643619179725647
0.0,0.2703152894973755
0.0,0.349324107170105
0.0,0.6956493258476257
0.0,0.40342476963996887
0.0,0.30664435029029846
1.0,0.5171093940734863
1.0,0.351042777299881
1.0,0.2789140045642853
1.0,0.6384668946266174
1.0,0.729127049446106
0.0,0.2719555199146271
1.0,0.687505304813385
1.0,0.7255310416221619
0.0,0.5176193118095398
0.0,0.4163682758808136
0.0,0.33237478137016296
0.0,0.3599432706832886
1.0,0.2945009171962738
0.0,0.32142433524131775
0.0,0.37278011441230774
1.0,0.7181268930435181
0.0,0.3046509921550751
1.0,0.2699597179889679
0.0,0.30797141790390015
1.0,0.6214253306388855
1.0,0.31922289729118347
1.0,0.6942771673202515
1.0,0.27764129638671875
0.0,0.27105778455734253
0.0,0.30472350120544434
1.0,0.426238089799881
1.0,0.5779755711555481
0.0,0.3068477511405945
1.0,0.6007767915725708
1.0,0.7290925979614258
1.0,0.33440643548965454
1.0,0.7301456332206726
1.0,0.7287874817848206
1.0,0.72967129945755
0.0,0.6726125478744507
1.0,0.7287639379501343
0.0,0.4625917971134186
1.0,0.5499196648597717
1.0,0.7295137047767639
1.0,0.37762001156806946
0.0,0.7226647734642029
1.0,0.3279295265674591
1.0,0.7298650145530701
1.0,0.6204032897949219
0.0,0.2872829735279083
0.0,0.29661938548088074
0.0,0.2955304980278015
0.0,0.729165256023407
1.0,0.3557138442993164
0.0,0.6799530386924744
0.0,0.27411067485809326
0.0,0.5766538381576538
1.0,0.5671930909156799
0.0,0.32459715008735657
0.0,0.3479420840740204
0.0,0.27171802520751953
0.0,0.4098495841026306
0.0,0.7169072031974792
0.0,0.2883734703063965
1.0,0.7302345037460327
1.0,0.5955632328987122
0.0,0.2742294371128082
1.0,0.7280025482177734
0.0,0.276233434677124
1.0,0.7299006581306458
1.0,0.2980304956436157
1.0,0.724887490272522
0.0,0.2862429916858673
1.0,0.6593946814537048
0.0,0.2766377329826355
0.0,0.5250629186630249
1.0,0.6907623410224915
1.0,0.36757180094718933
0.0,0.27531081438064575
0.0,0.43696364760398865
0.0,0.3661757707595825
1.0,0.7008438110351562
0.0,0.29689040780067444
0.0,0.48181936144828796
1.0,0.7193603515625
0.0,0.5389060378074646
0.0,0.30578985810279846
1.0,0.6992660760879517
1.0,0.7115048766136169
1.0,0.7111638188362122
0.0,0.36338838934898376
1.0,0.7079227566719055
0.0,0.34323689341545105
0.0,0.2913323640823364
0.0,0.2778823971748352
0.0,0.2700941860675812
1.0,0.6125584840774536
0.0,0.2944696545600891
0.0,0.27309897541999817
1.0,0.3085334002971649
1.0,0.5302368998527527
1.0,0.7043642997741699
1.0,0.7291507720947266
1.0,0.6354622840881348
0.0,0.27613118290901184
0.0,0.31679999828338623
1.0,0.7137148380279541
1.0,0.7277514934539795
1.0,0.7300677299499512
0.0,0.33893853425979614
1.0,0.7202954292297363
0.0,0.3805394172668457
1.0,0.2946431040763855
0.0,0.2840230464935303
1.0,0.7282617688179016
0.0,0.28646308183670044
0.0,0.5014306902885437
1.0,0.6000000834465027
1.0,0.6374659538269043
0.0,0.3252730667591095
0.0,0.2782902717590332
0.0,0.349893718957901
0.0,0.31679949164390564
1.0,0.3553099036216736
1.0,0.27313748002052307
0.0,0.3563671112060547
0.0,0.4791835844516754
0.0,0.36767372488975525
1.0,0.7257782816886902
1.0,0.6677554249763489
0.0,0.2897103428840637
1.0,0.695258617401123
0.0,0.28917959332466125
0.0,0.7286193370819092
1.0,0.7213001847267151
1.0,0.7287551164627075
1.0,0.7269230484962463
0.0,0.28225451707839966
1.0,0.7247127294540405
0.0,0.28067928552627563
1.0,0.7209856510162354
0.0,0.6565368175506592
0.0,0.6546117067337036
1.0,0.6893053650856018
0.0,0.28014788031578064
0.0,0.27287548780441284
0.0,0.2916746437549591
1.0,0.7274227142333984
1.0,0.2712663412094116
1.0,0.47041046619415283
0.0,0.41466933488845825
1.0,0.646075427532196
1.0,0.7292912006378174
1.0,0.5559831857681274
0.0,0.3216284215450287
1.0,0.6540742516517639
0.0,0.3883601129055023
0.0,0.30964142084121704
1.0,0.722507119178772
1.0,0.4573017656803131
0.0,0.28994351625442505
1.0,0.49931803345680237
1.0,0.7267593145370483
0.0,0.715472400188446
0.0,0.3093789219856262
0.0,0.27152013778686523
0.0,0.28484776616096497
0.0,0.2950695753097534
0.0,0.27628397941589355
0.0,0.3753689229488373
1.0,0.7262219190597534
0.0,0.6281810998916626
1.0,0.711961567401886
0.0,0.28699061274528503
0.0,0.4687754809856415
0.0,0.2694181501865387
0.0,0.3219712972640991
0.0,0.3174009919166565
0.0,0.27108675241470337
1.0,0.6007257699966431
1.0,0.7046059370040894
0.0,0.29617220163345337
0.0,0.27521100640296936
0.0,0.28143101930618286
0.0,0.272997111082077
1.0,0.7210948467254639
0.0,0.28490763902664185
0.0,0.27086156606674194
1.0,0.704304039478302
1.0,0.7220681309700012
0.0,0.27284714579582214
0.0,0.46352723240852356
1.0,0.7278537750244141
0.0,0.3646939992904663
0.0,0.4418533146381378
0.0,0.34824588894844055
1.0,0.7260772585868835
1.0,0.7290390729904175
1.0,0.7296794652938843
0.0,0.3620125353336334
1.0,0.675726592540741
1.0,0.6767576336860657
0.0,0.5841997861862183
1.0,0.6927140355110168
0.0,0.5175760388374329
1.0,0.7146139144897461
0.0,0.6781980991363525
1.0,0.6276871562004089
1.0,0.704587459564209
1.0,0.2968994081020355
0.0,0.28566205501556396
1.0,0.727955162525177
0.0,0.27848225831985474
0.0,0.3975839614868164
0.0,0.7059229612350464
0.0,0.33137479424476624
0.0,0.28307175636291504
1.0,0.43071526288986206
1.0,0.2706276774406433
1.0,0.7261393070220947
1.0,0.7290269136428833
0.0,0.2722523510456085
0.0,0.32691770792007446
1.0,0.4489785432815552
0.0,0.2733103930950165
1.0,0.4395541250705719
0.0,0.6871266961097717
0.0,0.2795170247554779
0.0,0.28668373823165894
0.0,0.2886781692504883
0.0,0.2786893844604492
0.0,0.3527153730392456
0.0,0.2745562195777893
0.0,0.2788597047328949
1.0,0.7300969362258911
1.0,0.7254034876823425
0.0,0.2764658033847809
0.0,0.33239370584487915
0.0,0.40600132942199707
1.0,0.6586593389511108
0.0,0.27434486150741577
0.0,0.2985582947731018
0.0,0.28788983821868896
0.0,0.5578204989433289
1.0,0.273108571767807
0.0,0.3018873929977417
0.0,0.27548152208328247
0.0,0.5736440420150757
1.0,0.7210126519203186
1.0,0.6212158203125
1.0,0.690807044506073
1.0,0.6299571990966797
0.0,0.28074467182159424
0.0,0.2755703628063202
0.0,0.3046880066394806
0.0,0.3525562882423401
0.0,0.650691568851471
1.0,0.6906535029411316
1.0,0.729694128036499
1.0,0.7220224738121033
1.0,0.7304025888442993
0.0,0.27240628004074097
1.0,0.6703411936759949
1.0,0.3540920317173004
1.0,0.7307104468345642
0.0,0.2859727442264557
0.0,0.33521196246147156
1.0,0.7214041352272034
1.0,0.7287392616271973
1.0,0.5976880192756653
1.0,0.5511702299118042
0.0,0.2965480089187622
0.0,0.2891884446144104
0.0,0.34051159024238586
0.0,0.2752849757671356
0.0,0.28637030720710754
0.0,0.29405131936073303
0.0,0.3173291087150574
1.0,0.7296220064163208
1.0,0.704990565776825
1.0,0.3978164792060852
1.0,0.7138885259628296
1.0,0.729768693447113
0.0,0.2725703716278076
1.0,0.7229824662208557
0.0,0.6917010545730591
1.0,0.728912889957428
1.0,0.38185688853263855
1.0,0.7275813221931458
0.0,0.3187725245952606
0.0,0.5362455248832703
0.0,0.3348451852798462
1.0,0.7003266215324402
1.0,0.44144555926322937
1.0,0.727922797203064
0.0,0.27162879705429077
0.0,0.2729525566101074
1.0,0.31336793303489685
0.0,0.6258638501167297
0.0,0.36072275042533875
1.0,0.5608959197998047
0.0,0.4062190055847168
1.0,0.6924768090248108
1.0,0.7300466895103455
0.0,0.45622533559799194
0.0,0.5641529560089111
1.0,0.7082276940345764
1.0,0.6316223740577698
1.0,0.5217417478561401
0.0,0.27217796444892883
1.0,0.5438806414604187
1.0,0.40335649251937866
0.0,0.27915680408477783
1.0,0.28028979897499084
1.0,0.7297316193580627
1.0,0.7303000092506409
0.0,0.701951265335083
1.0,0.7236436009407043
1.0,0.28644755482673645
0.0,0.33249613642692566
1.0,0.7288771867752075
1.0,0.6747170686721802
0.0,0.27135157585144043
0.0,0.27588555216789246
1.0,0.7263240218162537
0.0,0.27366727590560913
0.0,0.2729477882385254
1.0,0.2857310175895691
1.0,0.7054449319839478
0.0,0.4666086435317993
0.0,0.34411928057670593
0.0,0.6715901494026184
0.0,0.3030927777290344
0.0,0.407391756772995
0.0,0.28310784697532654
0.0,0.2714424729347229
0.0,0.7263228297233582
1.0,0.7213751673698425
0.0,0.7225919365882874
1.0,0.7272019386291504
0.0,0.2719891369342804
1.0,0.6678834557533264
0.0,0.2706920802593231
0.0,0.2762950658798218
0.0,0.29355841875076294
0.0,0.28535929322242737
0.0,0.2752264738082886
0.0,0.27676284313201904
0.0,0.6892481446266174
1.0,0.7175134420394897
0.0,0.3455555737018585
1.0,0.6811630725860596
1.0,0.711909294128418
0.0,0.3233237862586975
1.0,0.34846407175064087
1.0,0.3188377320766449
1.0,0.727493941783905
1.0,0.5758283734321594
0.0,0.3547934889793396
0.0,0.42940834164619446
0.0,0.28175434470176697
0.0,0.3753735423088074
1.0,0.6245459318161011
0.0,0.27682727575302124
0.0,0.27341556549072266
0.0,0.27073168754577637
0.0,0.38403981924057007
1.0,0.7294958233833313
1.0,0.31362444162368774
0.0,0.27353614568710327
1.0,0.6605907678604126
0.0,0.7303000688552856
0.0,0.2941284477710724
0.0,0.27559894323349
1.0,0.5443549752235413
0.0,0.5523558259010315
0.0,0.31400439143180847
0.0,0.5046061873435974
0.0,0.27194851636886597
1.0,0.729617714881897
1.0,0.7137888669967651
1.0,0.729548990726471
0.0,0.27027395367622375
1.0,0.6291260123252869
0.0,0.3914587199687958
1.0,0.49854138493537903
0.0,0.6209452152252197
0.0,0.29330974817276
0.0,0.2840867042541504
1.0,0.6867923140525818
1.0,0.6108348369598389
0.0,0.44377797842025757
1.0,0.3257520794868469
0.0,0.4294731020927429
1.0,0.6267946362495422
0.0,0.30023059248924255
1.0,0.7190532684326172
0.0,0.7283405661582947
0.0,0.3272172510623932
0.0,0.6560618877410889
0.0,0.603739857673645
0.0,0.3060813844203949
1.0,0.3147551715373993
0.0,0.27486786246299744
1.0,0.6296059489250183
0.0,0.2707468867301941
0.0,0.27442067861557007
0.0,0.3947686553001404
1.0,0.39223071932792664
1.0,0.7022950649261475
0.0,0.7094181776046753
0.0,0.31471890211105347
0.0,0.343841552734375
1.0,0.7260980606079102
1.0,0.7295182943344116
0.0,0.5005366206169128
0.0,0.27267321944236755
1.0,0.7294243574142456
1.0,0.7281860709190369
0.0,0.2704206705093384
1.0,0.7284369468688965
0.0,0.31348979473114014
1.0,0.6702091097831726
0.0,0.7209973335266113
0.0,0.7249283194541931
0.0,0.27864211797714233
0.0,0.6749626398086548
1.0,0.5393444895744324
1.0,0.6945578455924988
1.0,0.41488057374954224
1.0,0.5502651333808899
1.0,0.6785100102424622
1.0,0.7173845171928406
1.0,0.7225310206413269
1.0,0.7195913791656494
1.0,0.38193222880363464
1.0,0.7265263199806213
0.0,0.27807894349098206
0.0,0.3306213319301605
1.0,0.7262395024299622
1.0,0.6729803085327148
0.0,0.3986128568649292
1.0,0.6687107086181641
1.0,0.5458061099052429
0.0,0.7125398516654968
1.0,0.7272811532020569
0.0,0.2889247238636017
0.0,0.37317079305648804
1.0,0.6985220909118652
0.0,0.2745240032672882
1.0,0.7275864481925964
0.0,0.2751120924949646
0.0,0.3054392337799072
0.0,0.5144225358963013
0.0,0.2733592391014099
1.0,0.7301732897758484
1.0,0.6508145928382874
1.0,0.3021378517150879
1.0,0.5633512139320374
0.0,0.294046550989151
0.0,0.30747300386428833
1.0,0.7289795875549316
0.0,0.28016045689582825
1.0,0.7175820469856262
0.0,0.2850593626499176
0.0,0.32732534408569336
1.0,0.6926079988479614
1.0,0.32795804738998413
0.0,0.4221356511116028
0.0,0.4804657995700836
1.0,0.658480703830719
1.0,0.6806637644767761
1.0,0.706879198551178
0.0,0.37770435214042664
0.0,0.2867376208305359
0.0,0.26946544647216797
1.0,0.43466687202453613
1.0,0.7231208086013794
0.0,0.4832688570022583
1.0,0.7224811911582947
1.0,0.272678405046463
0.0,0.28793442249298096
1.0,0.6909581422805786
1.0,0.7160312533378601
1.0,0.7258620262145996
1.0,0.7289443016052246
1.0,0.5130969285964966
0.0,0.3277498483657837
1.0,0.7268418669700623
1.0,0.3445121645927429
0.0,0.7129367589950562
1.0,0.7170886993408203
1.0,0.49573081731796265
1.0,0.7164866924285889
1.0,0.7304735779762268
1.0,0.7043731808662415
0.0,0.3356899321079254
1.0,0.6698689460754395
0.0,0.27577120065689087
0.0,0.2844413220882416
0.0,0.288908988237381
1.0,0.7294516563415527
1.0,0.7281180620193481
1.0,0.7059555649757385
1.0,0.7259638905525208
0.0,0.2712251543998718
1.0,0.7254169583320618
0.0,0.3375670909881592
0.0,0.3671835958957672
1.0,0.7297727465629578
0.0,0.27760183811187744
1.0,0.4946199655532837
0.0,0.35546863079071045
0.0,0.27894097566604614
0.0,0.27028462290763855
1.0,0.6848891377449036
0.0,0.2737412750720978
0.0,0.33778536319732666
1.0,0.340304434299469
1.0,0.7304535508155823
1.0,0.7305998206138611
1.0,0.7049930095672607
1.0,0.3084050714969635
0.0,0.2701506018638611
1.0,0.6076523661613464
1.0,0.7295283079147339
0.0,0.3201039135456085
0.0,0.4776671528816223
1.0,0.28362414240837097
1.0,0.7266700863838196
0.0,0.34040653705596924
1.0,0.671082079410553
0.0,0.27692827582359314
0.0,0.29882314801216125
0.0,0.7122636437416077
0.0,0.34315529465675354
0.0,0.28347355127334595
0.0,0.3759501874446869
1.0,0.7078292369842529
0.0,0.45106130838394165
0.0,0.27200645208358765
1.0,0.7192657589912415
0.0,0.2715958058834076
1.0,0.2762995958328247
0.0,0.7141332030296326
0.0,0.2953345775604248
0.0,0.307748019695282
0.0,0.2816404104232788
0.0,0.41767847537994385
1.0,0.32423195242881775
0.0,0.2994086742401123
1.0,0.7273952960968018
0.0,0.30230602622032166
1.0,0.7226600050926208
1.0,0.2715674340724945
1.0,0.7266849279403687
0.0,0.36642733216285706
0.0,0.6637961268424988
0.0,0.3100074529647827
0.0,0.5706192255020142
1.0,0.2724248766899109
1.0,0.6285894513130188
0.0,0.5857085585594177
0.0,0.2949773371219635
0.0,0.5654410719871521
1.0,0.52898770570755
1.0,0.7274323105812073
0.0,0.2710742950439453
0.0,0.31995251774787903
1.0,0.271640807390213
1.0,0.7287663817405701
0.0,0.552198588848114
0.0,0.5244234204292297
1.0,0.3201148808002472
0.0,0.48424023389816284
0.0,0.7248852252960205
0.0,0.6667876839637756
1.0,0.730678915977478
0.0,0.2837991714477539
1.0,0.7285609841346741
0.0,0.30177006125450134
1.0,0.650863528251648
0.0,0.3662961423397064
0.0,0.2731969356536865
1.0,0.72688889503479
1.0,0.7200497388839722
0.0,0.592839241027832
0.0,0.47451579570770264
0.0,0.3115496039390564
0.0,0.2873466908931732
1.0,0.4750477969646454
0.0,0.35533323884010315
1.0,0.6720160245895386
1.0,0.7094770073890686
0.0,0.5870389938354492
1.0,0.727838933467865
0.0,0.26980680227279663
0.0,0.7116091251373291
0.0,0.27849334478378296
1.0,0.29888516664505005
0.0,0.2753176689147949
1.0,0.727580189704895
0.0,0.2875305712223053
0.0,0.2798871099948883
0.0,0.31179243326187134
0.0,0.27915289998054504
0.0,0.300931841135025
1.0,0.7291659712791443
1.0,0.7056919932365417
0.0,0.5166909098625183
0.0,0.6901962757110596
0.0,0.27645155787467957
1.0,0.6818305850028992
1.0,0.3334845006465912
1.0,0.5505261421203613
0.0,0.4518553614616394
0.0,0.2720487713813782
1.0,0.6372921466827393
0.0,0.6946883201599121
0.0,0.2706311047077179
0.0,0.45081543922424316
1.0,0.7086925506591797
1.0,0.5606871247291565
0.0,0.40508323907852173
0.0,0.27027204632759094
1.0,0.7052838206291199
1.0,0.5276172161102295
0.0,0.28008565306663513
1.0,0.7112112045288086
1.0,0.699649453163147
0.0,0.6706603169441223
0.0,0.2749987542629242
1.0,0.725555419921875
1.0,0.6281508803367615
1.0,0.6892433762550354
0.0,0.3339042365550995
1.0,0.5976880192756653
1.0,0.7277325391769409
1.0,0.6115357279777527
1.0,0.726023256778717
1.0,0.725698709487915
0.0,0.7065160870552063
1.0,0.727984607219696
0.0,0.4308515787124634
0.0,0.7262245416641235
0.0,0.2708663046360016
0.0,0.2823764383792877
0.0,0.45169585943222046
1.0,0.7220519781112671
1.0,0.2983230650424957
0.0,0.31855127215385437
0.0,0.3067459464073181
1.0,0.48375868797302246
1.0,0.7210841178894043
0.0,0.3038609027862549
0.0,0.7020689845085144
1.0,0.7299372553825378
0.0,0.2716805636882782
1.0,0.7118697762489319
1.0,0.614392876625061
0.0,0.425050288438797
1.0,0.6379237174987793
1.0,0.6650974154472351
0.0,0.6798478960990906
0.0,0.2735370099544525
0.0,0.5012816190719604
1.0,0.5639537572860718
0.0,0.3529339134693146
1.0,0.7153897285461426
0.0,0.7049902081489563
1.0,0.7291576862335205
1.0,0.7306020259857178
0.0,0.7102015614509583
0.0,0.27789071202278137
1.0,0.4173256456851959
1.0,0.7305436730384827
0.0,0.3340926468372345
0.0,0.6897147297859192
1.0,0.7303971648216248
0.0,0.28774821758270264
0.0,0.5892752408981323
1.0,0.7124691009521484
1.0,0.7075345516204834
1.0,0.7262254953384399
0.0,0.5660157203674316
0.0,0.29119449853897095
1.0,0.7227469682693481
1.0,0.6590582132339478
1.0,0.4651644229888916
0.0,0.5850095152854919
1.0,0.28399062156677246
1.0,0.7155667543411255
1.0,0.43246355652809143
0.0,0.7274893522262573
0.0,0.6698402762413025
0.0,0.6925777196884155
1.0,0.583975613117218
1.0,0.5709183812141418
0.0,0.30290448665618896
0.0,0.33294543623924255
1.0,0.6950536966323853
0.0,0.2728818953037262
0.0,0.2719880938529968
0.0,0.5757377743721008
1.0,0.473127156496048
1.0,0.3683857321739197
0.0,0.3037911355495453
0.0,0.31605395674705505
1.0,0.7071431875228882
0.0,0.2772917151451111
0.0,0.3119877576828003
1.0,0.7153695821762085
1.0,0.28067347407341003
0.0,0.2735036611557007
0.0,0.2740750312805176
0.0,0.27144166827201843
1.0,0.7032450437545776
1.0,0.7278770804405212
0.0,0.32533764839172363
1.0,0.4677652418613434
0.0,0.2820773720741272
0.0,0.2904643714427948
0.0,0.28576791286468506
0.0,0.726830005645752
1.0,0.6883098483085632
0.0,0.2756848633289337
1.0,0.7191284894943237
0.0,0.27208033204078674
1.0,0.7195192575454712
0.0,0.5089442133903503
0.0,0.6915754079818726
0.0,0.28527602553367615
0.0,0.3085418939590454
1.0,0.7266997694969177
0.0,0.2732013761997223
1.0,0.3911111354827881
1.0,0.7267399430274963
1.0,0.7299120426177979
1.0,0.7289763689041138
0.0,0.6949512362480164
1.0,0.671240508556366
0.0,0.2804259657859802
0.0,0.3324908912181854
0.0,0.3672596216201782
0.0,0.5015402436256409
1.0,0.3626441955566406
0.0,0.5887719392776489
1.0,0.27891093492507935
1.0,0.7270960807800293
1.0,0.29040828347206116
0.0,0.3287920653820038
1.0,0.5619356036186218
1.0,0.683575451374054
1.0,0.7302064299583435
1.0,0.3684022128582001
1.0,0.6488339900970459
1.0,0.7262251377105713
1.0,0.5839769244194031
1.0,0.6815147399902344
0.0,0.2849230170249939
1.0,0.7267618775367737
1.0,0.6195293068885803
1.0,0.5074257254600525
1.0,0.7307363152503967
1.0,0.7260088920593262
1.0,0.30537906289100647
0.0,0.5192034840583801
1.0,0.7184891700744629
1.0,0.7176309823989868
0.0,0.3026553988456726
0.0,0.3046926259994507
1.0,0.4928935170173645
0.0,0.30019626021385193
1.0,0.7281298041343689
0.0,0.3381069004535675
1.0,0.6866539120674133
0.0,0.6788700819015503
1.0,0.2719510793685913
0.0,0.2853962779045105
1.0,0.7214899659156799
1.0,0.7163581252098083
0.0,0.29869818687438965
0.0,0.3371056020259857
1.0,0.693223237991333
0.0,0.28113535046577454
0.0,0.26991987228393555
1.0,0.6122385263442993
0.0,0.2744116485118866
1.0,0.551747739315033
1.0,0.271064817905426
1.0,0.7238785624504089
1.0,0.5532266497612
1.0,0.7028217911720276
1.0,0.7304626703262329
1.0,0.6716733574867249
1.0,0.6920031905174255
1.0,0.727228045463562
0.0,0.49155619740486145
1.0,0.7115792632102966
1.0,0.7284538745880127
1.0,0.7252281904220581
0.0,0.3203217089176178
1.0,0.3818834722042084
0.0,0.2706115245819092
1.0,0.4484799802303314
1.0,0.28187263011932373
1.0,0.7147999405860901
1.0,0.2932046949863434
0.0,0.2840687036514282
0.0,0.2964363396167755
1.0,0.7307906746864319
1.0,0.6916274428367615
0.0,0.26972895860671997
1.0,0.6909042596817017
0.0,0.3710075914859772
1.0,0.7261002063751221
0.0,0.2885121703147888
0.0,0.36782601475715637
1.0,0.719441294670105
1.0,0.7295405268669128
0.0,0.6569373607635498
0.0,0.2715938687324524
0.0,0.7203716039657593
1.0,0.7249600291252136
0.0,0.2983676493167877
0.0,0.27340438961982727
1.0,0.7258012890815735
0.0,0.2974244952201843
1.0,0.7229399681091309
1.0,0.6949633955955505
1.0,0.7154852747917175
1.0,0.709571123123169
1.0,0.3280898332595825
1.0,0.27626553177833557
1.0,0.7211544513702393
0.0,0.2721850275993347
1.0,0.7153655290603638
0.0,0.7178381681442261
1.0,0.7163596153259277
0.0,0.2858876883983612
0.0,0.272066593170166
1.0,0.7271079421043396
0.0,0.3529409170150757
0.0,0.27396753430366516
0.0,0.31998926401138306
1.0,0.7242239713668823
1.0,0.730080246925354
1.0,0.6392611861228943
1.0,0.7273038029670715
1.0,0.3155968189239502
1.0,0.6166576743125916
0.0,0.2970907390117645
1.0,0.3674873113632202
1.0,0.3202269971370697
0.0,0.31231924891471863
1.0,0.6854302287101746
1.0,0.5129831433296204
1.0,0.7295109629631042
0.0,0.28123739361763
1.0,0.7221094369888306
0.0,0.27323657274246216
0.0,0.6934891939163208
0.0,0.5536434054374695
0.0,0.7086039185523987
0.0,0.3088652491569519
1.0,0.7238659262657166
1.0,0.7261126041412354
0.0,0.2801007032394409
1.0,0.7261276841163635
1.0,0.2930101752281189
0.0,0.28818780183792114
1.0,0.7304060459136963
1.0,0.6537840366363525
0.0,0.3527073860168457
1.0,0.6923340559005737
1.0,0.7279655933380127
1.0,0.6993087530136108
0.0,0.34671008586883545
1.0,0.6417987942695618
1.0,0.7270724773406982
1.0,0.727624773979187
0.0,0.2763650417327881
0.0,0.2740479111671448
1.0,0.4358646869659424
0.0,0.4034237563610077
0.0,0.2696182131767273
0.0,0.31510332226753235
0.0,0.27124011516571045
1.0,0.7146350741386414
1.0,0.5293528437614441
0.0,0.29649627208709717
1.0,0.37487104535102844
0.0,0.3046684265136719
1.0,0.7304650545120239
1.0,0.6885548830032349
0.0,0.2744494676589966
0.0,0.40612632036209106
0.0,0.27884069085121155
1.0,0.7247183322906494
0.0,0.28402188420295715
0.0,0.7188600301742554
0.0,0.4917539358139038
1.0,0.6925085186958313
1.0,0.7136481404304504
1.0,0.7210710048675537
0.0,0.29067930579185486
1.0,0.7018318176269531
1.0,0.7184569835662842
1.0,0.6943838000297546
0.0,0.27178823947906494
0.0,0.2735174298286438
1.0,0.7252427935600281
1.0,0.5361507534980774
0.0,0.2703549265861511
0.0,0.36715537309646606
0.0,0.33492955565452576
1.0,0.3871974050998688
1.0,0.6419057846069336
0.0,0.2955750823020935
0.0,0.3792073428630829
0.0,0.2813875377178192
1.0,0.7192676067352295
1.0,0.7268608212471008
0.0,0.2750735282897949
1.0,0.5209367871284485
0.0,0.2727404236793518
0.0,0.27393531799316406
1.0,0.38778024911880493
0.0,0.39010727405548096
1.0,0.6301108598709106
0.0,0.2773505449295044
0.0,0.2722759246826172
1.0,0.6736519932746887
0.0,0.2982845604419708
1.0,0.726556122303009
1.0,0.7245921492576599
0.0,0.32331764698028564
0.0,0.2860109210014343
1.0,0.7199351191520691
0.0,0.2785172164440155
1.0,0.7306244969367981
0.0,0.27962955832481384
0.0,0.2898680567741394
0.0,0.27142173051834106
1.0,0.27044838666915894
1.0,0.2882901430130005
1.0,0.7104799151420593
0.0,0.2732592225074768
1.0,0.6972586512565613
0.0,0.479929119348526
1.0,0.5644366145133972
1.0,0.6213962435722351
1.0,0.7168283462524414
1.0,0.6179183125495911
0.0,0.6574112176895142
0.0,0.6491090059280396
1.0,0.7298540472984314
1.0,0.7244026064872742
1.0,0.7259452939033508
1.0,0.6864988803863525
0.0,0.7305563688278198
1.0,0.7021211981773376
1.0,0.7252758145332336
1.0,0.2910234332084656
0.0,0.28422775864601135
1.0,0.6731052994728088
1.0,0.7295716404914856
0.0,0.3037591874599457
0.0,0.3104347884654999
0.0,0.64891517162323
0.0,0.27717462182044983
1.0,0.6091867089271545
1.0,0.699880838394165
1.0,0.7271433472633362
0.0,0.2928096354007721
1.0,0.7304477691650391
0.0,0.2901240587234497
1.0,0.7295524477958679
1.0,0.6076605319976807
1.0,0.2992473244667053
1.0,0.27932459115982056
0.0,0.2716743052005768
1.0,0.7190758585929871
0.0,0.47064220905303955
0.0,0.7302501201629639
0.0,0.5315099358558655
0.0,0.7288954257965088
1.0,0.7259759902954102
0.0,0.2822711169719696
0.0,0.2744409143924713
1.0,0.7254161834716797
0.0,0.28129884600639343
1.0,0.27669766545295715
1.0,0.40608081221580505
1.0,0.713580846786499
0.0,0.34667813777923584
1.0,0.7287608981132507
0.0,0.37699440121650696
0.0,0.30403023958206177
1.0,0.6769707202911377
1.0,0.7284041047096252
0.0,0.7230424880981445
1.0,0.35881510376930237
0.0,0.276462584733963
0.0,0.30002325773239136
0.0,0.29885268211364746
1.0,0.7298938035964966
1.0,0.7183547616004944
0.0,0.5376678109169006
1.0,0.7181700468063354
1.0,0.695626437664032
1.0,0.48187127709388733
0.0,0.3053700029850006
0.0,0.3310821056365967
1.0,0.5672059059143066
0.0,0.27872809767723083
1.0,0.7299544215202332
0.0,0.3396623432636261
0.0,0.2697402834892273
0.0,0.30311986804008484
0.0,0.30772095918655396
0.0,0.6876809597015381
1.0,0.5727522969245911
1.0,0.6312950253486633
1.0,0.33947840332984924
0.0,0.6969530582427979
0.0,0.2892775535583496
0.0,0.3406558334827423
1.0,0.6109015941619873
1.0,0.7141695618629456
0.0,0.3284374177455902
0.0,0.2995533049106598
0.0,0.43248340487480164
1.0,0.30537906289100647
0.0,0.7240550518035889
1.0,0.29755935072898865
0.0,0.33683231472969055
0.0,0.36456161737442017
1.0,0.5783997774124146
1.0,0.7247374653816223
0.0,0.27829378843307495
1.0,0.701701283454895
0.0,0.327851802110672
1.0,0.5175855159759521
0.0,0.2730264365673065
0.0,0.2735411524772644
1.0,0.669417679309845
0.0,0.3011249303817749
0.0,0.37466704845428467
0.0,0.40907570719718933
0.0,0.7304044961929321
0.0,0.36979424953460693
1.0,0.6746968030929565
1.0,0.5329227447509766
1.0,0.7290816903114319
0.0,0.27936381101608276
1.0,0.7196791768074036
1.0,0.2790021598339081
0.0,0.35518816113471985
1.0,0.7228172421455383
0.0,0.29638561606407166
1.0,0.7306397557258606
1.0,0.30850735306739807
1.0,0.7009948492050171
0.0,0.29128822684288025
0.0,0.26986679434776306
1.0,0.7289313077926636
1.0,0.28726065158843994
1.0,0.4120219051837921
1.0,0.30277490615844727
1.0,0.7305226922035217
1.0,0.5105271339416504
1.0,0.6041435599327087
0.0,0.5061442255973816
1.0,0.27735117077827454
0.0,0.29071375727653503
0.0,0.3042210638523102
0.0,0.28451210260391235
0.0,0.4284157454967499
1.0,0.5713160037994385
1.0,0.6393629908561707
0.0,0.27259933948516846
0.0,0.5933640003204346
1.0,0.2822361886501312
1.0,0.46433308720588684
0.0,0.3639161288738251
0.0,0.4562797248363495
1.0,0.710679292678833
1.0,0.7243459820747375
1.0,0.7305392026901245
1.0,0.7248846292495728
0.0,0.27700552344322205
0.0,0.28623542189598083
0.0,0.27587950229644775
0.0,0.3136344850063324
1.0,0.356920063495636
0.0,0.668220043182373
0.0,0.7285323143005371
0.0,0.72569340467453
1.0,0.7305163741111755
1.0,0.7291626334190369
1.0,0.4555854797363281
1.0,0.27436962723731995
1.0,0.5789148211479187
1.0,0.6721752285957336
0.0,0.6375169157981873
1.0,0.38419994711875916
1.0,0.3076627552509308
1.0,0.7307481169700623
1.0,0.5805705189704895
0.0,0.27720388770103455
1.0,0.6878722310066223
1.0,0.72934490442276
1.0,0.691914975643158
1.0,0.6477324366569519
0.0,0.27327868342399597
1.0,0.706489086151123
0.0,0.3880102336406708
0.0,0.36405348777770996
1.0,0.7153841257095337
1.0,0.7297623157501221
0.0,0.5032214522361755
1.0,0.3130209147930145
1.0,0.7285987734794617
1.0,0.7015137076377869
0.0,0.44650790095329285
0.0,0.5358321070671082
1.0,0.7181412577629089
1.0,0.5917850136756897
0.0,0.4530814290046692
1.0,0.548050582408905
1.0,0.7061728835105896
0.0,0.27207857370376587
1.0,0.5383729338645935
1.0,0.7133660316467285
1.0,0.2961800992488861
1.0,0.271028608083725
0.0,0.27239739894866943
0.0,0.32614070177078247
0.0,0.3328741192817688
1.0,0.6841820478439331
1.0,0.6187232136726379
0.0,0.2707999050617218
1.0,0.7130758166313171
1.0,0.7194311022758484
0.0,0.2738327980041504
1.0,0.3677491545677185
1.0,0.6734079718589783
0.0,0.30349716544151306
1.0,0.719297468662262
0.0,0.7118698358535767
0.0,0.2740707993507385
0.0,0.4729248583316803
0.0,0.2945323586463928
1.0,0.49191713333129883
1.0,0.7265406847000122
0.0,0.2798088490962982
0.0,0.39592915773391724
1.0,0.7058671712875366
1.0,0.37564221024513245
0.0,0.3299563229084015
0.0,0.4680860638618469
0.0,0.2757587432861328
1.0,0.3981247544288635
0.0,0.30580803751945496
0.0,0.46500363945961
1.0,0.7015511393547058
1.0,0.5574694871902466
1.0,0.7148176431655884
1.0,0.7158528566360474
1.0,0.3880435824394226
0.0,0.27881157398223877
1.0,0.7190129160881042
0.0,0.2844736576080322
1.0,0.724361002445221
0.0,0.2960608899593353
0.0,0.7261924743652344
1.0,0.4131191670894623
1.0,0.660102903842926
0.0,0.48533108830451965
0.0,0.30783239006996155
0.0,0.27148202061653137
0.0,0.3787355124950409
0.0,0.47218137979507446
1.0,0.7244738936424255
0.0,0.4441024661064148
1.0,0.4964011609554291
1.0,0.7292245030403137
0.0,0.2710338234901428
1.0,0.7286341786384583
1.0,0.7270005941390991
1.0,0.5827711224555969
1.0,0.6030368208885193
1.0,0.7292935848236084
1.0,0.7019906640052795
1.0,0.33600181341171265
1.0,0.7263848781585693
0.0,0.2719864845275879
0.0,0.27480992674827576
0.0,0.6932199001312256
1.0,0.7282626628875732
0.0,0.3017631769180298
1.0,0.6918339133262634
1.0,0.7164767980575562
1.0,0.5022698044776917
0.0,0.29042336344718933
1.0,0.3797690272331238
1.0,0.30296194553375244
1.0,0.7299818396568298
1.0,0.7308089733123779
1.0,0.7297645807266235
0.0,0.3807266056537628
1.0,0.2761102020740509
1.0,0.621238112449646
1.0,0.29412975907325745
1.0,0.31881770491600037
0.0,0.4664820730686188
1.0,0.729350209236145
1.0,0.7242087125778198
0.0,0.31672969460487366
1.0,0.28706344962120056
1.0,0.6795024275779724
1.0,0.7292326092720032
1.0,0.3945794701576233
0.0,0.29521849751472473
0.0,0.3024211823940277
1.0,0.5838978290557861
0.0,0.3858463764190674
0.0,0.3852803111076355
1.0,0.636696457862854
1.0,0.5740049481391907
1.0,0.7172531485557556
0.0,0.2716035544872284
1.0,0.568657398223877
1.0,0.7203579545021057
0.0,0.5969860553741455
1.0,0.7302311062812805
0.0,0.49766987562179565
0.0,0.2836052477359772
0.0,0.3512254059314728
1.0,0.7247684001922607
1.0,0.2930261194705963
0.0,0.7191925048828125
0.0,0.29926225543022156
1.0,0.7033966779708862
1.0,0.7305994033813477
1.0,0.7294572591781616
0.0,0.287271648645401
1.0,0.7271760106086731
0.0,0.27420690655708313
1.0,0.5856684446334839
1.0,0.591642439365387
0.0,0.27812138199806213
0.0,0.27051737904548645
0.0,0.40221166610717773
1.0,0.7303930521011353
0.0,0.7284061908721924
0.0,0.6125785708427429
1.0,0.6331554055213928
1.0,0.5503067374229431
1.0,0.7230708003044128
1.0,0.7104644775390625
0.0,0.2713838219642639
1.0,0.729589581489563
0.0,0.28073012828826904
1.0,0.724958062171936
0.0,0.276985764503479
0.0,0.3634655177593231
0.0,0.28696370124816895
0.0,0.2782069444656372
0.0,0.6415324807167053
1.0,0.6723164916038513
0.0,0.5222113728523254
0.0,0.5640934109687805
0.0,0.28724512457847595
1.0,0.671816349029541
0.0,0.2910769581794739
0.0,0.44970056414604187
1.0,0.7298182845115662
1.0,0.7186819911003113
0.0,0.718284547328949
0.0,0.2785317301750183
1.0,0.7247108221054077
0.0,0.28829872608184814
1.0,0.5594292879104614
1.0,0.7269970178604126
0.0,0.30496203899383545
0.0,0.27120935916900635
1.0,0.5395087003707886
0.0,0.3357519805431366
0.0,0.4365461468696594
1.0,0.6399804949760437
1.0,0.6654454469680786
0.0,0.27230608463287354
0.0,0.3756164014339447
1.0,0.7233476638793945
1.0,0.6539090871810913
1.0,0.7274243235588074
0.0,0.6890907287597656
0.0,0.2710936367511749
1.0,0.2836720645427704
0.0,0.2729368507862091
0.0,0.2707907259464264
0.0,0.2876952886581421
0.0,0.4729342460632324
1.0,0.6731243133544922
0.0,0.4364055395126343
0.0,0.2700604796409607
1.0,0.7294219732284546
1.0,0.6701658964157104
1.0,0.5303881168365479
1.0,0.7105039954185486
0.0,0.28362923860549927
0.0,0.6653576493263245
1.0,0.630804181098938
1.0,0.7289829254150391
1.0,0.7117377519607544
1.0,0.6994962096214294
0.0,0.5484987497329712
0.0,0.3066462576389313
0.0,0.44544604420661926
0.0,0.38284528255462646
0.0,0.6342042088508606
1.0,0.6834030151367188
1.0,0.7192316055297852
1.0,0.6903550624847412
0.0,0.49334317445755005
1.0,0.37401509284973145
1.0,0.44790512323379517
1.0,0.7222301363945007
0.0,0.308468222618103
1.0,0.7267829179763794
0.0,0.7024500966072083
1.0,0.7303135395050049
1.0,0.5974054932594299
0.0,0.2841984033584595
1.0,0.7201114892959595
0.0,0.6164373755455017
0.0,0.2910144031047821
0.0,0.38214096426963806
1.0,0.7203512191772461
1.0,0.7182809710502625
1.0,0.321044385433197
1.0,0.41660887002944946
0.0,0.7047806978225708
0.0,0.6458488702774048
1.0,0.7117224931716919
1.0,0.7204557657241821
1.0,0.2814267575740814
0.0,0.2967256009578705
0.0,0.399330198764801
0.0,0.28789031505584717
0.0,0.2793882191181183
0.0,0.2888479232788086
0.0,0.2693758010864258
0.0,0.3071628212928772
1.0,0.7146419882774353
1.0,0.7279034852981567
0.0,0.2727206349372864
0.0,0.7301238775253296
1.0,0.7289872765541077
1.0,0.7276486158370972
1.0,0.7303879261016846
1.0,0.7264832258224487
1.0,0.7160242795944214
1.0,0.3194068968296051
1.0,0.5536717176437378
0.0,0.26938396692276
1.0,0.6842576861381531
0.0,0.30954137444496155
1.0,0.70160973072052
0.0,0.27849021553993225
0.0,0.2811618149280548
0.0,0.2725863456726074
1.0,0.38448500633239746
0.0,0.3769131600856781
0.0,0.6101342439651489
0.0,0.27530041337013245
0.0,0.2917341887950897
0.0,0.3001093864440918
0.0,0.2786339521408081
1.0,0.5045031309127808
1.0,0.7295849919319153
1.0,0.6730560660362244
0.0,0.535730242729187
0.0,0.4308728277683258
1.0,0.7296507358551025
0.0,0.2824493646621704
0.0,0.2708472013473511
0.0,0.4473040699958801
1.0,0.7195748686790466
1.0,0.7152317762374878
1.0,0.47864532470703125
1.0,0.6564390659332275
1.0,0.6276143193244934
1.0,0.6899029016494751
0.0,0.29730701446533203
0.0,0.2883361876010895
0.0,0.29150813817977905
0.0,0.7209073305130005
1.0,0.27690568566322327
0.0,0.27081772685050964
0.0,0.34980541467666626
1.0,0.7305707335472107
1.0,0.7289215922355652
0.0,0.30828455090522766
1.0,0.6579262614250183
1.0,0.5073443055152893
1.0,0.6816368103027344
0.0,0.6916365623474121
1.0,0.30215415358543396
0.0,0.6221798062324524
1.0,0.5692448019981384
0.0,0.3020729124546051
1.0,0.730108916759491
1.0,0.34071600437164307
0.0,0.28547197580337524
1.0,0.2882426679134369
1.0,0.6795901656150818
0.0,0.29109111428260803
1.0,0.2742847204208374
1.0,0.7099425792694092
0.0,0.3917747735977173
0.0,0.29789045453071594
1.0,0.3002285659313202
1.0,0.7293941378593445
0.0,0.27654916048049927
0.0,0.6750813126564026
1.0,0.708016037940979
0.0,0.2710128724575043
1.0,0.680698037147522
0.0,0.2746240198612213
0.0,0.29861414432525635
0.0,0.3411155343055725
1.0,0.3144104778766632
0.0,0.6651235818862915
0.0,0.2830495238304138
0.0,0.2725710868835449
0.0,0.2729898989200592
1.0,0.6487131118774414
0.0,0.4709250032901764
1.0,0.6499178409576416
0.0,0.40611085295677185
1.0,0.6917863488197327
1.0,0.6858599185943604
1.0,0.4051162004470825
0.0,0.2748020589351654
1.0,0.5144912004470825
1.0,0.7143864631652832
1.0,0.7102332711219788
1.0,0.7285490036010742
0.0,0.4535650610923767
1.0,0.44745928049087524
0.0,0.4167599678039551
0.0,0.31266143918037415
0.0,0.7139101028442383
0.0,0.5869519114494324
0.0,0.3082217872142792
0.0,0.5488654375076294
1.0,0.2816709280014038
0.0,0.3390033543109894
0.0,0.4946141242980957
0.0,0.5077133774757385
1.0,0.7297420501708984
0.0,0.28477710485458374
0.0,0.3126273453235626
0.0,0.5186060070991516
1.0,0.683743417263031
1.0,0.40806442499160767
0.0,0.26983514428138733
0.0,0.707349419593811
0.0,0.3224978744983673
0.0,0.27237704396247864
0.0,0.2792496085166931
0.0,0.29123222827911377
1.0,0.7300089597702026
0.0,0.2916923761367798
0.0,0.5120195746421814
0.0,0.36596736311912537
0.0,0.5051442980766296
0.0,0.2886990010738373
1.0,0.30256885290145874
0.0,0.2793596386909485
1.0,0.719594419002533
0.0,0.343600332736969
0.0,0.29354438185691833
1.0,0.729897141456604
1.0,0.7173850536346436
1.0,0.708308219909668
0.0,0.2760975956916809
1.0,0.7176678776741028
1.0,0.4419137239456177
0.0,0.6114575862884521
0.0,0.27699175477027893
1.0,0.33394819498062134
1.0,0.5385264754295349
0.0,0.40738940238952637
0.0,0.3157561123371124
0.0,0.27920928597450256
0.0,0.271336168050766
0.0,0.3093438744544983
1.0,0.7172796726226807
0.0,0.270378053188324
1.0,0.5973926782608032
0.0,0.333351731300354
0.0,0.31093263626098633
1.0,0.36982524394989014
0.0,0.7226253151893616
0.0,0.2758639454841614
1.0,0.7251943349838257
1.0,0.7304698824882507
0.0,0.44926145672798157
0.0,0.38172706961631775
1.0,0.2777441740036011
1.0,0.6914876103401184
1.0,0.6938939690589905
0.0,0.3369247615337372
1.0,0.7216113805770874
1.0,0.7242312431335449
1.0,0.7300954461097717
1.0,0.2778566777706146
0.0,0.5641127228736877
0.0,0.7122998833656311
1.0,0.5284326672554016
1.0,0.7135196328163147
1.0,0.7307539582252502
1.0,0.7301065325737
1.0,0.46605199575424194
0.0,0.3164101243019104
1.0,0.6645834445953369
1.0,0.718226432800293
1.0,0.5721396207809448
0.0,0.2714333236217499
0.0,0.27090561389923096
1.0,0.47646334767341614
0.0,0.3538489043712616
0.0,0.6935321688652039
0.0,0.6185130476951599
0.0,0.3134287893772125
1.0,0.7304244041442871
1.0,0.3893977403640747
1.0,0.7279719114303589
1.0,0.6457506418228149
1.0,0.7308299541473389
1.0,0.6812137961387634
1.0,0.7284875512123108
1.0,0.7299783229827881
0.0,0.2998114228248596
0.0,0.2769854962825775
1.0,0.7264052629470825
0.0,0.27013128995895386
0.0,0.2743036448955536
1.0,0.6154900193214417
0.0,0.715515673160553
1.0,0.7235878109931946
1.0,0.6941593289375305
1.0,0.7076283097267151
0.0,0.27373045682907104
1.0,0.7302721738815308
0.0,0.32767385244369507
1.0,0.7030975818634033
1.0,0.7304588556289673
0.0,0.37472596764564514
0.0,0.3386836647987366
1.0,0.7241218686103821
0.0,0.30316147208213806
1.0,0.729924738407135
1.0,0.7281838655471802
0.0,0.3087939918041229
1.0,0.4368164837360382
1.0,0.7161242365837097
0.0,0.30761831998825073
1.0,0.7209177613258362
0.0,0.5365402102470398
1.0,0.7284424901008606
0.0,0.28592485189437866
1.0,0.7278804183006287
1.0,0.4478693902492523
0.0,0.3585490882396698
1.0,0.7248611450195312
1.0,0.2720601260662079
1.0,0.4838486611843109
0.0,0.2767368257045746
1.0,0.6260765194892883
0.0,0.29023849964141846
0.0,0.36279988288879395
1.0,0.7226871252059937
1.0,0.726757824420929
1.0,0.499267578125
0.0,0.2717038094997406
0.0,0.6735154390335083
1.0,0.27019593119621277
0.0,0.27255913615226746
1.0,0.5642777681350708
0.0,0.7099916338920593
1.0,0.6301782727241516
1.0,0.7288644313812256
0.0,0.2871192991733551
1.0,0.7291679978370667
0.0,0.6711759567260742
0.0,0.299198180437088
0.0,0.3363892734050751
1.0,0.28196799755096436
1.0,0.7306151390075684
0.0,0.3756052255630493
0.0,0.2781296372413635
1.0,0.7237714529037476
0.0,0.6666821241378784
1.0,0.7301151752471924
0.0,0.38648781180381775
1.0,0.7119360566139221
1.0,0.491274356842041
0.0,0.28012406826019287
0.0,0.5433182120323181
0.0,0.2700020968914032
0.0,0.32689476013183594
1.0,0.5715051293373108
1.0,0.6681463122367859
0.0,0.425007164478302
0.0,0.6771996021270752
0.0,0.34798216819763184
0.0,0.2756471335887909
0.0,0.28842782974243164
1.0,0.7308199405670166
1.0,0.7296618223190308
0.0,0.308533638715744
1.0,0.7205228209495544
1.0,0.7195489406585693
1.0,0.72531658411026
1.0,0.7071530222892761
1.0,0.7292463183403015
0.0,0.27997490763664246
1.0,0.7062118649482727
0.0,0.270194411277771
0.0,0.5426031947135925
1.0,0.3157688081264496
0.0,0.27591824531555176
1.0,0.6233870983123779
0.0,0.27757179737091064
0.0,0.33856579661369324
1.0,0.7300652861595154
1.0,0.6842946410179138
0.0,0.5888441205024719
1.0,0.7051752209663391
1.0,0.40408214926719666
1.0,0.7266513109207153
1.0,0.7275601625442505
0.0,0.3685423731803894
1.0,0.7120026350021362
0.0,0.27413785457611084
1.0,0.27684611082077026
1.0,0.718452513217926
0.0,0.27868619561195374
0.0,0.6769915819168091
0.0,0.4474596679210663
1.0,0.7232844233512878
0.0,0.711871325969696
1.0,0.7285686135292053
1.0,0.730059027671814
0.0,0.2957349717617035
0.0,0.2924404740333557
0.0,0.32666876912117004
0.0,0.3390516936779022
0.0,0.6210751533508301
0.0,0.2907610535621643
1.0,0.6291683316230774
0.0,0.5709704160690308
0.0,0.7292231917381287
1.0,0.7208477854728699
1.0,0.6689102649688721
0.0,0.4684583246707916
1.0,0.6939678192138672
0.0,0.3730500638484955
0.0,0.3368038833141327
0.0,0.462934672832489
1.0,0.7282566428184509
1.0,0.7284039855003357
1.0,0.7077990770339966
0.0,0.2890828251838684
1.0,0.725737988948822
0.0,0.2762506604194641
1.0,0.698884129524231
0.0,0.2886260449886322
1.0,0.7291370630264282
1.0,0.7183189392089844
1.0,0.2705168128013611
0.0,0.274248868227005
0.0,0.4671904444694519
1.0,0.6663623452186584
0.0,0.3555773198604584
0.0,0.2796277701854706
0.0,0.7098947763442993
0.0,0.3939986228942871
0.0,0.6962851285934448
0.0,0.34917277097702026
0.0,0.27590930461883545
0.0,0.6720929145812988
1.0,0.45817211270332336
1.0,0.7291966080665588
0.0,0.3092990219593048
0.0,0.2703482508659363
1.0,0.4097523093223572
1.0,0.7230240702629089
1.0,0.2825130224227905
0.0,0.7030279040336609
0.0,0.2916179299354553
0.0,0.2784687876701355
0.0,0.30573081970214844
0.0,0.6037212610244751
1.0,0.6215057373046875
1.0,0.580207109451294
1.0,0.6769072413444519
1.0,0.4330834448337555
1.0,0.4051046073436737
0.0,0.6652101278305054
0.0,0.2693983316421509
0.0,0.31805092096328735
1.0,0.6459361910820007
1.0,0.3865613341331482
0.0,0.7060399055480957
1.0,0.7277430295944214
0.0,0.5144590735435486
1.0,0.27333176136016846
0.0,0.273393839597702
1.0,0.7290900945663452
0.0,0.2880088686943054
1.0,0.6642295122146606
0.0,0.5722746849060059
1.0,0.5902926921844482
0.0,0.7282913327217102
1.0,0.7251750826835632
1.0,0.3041897416114807
1.0,0.6671143770217896
1.0,0.7108154892921448
1.0,0.7158378958702087
0.0,0.5618317127227783
0.0,0.2794967591762543
0.0,0.5270060896873474
0.0,0.27737918496131897
1.0,0.34224939346313477
0.0,0.29132208228111267
1.0,0.5557103157043457
1.0,0.269599586725235
1.0,0.6898425817489624
0.0,0.2902841567993164
1.0,0.7286148071289062
1.0,0.7220189571380615
0.0,0.31047382950782776
1.0,0.7293786406517029
1.0,0.6987122893333435
1.0,0.7168053388595581
0.0,0.343978613615036
0.0,0.2766979932785034
1.0,0.6876831650733948
1.0,0.310220330953598
1.0,0.709710419178009
1.0,0.7274707555770874
0.0,0.7215127348899841
1.0,0.29807305335998535
1.0,0.7023605108261108
0.0,0.2878169119358063
0.0,0.2764779329299927
0.0,0.27024737000465393
1.0,0.6375817060470581
1.0,0.4907516837120056
0.0,0.3263173997402191
1.0,0.44672778248786926
0.0,0.2886873781681061
0.0,0.33692091703414917
1.0,0.6143839359283447
1.0,0.3129669725894928
1.0,0.5092149376869202
0.0,0.36134836077690125
0.0,0.2835859954357147
1.0,0.7268167734146118
0.0,0.5517552495002747
0.0,0.3785492181777954
0.0,0.27777785062789917
0.0,0.38631176948547363
0.0,0.31810611486434937
1.0,0.7023013234138489
0.0,0.2933141589164734
0.0,0.5190652012825012
0.0,0.5592286586761475
0.0,0.2802346348762512
1.0,0.7266506552696228
1.0,0.4940442144870758
1.0,0.6935805678367615
0.0,0.2742219865322113
1.0,0.7215850353240967
1.0,0.5893839597702026
0.0,0.28529033064842224
0.0,0.2954408824443817
1.0,0.7140776515007019
1.0,0.3112392723560333
0.0,0.2874302268028259
0.0,0.3103907108306885
1.0,0.7005763053894043
1.0,0.7061806321144104
0.0,0.44185683131217957
1.0,0.3310096263885498
1.0,0.7259149551391602
0.0,0.278187096118927
1.0,0.2838790714740753
0.0,0.27802103757858276
0.0,0.7240207195281982
1.0,0.6792014837265015
0.0,0.4510224461555481
1.0,0.7277634739875793
1.0,0.7116401791572571
1.0,0.7094448804855347
1.0,0.7247310280799866
0.0,0.27899330854415894
0.0,0.5244415402412415
1.0,0.7033064961433411
1.0,0.7275069952011108
1.0,0.6805983781814575
1.0,0.729103147983551
1.0,0.7296062111854553
0.0,0.27333343029022217
1.0,0.7133556008338928
1.0,0.7303457260131836
1.0,0.6083377003669739
0.0,0.32469743490219116
1.0,0.3747451901435852
0.0,0.27715763449668884
0.0,0.27920883893966675
1.0,0.70672607421875
1.0,0.7260735630989075
0.0,0.2733944058418274
0.0,0.27830180525779724
1.0,0.2757081985473633
1.0,0.3468989431858063
0.0,0.41008633375167847
1.0,0.2785729765892029
0.0,0.5702705383300781
0.0,0.328182578086853
0.0,0.29732999205589294
1.0,0.38704317808151245
0.0,0.2723434269428253
1.0,0.5224395990371704
0.0,0.2761312425136566
1.0,0.7264565825462341
1.0,0.40793171525001526
1.0,0.7280436158180237
1.0,0.5590972900390625
0.0,0.27907663583755493
0.0,0.4000834822654724
1.0,0.72618567943573
1.0,0.6358867883682251
1.0,0.6637486219406128
0.0,0.3086370527744293
0.0,0.7270637154579163
0.0,0.2748894691467285
0.0,0.27272629737854004
1.0,0.5325002074241638
0.0,0.2909885048866272
1.0,0.6068986654281616
1.0,0.7072828412055969
1.0,0.6349862813949585
0.0,0.38226959109306335
1.0,0.6580339670181274
1.0,0.27796897292137146
0.0,0.7097820043563843
1.0,0.3736099302768707
1.0,0.7228512167930603
1.0,0.7286968231201172
0.0,0.26941731572151184
0.0,0.2937089204788208
1.0,0.7247809767723083
1.0,0.5759558081626892
0.0,0.47533130645751953
0.0,0.3099229037761688
0.0,0.27097201347351074
1.0,0.373308926820755
1.0,0.34347641468048096
1.0,0.3605543076992035
0.0,0.2704302668571472
1.0,0.7296810150146484
0.0,0.7228829264640808
0.0,0.6898467540740967
0.0,0.2746792733669281
0.0,0.6979666948318481
1.0,0.7292565703392029
1.0,0.6714308857917786
1.0,0.6961604356765747
1.0,0.6799837350845337
1.0,0.7120661735534668
1.0,0.5073052048683167
0.0,0.27406689524650574
1.0,0.5958755016326904
1.0,0.2947942912578583
0.0,0.33130720257759094
0.0,0.2851558327674866
1.0,0.663031280040741
0.0,0.27796563506126404
1.0,0.72906494140625
1.0,0.7166816592216492
0.0,0.6896198987960815
0.0,0.2995850741863251
1.0,0.6273054480552673
1.0,0.7212737202644348
0.0,0.27216872572898865
0.0,0.3067559003829956
0.0,0.2778657078742981
1.0,0.6687631011009216
1.0,0.7244183421134949
1.0,0.7051053047180176
1.0,0.57921302318573
0.0,0.4658949375152588
0.0,0.46800553798675537
1.0,0.640761137008667
1.0,0.7287581562995911
1.0,0.726757824420929
0.0,0.2843526005744934
1.0,0.7155412435531616
0.0,0.27065399289131165
1.0,0.2693653404712677
1.0,0.7013747692108154
1.0,0.6816896796226501
1.0,0.7229605913162231
1.0,0.7287375330924988
1.0,0.7208977341651917
1.0,0.3976668119430542
1.0,0.7198120951652527
0.0,0.3049531579017639
0.0,0.31039929389953613
1.0,0.4868902564048767
1.0,0.7299824953079224
1.0,0.7293887138366699
1.0,0.2863384485244751
0.0,0.35591834783554077
1.0,0.7291421890258789
1.0,0.28184953331947327
1.0,0.6410971879959106
0.0,0.6286493539810181
0.0,0.26928308606147766
0.0,0.270112544298172
1.0,0.6198813915252686
1.0,0.6966808438301086
1.0,0.7222974896430969
1.0,0.7050186991691589
1.0,0.2915322780609131
1.0,0.7268874645233154
1.0,0.730065107345581
0.0,0.30102279782295227
1.0,0.6727242469787598
0.0,0.29742878675460815
1.0,0.30121442675590515
1.0,0.71185702085495
1.0,0.7308821082115173
0.0,0.28204190731048584
0.0,0.5087311267852783
1.0,0.6303892135620117
1.0,0.36628392338752747
1.0,0.2732405662536621
0.0,0.2726958394050598
1.0,0.7301545143127441
1.0,0.5626639723777771
1.0,0.27121731638908386
1.0,0.7137031555175781
1.0,0.7292332649230957
0.0,0.30467790365219116
0.0,0.2704120874404907
0.0,0.2817162871360779
1.0,0.6649162173271179
1.0,0.7116098999977112
1.0,0.7295143604278564
1.0,0.6823614239692688
1.0,0.7272284626960754
0.0,0.2717263102531433
0.0,0.28518086671829224
1.0,0.7279752492904663
1.0,0.7268145084381104
0.0,0.2764996290206909
0.0,0.328540563583374
0.0,0.3035469055175781
1.0,0.6472100019454956
0.0,0.2766200006008148
0.0,0.7268850207328796
0.0,0.3140109181404114
0.0,0.30500102043151855
1.0,0.43456602096557617
1.0,0.6894123554229736
1.0,0.41454899311065674
0.0,0.27291157841682434
1.0,0.7278324365615845
1.0,0.7278967499732971
1.0,0.6497684121131897
0.0,0.2970368266105652
0.0,0.638254702091217
1.0,0.7280433177947998
1.0,0.7071540355682373
0.0,0.2749924957752228
1.0,0.7289678454399109
0.0,0.3388662338256836
0.0,0.43459299206733704
0.0,0.2909407615661621
0.0,0.2799316644668579
1.0,0.7054707407951355
1.0,0.7261675000190735
0.0,0.3166144788265228
1.0,0.6699536442756653
1.0,0.7222167253494263
0.0,0.2790369391441345
0.0,0.2731102705001831
1.0,0.3687421977519989
1.0,0.373704195022583
0.0,0.2762658894062042
1.0,0.5067723393440247
1.0,0.6835881471633911
1.0,0.7132462859153748
1.0,0.7299527525901794
0.0,0.6584479212760925
1.0,0.489062637090683
0.0,0.5486878752708435
0.0,0.27993178367614746
1.0,0.7247707843780518
1.0,0.7288427352905273
0.0,0.35603204369544983
1.0,0.27174675464630127
0.0,0.7240817546844482
1.0,0.730617880821228
0.0,0.29807376861572266
1.0,0.7283663153648376
0.0,0.7068352699279785
0.0,0.29615673422813416
1.0,0.7120939493179321
0.0,0.2762349247932434
1.0,0.7083803415298462
1.0,0.5725679397583008
1.0,0.7046627998352051
1.0,0.7246456742286682
0.0,0.3153453767299652
1.0,0.7099042534828186
0.0,0.5516313910484314
0.0,0.2856646478176117
0.0,0.27298614382743835
1.0,0.4105358123779297
0.0,0.27285856008529663
1.0,0.7285678386688232
1.0,0.6038504242897034
0.0,0.2789772152900696
0.0,0.3164774179458618
0.0,0.28458189964294434
1.0,0.7293952703475952
0.0,0.40039941668510437
1.0,0.71471107006073
0.0,0.2956783175468445
1.0,0.31526124477386475
0.0,0.272165983915329
0.0,0.3359360694885254
1.0,0.7287864089012146
0.0,0.2793937921524048
0.0,0.2720698118209839
0.0,0.2721138894557953
0.0,0.43443015217781067
1.0,0.695400595664978
1.0,0.7294285893440247
0.0,0.27999722957611084
0.0,0.34709328413009644
1.0,0.5892557501792908
0.0,0.29355138540267944
0.0,0.5148903727531433
1.0,0.7297265529632568
0.0,0.285154789686203
1.0,0.2898189127445221
0.0,0.3885507881641388
0.0,0.2794560194015503
0.0,0.5532069802284241
1.0,0.7304964065551758
0.0,0.2895771563053131
0.0,0.49193352460861206
1.0,0.7193981409072876
1.0,0.7278298735618591
0.0,0.2722739279270172
1.0,0.6250486373901367
0.0,0.34365910291671753
0.0,0.27423223853111267
0.0,0.3120273947715759
1.0,0.2852635681629181
0.0,0.2941529154777527
1.0,0.3112615942955017
1.0,0.7087554335594177
0.0,0.35286301374435425
0.0,0.30164092779159546
1.0,0.7022947072982788
0.0,0.2757526934146881
0.0,0.2902360260486603
1.0,0.7294303178787231
0.0,0.7257615327835083
1.0,0.7291774749755859
1.0,0.7123458385467529
0.0,0.2849956750869751
1.0,0.7019177675247192
0.0,0.6783141493797302
0.0,0.2816590666770935
1.0,0.7128064632415771
1.0,0.4560919404029846
0.0,0.2775577902793884
0.0,0.37068790197372437
0.0,0.2850968539714813
1.0,0.6408434510231018
1.0,0.7278779745101929
0.0,0.27346375584602356
0.0,0.29345405101776123
0.0,0.276559054851532
1.0,0.7224674224853516
1.0,0.7274818420410156
0.0,0.29994216561317444
1.0,0.3560838997364044
1.0,0.7217946648597717
0.0,0.6256433725357056
1.0,0.5061307549476624
1.0,0.7190919518470764
0.0,0.2751663029193878
0.0,0.27851179242134094
0.0,0.27666497230529785
1.0,0.7244083285331726
1.0,0.7114532589912415
0.0,0.2728614807128906
1.0,0.5664740800857544
1.0,0.6899549961090088
0.0,0.32246360182762146
0.0,0.28250792622566223
1.0,0.7303763628005981
0.0,0.2852889895439148
0.0,0.2772834897041321
1.0,0.7298521399497986
1.0,0.6382343769073486
0.0,0.2726183235645294
0.0,0.7048676609992981
1.0,0.7300519943237305
1.0,0.7227143049240112
1.0,0.7284398078918457
0.0,0.2750598192214966
1.0,0.6320357918739319
1.0,0.41845589876174927
0.0,0.27274248003959656
0.0,0.32657966017723083
0.0,0.2707727551460266
0.0,0.404817670583725
1.0,0.7266768217086792
1.0,0.7232175469398499
1.0,0.7135888934135437
1.0,0.7223894000053406
0.0,0.2893052101135254
1.0,0.7189068794250488
0.0,0.5400028824806213
1.0,0.32495078444480896
0.0,0.28468039631843567
0.0,0.33927273750305176
1.0,0.7172066569328308
0.0,0.2697085440158844
0.0,0.35500502586364746
1.0,0.2980884313583374
0.0,0.5976054668426514
0.0,0.284634530544281
1.0,0.5582830309867859
0.0,0.2881554365158081
