protein,drug,True Label,Predicted Probability
0.0,0.27184921503067017
0.0,0.7294213175773621
1.0,0.7205372452735901
1.0,0.730302095413208
0.0,0.683003306388855
0.0,0.7243139147758484
0.0,0.2777211368083954
0.0,0.2740114629268646
1.0,0.7200806140899658
1.0,0.7302762866020203
1.0,0.7303402423858643
1.0,0.32653504610061646
1.0,0.2782604396343231
0.0,0.7197633981704712
0.0,0.7289896011352539
1.0,0.7292972803115845
1.0,0.7256506085395813
1.0,0.7278549671173096
0.0,0.27116861939430237
0.0,0.27113041281700134
0.0,0.6892738938331604
0.0,0.2876012325286865
0.0,0.6415570974349976
1.0,0.5511408448219299
1.0,0.7293879985809326
1.0,0.668819785118103
0.0,0.2715415358543396
1.0,0.7284205555915833
0.0,0.273257851600647
1.0,0.7299790382385254
1.0,0.7304027676582336
1.0,0.605796754360199
0.0,0.2700403332710266
1.0,0.7296789288520813
1.0,0.3128904402256012
1.0,0.7137244939804077
1.0,0.7249030470848083
0.0,0.7283534407615662
1.0,0.730093777179718
1.0,0.6450180411338806
0.0,0.7294713258743286
1.0,0.2709135413169861
0.0,0.7091314196586609
0.0,0.271670937538147
0.0,0.2705743610858917
0.0,0.40622931718826294
0.0,0.2738404870033264
0.0,0.7292677760124207
1.0,0.6348422169685364
0.0,0.31052181124687195
1.0,0.7302391529083252
0.0,0.275422602891922
1.0,0.7304234504699707
0.0,0.2696476876735687
1.0,0.6428247094154358
0.0,0.2711891233921051
1.0,0.6226215958595276
0.0,0.27070701122283936
1.0,0.7301496863365173
1.0,0.7300514578819275
1.0,0.7220391631126404
0.0,0.27014026045799255
1.0,0.7290155291557312
0.0,0.2824445068836212
0.0,0.2706689238548279
0.0,0.27411988377571106
1.0,0.7290314435958862
0.0,0.7223090529441833
1.0,0.546155571937561
0.0,0.27006956934928894
1.0,0.7096222639083862
1.0,0.7301637530326843
1.0,0.6910973191261292
1.0,0.7304031848907471
1.0,0.7300222516059875
1.0,0.7297201156616211
1.0,0.708246648311615
0.0,0.4098643958568573
0.0,0.2746872007846832
1.0,0.7294527292251587
1.0,0.2700621783733368
0.0,0.28267207741737366
0.0,0.32755225896835327
1.0,0.7295332551002502
1.0,0.7295032739639282
0.0,0.27053406834602356
1.0,0.2948465347290039
1.0,0.7282609939575195
0.0,0.27049121260643005
0.0,0.2715916037559509
1.0,0.7300456166267395
0.0,0.269570529460907
0.0,0.27134066820144653
0.0,0.2731809616088867
1.0,0.7298904657363892
1.0,0.7205345034599304
0.0,0.27024298906326294
1.0,0.7276811599731445
0.0,0.27669915556907654
0.0,0.2723475992679596
0.0,0.6686170101165771
0.0,0.27770018577575684
0.0,0.7237519025802612
1.0,0.7297235131263733
1.0,0.7253751158714294
1.0,0.7167286276817322
0.0,0.2726249694824219
0.0,0.28149741888046265
1.0,0.5131708383560181
1.0,0.7303147315979004
1.0,0.7285937070846558
1.0,0.6944035887718201
1.0,0.7286999225616455
1.0,0.7272347807884216
1.0,0.7299509048461914
0.0,0.2708272635936737
1.0,0.6480240821838379
0.0,0.2701200246810913
1.0,0.7280381321907043
0.0,0.7303014993667603
1.0,0.7272197604179382
1.0,0.7303128242492676
1.0,0.7284256815910339
1.0,0.2714524567127228
0.0,0.33851441740989685
1.0,0.7285267114639282
1.0,0.3241991698741913
0.0,0.2725376784801483
1.0,0.729989767074585
1.0,0.7265000939369202
0.0,0.27249452471733093
0.0,0.2999385595321655
0.0,0.725138247013092
0.0,0.272273451089859
0.0,0.26999130845069885
1.0,0.3255617320537567
0.0,0.2706716060638428
0.0,0.401277095079422
0.0,0.27021172642707825
0.0,0.279207319021225
0.0,0.2705894410610199
0.0,0.27299964427948
1.0,0.7294295430183411
1.0,0.2881307899951935
1.0,0.7289863228797913
1.0,0.7297362089157104
1.0,0.729324221611023
1.0,0.6521868109703064
1.0,0.7303236722946167
0.0,0.2798067033290863
1.0,0.7260480523109436
1.0,0.7300599217414856
1.0,0.726868212223053
0.0,0.27171847224235535
1.0,0.3339260220527649
0.0,0.2728520333766937
1.0,0.7303626537322998
0.0,0.27144360542297363
1.0,0.2730847895145416
1.0,0.7287884950637817
0.0,0.7222499847412109
1.0,0.7189985513687134
1.0,0.5039108991622925
0.0,0.7299840450286865
0.0,0.2710111141204834
1.0,0.7301267385482788
1.0,0.7285524010658264
1.0,0.7118161916732788
1.0,0.7284048795700073
0.0,0.2707543671131134
0.0,0.2790226638317108
1.0,0.30734983086586
1.0,0.7293010950088501
0.0,0.2767980098724365
0.0,0.6769703030586243
1.0,0.2704799175262451
0.0,0.27268707752227783
1.0,0.729275107383728
0.0,0.27333471179008484
0.0,0.27591586112976074
0.0,0.5145986080169678
1.0,0.7299508452415466
1.0,0.7090225219726562
1.0,0.7302207350730896
1.0,0.7299898266792297
0.0,0.43868488073349
1.0,0.7294761538505554
1.0,0.7301853895187378
0.0,0.27136725187301636
1.0,0.7296468615531921
0.0,0.2737317979335785
0.0,0.2707018256187439
1.0,0.7070857286453247
0.0,0.2700197696685791
0.0,0.38520917296409607
1.0,0.7294927835464478
0.0,0.2720363736152649
0.0,0.47939494252204895
1.0,0.7286829352378845
0.0,0.7214204668998718
0.0,0.2978499233722687
0.0,0.7301321625709534
1.0,0.3619920313358307
1.0,0.7291655540466309
1.0,0.27144283056259155
1.0,0.7302761673927307
1.0,0.7246513962745667
0.0,0.27094435691833496
0.0,0.7285611629486084
0.0,0.7213207483291626
1.0,0.7246626615524292
0.0,0.5277239680290222
0.0,0.2703852951526642
1.0,0.6975085735321045
1.0,0.7216909527778625
0.0,0.7287129759788513
0.0,0.27073007822036743
1.0,0.4242795407772064
1.0,0.729882001876831
0.0,0.2803645133972168
0.0,0.7275930643081665
0.0,0.2705795168876648
0.0,0.7275511026382446
0.0,0.27010378241539
0.0,0.2710516154766083
1.0,0.7287935614585876
1.0,0.7300795316696167
1.0,0.7274268865585327
0.0,0.27549809217453003
0.0,0.27854856848716736
0.0,0.27025723457336426
0.0,0.27060800790786743
1.0,0.7231124639511108
1.0,0.2850612699985504
1.0,0.7286374568939209
1.0,0.7298178672790527
0.0,0.2732228934764862
1.0,0.2707086503505707
0.0,0.4096467196941376
1.0,0.7255986332893372
1.0,0.7304683327674866
0.0,0.7260516881942749
1.0,0.7303659319877625
1.0,0.7297247052192688
0.0,0.2721421718597412
0.0,0.2743932604789734
0.0,0.2711704969406128
0.0,0.7287553548812866
1.0,0.7296112775802612
1.0,0.27008551359176636
1.0,0.729255199432373
1.0,0.7304413914680481
0.0,0.72977614402771
1.0,0.7302730083465576
1.0,0.7298145294189453
0.0,0.37429437041282654
1.0,0.6996278762817383
0.0,0.30885037779808044
0.0,0.2799343466758728
0.0,0.6464918255805969
0.0,0.5448808073997498
0.0,0.2735382318496704
0.0,0.2727135121822357
1.0,0.7294493913650513
1.0,0.729542076587677
0.0,0.7295994162559509
0.0,0.2732727527618408
0.0,0.27054762840270996
0.0,0.7237613797187805
0.0,0.724705159664154
0.0,0.2712251543998718
1.0,0.2738039493560791
0.0,0.2699110507965088
1.0,0.728280246257782
0.0,0.7272877097129822
0.0,0.27377283573150635
1.0,0.7299672961235046
1.0,0.7243566513061523
1.0,0.7303807735443115
1.0,0.7301353216171265
0.0,0.2714937925338745
0.0,0.2722969055175781
1.0,0.29441747069358826
0.0,0.2699364423751831
1.0,0.7032570838928223
1.0,0.723540186882019
0.0,0.7209545969963074
1.0,0.7291262745857239
0.0,0.43187710642814636
1.0,0.7271707057952881
0.0,0.28270408511161804
0.0,0.27089178562164307
1.0,0.7295414805412292
1.0,0.2701081335544586
0.0,0.2704024612903595
0.0,0.2749490439891815
1.0,0.7252395153045654
0.0,0.28842881321907043
0.0,0.3015649616718292
0.0,0.2738966941833496
1.0,0.729712724685669
1.0,0.3814322054386139
1.0,0.728150486946106
1.0,0.7261137962341309
1.0,0.7303584814071655
0.0,0.4369584619998932
0.0,0.28035882115364075
0.0,0.2699473202228546
0.0,0.2899584472179413
1.0,0.7302234172821045
0.0,0.27191540598869324
1.0,0.7303052544593811
0.0,0.2924334406852722
0.0,0.27550122141838074
1.0,0.7167668342590332
1.0,0.7256649136543274
1.0,0.42129531502723694
1.0,0.7299306988716125
1.0,0.728802502155304
0.0,0.27035486698150635
1.0,0.27672278881073
0.0,0.2710880935192108
1.0,0.2713406980037689
1.0,0.7302513122558594
0.0,0.27925899624824524
0.0,0.7305024862289429
1.0,0.7240772843360901
0.0,0.6234217882156372
1.0,0.7247869372367859
0.0,0.2760253846645355
1.0,0.729131817817688
1.0,0.5026556849479675
0.0,0.2784707248210907
1.0,0.730021059513092
1.0,0.7300188541412354
1.0,0.730119526386261
1.0,0.7227854132652283
0.0,0.27206966280937195
0.0,0.2705676555633545
0.0,0.27068468928337097
1.0,0.7292128801345825
1.0,0.7257575392723083
0.0,0.2712000906467438
0.0,0.32240721583366394
0.0,0.2706848382949829
0.0,0.37784895300865173
1.0,0.730181097984314
1.0,0.7273154854774475
1.0,0.3637397885322571
0.0,0.27155864238739014
0.0,0.27961939573287964
0.0,0.2724461555480957
1.0,0.7301018834114075
1.0,0.287850022315979
0.0,0.2749938368797302
1.0,0.7278900146484375
1.0,0.7290406823158264
1.0,0.7149205207824707
0.0,0.2838456928730011
0.0,0.2713783383369446
0.0,0.27133190631866455
1.0,0.7297936081886292
1.0,0.7300832271575928
1.0,0.7275404930114746
0.0,0.3089376389980316
1.0,0.7299209833145142
1.0,0.271248996257782
0.0,0.7281488180160522
0.0,0.7145639061927795
0.0,0.2718566656112671
0.0,0.27340322732925415
1.0,0.7291739583015442
1.0,0.7279078364372253
1.0,0.730223536491394
0.0,0.27272239327430725
1.0,0.730201005935669
0.0,0.7219424843788147
0.0,0.7035923600196838
0.0,0.27270591259002686
1.0,0.7297718524932861
0.0,0.27898508310317993
1.0,0.7277727127075195
1.0,0.7303110957145691
0.0,0.27127206325531006
1.0,0.7289505004882812
1.0,0.7125319838523865
1.0,0.7304150462150574
0.0,0.2872796356678009
1.0,0.2966170907020569
1.0,0.5946645140647888
1.0,0.2942686378955841
0.0,0.2725442945957184
1.0,0.7304458618164062
0.0,0.6876943111419678
0.0,0.27086809277534485
1.0,0.7302386164665222
1.0,0.37311670184135437
1.0,0.7299656867980957
0.0,0.306560218334198
0.0,0.2706104516983032
1.0,0.2747989892959595
0.0,0.7127789855003357
0.0,0.27102887630462646
1.0,0.7293118238449097
0.0,0.27468904852867126
0.0,0.7293737530708313
0.0,0.276420533657074
0.0,0.7109723091125488
0.0,0.272766649723053
0.0,0.6818599104881287
0.0,0.2770359218120575
0.0,0.27162882685661316
0.0,0.2734321355819702
1.0,0.30424627661705017
1.0,0.7298951745033264
1.0,0.7286115288734436
1.0,0.7305785417556763
0.0,0.7120767831802368
0.0,0.2784494161605835
1.0,0.28047800064086914
1.0,0.727228045463562
0.0,0.7278011441230774
0.0,0.371181845664978
0.0,0.2740667462348938
1.0,0.7221887707710266
1.0,0.3508860170841217
0.0,0.7105064988136292
1.0,0.728895902633667
0.0,0.2724277079105377
0.0,0.27091872692108154
1.0,0.27611806988716125
1.0,0.7293218374252319
1.0,0.7284218668937683
1.0,0.2817995548248291
1.0,0.2711232304573059
1.0,0.729759693145752
0.0,0.2735348045825958
1.0,0.7277580499649048
0.0,0.27027633786201477
0.0,0.2761809527873993
0.0,0.7165472507476807
0.0,0.26967132091522217
0.0,0.2764908969402313
1.0,0.7281176447868347
0.0,0.29548439383506775
0.0,0.2715742588043213
0.0,0.2708055377006531
1.0,0.7300174832344055
0.0,0.2753182649612427
1.0,0.7152307033538818
0.0,0.2817555069923401
0.0,0.2759839594364166
0.0,0.2710706889629364
0.0,0.2753135859966278
0.0,0.7219101786613464
1.0,0.7290829420089722
0.0,0.2718876600265503
0.0,0.2703760266304016
0.0,0.7280323505401611
0.0,0.2704457938671112
0.0,0.27207621932029724
1.0,0.7299240231513977
0.0,0.4820816218852997
0.0,0.7177419662475586
0.0,0.306283175945282
1.0,0.2726689875125885
1.0,0.7141404747962952
0.0,0.2699316442012787
0.0,0.2714001536369324
1.0,0.7271592617034912
1.0,0.3162415325641632
0.0,0.27072370052337646
0.0,0.2701624929904938
0.0,0.2726309299468994
1.0,0.7288780808448792
0.0,0.27388542890548706
0.0,0.270681768655777
0.0,0.27190688252449036
0.0,0.27293330430984497
1.0,0.7298777103424072
0.0,0.271990567445755
1.0,0.7293376326560974
1.0,0.7294788360595703
0.0,0.7162407040596008
1.0,0.2705870568752289
0.0,0.2790052890777588
1.0,0.7303436994552612
1.0,0.7292928695678711
1.0,0.2747959792613983
1.0,0.7299503087997437
0.0,0.27597904205322266
0.0,0.28138482570648193
1.0,0.7291956543922424
1.0,0.7293997406959534
0.0,0.27971741557121277
1.0,0.2760649621486664
1.0,0.7303891181945801
0.0,0.2739394009113312
0.0,0.27136141061782837
1.0,0.7289198637008667
0.0,0.26992151141166687
1.0,0.7280150651931763
0.0,0.27121466398239136
0.0,0.27051034569740295
0.0,0.27880048751831055
0.0,0.7261699438095093
0.0,0.6546199917793274
1.0,0.7280632257461548
0.0,0.27779126167297363
0.0,0.270534873008728
1.0,0.6723109483718872
1.0,0.7298937439918518
0.0,0.27061018347740173
0.0,0.2781260907649994
0.0,0.2743273675441742
0.0,0.27206578850746155
1.0,0.723182737827301
0.0,0.7102450132369995
1.0,0.7304774522781372
1.0,0.2741911709308624
1.0,0.7283958196640015
0.0,0.28192809224128723
0.0,0.2709274888038635
0.0,0.2928466796875
1.0,0.2732865512371063
0.0,0.3736315965652466
1.0,0.7296200394630432
1.0,0.7300791144371033
0.0,0.2710540294647217
1.0,0.7291452884674072
1.0,0.7302685379981995
0.0,0.26996779441833496
0.0,0.2708051800727844
0.0,0.7241529226303101
1.0,0.7302584648132324
0.0,0.7263811230659485
1.0,0.6290591359138489
0.0,0.2706422209739685
1.0,0.7270572185516357
1.0,0.7276248931884766
1.0,0.725380539894104
1.0,0.7302712798118591
1.0,0.729185163974762
0.0,0.30512458086013794
1.0,0.7236320972442627
0.0,0.2704026401042938
1.0,0.705807626247406
1.0,0.7294611930847168
1.0,0.7258660197257996
0.0,0.7270011305809021
1.0,0.27301502227783203
0.0,0.2772483825683594
1.0,0.7288743853569031
1.0,0.7298608422279358
0.0,0.2742544710636139
1.0,0.3046022653579712
0.0,0.2707138955593109
1.0,0.7285705208778381
0.0,0.27129489183425903
0.0,0.7289718389511108
0.0,0.27828341722488403
0.0,0.7291004061698914
1.0,0.7222473621368408
1.0,0.7297488451004028
0.0,0.2805913984775543
0.0,0.27361321449279785
1.0,0.7149494886398315
1.0,0.7243309020996094
0.0,0.7280153632164001
1.0,0.7298178672790527
0.0,0.2717169523239136
1.0,0.7266783714294434
0.0,0.4590449631214142
1.0,0.6837219595909119
0.0,0.2705419361591339
1.0,0.7281408309936523
0.0,0.27047550678253174
0.0,0.7255927324295044
1.0,0.7301917672157288
0.0,0.2744842767715454
1.0,0.721713125705719
1.0,0.729672908782959
0.0,0.7153719663619995
0.0,0.33316075801849365
1.0,0.7302781939506531
1.0,0.2954344153404236
0.0,0.2737620770931244
0.0,0.27099525928497314
0.0,0.2708452343940735
1.0,0.7294397354125977
0.0,0.2728821933269501
0.0,0.7149002552032471
0.0,0.271393358707428
1.0,0.7275115251541138
1.0,0.7283105850219727
0.0,0.2716308832168579
1.0,0.7303849458694458
0.0,0.2711673974990845
1.0,0.7293016314506531
0.0,0.2756575644016266
0.0,0.2743246555328369
1.0,0.7298181056976318
1.0,0.2852097153663635
0.0,0.2711121737957001
0.0,0.2970612347126007
0.0,0.2746269702911377
0.0,0.32474449276924133
1.0,0.7305842041969299
1.0,0.7303097248077393
0.0,0.7264372706413269
0.0,0.3086307644844055
0.0,0.2847047746181488
1.0,0.7283065319061279
1.0,0.7297551035881042
1.0,0.7138766646385193
1.0,0.7297888994216919
0.0,0.2743626534938812
0.0,0.31950366497039795
0.0,0.2707408368587494
0.0,0.2734127938747406
1.0,0.2730293273925781
0.0,0.27796661853790283
0.0,0.2722618579864502
1.0,0.6546156406402588
1.0,0.2715204954147339
1.0,0.7302156090736389
1.0,0.3244839906692505
0.0,0.27040350437164307
0.0,0.2980930209159851
1.0,0.2700558006763458
1.0,0.722467303276062
0.0,0.2769851088523865
0.0,0.2706456184387207
0.0,0.2723308801651001
1.0,0.274616003036499
0.0,0.2705182433128357
0.0,0.27067282795906067
1.0,0.7259263396263123
0.0,0.4841395318508148
0.0,0.2738257348537445
1.0,0.728695809841156
0.0,0.7296282649040222
0.0,0.27029919624328613
1.0,0.721377432346344
0.0,0.7072466611862183
1.0,0.722557008266449
0.0,0.2733932435512543
1.0,0.7292943596839905
1.0,0.7296333909034729
0.0,0.7057264447212219
1.0,0.7297383546829224
0.0,0.2705002725124359
1.0,0.3381381928920746
1.0,0.7295301556587219
0.0,0.27156248688697815
0.0,0.3829277455806732
1.0,0.7224412560462952
1.0,0.7202522158622742
1.0,0.595160961151123
0.0,0.2924906015396118
0.0,0.7158570885658264
0.0,0.27093392610549927
0.0,0.2749065160751343
1.0,0.7301369905471802
0.0,0.7304481863975525
1.0,0.7278710007667542
0.0,0.7264700531959534
0.0,0.27053844928741455
1.0,0.7284498810768127
0.0,0.27131691575050354
0.0,0.2702409327030182
1.0,0.728866696357727
1.0,0.7299889922142029
1.0,0.7274519205093384
0.0,0.2701563239097595
0.0,0.2735080122947693
1.0,0.2743324637413025
1.0,0.7279329895973206
0.0,0.7291436195373535
0.0,0.275850772857666
0.0,0.7269548773765564
0.0,0.27096205949783325
0.0,0.2734221816062927
1.0,0.7160287499427795
1.0,0.27784910798072815
1.0,0.7219974398612976
0.0,0.2711637020111084
1.0,0.27151021361351013
0.0,0.2791437804698944
0.0,0.3681604564189911
0.0,0.725154459476471
0.0,0.27071723341941833
1.0,0.7297890782356262
0.0,0.30629149079322815
0.0,0.2703447639942169
1.0,0.2733505964279175
0.0,0.6216384172439575
0.0,0.7272830605506897
0.0,0.2705793082714081
0.0,0.7301667332649231
1.0,0.7294966578483582
1.0,0.726592481136322
1.0,0.7297135591506958
0.0,0.5559319257736206
1.0,0.2713277041912079
0.0,0.27048641443252563
1.0,0.7294528484344482
1.0,0.714776873588562
1.0,0.7304344177246094
0.0,0.2700006663799286
1.0,0.7305683493614197
1.0,0.7299791574478149
0.0,0.27190038561820984
1.0,0.7277142405509949
0.0,0.2697296440601349
1.0,0.7275377511978149
0.0,0.2696753144264221
1.0,0.7294983267784119
1.0,0.27202290296554565
0.0,0.7304317355155945
1.0,0.729542076587677
0.0,0.277300089597702
1.0,0.72927325963974
1.0,0.727130651473999
0.0,0.29422861337661743
1.0,0.2770405113697052
0.0,0.2840569317340851
1.0,0.7275592088699341
0.0,0.2901199162006378
1.0,0.729888379573822
1.0,0.7299345135688782
0.0,0.28047963976860046
0.0,0.2710299789905548
0.0,0.27170848846435547
0.0,0.7227790951728821
1.0,0.7119150757789612
0.0,0.27015894651412964
0.0,0.27715733647346497
1.0,0.7301522493362427
1.0,0.729240357875824
1.0,0.7302062511444092
0.0,0.27876707911491394
1.0,0.7287206649780273
1.0,0.4552590548992157
1.0,0.7153564095497131
0.0,0.2728714644908905
1.0,0.7291831374168396
1.0,0.4534565210342407
1.0,0.7294448614120483
0.0,0.2703833281993866
0.0,0.2702435553073883
0.0,0.2707393169403076
1.0,0.7303986549377441
0.0,0.271148145198822
0.0,0.27288874983787537
0.0,0.27500370144844055
0.0,0.2717549204826355
1.0,0.7179877758026123
0.0,0.2824350595474243
0.0,0.27171745896339417
1.0,0.7044802308082581
1.0,0.72688889503479
1.0,0.2739170491695404
1.0,0.6679224967956543
1.0,0.7267858982086182
1.0,0.7053548693656921
1.0,0.2761869728565216
0.0,0.2909787595272064
1.0,0.7293410301208496
0.0,0.27094632387161255
0.0,0.27030906081199646
0.0,0.27831748127937317
0.0,0.27952855825424194
0.0,0.2737274765968323
0.0,0.3879159092903137
0.0,0.7177466750144958
1.0,0.730559766292572
0.0,0.2740176022052765
0.0,0.7302430868148804
0.0,0.6860558390617371
0.0,0.27157604694366455
1.0,0.7270070314407349
1.0,0.2714129388332367
1.0,0.6878064274787903
1.0,0.7058785557746887
1.0,0.7298940420150757
1.0,0.7296212911605835
0.0,0.7198785543441772
1.0,0.697646975517273
1.0,0.6944206357002258
1.0,0.27163779735565186
1.0,0.27239787578582764
0.0,0.7146961688995361
0.0,0.28379103541374207
1.0,0.7226117253303528
0.0,0.7285826206207275
1.0,0.3050636649131775
0.0,0.7216535806655884
0.0,0.36027416586875916
1.0,0.7303023338317871
1.0,0.2707286477088928
1.0,0.728489339351654
1.0,0.7303986549377441
1.0,0.7253953218460083
1.0,0.7296048402786255
0.0,0.7295364141464233
0.0,0.2907288670539856
1.0,0.7233693599700928
0.0,0.2760199308395386
1.0,0.719473123550415
0.0,0.27672430872917175
1.0,0.7272701859474182
0.0,0.27109599113464355
0.0,0.2845986783504486
0.0,0.27497270703315735
0.0,0.7243649363517761
1.0,0.7292439341545105
1.0,0.2721254527568817
1.0,0.7264270782470703
0.0,0.2709363102912903
0.0,0.27099791169166565
1.0,0.7301887273788452
0.0,0.2708316147327423
0.0,0.730080783367157
0.0,0.2753429710865021
1.0,0.7293124198913574
0.0,0.7273603677749634
1.0,0.7286239266395569
1.0,0.7300759553909302
1.0,0.728444516658783
0.0,0.322355717420578
0.0,0.27007484436035156
0.0,0.27625080943107605
0.0,0.35972341895103455
1.0,0.7270125150680542
1.0,0.27389341592788696
1.0,0.7239373326301575
0.0,0.2741785943508148
0.0,0.2720683813095093
0.0,0.27808716893196106
0.0,0.2806313633918762
0.0,0.2705982029438019
1.0,0.7233995795249939
1.0,0.7214752435684204
0.0,0.271484375
0.0,0.27525272965431213
0.0,0.2760668396949768
0.0,0.2755397856235504
0.0,0.36795830726623535
1.0,0.27974051237106323
1.0,0.7299057841300964
0.0,0.27127805352211
1.0,0.7213881611824036
0.0,0.7287155985832214
0.0,0.27279427647590637
0.0,0.2703717052936554
0.0,0.27014675736427307
1.0,0.7293223738670349
1.0,0.7207322716712952
1.0,0.6975430250167847
1.0,0.7209349870681763
0.0,0.27224069833755493
1.0,0.563549280166626
1.0,0.7295480966567993
0.0,0.27407437562942505
1.0,0.7285574674606323
1.0,0.27633383870124817
0.0,0.27704867720603943
1.0,0.7291258573532104
0.0,0.2721892297267914
0.0,0.27503249049186707
1.0,0.2826586961746216
0.0,0.2737371325492859
1.0,0.7302699685096741
0.0,0.4945279359817505
0.0,0.4323914647102356
0.0,0.27295956015586853
1.0,0.27238166332244873
1.0,0.7293643355369568
0.0,0.27048003673553467
0.0,0.2792948782444
0.0,0.7291666865348816
0.0,0.27054113149642944
1.0,0.7298908829689026
0.0,0.2710839509963989
0.0,0.27124086022377014
0.0,0.27390843629837036
0.0,0.7300914525985718
1.0,0.7296160459518433
1.0,0.6920108795166016
0.0,0.2696494162082672
0.0,0.2812046408653259
0.0,0.7221362590789795
0.0,0.26972293853759766
1.0,0.27646809816360474
1.0,0.7294542193412781
0.0,0.7300400137901306
1.0,0.7304083108901978
1.0,0.7278756499290466
0.0,0.27642497420310974
1.0,0.7278990149497986
0.0,0.28685253858566284
1.0,0.7291485667228699
0.0,0.2706981599330902
0.0,0.2749382257461548
0.0,0.6751078963279724
0.0,0.27657634019851685
1.0,0.27068376541137695
0.0,0.7275200486183167
0.0,0.27060338854789734
1.0,0.2952616810798645
0.0,0.6976431012153625
0.0,0.271327942609787
1.0,0.7282365560531616
1.0,0.7184568643569946
1.0,0.7299011945724487
1.0,0.2720029652118683
1.0,0.7293198704719543
1.0,0.7129422426223755
1.0,0.7267636060714722
0.0,0.27386897802352905
1.0,0.27256080508232117
0.0,0.7202134132385254
1.0,0.6828038692474365
0.0,0.26972341537475586
1.0,0.7302305102348328
1.0,0.48872023820877075
0.0,0.2736404538154602
1.0,0.2747507095336914
0.0,0.27194586396217346
0.0,0.3266177177429199
1.0,0.7294676303863525
1.0,0.7122728228569031
1.0,0.7229752540588379
0.0,0.30690068006515503
0.0,0.7235090136528015
1.0,0.7293664813041687
1.0,0.2701069116592407
0.0,0.2702729403972626
1.0,0.7281079888343811
0.0,0.27292510867118835
0.0,0.3108031153678894
0.0,0.2727334797382355
0.0,0.2746888995170593
1.0,0.7302647233009338
0.0,0.6944741606712341
1.0,0.7305305600166321
1.0,0.7287964224815369
1.0,0.7297547459602356
0.0,0.2720624804496765
0.0,0.27094584703445435
1.0,0.7303010821342468
1.0,0.705086350440979
0.0,0.2707171142101288
0.0,0.6908050775527954
0.0,0.5938771367073059
1.0,0.29311567544937134
0.0,0.26988473534584045
1.0,0.7302059531211853
1.0,0.27336934208869934
0.0,0.28318437933921814
1.0,0.27998086810112
0.0,0.27635860443115234
1.0,0.7296934723854065
0.0,0.27064216136932373
0.0,0.27301234006881714
0.0,0.7278309464454651
1.0,0.7214705944061279
0.0,0.2715371549129486
0.0,0.27175265550613403
1.0,0.7272410988807678
1.0,0.7281215190887451
0.0,0.324280709028244
1.0,0.7277865409851074
0.0,0.6934269070625305
1.0,0.7299448251724243
0.0,0.3471764028072357
0.0,0.27283063530921936
1.0,0.7304872870445251
0.0,0.2710314691066742
1.0,0.7299861311912537
0.0,0.27110278606414795
0.0,0.42613381147384644
1.0,0.27172333002090454
0.0,0.2810393273830414
1.0,0.27000802755355835
1.0,0.27219587564468384
1.0,0.726690948009491
0.0,0.7300505638122559
0.0,0.2710442841053009
1.0,0.7247073650360107
0.0,0.4772411584854126
0.0,0.33281269669532776
0.0,0.27796515822410583
0.0,0.27058231830596924
0.0,0.2699377238750458
0.0,0.28080081939697266
1.0,0.27099090814590454
0.0,0.27772554755210876
1.0,0.7297044396400452
1.0,0.7301031947135925
1.0,0.27806463837623596
1.0,0.7294456362724304
1.0,0.7223494052886963
1.0,0.7286995053291321
1.0,0.7296663522720337
0.0,0.2708510458469391
0.0,0.7133584022521973
1.0,0.7253120541572571
0.0,0.27255991101264954
0.0,0.2698327302932739
1.0,0.7281255722045898
0.0,0.2737911641597748
0.0,0.7233216166496277
1.0,0.7270002961158752
1.0,0.2969238758087158
0.0,0.27440306544303894
0.0,0.27056312561035156
0.0,0.2734107971191406
1.0,0.7277564406394958
1.0,0.6675733327865601
0.0,0.2712423801422119
0.0,0.27058762311935425
1.0,0.27070772647857666
0.0,0.2739531993865967
1.0,0.7304097414016724
0.0,0.272570937871933
1.0,0.7299403548240662
0.0,0.2705858647823334
0.0,0.269950807094574
1.0,0.708850622177124
1.0,0.730089008808136
1.0,0.3679921627044678
1.0,0.727150022983551
0.0,0.7252324223518372
1.0,0.657392680644989
1.0,0.27928805351257324
0.0,0.6849437952041626
1.0,0.6770464777946472
1.0,0.7302742004394531
1.0,0.727897584438324
0.0,0.275269478559494
0.0,0.27702006697654724
0.0,0.7302478551864624
0.0,0.2708844840526581
0.0,0.27189093828201294
1.0,0.7273174524307251
0.0,0.2716963291168213
0.0,0.7167053818702698
1.0,0.7027726769447327
0.0,0.719835102558136
0.0,0.7303677201271057
1.0,0.7301463484764099
1.0,0.27149590849876404
1.0,0.7296682596206665
1.0,0.647503137588501
0.0,0.2716973125934601
1.0,0.2714296877384186
1.0,0.6332133412361145
0.0,0.27006083726882935
1.0,0.7296450734138489
0.0,0.27450668811798096
1.0,0.7230369448661804
1.0,0.7299246191978455
0.0,0.27137288451194763
0.0,0.27026379108428955
0.0,0.27070677280426025
1.0,0.29543066024780273
1.0,0.720612645149231
1.0,0.6756200790405273
0.0,0.2710389494895935
1.0,0.7291954159736633
0.0,0.5324249863624573
0.0,0.7276491522789001
0.0,0.27046045660972595
1.0,0.7292059063911438
1.0,0.7304905652999878
1.0,0.72795569896698
0.0,0.2786290943622589
0.0,0.2707744240760803
0.0,0.27017942070961
0.0,0.2748813033103943
1.0,0.7286249399185181
1.0,0.7236515879631042
0.0,0.2709234952926636
1.0,0.7300741672515869
1.0,0.7282179594039917
1.0,0.7293494343757629
0.0,0.725633978843689
1.0,0.2737672030925751
1.0,0.7243582010269165
1.0,0.6953153610229492
0.0,0.2730066776275635
1.0,0.7302107810974121
1.0,0.7010483741760254
1.0,0.72730952501297
0.0,0.270384818315506
1.0,0.271009236574173
1.0,0.7286723256111145
0.0,0.7258808016777039
0.0,0.29900240898132324
0.0,0.7215864658355713
0.0,0.2810930907726288
0.0,0.7214595675468445
0.0,0.2722410261631012
0.0,0.27390187978744507
0.0,0.7300216555595398
1.0,0.6214295625686646
1.0,0.7256519794464111
0.0,0.27134865522384644
0.0,0.2719228267669678
0.0,0.27179867029190063
1.0,0.7300153970718384
0.0,0.27505919337272644
1.0,0.7261646389961243
1.0,0.68612140417099
0.0,0.2728775441646576
1.0,0.7283713817596436
1.0,0.6888055801391602
0.0,0.2719234824180603
0.0,0.27356037497520447
1.0,0.7293230295181274
1.0,0.7297624945640564
1.0,0.7090054154396057
0.0,0.27150148153305054
1.0,0.7295671105384827
0.0,0.2715076506137848
0.0,0.2712486684322357
0.0,0.27190104126930237
0.0,0.2701607644557953
0.0,0.2781957983970642
0.0,0.6982155442237854
0.0,0.3504572808742523
0.0,0.2809516191482544
1.0,0.7292205691337585
1.0,0.727297306060791
0.0,0.2705931067466736
0.0,0.27695098519325256
0.0,0.7168434262275696
1.0,0.729720413684845
1.0,0.7244583964347839
0.0,0.2696037292480469
0.0,0.2707088887691498
0.0,0.27016347646713257
1.0,0.7293922901153564
0.0,0.27045750617980957
0.0,0.2700674533843994
1.0,0.6629902720451355
0.0,0.3125312924385071
1.0,0.7296275496482849
0.0,0.6571164727210999
0.0,0.27634885907173157
0.0,0.2701781094074249
1.0,0.4852146506309509
1.0,0.7229567766189575
0.0,0.2749227285385132
1.0,0.729315459728241
0.0,0.7197593450546265
0.0,0.2718850374221802
1.0,0.7297012805938721
0.0,0.27115726470947266
0.0,0.6880246996879578
0.0,0.27104341983795166
0.0,0.3896034359931946
0.0,0.2697873115539551
0.0,0.4584941864013672
0.0,0.26976335048675537
1.0,0.7306253910064697
0.0,0.2705628573894501
0.0,0.7209937572479248
1.0,0.7086555361747742
0.0,0.27720907330513
1.0,0.7189103364944458
0.0,0.27168008685112
1.0,0.7286285161972046
1.0,0.7298730611801147
1.0,0.2700561583042145
0.0,0.7291655540466309
0.0,0.27175650000572205
0.0,0.7129531502723694
1.0,0.7264714241027832
1.0,0.32007598876953125
0.0,0.2710222601890564
1.0,0.7131251096725464
0.0,0.2743324935436249
0.0,0.274039626121521
0.0,0.26996055245399475
0.0,0.47482866048812866
0.0,0.27170634269714355
0.0,0.7249283790588379
0.0,0.3699076473712921
0.0,0.6596455574035645
0.0,0.2697902023792267
0.0,0.27288293838500977
0.0,0.7197067737579346
1.0,0.7303653359413147
1.0,0.7235051393508911
1.0,0.7292042374610901
0.0,0.2848169505596161
1.0,0.7303562760353088
1.0,0.72861647605896
0.0,0.7271262407302856
1.0,0.7239030599594116
1.0,0.27007901668548584
1.0,0.34603750705718994
1.0,0.7300941944122314
1.0,0.7299559116363525
1.0,0.7295454740524292
1.0,0.7287525534629822
1.0,0.7278252840042114
1.0,0.2930926978588104
0.0,0.2725186347961426
0.0,0.6674692630767822
1.0,0.7290531396865845
1.0,0.7302306890487671
1.0,0.3193296194076538
0.0,0.2715788781642914
1.0,0.7287790179252625
1.0,0.729550838470459
0.0,0.2717112898826599
0.0,0.6249989867210388
1.0,0.2913248538970947
1.0,0.27532097697257996
1.0,0.7298965454101562
1.0,0.7301467061042786
0.0,0.27435460686683655
1.0,0.7239041328430176
0.0,0.270078182220459
0.0,0.27076980471611023
0.0,0.2705051004886627
0.0,0.2733282744884491
0.0,0.7276749610900879
0.0,0.7209373712539673
0.0,0.7275024652481079
0.0,0.2719973027706146
0.0,0.4463645815849304
1.0,0.2792596220970154
1.0,0.730165958404541
0.0,0.2726837992668152
0.0,0.6426146626472473
0.0,0.27187028527259827
1.0,0.7302701473236084
1.0,0.7302189469337463
1.0,0.7269960045814514
0.0,0.27139315009117126
0.0,0.2780102789402008
1.0,0.27522265911102295
1.0,0.7299978137016296
0.0,0.6687020659446716
1.0,0.2752964198589325
1.0,0.7237633466720581
1.0,0.7290371656417847
1.0,0.7284286618232727
1.0,0.7267520427703857
0.0,0.2882665991783142
1.0,0.7239049673080444
0.0,0.27253663539886475
1.0,0.3257291913032532
0.0,0.7272809743881226
1.0,0.2756553590297699
1.0,0.728460431098938
0.0,0.3183645009994507
0.0,0.2705126702785492
0.0,0.27310270071029663
1.0,0.6787945032119751
1.0,0.72986900806427
1.0,0.6807968020439148
1.0,0.2919744551181793
0.0,0.2740687429904938
1.0,0.7280599474906921
0.0,0.27301135659217834
1.0,0.7296019196510315
1.0,0.7251632809638977
0.0,0.7227610349655151
0.0,0.2729544937610626
0.0,0.2764473557472229
0.0,0.279852032661438
1.0,0.2728816270828247
0.0,0.2729337215423584
0.0,0.2703095078468323
1.0,0.3649286925792694
0.0,0.2741604745388031
0.0,0.27491432428359985
1.0,0.7202525734901428
1.0,0.2716715335845947
0.0,0.27247002720832825
1.0,0.7284803986549377
0.0,0.28132638335227966
1.0,0.5736048221588135
1.0,0.729987621307373
0.0,0.6937710046768188
0.0,0.2715115547180176
0.0,0.27208033204078674
0.0,0.2845741808414459
0.0,0.2831821143627167
0.0,0.2707754969596863
1.0,0.292814701795578
1.0,0.7008925080299377
0.0,0.2714545428752899
0.0,0.2797758877277374
0.0,0.27126336097717285
1.0,0.7171229124069214
1.0,0.7292983531951904
0.0,0.2701515853404999
0.0,0.27013877034187317
0.0,0.300830602645874
1.0,0.7280499339103699
0.0,0.27337509393692017
0.0,0.27104198932647705
0.0,0.7296566963195801
1.0,0.7299122214317322
0.0,0.27331864833831787
0.0,0.274334579706192
1.0,0.2715808153152466
1.0,0.7303630709648132
1.0,0.73015296459198
0.0,0.6849956512451172
1.0,0.279308944940567
0.0,0.27031391859054565
1.0,0.7295449376106262
1.0,0.7289605736732483
0.0,0.6777586340904236
1.0,0.7305851578712463
1.0,0.27348366379737854
1.0,0.7264665365219116
1.0,0.27399125695228577
0.0,0.27238696813583374
0.0,0.2706100642681122
1.0,0.7295886874198914
0.0,0.2887169420719147
0.0,0.2704002559185028
0.0,0.35938599705696106
1.0,0.7279509902000427
0.0,0.27161264419555664
0.0,0.2804938852787018
0.0,0.27744412422180176
1.0,0.7297396063804626
0.0,0.3810974359512329
0.0,0.2708260118961334
1.0,0.7284603714942932
1.0,0.729833722114563
1.0,0.7201197147369385
1.0,0.7288841605186462
1.0,0.730509877204895
1.0,0.6080207824707031
0.0,0.27343320846557617
0.0,0.27036944031715393
1.0,0.7289044260978699
1.0,0.7304298281669617
1.0,0.7292407751083374
0.0,0.27265864610671997
0.0,0.27321019768714905
1.0,0.27103087306022644
0.0,0.27806544303894043
0.0,0.2740337550640106
1.0,0.7288712859153748
0.0,0.27174484729766846
0.0,0.7082325220108032
1.0,0.7291982769966125
1.0,0.7237082123756409
0.0,0.2718851566314697
0.0,0.2699607014656067
1.0,0.729949951171875
1.0,0.7302020192146301
0.0,0.5676128268241882
1.0,0.7268096804618835
1.0,0.7261416912078857
0.0,0.7264692783355713
0.0,0.2702975869178772
1.0,0.7280373573303223
1.0,0.7226524353027344
1.0,0.7299149632453918
0.0,0.27204209566116333
1.0,0.7298660278320312
0.0,0.27757394313812256
0.0,0.7298015356063843
1.0,0.4912160336971283
1.0,0.7296682596206665
0.0,0.28794053196907043
1.0,0.7221331000328064
1.0,0.7300688624382019
1.0,0.7289609909057617
1.0,0.7270481586456299
1.0,0.7293341755867004
1.0,0.7282374501228333
1.0,0.2835422158241272
1.0,0.7282513380050659
0.0,0.2811163365840912
0.0,0.27078285813331604
0.0,0.6650838255882263
0.0,0.2721034288406372
0.0,0.2731381058692932
1.0,0.7295449376106262
1.0,0.7295966744422913
0.0,0.7131816744804382
1.0,0.7166666984558105
1.0,0.727088987827301
0.0,0.27268150448799133
0.0,0.27078884840011597
1.0,0.729848325252533
0.0,0.27274349331855774
0.0,0.2718212902545929
0.0,0.2755323350429535
1.0,0.7302165627479553
0.0,0.274728924036026
0.0,0.2705167531967163
1.0,0.2880772650241852
0.0,0.27232062816619873
0.0,0.2713903784751892
0.0,0.27772057056427
0.0,0.27660131454467773
1.0,0.7296926379203796
0.0,0.2713630795478821
0.0,0.27380675077438354
1.0,0.2789974808692932
0.0,0.7286226749420166
0.0,0.6514446139335632
0.0,0.6840135455131531
0.0,0.33780568838119507
1.0,0.7301055788993835
1.0,0.7253325581550598
0.0,0.27041348814964294
0.0,0.27119988203048706
1.0,0.7018043398857117
0.0,0.4486798048019409
0.0,0.29045572876930237
1.0,0.7301065921783447
0.0,0.6653843522071838
0.0,0.7286736965179443
1.0,0.7294443249702454
1.0,0.7296503782272339
0.0,0.2722247838973999
1.0,0.2743287682533264
1.0,0.7280079126358032
1.0,0.7298049926757812
0.0,0.2755987048149109
1.0,0.7288358211517334
1.0,0.2825518250465393
0.0,0.27010637521743774
0.0,0.718738853931427
0.0,0.27208369970321655
0.0,0.3028518557548523
1.0,0.7282643914222717
1.0,0.27977287769317627
0.0,0.2708031237125397
1.0,0.7302305102348328
0.0,0.4886667728424072
1.0,0.28008192777633667
0.0,0.2732287049293518
0.0,0.29317912459373474
0.0,0.27102670073509216
1.0,0.2887764573097229
0.0,0.2701243758201599
0.0,0.2747533321380615
0.0,0.2744261920452118
0.0,0.28188642859458923
1.0,0.2829051613807678
1.0,0.7072044014930725
1.0,0.7301684617996216
1.0,0.7228565216064453
0.0,0.7218305468559265
0.0,0.2722659409046173
1.0,0.7298456430435181
0.0,0.27627959847450256
0.0,0.2717072069644928
0.0,0.27137747406959534
0.0,0.276536762714386
0.0,0.27302780747413635
1.0,0.7298979759216309
1.0,0.2849474251270294
0.0,0.2855399549007416
1.0,0.29481297731399536
0.0,0.2781892716884613
1.0,0.27611756324768066
0.0,0.33846989274024963
1.0,0.7297897934913635
1.0,0.7302660346031189
1.0,0.7298704981803894
0.0,0.6753197908401489
1.0,0.7293995022773743
1.0,0.7302572727203369
0.0,0.27015092968940735
0.0,0.27261781692504883
0.0,0.30184945464134216
0.0,0.27057787775993347
0.0,0.7304961681365967
1.0,0.4718027710914612
1.0,0.5724426507949829
1.0,0.27091941237449646
1.0,0.729554295539856
1.0,0.7300994396209717
0.0,0.4299524426460266
0.0,0.7300651669502258
1.0,0.27435705065727234
0.0,0.7070296406745911
0.0,0.2737392485141754
0.0,0.28106456995010376
0.0,0.2713376581668854
1.0,0.7298964262008667
0.0,0.7233205437660217
1.0,0.4421750009059906
1.0,0.726144552230835
1.0,0.7299321293830872
0.0,0.27080264687538147
0.0,0.2729680836200714
0.0,0.27023792266845703
1.0,0.7302045822143555
0.0,0.26980993151664734
0.0,0.43903911113739014
1.0,0.46281230449676514
1.0,0.7302376627922058
0.0,0.2730928659439087
1.0,0.7294421792030334
0.0,0.2878310978412628
0.0,0.28106093406677246
0.0,0.30663901567459106
1.0,0.7303507328033447
1.0,0.7283785939216614
0.0,0.2707783281803131
0.0,0.2811971604824066
0.0,0.27654600143432617
1.0,0.7289183139801025
1.0,0.7297374606132507
1.0,0.7273014187812805
0.0,0.7205406427383423
0.0,0.27228477597236633
0.0,0.2732105255126953
0.0,0.43504372239112854
0.0,0.730031430721283
1.0,0.287347674369812
0.0,0.2726208567619324
0.0,0.6971229910850525
1.0,0.7293483018875122
0.0,0.6566457748413086
1.0,0.7284981608390808
1.0,0.2740841805934906
1.0,0.3070003390312195
1.0,0.7270389199256897
0.0,0.2725771367549896
1.0,0.7291854619979858
0.0,0.2706124484539032
0.0,0.39494946599006653
0.0,0.2991575002670288
0.0,0.699913740158081
0.0,0.2726689577102661
1.0,0.729235053062439
0.0,0.26979777216911316
1.0,0.2732170522212982
1.0,0.729546070098877
0.0,0.2786175310611725
0.0,0.2699761390686035
1.0,0.7209894061088562
0.0,0.2708127796649933
0.0,0.7202966213226318
0.0,0.2709566056728363
1.0,0.7147046327590942
0.0,0.26964813470840454
1.0,0.26967182755470276
1.0,0.7135440111160278
0.0,0.2706592381000519
1.0,0.7255434989929199
0.0,0.26989981532096863
1.0,0.7282859086990356
1.0,0.3041010797023773
1.0,0.7304322123527527
1.0,0.7181142568588257
0.0,0.2734782099723816
1.0,0.28436288237571716
1.0,0.7297926545143127
1.0,0.2944445312023163
1.0,0.7288402915000916
1.0,0.27558228373527527
1.0,0.7290769815444946
0.0,0.2771666347980499
1.0,0.7291830778121948
0.0,0.27061229944229126
0.0,0.27308663725852966
0.0,0.2715478241443634
0.0,0.27830788493156433
0.0,0.2719915807247162
0.0,0.27070188522338867
1.0,0.7277866005897522
1.0,0.7297482490539551
1.0,0.411203533411026
1.0,0.7272707223892212
0.0,0.32031598687171936
1.0,0.7258403897285461
0.0,0.27358290553092957
0.0,0.2721520960330963
1.0,0.7290116548538208
0.0,0.2878727614879608
1.0,0.7292372584342957
1.0,0.3028828501701355
1.0,0.6813572645187378
1.0,0.7299227714538574
0.0,0.271710067987442
1.0,0.7300701141357422
0.0,0.7109227776527405
0.0,0.2730022966861725
0.0,0.28124508261680603
0.0,0.2772166430950165
1.0,0.27041205763816833
1.0,0.2765010893344879
1.0,0.7297384142875671
1.0,0.2723630666732788
1.0,0.7288790345191956
0.0,0.2720543146133423
1.0,0.7296038866043091
1.0,0.730088472366333
1.0,0.2716655135154724
1.0,0.7302496433258057
0.0,0.7285029292106628
0.0,0.3367737829685211
1.0,0.3082297742366791
0.0,0.2870773375034332
0.0,0.2722369432449341
0.0,0.270635187625885
0.0,0.2764522135257721
0.0,0.7281686663627625
1.0,0.7296191453933716
1.0,0.7300200462341309
1.0,0.7279849648475647
0.0,0.2711806297302246
1.0,0.7094590663909912
1.0,0.7285221815109253
0.0,0.2711282968521118
1.0,0.7285967469215393
0.0,0.3084225654602051
1.0,0.7265468239784241
1.0,0.28791120648384094
1.0,0.7149869799613953
0.0,0.2780708372592926
0.0,0.27194157242774963
1.0,0.5504504442214966
1.0,0.27414557337760925
1.0,0.2715100347995758
1.0,0.7286207675933838
0.0,0.6807370781898499
0.0,0.2705400586128235
1.0,0.7288553714752197
0.0,0.35153746604919434
0.0,0.2772129476070404
0.0,0.270994633436203
0.0,0.27435582876205444
1.0,0.7299930453300476
0.0,0.35691186785697937
1.0,0.29985976219177246
1.0,0.730189859867096
1.0,0.7280635833740234
1.0,0.5682727098464966
1.0,0.5206793546676636
1.0,0.7133579850196838
0.0,0.2708365321159363
0.0,0.2777521312236786
0.0,0.27078717947006226
0.0,0.5997955203056335
0.0,0.7221927046775818
0.0,0.27092912793159485
1.0,0.7273527979850769
1.0,0.7284555435180664
0.0,0.39116060733795166
1.0,0.7303913831710815
0.0,0.270816445350647
0.0,0.27090105414390564
1.0,0.729444682598114
1.0,0.7291287183761597
0.0,0.2709786593914032
0.0,0.28018704056739807
1.0,0.7298639416694641
0.0,0.6192277669906616
1.0,0.7300954461097717
0.0,0.27180126309394836
1.0,0.7295804023742676
1.0,0.7287577390670776
1.0,0.7297312021255493
1.0,0.7247097492218018
1.0,0.33277204632759094
1.0,0.31059539318084717
0.0,0.7121649980545044
1.0,0.7302761673927307
1.0,0.7305275201797485
0.0,0.2704595923423767
0.0,0.29522430896759033
0.0,0.27156776189804077
0.0,0.2698337435722351
0.0,0.27024173736572266
1.0,0.7286125421524048
1.0,0.7295405864715576
0.0,0.284932941198349
1.0,0.7291702628135681
1.0,0.7293139696121216
0.0,0.7260955572128296
1.0,0.7294839024543762
0.0,0.27268680930137634
1.0,0.27101612091064453
1.0,0.7300276160240173
0.0,0.27126380801200867
0.0,0.7161428928375244
1.0,0.7297720909118652
0.0,0.7258712649345398
1.0,0.7296764850616455
1.0,0.7287666201591492
1.0,0.7290809154510498
1.0,0.7288939952850342
1.0,0.7292817831039429
0.0,0.2804216742515564
0.0,0.7110939621925354
1.0,0.27131861448287964
0.0,0.7250858545303345
0.0,0.27289676666259766
1.0,0.7298872470855713
0.0,0.2725261449813843
1.0,0.2719458043575287
0.0,0.4093917906284332
1.0,0.2760627865791321
1.0,0.37113896012306213
1.0,0.7299491763114929
0.0,0.28460654616355896
0.0,0.2698788642883301
1.0,0.7281948328018188
1.0,0.7242127656936646
0.0,0.28954848647117615
1.0,0.730159342288971
0.0,0.3060484528541565
0.0,0.2739132046699524
1.0,0.723601758480072
0.0,0.27034157514572144
0.0,0.28177621960639954
0.0,0.27120643854141235
1.0,0.7291362285614014
0.0,0.27609488368034363
1.0,0.7252480983734131
0.0,0.27399712800979614
1.0,0.26996898651123047
0.0,0.2702942490577698
1.0,0.7299804091453552
0.0,0.7289835810661316
0.0,0.2715164124965668
0.0,0.2706924378871918
1.0,0.7299104928970337
0.0,0.7266234159469604
0.0,0.7302787899971008
1.0,0.7270147800445557
0.0,0.5500636696815491
1.0,0.7300532460212708
1.0,0.7300365567207336
0.0,0.27034643292427063
1.0,0.7285040616989136
0.0,0.27053508162498474
0.0,0.27577510476112366
1.0,0.7280652523040771
1.0,0.7187721133232117
0.0,0.270561546087265
1.0,0.7300310134887695
1.0,0.7286638021469116
1.0,0.7303311228752136
0.0,0.27342498302459717
0.0,0.27078625559806824
1.0,0.2808779180049896
1.0,0.7269362807273865
0.0,0.7189031839370728
0.0,0.27138182520866394
1.0,0.7300261855125427
0.0,0.2712705433368683
1.0,0.7271004915237427
1.0,0.4689601957798004
0.0,0.5026116967201233
1.0,0.3001422882080078
1.0,0.6990013718605042
0.0,0.27463001012802124
0.0,0.2707977294921875
1.0,0.7233430743217468
0.0,0.2733437418937683
1.0,0.4514426589012146
1.0,0.7229626178741455
0.0,0.27484437823295593
0.0,0.27303218841552734
0.0,0.2748478353023529
1.0,0.2700919508934021
0.0,0.2776166796684265
1.0,0.7297254800796509
1.0,0.7268079519271851
1.0,0.7302455902099609
0.0,0.720485270023346
0.0,0.2957783341407776
1.0,0.7294272184371948
0.0,0.27201002836227417
0.0,0.6959393620491028
1.0,0.7297325134277344
0.0,0.2727052867412567
1.0,0.7202734351158142
0.0,0.2704123258590698
1.0,0.7297909259796143
0.0,0.7253963947296143
0.0,0.2702934443950653
0.0,0.2941840887069702
0.0,0.27038052678108215
0.0,0.7256720662117004
1.0,0.7227658033370972
0.0,0.2754899859428406
0.0,0.7216981053352356
0.0,0.6733203530311584
0.0,0.2703787684440613
0.0,0.29123950004577637
0.0,0.2699434161186218
0.0,0.27121439576148987
1.0,0.7249816656112671
0.0,0.2711362838745117
1.0,0.7298467755317688
1.0,0.28429439663887024
0.0,0.7301545143127441
1.0,0.7295659780502319
0.0,0.729323148727417
0.0,0.7228030562400818
0.0,0.2707422375679016
1.0,0.7261657118797302
0.0,0.727251410484314
1.0,0.400922566652298
0.0,0.2825169861316681
0.0,0.2713682949542999
0.0,0.2760723829269409
0.0,0.2708626091480255
0.0,0.695882260799408
0.0,0.2704553008079529
0.0,0.29261255264282227
1.0,0.6156960725784302
0.0,0.27012425661087036
0.0,0.27127784490585327
1.0,0.729319155216217
0.0,0.27048996090888977
0.0,0.62197345495224
1.0,0.7096814513206482
0.0,0.27773988246917725
1.0,0.7303457856178284
1.0,0.7288901805877686
1.0,0.730320155620575
0.0,0.2700243294239044
1.0,0.7299006581306458
0.0,0.27013081312179565
0.0,0.2724922299385071
1.0,0.29477909207344055
1.0,0.7304407358169556
1.0,0.7288442254066467
1.0,0.27218881249427795
0.0,0.27417322993278503
1.0,0.2769676148891449
0.0,0.2940156161785126
1.0,0.7296459078788757
0.0,0.275045782327652
0.0,0.2701496481895447
1.0,0.7276103496551514
0.0,0.7285112738609314
0.0,0.2715652883052826
0.0,0.27075204253196716
0.0,0.7209700345993042
0.0,0.2841421663761139
0.0,0.6561728119850159
1.0,0.7297145128250122
0.0,0.2706475853919983
1.0,0.7286158204078674
1.0,0.73033607006073
0.0,0.2741570472717285
0.0,0.2709285616874695
0.0,0.2719672620296478
0.0,0.2828960716724396
1.0,0.2797926664352417
1.0,0.2857639789581299
0.0,0.2715075612068176
0.0,0.5078434348106384
0.0,0.2760407626628876
1.0,0.729815661907196
0.0,0.3976319134235382
1.0,0.7298226952552795
0.0,0.2738649249076843
0.0,0.27142199873924255
0.0,0.27077987790107727
0.0,0.2706376314163208
0.0,0.7139697670936584
1.0,0.7285493016242981
1.0,0.7302888035774231
0.0,0.275339275598526
0.0,0.7250982522964478
0.0,0.27093446254730225
1.0,0.7253484129905701
0.0,0.31648799777030945
1.0,0.2719460725784302
1.0,0.7289562225341797
1.0,0.27486079931259155
1.0,0.7144737243652344
1.0,0.5856469869613647
1.0,0.7302589416503906
0.0,0.270724892616272
1.0,0.7303010821342468
1.0,0.7299365997314453
1.0,0.7301333546638489
1.0,0.7235052585601807
0.0,0.27019569277763367
1.0,0.7192047238349915
1.0,0.6989538669586182
0.0,0.6210989356040955
0.0,0.2704600989818573
1.0,0.7284366488456726
0.0,0.7233614921569824
1.0,0.7294946312904358
1.0,0.7173283100128174
1.0,0.730275571346283
0.0,0.2699856758117676
0.0,0.7092573046684265
1.0,0.7244470715522766
0.0,0.29087355732917786
1.0,0.30832037329673767
1.0,0.7293747067451477
0.0,0.2801464796066284
1.0,0.271672785282135
0.0,0.2700321078300476
0.0,0.27117496728897095
1.0,0.6599554419517517
1.0,0.7295642495155334
0.0,0.2709890604019165
0.0,0.27012553811073303
1.0,0.73033607006073
1.0,0.729905903339386
1.0,0.7301339507102966
1.0,0.3092308044433594
0.0,0.275470107793808
0.0,0.2712109386920929
0.0,0.2706456780433655
1.0,0.7297766208648682
1.0,0.632063090801239
1.0,0.7291315793991089
0.0,0.7267695069313049
1.0,0.7296106815338135
1.0,0.728356122970581
0.0,0.7251672148704529
0.0,0.2714120149612427
1.0,0.2713625133037567
0.0,0.2709125578403473
0.0,0.29879671335220337
0.0,0.2699277400970459
0.0,0.2718356251716614
1.0,0.7257072329521179
1.0,0.7297122478485107
0.0,0.27152538299560547
0.0,0.3223778009414673
0.0,0.2715546190738678
0.0,0.2700227200984955
0.0,0.29513314366340637
1.0,0.7301244139671326
0.0,0.27030134201049805
0.0,0.28112804889678955
1.0,0.729189395904541
1.0,0.7297743558883667
1.0,0.721329927444458
0.0,0.6872372627258301
0.0,0.2712540030479431
1.0,0.6556494832038879
0.0,0.2845817506313324
0.0,0.2746627628803253
1.0,0.46380677819252014
0.0,0.3121045231819153
1.0,0.7238381505012512
1.0,0.7297938466072083
1.0,0.7303462028503418
1.0,0.6976649761199951
0.0,0.6817048788070679
1.0,0.729977548122406
0.0,0.2711753845214844
1.0,0.7258147597312927
1.0,0.3203027844429016
0.0,0.27301740646362305
0.0,0.28163254261016846
0.0,0.2767889201641083
0.0,0.27066460251808167
1.0,0.2777274549007416
1.0,0.7297537326812744
0.0,0.29270777106285095
0.0,0.2720317840576172
0.0,0.7300920486450195
0.0,0.2987334132194519
1.0,0.29961860179901123
0.0,0.31274786591529846
0.0,0.7260696291923523
0.0,0.2712267339229584
0.0,0.27111583948135376
0.0,0.47520318627357483
1.0,0.7287837266921997
1.0,0.729828417301178
1.0,0.7290493249893188
1.0,0.32490274310112
0.0,0.7295371890068054
0.0,0.2699933350086212
1.0,0.27339068055152893
0.0,0.26995301246643066
0.0,0.2716865539550781
0.0,0.28568530082702637
0.0,0.27243611216545105
1.0,0.2711009979248047
0.0,0.2717978060245514
0.0,0.2746303677558899
1.0,0.7286037802696228
1.0,0.7131727337837219
0.0,0.29150810837745667
0.0,0.2726048529148102
0.0,0.27387478947639465
1.0,0.7139204144477844
0.0,0.3129822015762329
1.0,0.7298029661178589
0.0,0.272551566362381
1.0,0.725496768951416
0.0,0.27582845091819763
0.0,0.27218306064605713
1.0,0.7286121249198914
0.0,0.2819386422634125
1.0,0.7300493121147156
1.0,0.7304027676582336
1.0,0.2711292803287506
0.0,0.36710262298583984
1.0,0.7236724495887756
1.0,0.7292597889900208
0.0,0.2714802622795105
0.0,0.27022457122802734
1.0,0.2782640755176544
0.0,0.27020448446273804
1.0,0.3207595646381378
1.0,0.6215218901634216
1.0,0.7290281057357788
1.0,0.7303323745727539
1.0,0.27064019441604614
0.0,0.4371631443500519
0.0,0.3065100908279419
1.0,0.7284948229789734
1.0,0.7302934527397156
1.0,0.6395390033721924
0.0,0.2799944281578064
0.0,0.2707116901874542
0.0,0.2714756727218628
0.0,0.28618085384368896
0.0,0.721401035785675
0.0,0.27291932702064514
0.0,0.26989179849624634
0.0,0.7201102375984192
1.0,0.729934811592102
0.0,0.5099185705184937
0.0,0.5480659604072571
0.0,0.27524635195732117
0.0,0.26973840594291687
0.0,0.27379661798477173
1.0,0.7303541302680969
0.0,0.2732241451740265
1.0,0.27032729983329773
1.0,0.28618380427360535
0.0,0.27132436633110046
0.0,0.2722949981689453
1.0,0.7290597558021545
1.0,0.36113715171813965
1.0,0.7268710732460022
1.0,0.7301381230354309
0.0,0.7279012203216553
0.0,0.282327800989151
1.0,0.30278831720352173
1.0,0.7301228642463684
1.0,0.667222261428833
1.0,0.7289959788322449
0.0,0.2851732075214386
0.0,0.27511072158813477
0.0,0.28198477625846863
0.0,0.7218993902206421
0.0,0.28309744596481323
1.0,0.7266556024551392
0.0,0.7291843295097351
1.0,0.27030864357948303
1.0,0.7302791476249695
0.0,0.7150855660438538
1.0,0.7266188859939575
0.0,0.276772677898407
0.0,0.26992571353912354
0.0,0.7173541784286499
0.0,0.7280128598213196
0.0,0.27187228202819824
1.0,0.729155421257019
1.0,0.7290889024734497
1.0,0.2711200416088104
1.0,0.7296323776245117
0.0,0.6742261052131653
0.0,0.2740638256072998
1.0,0.27225983142852783
0.0,0.27346837520599365
1.0,0.7291923761367798
1.0,0.7248123288154602
1.0,0.7297676801681519
1.0,0.27005207538604736
0.0,0.2704467475414276
1.0,0.7286126613616943
0.0,0.3297393321990967
1.0,0.728879451751709
0.0,0.27170151472091675
0.0,0.27047199010849
0.0,0.7246195077896118
0.0,0.28170573711395264
1.0,0.270885169506073
1.0,0.48095327615737915
1.0,0.7303118705749512
1.0,0.7210760712623596
0.0,0.27197322249412537
1.0,0.7243832349777222
1.0,0.7286723852157593
0.0,0.28059038519859314
1.0,0.29036417603492737
0.0,0.6906848549842834
0.0,0.270166277885437
1.0,0.2761451303958893
0.0,0.2708263695240021
1.0,0.2706015110015869
1.0,0.7294228076934814
1.0,0.7283052206039429
1.0,0.2815485894680023
1.0,0.7288354635238647
1.0,0.5667268633842468
0.0,0.27181440591812134
1.0,0.7279893755912781
0.0,0.7246889472007751
0.0,0.2700786292552948
1.0,0.7270762324333191
1.0,0.7239453792572021
0.0,0.27128198742866516
0.0,0.27011021971702576
0.0,0.6552035808563232
0.0,0.27117693424224854
1.0,0.3826766014099121
0.0,0.27066999673843384
0.0,0.2725791037082672
0.0,0.29847827553749084
0.0,0.7272195816040039
1.0,0.3851165473461151
0.0,0.6979178786277771
1.0,0.27976471185684204
1.0,0.7301313281059265
0.0,0.2728383243083954
1.0,0.4648895263671875
0.0,0.27077215909957886
0.0,0.4046936333179474
0.0,0.27019932866096497
0.0,0.7221235036849976
0.0,0.3873288929462433
0.0,0.2751404047012329
1.0,0.700994074344635
1.0,0.7216070890426636
0.0,0.2706191837787628
1.0,0.7302652597427368
0.0,0.7225816249847412
1.0,0.6900397539138794
0.0,0.7223353385925293
0.0,0.2724573314189911
1.0,0.3664259910583496
0.0,0.30239337682724
0.0,0.29691240191459656
0.0,0.27097514271736145
0.0,0.2700541913509369
1.0,0.7296271324157715
1.0,0.7290226221084595
1.0,0.7301878333091736
1.0,0.2721675932407379
1.0,0.7268520593643188
1.0,0.728663444519043
1.0,0.7299017310142517
0.0,0.7284883856773376
1.0,0.729485809803009
1.0,0.7302155494689941
1.0,0.729105532169342
1.0,0.2700810432434082
0.0,0.2731500566005707
1.0,0.7299404144287109
0.0,0.7292670607566833
0.0,0.27089816331863403
1.0,0.7303215265274048
1.0,0.7300970554351807
0.0,0.26997098326683044
1.0,0.7299901247024536
1.0,0.7296237349510193
0.0,0.2717311382293701
0.0,0.2717505395412445
1.0,0.7267143130302429
0.0,0.28893259167671204
1.0,0.7250956892967224
1.0,0.6992589831352234
1.0,0.7305068969726562
1.0,0.5568216443061829
0.0,0.2729484736919403
0.0,0.711129367351532
1.0,0.7298890948295593
0.0,0.2726076543331146
1.0,0.7301802039146423
0.0,0.2708907425403595
1.0,0.7263683676719666
1.0,0.29834967851638794
1.0,0.7304182052612305
0.0,0.7300823926925659
1.0,0.7137671113014221
1.0,0.27448874711990356
0.0,0.2704989016056061
1.0,0.27177101373672485
0.0,0.27283942699432373
0.0,0.4328581690788269
1.0,0.7303723096847534
1.0,0.7300505638122559
1.0,0.725538969039917
1.0,0.28419455885887146
1.0,0.7302179336547852
1.0,0.7298687696456909
1.0,0.7247723340988159
0.0,0.2851727604866028
0.0,0.7300379872322083
1.0,0.724449872970581
1.0,0.7298997640609741
0.0,0.2721649706363678
0.0,0.3017141819000244
1.0,0.7178482413291931
1.0,0.72998046875
1.0,0.7271623015403748
1.0,0.7300945520401001
1.0,0.7299783825874329
0.0,0.7304471731185913
1.0,0.7292268872261047
1.0,0.7265543937683105
0.0,0.2699260413646698
1.0,0.726952075958252
0.0,0.2839966118335724
0.0,0.7240462303161621
0.0,0.7130053043365479
0.0,0.2783166170120239
1.0,0.7304424047470093
0.0,0.33779117465019226
0.0,0.6274992823600769
0.0,0.3859911262989044
1.0,0.6012057065963745
0.0,0.27182334661483765
0.0,0.27442505955696106
0.0,0.7233417630195618
0.0,0.2722383141517639
1.0,0.7297273874282837
1.0,0.7235795259475708
0.0,0.6053218245506287
1.0,0.7272592186927795
0.0,0.2744864225387573
0.0,0.7003353238105774
1.0,0.7296523451805115
1.0,0.7133297324180603
1.0,0.7299433946609497
1.0,0.7305471301078796
1.0,0.7283368706703186
0.0,0.2703682482242584
1.0,0.27939802408218384
0.0,0.2713276147842407
0.0,0.2704925835132599
1.0,0.3082949221134186
1.0,0.26981908082962036
0.0,0.270399272441864
1.0,0.6755714416503906
1.0,0.7301470041275024
1.0,0.27628377079963684
1.0,0.2712996006011963
1.0,0.723417341709137
1.0,0.7300285696983337
0.0,0.7293075323104858
0.0,0.2718844711780548
0.0,0.2722325325012207
0.0,0.27102774381637573
0.0,0.2714574337005615
0.0,0.6716158390045166
0.0,0.2737507224082947
0.0,0.2770395278930664
0.0,0.7276461720466614
1.0,0.71319580078125
0.0,0.7231457233428955
1.0,0.7090551853179932
0.0,0.6740524172782898
1.0,0.7298123836517334
1.0,0.7307092547416687
0.0,0.27128520607948303
1.0,0.7185150980949402
0.0,0.2701226770877838
0.0,0.27244892716407776
0.0,0.297517329454422
1.0,0.7295236587524414
0.0,0.3003894090652466
0.0,0.2712629735469818
1.0,0.7160266637802124
1.0,0.7300207018852234
0.0,0.7216717600822449
0.0,0.2719704508781433
0.0,0.2752648591995239
0.0,0.2736527621746063
0.0,0.2702166736125946
1.0,0.7302206158638
0.0,0.27744802832603455
0.0,0.7256834506988525
1.0,0.702221691608429
1.0,0.27323096990585327
0.0,0.32546353340148926
0.0,0.2788137197494507
1.0,0.7303617000579834
0.0,0.27393820881843567
1.0,0.2714652717113495
0.0,0.30830222368240356
1.0,0.7298165559768677
0.0,0.27602726221084595
0.0,0.27448132634162903
1.0,0.42074456810951233
0.0,0.270108163356781
1.0,0.2759803831577301
1.0,0.7061288952827454
0.0,0.6603808403015137
0.0,0.2713625431060791
1.0,0.43463870882987976
0.0,0.7299257516860962
1.0,0.3022279441356659
0.0,0.27055490016937256
0.0,0.28067368268966675
0.0,0.279918909072876
1.0,0.7197176218032837
1.0,0.7303909063339233
0.0,0.2717718482017517
0.0,0.6614000201225281
0.0,0.2718967795372009
0.0,0.2755228877067566
1.0,0.2698651850223541
1.0,0.7262551784515381
0.0,0.3942070007324219
0.0,0.6417568922042847
1.0,0.7049230337142944
0.0,0.7229641675949097
0.0,0.3280276656150818
0.0,0.7195136547088623
1.0,0.7260327935218811
0.0,0.27287736535072327
0.0,0.2715904414653778
0.0,0.2700042426586151
1.0,0.27012330293655396
0.0,0.28206920623779297
0.0,0.2732059061527252
0.0,0.7213153839111328
1.0,0.7298970222473145
1.0,0.729410707950592
0.0,0.4318855404853821
1.0,0.35369086265563965
0.0,0.7292619943618774
0.0,0.27691537141799927
0.0,0.7205865979194641
1.0,0.7291407585144043
1.0,0.7273568511009216
1.0,0.7301414012908936
1.0,0.2790035009384155
1.0,0.7303892374038696
0.0,0.2734636664390564
1.0,0.7295504808425903
1.0,0.7296509742736816
0.0,0.27535101771354675
0.0,0.380871444940567
1.0,0.43011796474456787
1.0,0.7290251851081848
0.0,0.27076834440231323
1.0,0.2711990475654602
1.0,0.7284114956855774
1.0,0.30532220005989075
1.0,0.7301928997039795
1.0,0.2738998234272003
0.0,0.2716803252696991
1.0,0.7300799489021301
1.0,0.7298972606658936
0.0,0.7277267575263977
0.0,0.3558017313480377
0.0,0.27042242884635925
0.0,0.5311448574066162
1.0,0.730456531047821
0.0,0.2713170349597931
0.0,0.2766692042350769
0.0,0.3029671609401703
0.0,0.2704615592956543
1.0,0.7293499112129211
0.0,0.27032119035720825
0.0,0.2703668177127838
1.0,0.7303600907325745
0.0,0.2711765766143799
0.0,0.28028759360313416
0.0,0.2803599238395691
1.0,0.2866130769252777
1.0,0.7303251624107361
1.0,0.7303166389465332
0.0,0.28661084175109863
0.0,0.7203813195228577
0.0,0.27136069536209106
0.0,0.2703845798969269
0.0,0.2712796926498413
0.0,0.2714390754699707
1.0,0.7262543439865112
1.0,0.2766951322555542
0.0,0.2712540328502655
0.0,0.2724478840827942
1.0,0.7299789786338806
1.0,0.7100762724876404
0.0,0.27331647276878357
1.0,0.2796364426612854
0.0,0.7280395030975342
1.0,0.2714482843875885
0.0,0.27035459876060486
0.0,0.2730112075805664
1.0,0.7221010327339172
0.0,0.2707921266555786
0.0,0.37439194321632385
1.0,0.7298394441604614
0.0,0.2807828485965729
1.0,0.7259994745254517
1.0,0.7301204800605774
1.0,0.7281259894371033
1.0,0.275104820728302
0.0,0.27010586857795715
0.0,0.27165400981903076
1.0,0.7299738526344299
1.0,0.7303052544593811
0.0,0.271221399307251
1.0,0.7297509908676147
0.0,0.2770829200744629
1.0,0.7275626063346863
1.0,0.7299198508262634
0.0,0.2734053432941437
0.0,0.2797369658946991
1.0,0.7262700796127319
1.0,0.2751923203468323
0.0,0.5045903921127319
1.0,0.7296766638755798
1.0,0.6997222900390625
1.0,0.7259689569473267
0.0,0.27606695890426636
0.0,0.7255893349647522
0.0,0.7298629879951477
1.0,0.7291824817657471
1.0,0.7292904257774353
0.0,0.2707947790622711
1.0,0.7294885516166687
0.0,0.724779486656189
1.0,0.7166677713394165
1.0,0.7298476696014404
0.0,0.7269009351730347
0.0,0.2702275812625885
0.0,0.2698005735874176
1.0,0.27424776554107666
1.0,0.7236252427101135
0.0,0.2701200246810913
0.0,0.27263087034225464
1.0,0.7275553345680237
1.0,0.724249005317688
1.0,0.7304621338844299
0.0,0.27015966176986694
1.0,0.7292264103889465
1.0,0.725463330745697
0.0,0.27174657583236694
0.0,0.27063843607902527
0.0,0.28308573365211487
0.0,0.2850175201892853
0.0,0.6646630167961121
1.0,0.727728009223938
0.0,0.270765095949173
1.0,0.2865138351917267
1.0,0.7295820713043213
1.0,0.33602163195610046
0.0,0.27834635972976685
1.0,0.7263467907905579
0.0,0.271222323179245
1.0,0.7282921671867371
1.0,0.2731876075267792
1.0,0.7289472818374634
0.0,0.27091866731643677
1.0,0.7301176190376282
1.0,0.7301269173622131
1.0,0.7212697267532349
0.0,0.27147340774536133
0.0,0.7229494452476501
1.0,0.7303532361984253
0.0,0.28140828013420105
0.0,0.27386772632598877
1.0,0.7295789122581482
0.0,0.6893696188926697
0.0,0.27489399909973145
0.0,0.27772361040115356
1.0,0.7293010354042053
0.0,0.7294502258300781
1.0,0.2718801498413086
1.0,0.730350911617279
1.0,0.2877867817878723
0.0,0.2728550136089325
1.0,0.7251837253570557
0.0,0.29712724685668945
1.0,0.28347939252853394
1.0,0.7297111749649048
0.0,0.27059462666511536
0.0,0.2708032727241516
1.0,0.2715167999267578
1.0,0.7301576137542725
0.0,0.2808891534805298
0.0,0.2707490622997284
1.0,0.27127519249916077
0.0,0.4519808888435364
1.0,0.7298423051834106
0.0,0.27124983072280884
0.0,0.27613765001296997
1.0,0.7240650653839111
0.0,0.2729710042476654
0.0,0.7039342522621155
1.0,0.27266421914100647
1.0,0.7045093774795532
1.0,0.7297265529632568
0.0,0.27618440985679626
1.0,0.7304930090904236
0.0,0.27492865920066833
1.0,0.7264066338539124
1.0,0.7263283133506775
1.0,0.7262077927589417
1.0,0.7240237593650818
0.0,0.27067312598228455
1.0,0.7217301726341248
1.0,0.7292335033416748
0.0,0.2814851999282837
0.0,0.2713082432746887
0.0,0.2712720036506653
1.0,0.7278737425804138
1.0,0.2718956172466278
0.0,0.277630090713501
1.0,0.2734752297401428
1.0,0.7288993000984192
1.0,0.7253674268722534
0.0,0.27023449540138245
0.0,0.27842921018600464
0.0,0.2708040177822113
1.0,0.7294711470603943
0.0,0.27060195803642273
1.0,0.7293444275856018
1.0,0.7215090394020081
1.0,0.7272634506225586
0.0,0.2766275107860565
0.0,0.309795081615448
0.0,0.30404579639434814
0.0,0.28205958008766174
1.0,0.7299370765686035
0.0,0.27994510531425476
0.0,0.275756299495697
0.0,0.7193804979324341
1.0,0.2718186378479004
1.0,0.27030542492866516
0.0,0.7077577114105225
1.0,0.2756083309650421
0.0,0.3981451690196991
0.0,0.26992037892341614
1.0,0.7306361794471741
0.0,0.2715669274330139
1.0,0.7293516397476196
1.0,0.7261543273925781
0.0,0.27304548025131226
1.0,0.7304022908210754
0.0,0.2709110379219055
1.0,0.7225752472877502
1.0,0.7301921248435974
0.0,0.27133384346961975
0.0,0.7282571792602539
1.0,0.6743825674057007
1.0,0.7299252152442932
1.0,0.7299923896789551
0.0,0.2755536139011383
1.0,0.27481386065483093
0.0,0.2810962200164795
0.0,0.706686794757843
1.0,0.7284759283065796
1.0,0.7302083969116211
0.0,0.6944813132286072
1.0,0.7284269332885742
1.0,0.7289124131202698
1.0,0.7226874828338623
0.0,0.271002858877182
1.0,0.27756279706954956
1.0,0.7272635102272034
1.0,0.7302480936050415
1.0,0.7093641757965088
0.0,0.5566421151161194
1.0,0.7274414896965027
0.0,0.27098265290260315
0.0,0.27270060777664185
1.0,0.7173316478729248
0.0,0.2722861170768738
1.0,0.27148687839508057
1.0,0.7298571467399597
1.0,0.7280750274658203
0.0,0.27166947722435
1.0,0.7296434044837952
1.0,0.7277090549468994
1.0,0.6612312197685242
1.0,0.7288401126861572
0.0,0.7272517681121826
1.0,0.2783167064189911
1.0,0.6980919241905212
1.0,0.7304852604866028
0.0,0.26998263597488403
1.0,0.7305468320846558
0.0,0.27694398164749146
0.0,0.722981333732605
1.0,0.730315625667572
0.0,0.277683287858963
1.0,0.7194523215293884
1.0,0.730398952960968
0.0,0.276071161031723
0.0,0.2740212678909302
1.0,0.7288037538528442
0.0,0.28764456510543823
1.0,0.730317234992981
0.0,0.27069538831710815
1.0,0.725878894329071
0.0,0.3888516426086426
1.0,0.7031129002571106
1.0,0.7289525866508484
0.0,0.2759244740009308
0.0,0.3955255448818207
0.0,0.2722402811050415
0.0,0.2707439661026001
1.0,0.7294999957084656
0.0,0.2755696773529053
1.0,0.7295987010002136
0.0,0.27140289545059204
0.0,0.7285820841789246
1.0,0.53253573179245
1.0,0.7239612936973572
0.0,0.27102985978126526
1.0,0.729751706123352
0.0,0.7268416881561279
0.0,0.27014994621276855
0.0,0.27386367321014404
0.0,0.26991891860961914
1.0,0.7304224371910095
0.0,0.28474754095077515
0.0,0.3146703243255615
1.0,0.7270767688751221
1.0,0.7295539379119873
1.0,0.7289029955863953
0.0,0.7195627093315125
1.0,0.7259167432785034
1.0,0.7289916276931763
0.0,0.28545689582824707
0.0,0.27143871784210205
1.0,0.31659215688705444
1.0,0.7292336821556091
0.0,0.271495521068573
1.0,0.7303665280342102
1.0,0.7179874181747437
0.0,0.2707737684249878
1.0,0.7287425994873047
0.0,0.2702784538269043
0.0,0.2817608714103699
1.0,0.3099514842033386
1.0,0.7287741899490356
0.0,0.27085185050964355
1.0,0.7298251390457153
0.0,0.28031355142593384
1.0,0.7295704483985901
1.0,0.727992594242096
0.0,0.5185922384262085
1.0,0.7287760376930237
1.0,0.728691577911377
1.0,0.6117364764213562
0.0,0.2702174484729767
1.0,0.7296393513679504
0.0,0.27091145515441895
0.0,0.2909390330314636
1.0,0.7301210761070251
0.0,0.26968085765838623
0.0,0.26965630054473877
0.0,0.2706938683986664
1.0,0.7298558354377747
1.0,0.7145331501960754
1.0,0.7301039695739746
1.0,0.7291330099105835
1.0,0.7282813191413879
0.0,0.27251118421554565
0.0,0.27265477180480957
1.0,0.7299607992172241
1.0,0.7220293283462524
0.0,0.27862876653671265
1.0,0.7235041260719299
1.0,0.7083860635757446
0.0,0.27470406889915466
0.0,0.2715277373790741
0.0,0.27124741673469543
1.0,0.2818966209888458
0.0,0.27029281854629517
1.0,0.7258716821670532
1.0,0.7297958135604858
1.0,0.2948053181171417
0.0,0.27319034934043884
0.0,0.6987113952636719
0.0,0.3412744998931885
0.0,0.7290640473365784
0.0,0.28122925758361816
0.0,0.27229538559913635
1.0,0.42203423380851746
1.0,0.7295618653297424
0.0,0.2698238492012024
0.0,0.27624955773353577
0.0,0.2732815146446228
1.0,0.7298687100410461
0.0,0.7224795818328857
1.0,0.5231159329414368
0.0,0.27123451232910156
0.0,0.2705264687538147
1.0,0.7293152213096619
1.0,0.7300441265106201
1.0,0.2703275680541992
0.0,0.27157339453697205
1.0,0.7280307412147522
1.0,0.7185725569725037
0.0,0.4514543116092682
0.0,0.27154290676116943
0.0,0.2697112262248993
1.0,0.7297490835189819
1.0,0.7302770018577576
0.0,0.27580010890960693
0.0,0.2746570110321045
1.0,0.7295377850532532
1.0,0.7290652990341187
1.0,0.27419862151145935
0.0,0.2701699435710907
1.0,0.4331628680229187
0.0,0.2773045301437378
1.0,0.7286152243614197
1.0,0.7291098833084106
0.0,0.7162362337112427
1.0,0.28077173233032227
0.0,0.6903778314590454
1.0,0.7245514988899231
0.0,0.2969810962677002
0.0,0.31552091240882874
0.0,0.2722952961921692
0.0,0.40440529584884644
0.0,0.28059327602386475
0.0,0.2820335626602173
1.0,0.7264470458030701
1.0,0.7302560806274414
0.0,0.27222564816474915
0.0,0.28121599555015564
0.0,0.27019718289375305
0.0,0.270791620016098
0.0,0.2740817070007324
0.0,0.30498501658439636
0.0,0.2724561095237732
0.0,0.7255159020423889
1.0,0.7284544110298157
1.0,0.7304463386535645
1.0,0.7293199896812439
0.0,0.27650001645088196
0.0,0.2712898254394531
1.0,0.7273766398429871
0.0,0.2767806649208069
0.0,0.2711077928543091
1.0,0.7289401292800903
0.0,0.2793591618537903
0.0,0.2726464569568634
0.0,0.5485250353813171
0.0,0.7261976003646851
1.0,0.7183851599693298
1.0,0.278690904378891
0.0,0.7298656105995178
1.0,0.7304303646087646
1.0,0.31320178508758545
1.0,0.7299178242683411
0.0,0.3517250120639801
1.0,0.7292534708976746
0.0,0.27033334970474243
1.0,0.728506863117218
1.0,0.7298129796981812
0.0,0.3599019944667816
0.0,0.2712588310241699
0.0,0.6068457961082458
0.0,0.27659574151039124
0.0,0.2718507945537567
0.0,0.26975134015083313
1.0,0.7223540544509888
0.0,0.2749698758125305
0.0,0.2713412046432495
1.0,0.271546870470047
1.0,0.27187904715538025
1.0,0.5399097204208374
0.0,0.2717539072036743
0.0,0.31457534432411194
1.0,0.7266350388526917
1.0,0.7300070524215698
1.0,0.7262207269668579
1.0,0.6991380453109741
0.0,0.2708677053451538
1.0,0.27514487504959106
0.0,0.2755714952945709
1.0,0.7302553057670593
0.0,0.27778545022010803
0.0,0.27034905552864075
1.0,0.730120062828064
0.0,0.27052080631256104
0.0,0.2705799639225006
1.0,0.2739194929599762
0.0,0.2774145007133484
1.0,0.7295823693275452
0.0,0.2702021896839142
0.0,0.2729000747203827
1.0,0.7302504181861877
1.0,0.3861079812049866
0.0,0.2712763249874115
1.0,0.7209148406982422
1.0,0.7280237078666687
0.0,0.7259761095046997
0.0,0.2705351710319519
1.0,0.7259951233863831
1.0,0.7265917062759399
0.0,0.7289147973060608
1.0,0.7304690480232239
0.0,0.2790772616863251
0.0,0.7203984260559082
1.0,0.7153818607330322
1.0,0.7255612015724182
0.0,0.3297128677368164
1.0,0.7256516218185425
1.0,0.7293532490730286
0.0,0.2699650526046753
0.0,0.27177244424819946
0.0,0.2720417380332947
1.0,0.29662737250328064
0.0,0.2699289619922638
1.0,0.27348002791404724
0.0,0.7265940308570862
1.0,0.6928510069847107
1.0,0.7301421761512756
1.0,0.7282310724258423
1.0,0.7130234241485596
0.0,0.2728174328804016
0.0,0.28300344944000244
1.0,0.729204535484314
0.0,0.2709680497646332
1.0,0.7301747798919678
1.0,0.7293797135353088
0.0,0.2709204852581024
1.0,0.729753851890564
0.0,0.7246459126472473
1.0,0.6985689997673035
1.0,0.7279138565063477
0.0,0.2718662619590759
1.0,0.7300463914871216
1.0,0.7253124117851257
1.0,0.7301931381225586
0.0,0.2707011103630066
1.0,0.7302303314208984
1.0,0.7300580143928528
1.0,0.7175153493881226
0.0,0.2734617292881012
0.0,0.2724003195762634
1.0,0.7302283048629761
0.0,0.29778602719306946
0.0,0.27037227153778076
0.0,0.2767391800880432
0.0,0.27241751551628113
1.0,0.27563589811325073
0.0,0.27362415194511414
0.0,0.2747500538825989
1.0,0.7271470427513123
0.0,0.2711332142353058
0.0,0.273555189371109
0.0,0.27039992809295654
0.0,0.6952440738677979
0.0,0.27263474464416504
0.0,0.27090299129486084
0.0,0.28689342737197876
1.0,0.7299817204475403
0.0,0.27801626920700073
0.0,0.27108076214790344
0.0,0.2702242136001587
0.0,0.2775558531284332
0.0,0.2739173471927643
1.0,0.7051329016685486
1.0,0.2975876033306122
0.0,0.7238145470619202
1.0,0.6767131686210632
1.0,0.7305617928504944
0.0,0.2700965404510498
1.0,0.728571891784668
0.0,0.2716124653816223
0.0,0.2703714966773987
1.0,0.727308988571167
1.0,0.729670524597168
1.0,0.2707698941230774
1.0,0.7270626425743103
0.0,0.2732899487018585
1.0,0.7301701307296753
0.0,0.730074405670166
1.0,0.7260638475418091
1.0,0.7274566888809204
1.0,0.7292402386665344
0.0,0.726838231086731
0.0,0.3803376853466034
0.0,0.2777099609375
1.0,0.7229238748550415
0.0,0.2763082683086395
1.0,0.6197452545166016
0.0,0.7196030020713806
1.0,0.3532174527645111
1.0,0.2706286311149597
0.0,0.27460482716560364
1.0,0.7297114133834839
0.0,0.26982611417770386
1.0,0.7294514775276184
0.0,0.6828519105911255
1.0,0.2888990044593811
1.0,0.7241303324699402
0.0,0.5941505432128906
1.0,0.7289718985557556
1.0,0.7300891876220703
0.0,0.7285272479057312
1.0,0.7276439666748047
0.0,0.6747418642044067
1.0,0.7298228144645691
1.0,0.2703559696674347
1.0,0.729343056678772
1.0,0.7298011183738708
1.0,0.7287179231643677
1.0,0.7301799654960632
1.0,0.27445903420448303
1.0,0.6215490698814392
1.0,0.7292279601097107
1.0,0.7301965951919556
0.0,0.4891388416290283
0.0,0.34066247940063477
1.0,0.7305653691291809
0.0,0.7130168676376343
0.0,0.2824724018573761
1.0,0.724928617477417
1.0,0.7292104959487915
0.0,0.6954588294029236
0.0,0.27172160148620605
1.0,0.727435827255249
1.0,0.7297210097312927
0.0,0.6830689907073975
1.0,0.7263667583465576
0.0,0.27358779311180115
0.0,0.270712673664093
1.0,0.7297844290733337
0.0,0.7259734272956848
0.0,0.2764945924282074
1.0,0.7302976250648499
0.0,0.271431565284729
1.0,0.7256704568862915
0.0,0.270671546459198
0.0,0.5034428238868713
1.0,0.7304538488388062
1.0,0.7213255167007446
0.0,0.2724098265171051
1.0,0.5359651446342468
0.0,0.7298513054847717
0.0,0.30980584025382996
1.0,0.7211301326751709
0.0,0.27063822746276855
0.0,0.2977878749370575
1.0,0.7282943725585938
0.0,0.2915651798248291
1.0,0.729805052280426
1.0,0.7293597459793091
0.0,0.724450409412384
0.0,0.726726233959198
0.0,0.7252084016799927
0.0,0.2711819112300873
0.0,0.7044174075126648
1.0,0.7286102771759033
1.0,0.7285287380218506
1.0,0.72811359167099
1.0,0.7298010587692261
1.0,0.7293434739112854
0.0,0.27086499333381653
0.0,0.27360373735427856
1.0,0.7296772003173828
1.0,0.6928311586380005
0.0,0.33238309621810913
1.0,0.7297455668449402
0.0,0.7125052809715271
1.0,0.7300748825073242
1.0,0.28710928559303284
1.0,0.7299833297729492
0.0,0.2757760286331177
0.0,0.29587793350219727
1.0,0.6077944040298462
0.0,0.2769531309604645
0.0,0.271345853805542
0.0,0.27056559920310974
0.0,0.4586470127105713
0.0,0.2707754373550415
0.0,0.41920921206474304
0.0,0.27682116627693176
0.0,0.2730828821659088
1.0,0.27033448219299316
0.0,0.2735360860824585
0.0,0.2720218002796173
0.0,0.27101248502731323
0.0,0.7280906438827515
1.0,0.2733495831489563
1.0,0.729332447052002
0.0,0.2699454426765442
0.0,0.2698775827884674
0.0,0.27160534262657166
0.0,0.7274686694145203
0.0,0.2717716097831726
1.0,0.2707955837249756
0.0,0.5712632536888123
0.0,0.6833575963973999
0.0,0.27159252762794495
1.0,0.7251265645027161
1.0,0.7295759916305542
1.0,0.27986618876457214
0.0,0.27075856924057007
0.0,0.269745796918869
0.0,0.33005571365356445
0.0,0.7298956513404846
0.0,0.2707134187221527
1.0,0.2709348499774933
0.0,0.26999256014823914
1.0,0.28231096267700195
0.0,0.27296751737594604
0.0,0.7291470766067505
0.0,0.26965272426605225
1.0,0.7296039462089539
1.0,0.7262046933174133
0.0,0.2712520956993103
1.0,0.7278899550437927
1.0,0.7269343733787537
1.0,0.7297714352607727
1.0,0.7290462851524353
0.0,0.27271828055381775
1.0,0.7281845808029175
0.0,0.2728729844093323
0.0,0.6500580906867981
1.0,0.727560818195343
0.0,0.2734009921550751
0.0,0.2724018692970276
0.0,0.2700715959072113
0.0,0.2714087665081024
1.0,0.28038254380226135
0.0,0.5437973141670227
1.0,0.7299162149429321
0.0,0.2699092626571655
1.0,0.6740667223930359
1.0,0.7213160991668701
1.0,0.7273457646369934
1.0,0.7171235084533691
0.0,0.2707519233226776
1.0,0.729913592338562
0.0,0.2757919132709503
1.0,0.6920304298400879
0.0,0.49446436762809753
1.0,0.7234570980072021
1.0,0.7289562225341797
1.0,0.7257097363471985
0.0,0.7000842690467834
0.0,0.26965823769569397
0.0,0.2708548903465271
1.0,0.7293371558189392
1.0,0.7276860475540161
0.0,0.3053456246852875
1.0,0.7297794818878174
0.0,0.2735629975795746
1.0,0.7279140949249268
1.0,0.729824960231781
0.0,0.2716008424758911
0.0,0.27069467306137085
1.0,0.678473174571991
1.0,0.7255801558494568
1.0,0.27239280939102173
1.0,0.7290961146354675
1.0,0.7302467823028564
0.0,0.3309963047504425
1.0,0.7303330302238464
0.0,0.2758316695690155
0.0,0.27256691455841064
0.0,0.27015551924705505
1.0,0.7279744744300842
1.0,0.7300397753715515
1.0,0.729784369468689
0.0,0.28169015049934387
1.0,0.27157333493232727
1.0,0.73040372133255
1.0,0.3881734311580658
0.0,0.3702578544616699
1.0,0.29778867959976196
1.0,0.27232033014297485
0.0,0.2718580961227417
1.0,0.7289237380027771
1.0,0.7295122742652893
0.0,0.2712957262992859
0.0,0.3880322277545929
0.0,0.4277665317058563
0.0,0.27149540185928345
1.0,0.7299274206161499
1.0,0.73027503490448
0.0,0.27600666880607605
1.0,0.27358055114746094
1.0,0.6098285913467407
1.0,0.7299214601516724
0.0,0.28486961126327515
0.0,0.2801733911037445
1.0,0.7302560806274414
1.0,0.7303476333618164
1.0,0.730415940284729
0.0,0.2714162766933441
0.0,0.27026498317718506
0.0,0.2698025703430176
0.0,0.2792375087738037
1.0,0.7232582569122314
0.0,0.2706848084926605
1.0,0.7304190397262573
0.0,0.2696284353733063
0.0,0.27119436860084534
0.0,0.27557313442230225
1.0,0.29906362295150757
1.0,0.7174587249755859
1.0,0.2785385847091675
0.0,0.27056142687797546
1.0,0.6462320685386658
1.0,0.729775071144104
1.0,0.27070218324661255
1.0,0.7304463386535645
0.0,0.2741735875606537
0.0,0.3590860068798065
1.0,0.7298687696456909
1.0,0.7303837537765503
1.0,0.7302528023719788
0.0,0.27066391706466675
0.0,0.2703118324279785
0.0,0.5867804884910583
1.0,0.7303681373596191
0.0,0.7233748435974121
0.0,0.2855598032474518
1.0,0.7303494215011597
0.0,0.27205967903137207
0.0,0.27048245072364807
1.0,0.7302567958831787
0.0,0.2748214900493622
1.0,0.729863166809082
0.0,0.27030354738235474
1.0,0.7304390668869019
0.0,0.2733445465564728
1.0,0.27360931038856506
1.0,0.7292956709861755
1.0,0.27095213532447815
0.0,0.307265967130661
0.0,0.2699700891971588
0.0,0.2801031470298767
1.0,0.2759394645690918
1.0,0.7266705632209778
0.0,0.6826165318489075
1.0,0.2805114984512329
0.0,0.27009066939353943
0.0,0.27164220809936523
1.0,0.7297677397727966
0.0,0.2704373598098755
1.0,0.7298785448074341
0.0,0.2722090780735016
1.0,0.7305327653884888
1.0,0.2733980715274811
0.0,0.2719179689884186
0.0,0.6882619261741638
0.0,0.29515719413757324
1.0,0.730009138584137
1.0,0.7280774116516113
0.0,0.2709488272666931
1.0,0.291737824678421
0.0,0.27135735750198364
0.0,0.27399399876594543
1.0,0.7254398465156555
0.0,0.37323060631752014
1.0,0.7281151413917542
0.0,0.2700975239276886
1.0,0.7303161025047302
0.0,0.689348042011261
0.0,0.2728862464427948
0.0,0.2718394696712494
1.0,0.7268929481506348
1.0,0.729312002658844
1.0,0.7297198176383972
1.0,0.7304001450538635
0.0,0.7182554006576538
0.0,0.27839750051498413
1.0,0.2750968933105469
1.0,0.7290921807289124
0.0,0.2731190025806427
1.0,0.7294116616249084
1.0,0.7304681539535522
0.0,0.5341561436653137
1.0,0.5341271758079529
1.0,0.7216601371765137
0.0,0.2707376480102539
1.0,0.5393187403678894
0.0,0.56583172082901
1.0,0.6637049317359924
0.0,0.2733623683452606
0.0,0.2768586277961731
1.0,0.7301274538040161
1.0,0.7284634113311768
0.0,0.7298680543899536
1.0,0.6635401248931885
1.0,0.7290535569190979
0.0,0.2726421058177948
1.0,0.7303016185760498
1.0,0.27015790343284607
0.0,0.7198410034179688
0.0,0.2732377350330353
0.0,0.2706824541091919
0.0,0.27459296584129333
1.0,0.7300179600715637
1.0,0.7285633087158203
1.0,0.31866320967674255
0.0,0.27092525362968445
1.0,0.7280625700950623
1.0,0.7090538740158081
0.0,0.2733412981033325
1.0,0.7289940714836121
0.0,0.272300124168396
1.0,0.7277849316596985
1.0,0.7162407040596008
1.0,0.27144795656204224
1.0,0.7242723107337952
1.0,0.27058523893356323
0.0,0.2712234556674957
0.0,0.27104881405830383
1.0,0.7266073822975159
0.0,0.26972293853759766
1.0,0.7280831933021545
1.0,0.7241228818893433
1.0,0.7292771339416504
0.0,0.6680946946144104
0.0,0.27203691005706787
0.0,0.2732573449611664
0.0,0.27682018280029297
1.0,0.7257226705551147
1.0,0.7296618223190308
1.0,0.7302325367927551
1.0,0.7296767830848694
1.0,0.7201111912727356
0.0,0.36864498257637024
1.0,0.7283130884170532
0.0,0.28216078877449036
0.0,0.7184923887252808
1.0,0.7151577472686768
0.0,0.31711918115615845
0.0,0.27090609073638916
0.0,0.6324306130409241
1.0,0.2857467234134674
1.0,0.6442701816558838
0.0,0.7298508882522583
0.0,0.6388419270515442
0.0,0.26993265748023987
1.0,0.7295440435409546
1.0,0.2717289626598358
0.0,0.26985132694244385
1.0,0.7252745628356934
0.0,0.2719848155975342
0.0,0.2713523507118225
0.0,0.2707900106906891
0.0,0.30232974886894226
1.0,0.2827608287334442
0.0,0.2708565294742584
0.0,0.28576362133026123
0.0,0.2698614001274109
1.0,0.7260554432868958
1.0,0.29235249757766724
1.0,0.7262786626815796
0.0,0.27936187386512756
0.0,0.2705160975456238
1.0,0.27163195610046387
1.0,0.2707434296607971
0.0,0.2707443833351135
1.0,0.7304497361183167
1.0,0.7299402952194214
0.0,0.7286359667778015
1.0,0.7266192436218262
0.0,0.3355201184749603
1.0,0.730297863483429
1.0,0.29848599433898926
1.0,0.2703208029270172
1.0,0.2911149561405182
0.0,0.27883923053741455
0.0,0.27025702595710754
0.0,0.27465206384658813
0.0,0.3458895683288574
1.0,0.7302824854850769
0.0,0.27232426404953003
0.0,0.7251381874084473
0.0,0.27327337861061096
1.0,0.7250288128852844
1.0,0.4365101754665375
0.0,0.27214187383651733
0.0,0.27328553795814514
1.0,0.2710646986961365
1.0,0.7300030589103699
1.0,0.7299548983573914
1.0,0.2735256850719452
0.0,0.2701205313205719
0.0,0.27546924352645874
0.0,0.7262486815452576
0.0,0.4052063524723053
0.0,0.7267366051673889
1.0,0.7297223210334778
0.0,0.27132710814476013
0.0,0.2718410789966583
1.0,0.7295897006988525
1.0,0.2723989486694336
0.0,0.2717683017253876
1.0,0.7025495767593384
0.0,0.2862187623977661
1.0,0.28460875153541565
0.0,0.2720085680484772
0.0,0.2705703675746918
0.0,0.271808922290802
1.0,0.719581663608551
0.0,0.27776646614074707
0.0,0.2721005380153656
0.0,0.2707093358039856
1.0,0.7111898064613342
0.0,0.7276483774185181
1.0,0.2863127887248993
0.0,0.27070704102516174
1.0,0.7297192215919495
1.0,0.2715425491333008
1.0,0.7299477458000183
0.0,0.7150731086730957
0.0,0.4112953543663025
1.0,0.2759036719799042
1.0,0.7300817966461182
1.0,0.7296022772789001
0.0,0.2706020176410675
0.0,0.29677334427833557
1.0,0.27050769329071045
0.0,0.27209219336509705
1.0,0.7272372841835022
1.0,0.7302722334861755
1.0,0.283521443605423
0.0,0.27475443482398987
0.0,0.2711765468120575
1.0,0.7288628220558167
1.0,0.2935951054096222
0.0,0.7295739650726318
0.0,0.2702331840991974
1.0,0.7304279208183289
1.0,0.7248643636703491
0.0,0.6609044671058655
1.0,0.6747053861618042
1.0,0.7299668192863464
1.0,0.27381405234336853
0.0,0.27225756645202637
0.0,0.28228336572647095
1.0,0.7276811599731445
1.0,0.7192732691764832
0.0,0.2877502739429474
0.0,0.27289506793022156
0.0,0.2717858850955963
0.0,0.28490397334098816
0.0,0.7294114828109741
0.0,0.27248504757881165
0.0,0.278493732213974
0.0,0.7255822420120239
1.0,0.7261070609092712
0.0,0.272262841463089
0.0,0.27409714460372925
0.0,0.7280097007751465
0.0,0.2715941071510315
1.0,0.7291062474250793
0.0,0.2734467387199402
1.0,0.27098098397254944
1.0,0.7291092872619629
0.0,0.27031731605529785
1.0,0.7301958203315735
1.0,0.2961065471172333
0.0,0.2699829936027527
1.0,0.7287430167198181
1.0,0.2842438817024231
1.0,0.6387860774993896
0.0,0.2856096923351288
1.0,0.7278538346290588
0.0,0.2708551287651062
1.0,0.2739769518375397
0.0,0.28585314750671387
0.0,0.7304762005805969
0.0,0.2725648581981659
1.0,0.7301656007766724
0.0,0.27315232157707214
0.0,0.3204878866672516
1.0,0.730465292930603
1.0,0.31578704714775085
0.0,0.2763243019580841
0.0,0.27111294865608215
1.0,0.729343593120575
1.0,0.7294197678565979
0.0,0.27381086349487305
1.0,0.7291739583015442
1.0,0.7284111976623535
1.0,0.7290945649147034
1.0,0.7002754211425781
1.0,0.7279012203216553
0.0,0.2710324823856354
1.0,0.7288357615470886
1.0,0.7301919460296631
0.0,0.7253890037536621
0.0,0.2712574899196625
0.0,0.2700115740299225
1.0,0.2729493975639343
1.0,0.7268336415290833
1.0,0.2732444405555725
0.0,0.2701614201068878
1.0,0.2763264775276184
0.0,0.729263424873352
0.0,0.31044891476631165
0.0,0.2704188823699951
1.0,0.7297719717025757
0.0,0.2715770900249481
1.0,0.6925404667854309
0.0,0.2703421413898468
0.0,0.27811145782470703
1.0,0.2722625732421875
0.0,0.2766534984111786
0.0,0.2703525722026825
1.0,0.7259926199913025
0.0,0.2708261013031006
1.0,0.6852673888206482
0.0,0.7213116884231567
1.0,0.7029656767845154
0.0,0.27553272247314453
0.0,0.28507938981056213
1.0,0.7298733592033386
0.0,0.7303484678268433
0.0,0.27214866876602173
1.0,0.729762077331543
0.0,0.2695252597332001
1.0,0.2780832052230835
0.0,0.31866246461868286
0.0,0.2784547805786133
0.0,0.7271367311477661
0.0,0.7046099305152893
0.0,0.27234333753585815
0.0,0.7239223718643188
1.0,0.4904634952545166
0.0,0.7286500334739685
1.0,0.730056643486023
1.0,0.7236546277999878
0.0,0.27333375811576843
1.0,0.6761940717697144
0.0,0.46931397914886475
1.0,0.7296332716941833
0.0,0.7232593894004822
0.0,0.2719232141971588
0.0,0.6937706470489502
1.0,0.727232813835144
1.0,0.728052020072937
0.0,0.27682843804359436
1.0,0.7295932769775391
0.0,0.2786507308483124
0.0,0.7099331021308899
1.0,0.7301974892616272
1.0,0.653054416179657
0.0,0.30317777395248413
0.0,0.7283281683921814
0.0,0.27006685733795166
0.0,0.48616907000541687
1.0,0.2769201695919037
0.0,0.2710052728652954
0.0,0.6805516481399536
0.0,0.7065699696540833
1.0,0.7296009063720703
0.0,0.2744665741920471
1.0,0.7293487191200256
0.0,0.30819278955459595
0.0,0.2732454538345337
0.0,0.28847214579582214
1.0,0.5398215055465698
1.0,0.2702365815639496
0.0,0.27666613459587097
1.0,0.7293285131454468
1.0,0.27371490001678467
1.0,0.7292828559875488
0.0,0.4464419186115265
1.0,0.674126923084259
0.0,0.729957103729248
1.0,0.7152953743934631
1.0,0.6451309323310852
0.0,0.2709220051765442
0.0,0.271077960729599
1.0,0.726410984992981
0.0,0.7257789969444275
0.0,0.3400443494319916
0.0,0.2721736431121826
1.0,0.2731914818286896
0.0,0.2701052725315094
1.0,0.7277054786682129
0.0,0.6994503140449524
0.0,0.2879362106323242
0.0,0.7150698304176331
1.0,0.2705270051956177
1.0,0.7247629761695862
0.0,0.48947975039482117
1.0,0.27485305070877075
1.0,0.7295169234275818
0.0,0.34206467866897583
0.0,0.7282111048698425
0.0,0.2709447741508484
0.0,0.27001726627349854
0.0,0.2780747711658478
1.0,0.7295576333999634
1.0,0.28262826800346375
0.0,0.2836575210094452
0.0,0.27151525020599365
0.0,0.2711234986782074
0.0,0.6242033243179321
0.0,0.2713780701160431
0.0,0.2701212465763092
0.0,0.7258875966072083
0.0,0.28550985455513
1.0,0.2774128019809723
0.0,0.7288462519645691
0.0,0.2698029577732086
0.0,0.27206552028656006
1.0,0.7302488684654236
1.0,0.26979348063468933
0.0,0.27034446597099304
0.0,0.27039477229118347
0.0,0.27170801162719727
1.0,0.274515300989151
0.0,0.270660936832428
0.0,0.27171382308006287
1.0,0.7296761274337769
1.0,0.7297297120094299
0.0,0.2720943093299866
0.0,0.27503493428230286
1.0,0.7285489439964294
0.0,0.27465060353279114
1.0,0.6220004558563232
1.0,0.30340972542762756
1.0,0.7298502922058105
1.0,0.7290290594100952
0.0,0.695921778678894
0.0,0.2707408368587494
0.0,0.2704522907733917
0.0,0.6990251541137695
0.0,0.2715090215206146
0.0,0.27110639214515686
1.0,0.27519524097442627
1.0,0.7283278703689575
1.0,0.7298527359962463
0.0,0.27047470211982727
1.0,0.7300645112991333
1.0,0.727262020111084
0.0,0.2709169089794159
1.0,0.2764662504196167
1.0,0.7287440896034241
1.0,0.7282523512840271
0.0,0.27749574184417725
0.0,0.2702026665210724
1.0,0.7291939854621887
1.0,0.7289841175079346
0.0,0.2704276740550995
1.0,0.7178213000297546
0.0,0.2733093798160553
0.0,0.27123990654945374
1.0,0.7300721406936646
1.0,0.7158454656600952
1.0,0.7299713492393494
1.0,0.6358915567398071
1.0,0.730336606502533
1.0,0.27082359790802
0.0,0.729438066482544
0.0,0.27282974123954773
1.0,0.7299838662147522
0.0,0.27056995034217834
1.0,0.7294439673423767
0.0,0.3043678402900696
0.0,0.27212902903556824
1.0,0.7219937443733215
1.0,0.2788409888744354
1.0,0.7114045023918152
1.0,0.7303118109703064
0.0,0.7145484685897827
1.0,0.7281181812286377
0.0,0.27762889862060547
0.0,0.27975544333457947
1.0,0.270885705947876
1.0,0.7288106679916382
0.0,0.2722378969192505
1.0,0.7299299240112305
1.0,0.7276455163955688
1.0,0.2715001106262207
0.0,0.27262410521507263
1.0,0.7252805829048157
0.0,0.27242037653923035
0.0,0.5579532384872437
1.0,0.728212296962738
1.0,0.2703009247779846
0.0,0.27190494537353516
1.0,0.7279230952262878
0.0,0.2705230712890625
0.0,0.2699010372161865
1.0,0.7271814942359924
1.0,0.6982072591781616
0.0,0.270345538854599
1.0,0.7297955751419067
1.0,0.6625047922134399
1.0,0.28167566657066345
1.0,0.7290564179420471
1.0,0.7306010127067566
1.0,0.273276686668396
1.0,0.729789674282074
0.0,0.27504798769950867
1.0,0.729045569896698
1.0,0.7306032180786133
0.0,0.27281612157821655
0.0,0.27020156383514404
1.0,0.7186928987503052
0.0,0.4456794857978821
0.0,0.2754782736301422
0.0,0.2741757333278656
1.0,0.7279821038246155
0.0,0.6594334244728088
1.0,0.7299918532371521
0.0,0.27421921491622925
0.0,0.729343056678772
0.0,0.2762540876865387
1.0,0.7289112210273743
1.0,0.2734605669975281
0.0,0.27244070172309875
1.0,0.7293821573257446
0.0,0.27148500084877014
1.0,0.7295284867286682
1.0,0.729729175567627
1.0,0.277810662984848
1.0,0.7295318841934204
0.0,0.27498239278793335
1.0,0.730241596698761
1.0,0.7293587923049927
1.0,0.7051033973693848
0.0,0.27256083488464355
1.0,0.7304800748825073
0.0,0.27452874183654785
1.0,0.2712370455265045
0.0,0.2705434262752533
0.0,0.27030548453330994
1.0,0.2794422507286072
0.0,0.2708582282066345
0.0,0.3333472013473511
1.0,0.7067624926567078
1.0,0.30793777108192444
0.0,0.2738363742828369
1.0,0.7300675511360168
0.0,0.27028825879096985
0.0,0.2724322974681854
0.0,0.27413833141326904
1.0,0.7206966876983643
1.0,0.7282387018203735
1.0,0.7241172194480896
0.0,0.27026107907295227
1.0,0.7295887470245361
0.0,0.26973021030426025
0.0,0.3719078600406647
1.0,0.271871417760849
1.0,0.7303717732429504
0.0,0.2771965563297272
1.0,0.31291690468788147
1.0,0.7132014632225037
0.0,0.7280861139297485
0.0,0.26983556151390076
0.0,0.2702772915363312
0.0,0.2783482074737549
1.0,0.7210785746574402
0.0,0.5946406722068787
1.0,0.2707028090953827
1.0,0.7104209661483765
0.0,0.27324044704437256
0.0,0.2862394452095032
0.0,0.27401629090309143
1.0,0.2700381875038147
1.0,0.7296308279037476
1.0,0.2922990620136261
1.0,0.3156765103340149
1.0,0.7291961908340454
1.0,0.7250881195068359
1.0,0.73040372133255
0.0,0.27765047550201416
1.0,0.7302913665771484
0.0,0.3983442187309265
0.0,0.2707507014274597
1.0,0.7302380800247192
0.0,0.2766539752483368
1.0,0.7296234965324402
0.0,0.27629682421684265
0.0,0.2755905091762543
1.0,0.27170565724372864
1.0,0.27170994877815247
1.0,0.7301545143127441
1.0,0.7215919494628906
1.0,0.5704401731491089
0.0,0.7271053791046143
1.0,0.7294678092002869
0.0,0.272813081741333
1.0,0.7297345995903015
1.0,0.5514031052589417
0.0,0.7158377766609192
0.0,0.27186092734336853
1.0,0.6418595910072327
0.0,0.7006763219833374
0.0,0.7298302054405212
1.0,0.7291260361671448
1.0,0.7300975918769836
0.0,0.27103957533836365
1.0,0.729242205619812
0.0,0.2825770080089569
0.0,0.27839210629463196
0.0,0.27299803495407104
0.0,0.27059510350227356
1.0,0.28952643275260925
0.0,0.726891815662384
0.0,0.2710159420967102
0.0,0.2700260579586029
0.0,0.27097517251968384
1.0,0.32106778025627136
1.0,0.7301466464996338
0.0,0.6945207118988037
1.0,0.7140056490898132
1.0,0.7298033833503723
1.0,0.728493332862854
0.0,0.27281439304351807
0.0,0.3672252595424652
0.0,0.2727784216403961
1.0,0.7300854921340942
1.0,0.27360689640045166
0.0,0.2701055407524109
0.0,0.27126336097717285
1.0,0.7296348810195923
0.0,0.7286346554756165
1.0,0.7257305979728699
1.0,0.7297467589378357
1.0,0.7302775382995605
1.0,0.7304475903511047
1.0,0.2725563943386078
0.0,0.7223161458969116
1.0,0.7291848659515381
0.0,0.3481016457080841
0.0,0.2985736131668091
0.0,0.270953506231308
1.0,0.2713239789009094
1.0,0.28703194856643677
0.0,0.6722055673599243
0.0,0.7267155647277832
0.0,0.2712395191192627
1.0,0.27719444036483765
0.0,0.2738974094390869
0.0,0.273618221282959
0.0,0.2701646089553833
1.0,0.7267275452613831
1.0,0.7282962799072266
0.0,0.2698526382446289
1.0,0.2710385322570801
0.0,0.27569907903671265
1.0,0.7279529571533203
1.0,0.7298309206962585
0.0,0.2710775136947632
0.0,0.2801315188407898
1.0,0.7166107892990112
1.0,0.27059829235076904
1.0,0.730405867099762
0.0,0.724692702293396
0.0,0.2737189829349518
1.0,0.2700554132461548
0.0,0.2715012729167938
0.0,0.7251530289649963
0.0,0.2702574133872986
1.0,0.7251499891281128
1.0,0.2843121290206909
1.0,0.2753520607948303
0.0,0.7291473746299744
0.0,0.2715231478214264
0.0,0.2741663455963135
0.0,0.7262921929359436
0.0,0.27097976207733154
0.0,0.2703227400779724
0.0,0.27138257026672363
0.0,0.27902281284332275
1.0,0.7263960838317871
1.0,0.7226538062095642
1.0,0.7245473265647888
0.0,0.2704490125179291
1.0,0.7305827140808105
1.0,0.7298511266708374
1.0,0.7273591160774231
1.0,0.7299308776855469
0.0,0.27019813656806946
1.0,0.7299649119377136
1.0,0.7303940057754517
0.0,0.2781105935573578
0.0,0.6067447066307068
1.0,0.7299363613128662
1.0,0.6996785402297974
0.0,0.2929806411266327
0.0,0.27149537205696106
0.0,0.7040179967880249
1.0,0.7301151156425476
0.0,0.27138379216194153
1.0,0.7240380644798279
1.0,0.7295495867729187
0.0,0.2702619135379791
0.0,0.49590641260147095
0.0,0.2821458578109741
1.0,0.7297955751419067
0.0,0.27106451988220215
1.0,0.7284945845603943
1.0,0.7234227061271667
0.0,0.28644248843193054
0.0,0.29142215847969055
0.0,0.7285322546958923
1.0,0.6864733695983887
0.0,0.2705715000629425
1.0,0.7303218245506287
0.0,0.27369746565818787
1.0,0.72138512134552
1.0,0.7283397316932678
1.0,0.7250956296920776
1.0,0.7288212180137634
0.0,0.7263027429580688
1.0,0.7287970185279846
1.0,0.7243730425834656
1.0,0.7285901308059692
0.0,0.2780158519744873
1.0,0.7298940420150757
0.0,0.7202200293540955
0.0,0.2731087803840637
0.0,0.2709157168865204
1.0,0.639035165309906
1.0,0.7284884452819824
1.0,0.7303220629692078
1.0,0.2732132077217102
0.0,0.2732277512550354
0.0,0.2700960636138916
1.0,0.27047497034072876
1.0,0.7204163670539856
0.0,0.2764054536819458
0.0,0.7282475233078003
0.0,0.2737513780593872
1.0,0.7284955382347107
1.0,0.7293058037757874
1.0,0.7303173542022705
0.0,0.2696062922477722
0.0,0.27069008350372314
0.0,0.2699477970600128
1.0,0.7303975820541382
0.0,0.27217185497283936
1.0,0.3839612901210785
0.0,0.27099207043647766
0.0,0.6631060242652893
0.0,0.5041338801383972
0.0,0.2730063498020172
1.0,0.7287641763687134
1.0,0.7262100577354431
1.0,0.6284552812576294
0.0,0.33479422330856323
0.0,0.2708491384983063
0.0,0.5435671210289001
0.0,0.26987218856811523
0.0,0.7237722873687744
0.0,0.26959431171417236
1.0,0.27306675910949707
1.0,0.7038079500198364
0.0,0.2700290381908417
1.0,0.6008341312408447
0.0,0.2698342800140381
0.0,0.2719148099422455
0.0,0.27434220910072327
1.0,0.7269760966300964
0.0,0.2700542211532593
1.0,0.2725643813610077
1.0,0.5764954686164856
1.0,0.7100189328193665
1.0,0.658802330493927
0.0,0.2719464898109436
0.0,0.2713787257671356
1.0,0.7232012152671814
1.0,0.7297053337097168
1.0,0.7256746888160706
1.0,0.2705003023147583
0.0,0.2711758613586426
0.0,0.27083373069763184
0.0,0.2706794738769531
1.0,0.7294080257415771
0.0,0.2724609673023224
1.0,0.7271615266799927
0.0,0.27586978673934937
1.0,0.7295207977294922
1.0,0.7281518578529358
0.0,0.729633092880249
1.0,0.7280770540237427
1.0,0.7291357517242432
1.0,0.6902300715446472
0.0,0.2858220934867859
1.0,0.7293283939361572
1.0,0.7293685078620911
1.0,0.7287174463272095
1.0,0.7301369905471802
1.0,0.2708273231983185
1.0,0.33950090408325195
1.0,0.7301154732704163
0.0,0.2737134099006653
0.0,0.27316713333129883
0.0,0.27072787284851074
0.0,0.2703109085559845
1.0,0.7288770079612732
0.0,0.27079132199287415
0.0,0.2705170512199402
1.0,0.7291215062141418
0.0,0.2752523720264435
0.0,0.2825472354888916
1.0,0.7297043204307556
1.0,0.7298561334609985
0.0,0.2705959677696228
0.0,0.2705548405647278
0.0,0.29031381011009216
0.0,0.29585912823677063
0.0,0.27216726541519165
1.0,0.7302244901657104
0.0,0.4122938811779022
1.0,0.7270870208740234
0.0,0.2718356251716614
1.0,0.7251828908920288
0.0,0.2709619402885437
0.0,0.27069684863090515
0.0,0.2905958592891693
0.0,0.27007704973220825
1.0,0.6216803789138794
0.0,0.27216285467147827
1.0,0.7285636067390442
1.0,0.29461708664894104
0.0,0.5143486261367798
0.0,0.2705889344215393
1.0,0.7280848026275635
1.0,0.5744882225990295
1.0,0.7303933501243591
0.0,0.27130067348480225
1.0,0.6408703923225403
0.0,0.7220149636268616
0.0,0.30935871601104736
1.0,0.7300286293029785
1.0,0.27675843238830566
0.0,0.28028228878974915
1.0,0.2846151292324066
0.0,0.7293543219566345
1.0,0.7286123037338257
0.0,0.27712297439575195
1.0,0.7297664880752563
1.0,0.7300313115119934
1.0,0.37198618054389954
0.0,0.2713676989078522
1.0,0.7304558753967285
0.0,0.270707905292511
0.0,0.27126744389533997
0.0,0.27293455600738525
1.0,0.7275474667549133
0.0,0.2727680504322052
1.0,0.7288960814476013
1.0,0.7302566170692444
0.0,0.299841046333313
0.0,0.2700783908367157
1.0,0.7302467823028564
0.0,0.26999667286872864
0.0,0.26994791626930237
0.0,0.4015469551086426
0.0,0.2705685496330261
0.0,0.2714563310146332
1.0,0.7297272682189941
0.0,0.2720049023628235
0.0,0.7073927521705627
0.0,0.28758472204208374
0.0,0.2738686501979828
0.0,0.27139100432395935
0.0,0.2731906771659851
0.0,0.2923317551612854
1.0,0.2777668833732605
0.0,0.2713598608970642
1.0,0.27167466282844543
1.0,0.7299891710281372
1.0,0.7245134711265564
1.0,0.27159079909324646
0.0,0.48321864008903503
1.0,0.7298288941383362
1.0,0.5948034524917603
0.0,0.27073895931243896
1.0,0.2730340361595154
1.0,0.7272716164588928
1.0,0.2734629511833191
0.0,0.27676957845687866
0.0,0.2819916903972626
1.0,0.2735751271247864
1.0,0.7287226915359497
0.0,0.2863740622997284
1.0,0.7299320101737976
1.0,0.2710314989089966
1.0,0.7286278009414673
0.0,0.2992643713951111
0.0,0.27142003178596497
1.0,0.724571168422699
0.0,0.27242976427078247
1.0,0.6417567729949951
0.0,0.27053961157798767
0.0,0.6236671805381775
0.0,0.2885858416557312
0.0,0.2736548185348511
0.0,0.271875262260437
1.0,0.7293930649757385
1.0,0.49996137619018555
0.0,0.2705329954624176
0.0,0.2730095088481903
1.0,0.7295896410942078
1.0,0.7173238396644592
0.0,0.2700590193271637
0.0,0.27239853143692017
0.0,0.5792372822761536
1.0,0.28159597516059875
0.0,0.7258993983268738
0.0,0.27244147658348083
1.0,0.7282422184944153
0.0,0.27178528904914856
1.0,0.7299242615699768
0.0,0.2701193690299988
1.0,0.7296764254570007
0.0,0.30400723218917847
1.0,0.7211232781410217
1.0,0.7282270193099976
0.0,0.27808839082717896
0.0,0.27035507559776306
0.0,0.6995124816894531
0.0,0.27051159739494324
1.0,0.7050158977508545
1.0,0.7293407917022705
0.0,0.2708095610141754
0.0,0.2712647616863251
0.0,0.32554975152015686
1.0,0.7185893058776855
1.0,0.7240057587623596
1.0,0.7301976084709167
1.0,0.28001707792282104
1.0,0.26969730854034424
0.0,0.2961878180503845
1.0,0.6658942103385925
1.0,0.6468368768692017
1.0,0.29016968607902527
1.0,0.7301432490348816
1.0,0.7301904559135437
0.0,0.27071255445480347
1.0,0.6491609215736389
1.0,0.7300155162811279
0.0,0.27055367827415466
0.0,0.2708301246166229
1.0,0.2735120356082916
1.0,0.7290089130401611
1.0,0.7293384075164795
0.0,0.27501973509788513
0.0,0.31065085530281067
0.0,0.2705916464328766
0.0,0.2761300802230835
0.0,0.7217807173728943
0.0,0.27042779326438904
0.0,0.27104076743125916
1.0,0.2703492343425751
1.0,0.7296141982078552
0.0,0.2853524386882782
1.0,0.7295928597450256
0.0,0.6496673822402954
0.0,0.27053406834602356
0.0,0.27359825372695923
1.0,0.7297781705856323
1.0,0.729467511177063
1.0,0.7301648259162903
1.0,0.7280076146125793
0.0,0.2711973190307617
0.0,0.27151724696159363
1.0,0.7303337454795837
0.0,0.7250754237174988
0.0,0.2899402379989624
0.0,0.28374233841896057
0.0,0.27275213599205017
1.0,0.7052725553512573
0.0,0.7303361296653748
0.0,0.27190443873405457
0.0,0.2698809802532196
1.0,0.27711495757102966
0.0,0.2718469500541687
1.0,0.2725796699523926
0.0,0.2727275788784027
0.0,0.2711952328681946
0.0,0.27706223726272583
0.0,0.2697303295135498
1.0,0.7301700115203857
1.0,0.7303088307380676
0.0,0.2716996669769287
1.0,0.2919996976852417
0.0,0.2711392045021057
0.0,0.272371381521225
0.0,0.7220603227615356
1.0,0.7295926213264465
0.0,0.3938515782356262
1.0,0.30918219685554504
1.0,0.27542781829833984
0.0,0.2700756788253784
1.0,0.7301380634307861
0.0,0.2721889615058899
1.0,0.7268671989440918
1.0,0.7301635146141052
0.0,0.2707087993621826
0.0,0.27265816926956177
1.0,0.7293065786361694
1.0,0.28684696555137634
0.0,0.5035990476608276
0.0,0.2891550362110138
0.0,0.27519547939300537
0.0,0.2898513674736023
1.0,0.729039192199707
0.0,0.28186702728271484
1.0,0.27182507514953613
1.0,0.7276808619499207
1.0,0.729978084564209
0.0,0.7284840941429138
1.0,0.7135118842124939
1.0,0.7303716540336609
0.0,0.7292095422744751
1.0,0.7302866578102112
0.0,0.2867872416973114
0.0,0.7301599383354187
1.0,0.7268630266189575
1.0,0.27051806449890137
0.0,0.2709302306175232
0.0,0.28684356808662415
0.0,0.27141791582107544
0.0,0.2733118534088135
1.0,0.7291075587272644
1.0,0.7304588556289673
0.0,0.27065181732177734
1.0,0.2735271453857422
1.0,0.708655059337616
0.0,0.28032761812210083
1.0,0.4099005460739136
1.0,0.7295739054679871
0.0,0.6983548998832703
1.0,0.7296785712242126
1.0,0.27299103140830994
0.0,0.2724112570285797
1.0,0.7303028702735901
1.0,0.6840857267379761
0.0,0.2726764976978302
0.0,0.28223055601119995
1.0,0.27049705386161804
1.0,0.7302054762840271
1.0,0.7250423431396484
1.0,0.2808877229690552
1.0,0.2955537438392639
0.0,0.7218104600906372
1.0,0.6169779300689697
1.0,0.7246613502502441
0.0,0.36179691553115845
0.0,0.27248162031173706
0.0,0.2841767966747284
1.0,0.7289913892745972
1.0,0.2724965214729309
0.0,0.2706727981567383
0.0,0.27234455943107605
1.0,0.7299496531486511
0.0,0.27070367336273193
0.0,0.2782229483127594
0.0,0.2753293216228485
0.0,0.27009937167167664
0.0,0.27050554752349854
0.0,0.2710115909576416
1.0,0.7290927767753601
1.0,0.7211084365844727
1.0,0.7297685146331787
1.0,0.7270070910453796
1.0,0.7255145311355591
1.0,0.2812218964099884
1.0,0.7300657033920288
0.0,0.27124398946762085
1.0,0.7298681139945984
0.0,0.2874342203140259
1.0,0.7294172048568726
1.0,0.728806734085083
1.0,0.7294380068778992
0.0,0.6823250651359558
1.0,0.3746506869792938
0.0,0.2701958417892456
1.0,0.7300171852111816
0.0,0.2700871527194977
1.0,0.7302151322364807
0.0,0.2708662450313568
0.0,0.2741740643978119
0.0,0.27116453647613525
1.0,0.7271968126296997
1.0,0.7294489145278931
1.0,0.3283136487007141
0.0,0.3159291446208954
0.0,0.28146055340766907
1.0,0.2745038866996765
1.0,0.27448585629463196
1.0,0.7261859774589539
0.0,0.27024582028388977
1.0,0.7301519513130188
0.0,0.2782835364341736
0.0,0.6455009579658508
0.0,0.6312255859375
1.0,0.7297999262809753
0.0,0.27370941638946533
0.0,0.7169081568717957
1.0,0.7300230860710144
0.0,0.7254354953765869
0.0,0.2767704129219055
0.0,0.271664559841156
1.0,0.6992340087890625
0.0,0.2783372700214386
0.0,0.27026456594467163
0.0,0.27272915840148926
0.0,0.2712464928627014
0.0,0.2753140926361084
1.0,0.7294396162033081
0.0,0.27114880084991455
0.0,0.2733917534351349
1.0,0.7303773760795593
1.0,0.7293774485588074
1.0,0.7290459871292114
0.0,0.27071475982666016
1.0,0.7294514179229736
1.0,0.7302760481834412
1.0,0.728829562664032
0.0,0.6391592025756836
0.0,0.27471601963043213
0.0,0.27165570855140686
1.0,0.7256565093994141
0.0,0.2716220021247864
0.0,0.7298752665519714
0.0,0.2726462185382843
0.0,0.7229297757148743
0.0,0.2712758183479309
1.0,0.7245781421661377
1.0,0.7305508852005005
0.0,0.2713288366794586
0.0,0.2961307168006897
0.0,0.27152809500694275
1.0,0.7298475503921509
0.0,0.28435441851615906
0.0,0.2710021734237671
0.0,0.28291934728622437
1.0,0.7301100492477417
0.0,0.27199769020080566
1.0,0.7295216917991638
0.0,0.27009379863739014
0.0,0.27060285210609436
0.0,0.27265727519989014
0.0,0.2765748202800751
0.0,0.27061986923217773
0.0,0.7297626733779907
1.0,0.7289354205131531
0.0,0.2752324342727661
0.0,0.2714437246322632
1.0,0.7271243929862976
1.0,0.2704359292984009
1.0,0.7287431955337524
1.0,0.2705557346343994
0.0,0.27164146304130554
1.0,0.7304562330245972
0.0,0.270484983921051
1.0,0.7302564978599548
0.0,0.7244362235069275
1.0,0.7305688858032227
1.0,0.7270888090133667
0.0,0.27481168508529663
1.0,0.7302296757698059
1.0,0.7291269302368164
1.0,0.27376651763916016
0.0,0.27292558550834656
0.0,0.6734174489974976
1.0,0.729560375213623
0.0,0.27051374316215515
1.0,0.7289861440658569
1.0,0.2797112762928009
1.0,0.2822287380695343
0.0,0.728827953338623
1.0,0.6861380934715271
1.0,0.5107553005218506
0.0,0.27132895588874817
1.0,0.7286112904548645
1.0,0.7301056981086731
0.0,0.27110520005226135
1.0,0.2700574994087219
0.0,0.2724129855632782
0.0,0.725706160068512
0.0,0.728659987449646
1.0,0.7296541333198547
1.0,0.7295573353767395
1.0,0.2719707489013672
0.0,0.7254988551139832
1.0,0.2705896496772766
1.0,0.7295764088630676
1.0,0.6724110841751099
1.0,0.7301387786865234
1.0,0.7303628325462341
1.0,0.730523407459259
0.0,0.2709612250328064
0.0,0.2806406021118164
1.0,0.7289668321609497
0.0,0.2711842954158783
0.0,0.2726578712463379
0.0,0.276233047246933
0.0,0.2710649073123932
1.0,0.7296488285064697
0.0,0.49656566977500916
1.0,0.7299774289131165
1.0,0.7302094101905823
0.0,0.2720048129558563
0.0,0.3367271423339844
1.0,0.7301821112632751
1.0,0.7301498651504517
1.0,0.7300825715065002
1.0,0.730441153049469
0.0,0.27126654982566833
1.0,0.710638165473938
1.0,0.7273224592208862
0.0,0.2951166033744812
0.0,0.2716364860534668
1.0,0.7299119234085083
0.0,0.2701253890991211
1.0,0.69971764087677
1.0,0.7278630137443542
0.0,0.27016159892082214
1.0,0.7274351716041565
1.0,0.729813277721405
1.0,0.7278439998626709
1.0,0.2903631329536438
1.0,0.7286943197250366
1.0,0.7283557057380676
1.0,0.7232896685600281
0.0,0.2705037295818329
0.0,0.7300218343734741
1.0,0.2717622220516205
0.0,0.27446043491363525
0.0,0.28950759768486023
1.0,0.7300162315368652
0.0,0.2765650153160095
1.0,0.7283551692962646
0.0,0.7292837500572205
0.0,0.28533661365509033
1.0,0.6030649542808533
0.0,0.2778101861476898
0.0,0.2866651117801666
0.0,0.27042874693870544
0.0,0.27084052562713623
0.0,0.6692019104957581
0.0,0.2710290253162384
0.0,0.31592291593551636
0.0,0.6832025051116943
1.0,0.7299690246582031
0.0,0.27190881967544556
0.0,0.26982685923576355
0.0,0.2708286941051483
0.0,0.2788662612438202
1.0,0.7029113173484802
0.0,0.2757469117641449
0.0,0.38155198097229004
1.0,0.7142540812492371
1.0,0.40959489345550537
0.0,0.28288954496383667
1.0,0.7298497557640076
0.0,0.3103908598423004
0.0,0.6460317969322205
0.0,0.2724330425262451
1.0,0.7303882241249084
1.0,0.7087896466255188
0.0,0.7302088141441345
1.0,0.721965491771698
1.0,0.2721636891365051
0.0,0.27134573459625244
0.0,0.2698276937007904
1.0,0.7274438738822937
0.0,0.2859649658203125
0.0,0.27158039808273315
1.0,0.7301540374755859
0.0,0.28298595547676086
0.0,0.27242305874824524
1.0,0.7301316261291504
1.0,0.7264218926429749
0.0,0.7245165705680847
1.0,0.7301936745643616
1.0,0.5414966940879822
1.0,0.7298681139945984
0.0,0.44502002000808716
0.0,0.4537135362625122
0.0,0.2706551253795624
1.0,0.2951500713825226
0.0,0.2798956036567688
1.0,0.7298272252082825
0.0,0.27603551745414734
1.0,0.73045814037323
1.0,0.7304828763008118
0.0,0.7244001626968384
0.0,0.2954540252685547
1.0,0.7291068434715271
1.0,0.7301743030548096
0.0,0.2711944282054901
0.0,0.2706299126148224
0.0,0.5029218196868896
1.0,0.7295443415641785
0.0,0.2753070890903473
1.0,0.7212157845497131
1.0,0.2838175594806671
0.0,0.3478013575077057
1.0,0.7293369174003601
0.0,0.2786199748516083
0.0,0.2701665461063385
0.0,0.2742806077003479
0.0,0.7278251051902771
1.0,0.26959940791130066
1.0,0.2701234519481659
0.0,0.2751520574092865
0.0,0.2716580033302307
1.0,0.6590354442596436
0.0,0.7284184694290161
0.0,0.7257141470909119
0.0,0.27170416712760925
1.0,0.7238050699234009
1.0,0.27771833539009094
0.0,0.2786632776260376
0.0,0.2863938808441162
0.0,0.7197352647781372
0.0,0.6772154569625854
0.0,0.27053290605545044
0.0,0.26999977231025696
0.0,0.2748042047023773
1.0,0.730198323726654
0.0,0.26996612548828125
0.0,0.2741019129753113
0.0,0.2698938548564911
0.0,0.29305365681648254
0.0,0.2706957459449768
1.0,0.7234185934066772
1.0,0.7305374145507812
0.0,0.2719968259334564
0.0,0.27091020345687866
0.0,0.27061089873313904
0.0,0.7287392616271973
1.0,0.7155066132545471
0.0,0.29015031456947327
0.0,0.2716614007949829
1.0,0.7296935319900513
0.0,0.27131423354148865
1.0,0.7302564978599548
0.0,0.5624627470970154
1.0,0.729698896408081
1.0,0.730217695236206
0.0,0.2707419991493225
1.0,0.73051518201828
1.0,0.7285552620887756
1.0,0.6026887893676758
0.0,0.7176741361618042
0.0,0.2937258780002594
1.0,0.7303651571273804
0.0,0.7251543402671814
1.0,0.7185892462730408
1.0,0.3022995591163635
0.0,0.2707524597644806
1.0,0.7293654084205627
1.0,0.7305627465248108
0.0,0.7252857685089111
0.0,0.3076450824737549
0.0,0.2817680835723877
0.0,0.45481184124946594
0.0,0.27680325508117676
1.0,0.7305184602737427
0.0,0.27018845081329346
1.0,0.7293715476989746
0.0,0.27537137269973755
0.0,0.27137163281440735
0.0,0.2711251676082611
1.0,0.7282590270042419
0.0,0.2793158292770386
1.0,0.7299159169197083
0.0,0.2711750566959381
0.0,0.2709049880504608
0.0,0.27071383595466614
1.0,0.7267156839370728
1.0,0.6728084683418274
1.0,0.7226894497871399
0.0,0.38286545872688293
1.0,0.27616310119628906
1.0,0.2911185622215271
0.0,0.27788954973220825
0.0,0.465370774269104
1.0,0.2767755091190338
1.0,0.7293472290039062
1.0,0.7299544215202332
1.0,0.274609237909317
0.0,0.2706785500049591
1.0,0.7303597927093506
0.0,0.30132588744163513
1.0,0.6644604802131653
0.0,0.2745053470134735
1.0,0.6449011564254761
0.0,0.26975512504577637
1.0,0.7304322719573975
0.0,0.2781449258327484
1.0,0.730331301689148
0.0,0.27700790762901306
0.0,0.28882017731666565
1.0,0.2798134386539459
1.0,0.31342145800590515
0.0,0.27180176973342896
1.0,0.726897120475769
1.0,0.7278755307197571
1.0,0.7294668555259705
0.0,0.27236688137054443
1.0,0.6867532730102539
1.0,0.7297148704528809
1.0,0.7227135300636292
0.0,0.7195626497268677
0.0,0.271806925535202
1.0,0.7299593091011047
1.0,0.6716533899307251
0.0,0.7226747274398804
0.0,0.27453896403312683
0.0,0.6476466059684753
1.0,0.7293993234634399
0.0,0.270839124917984
0.0,0.2784888744354248
0.0,0.28619852662086487
0.0,0.729526162147522
1.0,0.7262491583824158
1.0,0.7298939824104309
0.0,0.5391592383384705
1.0,0.42219534516334534
1.0,0.7288071513175964
1.0,0.27267298102378845
0.0,0.27042949199676514
1.0,0.729947566986084
0.0,0.2717055678367615
0.0,0.2714253067970276
0.0,0.2744212746620178
1.0,0.7301211953163147
1.0,0.7292224764823914
1.0,0.7300641536712646
1.0,0.2773142457008362
0.0,0.2713949680328369
0.0,0.27187252044677734
1.0,0.7303898334503174
0.0,0.27623894810676575
0.0,0.2745116353034973
1.0,0.2904687225818634
1.0,0.2897533178329468
0.0,0.7261883616447449
0.0,0.2737230360507965
0.0,0.2712594270706177
1.0,0.27053532004356384
0.0,0.3380108177661896
0.0,0.6415629982948303
1.0,0.7282188534736633
1.0,0.369865357875824
0.0,0.2738574743270874
0.0,0.29175376892089844
0.0,0.27116647362709045
0.0,0.2764072120189667
1.0,0.7301186323165894
1.0,0.7290041446685791
0.0,0.2712302505970001
1.0,0.7295196056365967
1.0,0.7294955849647522
1.0,0.7299794554710388
0.0,0.27848154306411743
1.0,0.7275699377059937
1.0,0.7293767333030701
0.0,0.2721675932407379
1.0,0.7297272086143494
0.0,0.27156928181648254
0.0,0.7300117611885071
1.0,0.7305524349212646
1.0,0.724811315536499
0.0,0.2702454924583435
1.0,0.7297112941741943
1.0,0.7298771142959595
1.0,0.7292280793190002
1.0,0.7289343476295471
1.0,0.28314030170440674
0.0,0.27916422486305237
0.0,0.2710493206977844
1.0,0.7297068238258362
0.0,0.2731805145740509
1.0,0.6986165642738342
1.0,0.7305072546005249
1.0,0.2708243131637573
0.0,0.2714292109012604
1.0,0.6111318469047546
0.0,0.2836369574069977
0.0,0.2752039134502411
0.0,0.4937871992588043
0.0,0.2711600065231323
0.0,0.2751946747303009
1.0,0.47782576084136963
0.0,0.27321138978004456
0.0,0.644461452960968
0.0,0.36977294087409973
1.0,0.7294137477874756
1.0,0.2716756761074066
1.0,0.7304566502571106
0.0,0.28449609875679016
0.0,0.27300652861595154
0.0,0.6506538987159729
1.0,0.728233277797699
0.0,0.3024594187736511
1.0,0.7284348011016846
0.0,0.2739546000957489
0.0,0.27540087699890137
0.0,0.2837769389152527
1.0,0.7301538586616516
0.0,0.2719343900680542
1.0,0.27225160598754883
0.0,0.3170430064201355
1.0,0.705597460269928
0.0,0.27056634426116943
1.0,0.7298816442489624
0.0,0.7244683504104614
1.0,0.7287477254867554
0.0,0.7235287427902222
1.0,0.7292660474777222
1.0,0.7272096276283264
1.0,0.7280425429344177
0.0,0.2724214196205139
0.0,0.2708948254585266
1.0,0.30857738852500916
0.0,0.2702290713787079
1.0,0.7287318110466003
1.0,0.72038733959198
0.0,0.27146467566490173
0.0,0.7237950563430786
1.0,0.7304161190986633
0.0,0.27164995670318604
1.0,0.6900002956390381
1.0,0.7300757169723511
1.0,0.7303902506828308
1.0,0.2700367569923401
0.0,0.2713720500469208
1.0,0.37657666206359863
1.0,0.7292348742485046
0.0,0.2723974585533142
1.0,0.7286107540130615
0.0,0.27056509256362915
0.0,0.727051854133606
0.0,0.27031564712524414
0.0,0.2938510477542877
1.0,0.2943442463874817
0.0,0.2701745331287384
1.0,0.7299985885620117
1.0,0.7269902229309082
0.0,0.2712981700897217
1.0,0.7286615371704102
0.0,0.31904932856559753
0.0,0.2726188600063324
0.0,0.2710820138454437
0.0,0.2753959000110626
1.0,0.2699911892414093
1.0,0.7290946245193481
0.0,0.2703045606613159
0.0,0.7256366014480591
1.0,0.7275891304016113
1.0,0.27604928612709045
0.0,0.288977712392807
1.0,0.27024611830711365
0.0,0.27681779861450195
1.0,0.7285142540931702
0.0,0.27335843443870544
0.0,0.7094411849975586
1.0,0.27189382910728455
1.0,0.7293646335601807
1.0,0.7304678559303284
1.0,0.27117443084716797
0.0,0.27348214387893677
0.0,0.2705771028995514
1.0,0.7245771288871765
1.0,0.6872006058692932
1.0,0.7291222810745239
1.0,0.30260515213012695
1.0,0.7270645499229431
0.0,0.7300928235054016
0.0,0.7285673022270203
1.0,0.6959630250930786
0.0,0.27108198404312134
0.0,0.506863534450531
1.0,0.3028826117515564
0.0,0.7282010316848755
0.0,0.4383981227874756
1.0,0.7298278212547302
0.0,0.27096304297447205
0.0,0.5417242050170898
0.0,0.27142760157585144
1.0,0.7275660037994385
0.0,0.7291916012763977
0.0,0.27231520414352417
1.0,0.3965006172657013
1.0,0.7275853753089905
1.0,0.7168101072311401
1.0,0.7288716435432434
1.0,0.3526211678981781
1.0,0.275896281003952
0.0,0.282174289226532
1.0,0.7300158143043518
0.0,0.272122323513031
1.0,0.26968932151794434
0.0,0.7169464826583862
0.0,0.2774626910686493
0.0,0.7162211537361145
0.0,0.270491361618042
0.0,0.2733432948589325
0.0,0.2735852599143982
0.0,0.27079740166664124
0.0,0.2792747914791107
0.0,0.27098900079727173
0.0,0.7295479774475098
1.0,0.7271922826766968
1.0,0.7302488088607788
0.0,0.281921923160553
0.0,0.611149787902832
0.0,0.2700583040714264
0.0,0.2725180387496948
0.0,0.27131718397140503
0.0,0.2698194980621338
1.0,0.7245782613754272
1.0,0.729580819606781
0.0,0.27237048745155334
1.0,0.7205716371536255
1.0,0.7303680777549744
1.0,0.38599738478660583
0.0,0.4065982401371002
0.0,0.27316707372665405
0.0,0.2773483693599701
1.0,0.7301846742630005
0.0,0.6484085321426392
1.0,0.7205326557159424
1.0,0.7295251488685608
1.0,0.6896010637283325
1.0,0.6966335773468018
0.0,0.2723156213760376
1.0,0.6828269362449646
1.0,0.7273990511894226
1.0,0.6667372584342957
1.0,0.2818225920200348
1.0,0.7298791408538818
0.0,0.2704256474971771
0.0,0.2704261541366577
1.0,0.7291730046272278
0.0,0.27043354511260986
0.0,0.2725639045238495
0.0,0.27353769540786743
1.0,0.7293736338615417
0.0,0.2868797183036804
0.0,0.7296034097671509
0.0,0.2743802070617676
0.0,0.2716693878173828
0.0,0.27038800716400146
0.0,0.27100709080696106
0.0,0.2744944393634796
0.0,0.27327802777290344
1.0,0.7302597761154175
0.0,0.2719608545303345
1.0,0.7304068207740784
0.0,0.2726909816265106
1.0,0.7296426296234131
0.0,0.2839083671569824
0.0,0.4041806757450104
1.0,0.7296323776245117
1.0,0.7301123738288879
0.0,0.2697051763534546
1.0,0.6877357959747314
1.0,0.7280910611152649
1.0,0.27045005559921265
0.0,0.27485841512680054
0.0,0.2796231508255005
1.0,0.7299004197120667
0.0,0.41870081424713135
0.0,0.27061864733695984
0.0,0.27861976623535156
1.0,0.2700407803058624
1.0,0.7110276818275452
0.0,0.7271387577056885
0.0,0.499333918094635
1.0,0.5536626577377319
0.0,0.2724110782146454
0.0,0.684873104095459
1.0,0.7249355912208557
1.0,0.27175894379615784
0.0,0.27268922328948975
0.0,0.2989383339881897
0.0,0.541214108467102
1.0,0.7137323021888733
0.0,0.7295635938644409
0.0,0.27045756578445435
1.0,0.7051752209663391
0.0,0.27051088213920593
0.0,0.2738015055656433
1.0,0.7288523316383362
0.0,0.27972668409347534
0.0,0.27027827501296997
1.0,0.7302284836769104
1.0,0.72181236743927
1.0,0.7305536270141602
1.0,0.7221333980560303
0.0,0.2778066098690033
0.0,0.2724990248680115
1.0,0.7178288102149963
1.0,0.7299702167510986
1.0,0.7294915318489075
0.0,0.2702212929725647
1.0,0.730278491973877
1.0,0.7294530272483826
1.0,0.7243973016738892
1.0,0.7286649346351624
0.0,0.2748383581638336
0.0,0.3393321931362152
1.0,0.27741074562072754
1.0,0.38316357135772705
0.0,0.3454872965812683
0.0,0.2695005536079407
0.0,0.27405261993408203
1.0,0.722773015499115
0.0,0.27215278148651123
1.0,0.28108951449394226
1.0,0.729362428188324
0.0,0.2719498574733734
1.0,0.46726861596107483
1.0,0.7258546352386475
1.0,0.3050527274608612
0.0,0.2701517939567566
0.0,0.2765364646911621
0.0,0.2883157432079315
0.0,0.7245044112205505
1.0,0.2714458703994751
0.0,0.717243492603302
0.0,0.2806445360183716
1.0,0.7294670343399048
1.0,0.7302629351615906
0.0,0.2711889147758484
0.0,0.2722155749797821
0.0,0.2743850648403168
0.0,0.2900281846523285
0.0,0.27215561270713806
1.0,0.2886161506175995
0.0,0.2755569517612457
0.0,0.2712055444717407
0.0,0.2765333652496338
0.0,0.3630868196487427
0.0,0.2710743844509125
1.0,0.7296476364135742
0.0,0.2716175317764282
1.0,0.2712628245353699
1.0,0.27101606130599976
0.0,0.4412331283092499
1.0,0.272388219833374
1.0,0.270239919424057
1.0,0.7289422750473022
1.0,0.7300548553466797
1.0,0.729318380355835
0.0,0.27407774329185486
1.0,0.7304795980453491
0.0,0.28290221095085144
0.0,0.27110448479652405
1.0,0.7304735779762268
1.0,0.6399268507957458
1.0,0.7294511795043945
1.0,0.7300302982330322
0.0,0.2711431682109833
1.0,0.7242129445075989
1.0,0.2834552824497223
0.0,0.27075985074043274
1.0,0.7297540903091431
0.0,0.2703711688518524
0.0,0.28747060894966125
1.0,0.7246332168579102
1.0,0.7216489315032959
1.0,0.27104824781417847
1.0,0.455668568611145
1.0,0.7301420569419861
1.0,0.718704342842102
1.0,0.7286373972892761
1.0,0.7008484601974487
1.0,0.28235360980033875
1.0,0.7303223013877869
0.0,0.27001380920410156
0.0,0.6623038649559021
1.0,0.7192109823226929
1.0,0.7296913862228394
0.0,0.2701496183872223
0.0,0.27219122648239136
0.0,0.2711266875267029
1.0,0.7173706293106079
0.0,0.2706948518753052
0.0,0.29653647541999817
0.0,0.2776966691017151
1.0,0.27312666177749634
1.0,0.7080868482589722
0.0,0.2973732650279999
0.0,0.7143514752388
1.0,0.7294930815696716
0.0,0.2718815207481384
1.0,0.27225539088249207
0.0,0.27407827973365784
0.0,0.7204968333244324
1.0,0.7254100441932678
1.0,0.7281029224395752
1.0,0.7298759818077087
0.0,0.26995471119880676
1.0,0.6163755655288696
1.0,0.7296293377876282
1.0,0.7304797172546387
0.0,0.2729678153991699
0.0,0.7239400148391724
0.0,0.2732408344745636
1.0,0.3954658806324005
0.0,0.7303359508514404
1.0,0.7294936776161194
0.0,0.7261689901351929
0.0,0.28299465775489807
1.0,0.7303043007850647
1.0,0.7293961048126221
0.0,0.3029000759124756
0.0,0.270719438791275
1.0,0.7244018912315369
0.0,0.3103751242160797
1.0,0.7249395847320557
0.0,0.2723393738269806
1.0,0.36588528752326965
1.0,0.642691433429718
0.0,0.27026090025901794
0.0,0.280758261680603
0.0,0.272334486246109
1.0,0.663719892501831
0.0,0.27282536029815674
0.0,0.26999831199645996
1.0,0.7302123308181763
1.0,0.2725890874862671
0.0,0.7287289500236511
1.0,0.7302886843681335
1.0,0.28268539905548096
0.0,0.2715185582637787
1.0,0.7244827747344971
0.0,0.273874431848526
1.0,0.6983212232589722
0.0,0.2728981375694275
0.0,0.27282533049583435
0.0,0.2714685797691345
0.0,0.27214744687080383
1.0,0.7247086763381958
1.0,0.7305817008018494
0.0,0.2725389897823334
1.0,0.7289032936096191
1.0,0.7302832007408142
1.0,0.7271164655685425
0.0,0.3073824644088745
1.0,0.7267017364501953
0.0,0.29729944467544556
1.0,0.727886974811554
1.0,0.7194573879241943
1.0,0.724328339099884
1.0,0.7290207147598267
0.0,0.2709999978542328
1.0,0.729284405708313
0.0,0.2729220986366272
0.0,0.7233601212501526
0.0,0.2698826789855957
0.0,0.3533172309398651
0.0,0.2715190052986145
0.0,0.6462255716323853
0.0,0.667414665222168
1.0,0.27513042092323303
0.0,0.27449333667755127
0.0,0.2993569076061249
0.0,0.2710663080215454
1.0,0.38604795932769775
0.0,0.2701687216758728
0.0,0.3211602568626404
1.0,0.710934042930603
1.0,0.5934301018714905
0.0,0.7268015742301941
0.0,0.2730790376663208
0.0,0.28327667713165283
0.0,0.2729162573814392
1.0,0.2703157365322113
0.0,0.7227914929389954
0.0,0.27182862162590027
0.0,0.2839481234550476
1.0,0.308422327041626
0.0,0.2793077528476715
0.0,0.7297276854515076
1.0,0.7295179963111877
0.0,0.27122193574905396
0.0,0.2738288640975952
0.0,0.27082815766334534
1.0,0.33276286721229553
0.0,0.28062698245048523
0.0,0.2881430387496948
1.0,0.7066900730133057
0.0,0.3026614487171173
0.0,0.27445533871650696
0.0,0.27043166756629944
1.0,0.7283886075019836
1.0,0.7165656685829163
0.0,0.27179402112960815
1.0,0.730042576789856
0.0,0.27371466159820557
0.0,0.679043173789978
1.0,0.7210705280303955
1.0,0.26963192224502563
1.0,0.7285844087600708
1.0,0.7283315658569336
0.0,0.27061668038368225
0.0,0.2702002227306366
0.0,0.49053558707237244
0.0,0.5804184079170227
0.0,0.2913585901260376
1.0,0.7184237837791443
1.0,0.7303010821342468
1.0,0.6743707060813904
1.0,0.7236494421958923
1.0,0.7298488020896912
1.0,0.5269948840141296
0.0,0.7111003398895264
1.0,0.4029575288295746
1.0,0.27372995018959045
1.0,0.5465139150619507
0.0,0.27256304025650024
0.0,0.2708607614040375
0.0,0.7291086316108704
0.0,0.6858593821525574
0.0,0.27412495017051697
1.0,0.7301079034805298
0.0,0.29326170682907104
1.0,0.7267258167266846
1.0,0.7303887605667114
0.0,0.2725978195667267
0.0,0.35265052318573
0.0,0.712602972984314
1.0,0.3049190640449524
1.0,0.2704337537288666
1.0,0.7303376197814941
1.0,0.7303867340087891
0.0,0.2703998386859894
0.0,0.4022778868675232
1.0,0.7300999164581299
1.0,0.7297381162643433
1.0,0.7287660837173462
1.0,0.5066042542457581
1.0,0.7216768860816956
1.0,0.7296280264854431
1.0,0.7289650440216064
1.0,0.7301074266433716
1.0,0.7211471199989319
0.0,0.7120708227157593
1.0,0.271048903465271
1.0,0.7215121984481812
0.0,0.7137589454650879
0.0,0.27935293316841125
1.0,0.7292121052742004
0.0,0.2820892035961151
1.0,0.7288889288902283
1.0,0.2707362771034241
0.0,0.2709383964538574
0.0,0.2702619135379791
1.0,0.7295030951499939
1.0,0.7188796401023865
0.0,0.2712416350841522
0.0,0.30440753698349
1.0,0.7108480930328369
0.0,0.2841690182685852
0.0,0.27031397819519043
1.0,0.7297860980033875
0.0,0.2705537974834442
1.0,0.7303725481033325
1.0,0.7276403903961182
0.0,0.2697189748287201
1.0,0.7210835814476013
1.0,0.27113574743270874
1.0,0.7294003367424011
0.0,0.27108845114707947
1.0,0.27747780084609985
1.0,0.7037748098373413
1.0,0.28937289118766785
0.0,0.7277055382728577
1.0,0.7299972176551819
0.0,0.2703869938850403
1.0,0.37122541666030884
1.0,0.27046987414360046
0.0,0.27025237679481506
0.0,0.27508166432380676
1.0,0.7305497527122498
1.0,0.7241899371147156
0.0,0.272901713848114
1.0,0.5211594104766846
1.0,0.6702741384506226
0.0,0.27093932032585144
0.0,0.27028870582580566
1.0,0.729924738407135
0.0,0.28133824467658997
1.0,0.7270236015319824
0.0,0.7296748757362366
1.0,0.2723066806793213
0.0,0.7302734851837158
1.0,0.7015013098716736
1.0,0.7270722985267639
1.0,0.730351984500885
0.0,0.2725553512573242
0.0,0.728072464466095
1.0,0.2718994915485382
1.0,0.729594349861145
1.0,0.7298162579536438
0.0,0.27170997858047485
1.0,0.7291659116744995
0.0,0.27008384466171265
1.0,0.7218924164772034
0.0,0.28173521161079407
1.0,0.42728152871131897
1.0,0.7283651232719421
1.0,0.6289336681365967
0.0,0.2702791392803192
1.0,0.7300618886947632
1.0,0.7286698818206787
1.0,0.730373740196228
0.0,0.7298479676246643
0.0,0.2724289000034332
1.0,0.7302412986755371
0.0,0.27374762296676636
0.0,0.40795594453811646
1.0,0.7218369245529175
0.0,0.6831737160682678
0.0,0.2702578008174896
0.0,0.2712586224079132
1.0,0.7299767136573792
1.0,0.7301684021949768
1.0,0.7295120358467102
0.0,0.2726290822029114
1.0,0.7273968458175659
1.0,0.7304160594940186
1.0,0.7230300903320312
1.0,0.727658212184906
1.0,0.5551323294639587
0.0,0.27153879404067993
0.0,0.2718048393726349
0.0,0.7111175060272217
1.0,0.31273767352104187
0.0,0.31227537989616394
0.0,0.27293357253074646
1.0,0.270916610956192
0.0,0.2725672721862793
0.0,0.27297642827033997
0.0,0.5636388659477234
1.0,0.2788871228694916
1.0,0.7303809523582458
0.0,0.2715946137905121
0.0,0.27360373735427856
0.0,0.2703585624694824
1.0,0.7206869721412659
1.0,0.7300287485122681
0.0,0.7258392572402954
0.0,0.7280135154724121
1.0,0.7301418781280518
1.0,0.7272207140922546
0.0,0.4109874963760376
1.0,0.7288199663162231
0.0,0.27303439378738403
1.0,0.7299800515174866
1.0,0.7251081466674805
1.0,0.7285841703414917
1.0,0.7245732545852661
0.0,0.2706669867038727
0.0,0.2714587152004242
0.0,0.2706190049648285
0.0,0.27097514271736145
0.0,0.7178199887275696
1.0,0.5358840823173523
0.0,0.27204108238220215
1.0,0.3036045730113983
1.0,0.7299752831459045
0.0,0.2771660387516022
1.0,0.7219038009643555
1.0,0.7304053902626038
0.0,0.2707185447216034
1.0,0.7164949178695679
1.0,0.5317298769950867
1.0,0.7296045422554016
0.0,0.28676527738571167
0.0,0.27699464559555054
0.0,0.7175703048706055
1.0,0.7299247980117798
1.0,0.730556070804596
1.0,0.7293780446052551
0.0,0.3835124671459198
1.0,0.7300941348075867
0.0,0.2706531286239624
0.0,0.2709119915962219
0.0,0.27425462007522583
0.0,0.7274051904678345
0.0,0.2829693853855133
0.0,0.2703888416290283
0.0,0.27210551500320435
1.0,0.27085554599761963
0.0,0.27056172490119934
1.0,0.27504703402519226
1.0,0.2972402274608612
0.0,0.2774055600166321
0.0,0.2706103026866913
0.0,0.7294913530349731
0.0,0.2731621563434601
1.0,0.2755870819091797
1.0,0.7297655344009399
1.0,0.2721218764781952
0.0,0.7287741303443909
0.0,0.2772975265979767
1.0,0.7268741726875305
0.0,0.2740820348262787
1.0,0.7248106002807617
1.0,0.7300482392311096
1.0,0.6324270963668823
0.0,0.273100346326828
1.0,0.730013370513916
0.0,0.7186381816864014
0.0,0.2729584276676178
0.0,0.2731500566005707
0.0,0.2831547260284424
1.0,0.7288713455200195
1.0,0.30378633737564087
0.0,0.7200794816017151
0.0,0.27006465196609497
1.0,0.7295354008674622
0.0,0.27114149928092957
0.0,0.7280389666557312
1.0,0.7280210256576538
0.0,0.3075282871723175
0.0,0.2722679674625397
0.0,0.2702391445636749
0.0,0.723310649394989
0.0,0.27102646231651306
0.0,0.27372437715530396
1.0,0.27346155047416687
0.0,0.27306121587753296
0.0,0.2706717252731323
0.0,0.27782323956489563
1.0,0.7261705994606018
1.0,0.7211431264877319
0.0,0.27180391550064087
0.0,0.2775246500968933
0.0,0.2752343416213989
0.0,0.7289379239082336
1.0,0.7299578189849854
1.0,0.728843629360199
1.0,0.2805895507335663
0.0,0.2697766125202179
0.0,0.2769705653190613
0.0,0.7183672189712524
1.0,0.730144739151001
1.0,0.7299800515174866
0.0,0.2735447585582733
0.0,0.2699999511241913
0.0,0.27467823028564453
0.0,0.27869993448257446
0.0,0.2741469144821167
1.0,0.7216852307319641
1.0,0.7122339606285095
1.0,0.7286716103553772
0.0,0.2737429440021515
0.0,0.2740962505340576
1.0,0.7296430468559265
0.0,0.26977577805519104
0.0,0.2708576023578644
1.0,0.39920318126678467
0.0,0.27089861035346985
0.0,0.7284879088401794
0.0,0.27091076970100403
0.0,0.2759869396686554
1.0,0.7304525971412659
0.0,0.7104228734970093
0.0,0.2700980603694916
1.0,0.7197384238243103
0.0,0.27220091223716736
0.0,0.2715080678462982
1.0,0.7300236225128174
0.0,0.2711893320083618
0.0,0.7286986708641052
0.0,0.41411033272743225
1.0,0.7260931730270386
1.0,0.7299733757972717
1.0,0.729822039604187
1.0,0.7299137115478516
0.0,0.2714851498603821
1.0,0.27113375067710876
1.0,0.7302279472351074
0.0,0.27230632305145264
1.0,0.7301211357116699
0.0,0.27289876341819763
1.0,0.7297218441963196
1.0,0.6214002966880798
1.0,0.7258541584014893
0.0,0.7293285727500916
0.0,0.2733150124549866
0.0,0.27275121212005615
1.0,0.7295833826065063
0.0,0.7299748063087463
1.0,0.26968246698379517
0.0,0.2712179124355316
0.0,0.26996973156929016
1.0,0.7286074757575989
0.0,0.2728777527809143
0.0,0.2701811194419861
0.0,0.2706146836280823
1.0,0.7294667959213257
0.0,0.288699746131897
0.0,0.28389978408813477
1.0,0.7297982573509216
0.0,0.2712744176387787
0.0,0.2706446945667267
1.0,0.728766679763794
1.0,0.7269923686981201
1.0,0.7289246320724487
1.0,0.3410767614841461
1.0,0.2731991708278656
1.0,0.27791959047317505
0.0,0.270026832818985
0.0,0.27716895937919617
0.0,0.2740502953529358
0.0,0.2711169421672821
1.0,0.27021294832229614
1.0,0.724868655204773
0.0,0.27236589789390564
0.0,0.7254747748374939
0.0,0.27929869294166565
0.0,0.2740958034992218
0.0,0.27253860235214233
0.0,0.7241695523262024
1.0,0.7300344705581665
1.0,0.7302603125572205
1.0,0.7287451028823853
0.0,0.34758472442626953
1.0,0.7294502854347229
0.0,0.2745209336280823
0.0,0.3826291263103485
1.0,0.7284145355224609
1.0,0.7284402847290039
0.0,0.2840642035007477
1.0,0.3859456181526184
0.0,0.7115970253944397
1.0,0.7298240661621094
0.0,0.27050653100013733
0.0,0.7115300893783569
1.0,0.6452940106391907
1.0,0.2707747220993042
0.0,0.2695552110671997
1.0,0.7299492955207825
1.0,0.7296797037124634
1.0,0.7301521897315979
0.0,0.3596803545951843
0.0,0.269975870847702
1.0,0.729923665523529
0.0,0.272567480802536
0.0,0.271202951669693
1.0,0.7302562594413757
1.0,0.27144140005111694
0.0,0.7261031866073608
1.0,0.7292556166648865
0.0,0.2724297344684601
1.0,0.7258398532867432
1.0,0.7290272116661072
0.0,0.27026981115341187
0.0,0.269978791475296
1.0,0.7302842736244202
1.0,0.7110017538070679
0.0,0.2706905007362366
1.0,0.7302772402763367
1.0,0.7298868894577026
0.0,0.2766052782535553
1.0,0.34665459394454956
1.0,0.7302132844924927
1.0,0.7287358641624451
1.0,0.726254403591156
1.0,0.7134068608283997
1.0,0.7299734354019165
0.0,0.26976659893989563
0.0,0.6955782771110535
1.0,0.727740466594696
1.0,0.6573797464370728
1.0,0.28334519267082214
0.0,0.2734611928462982
1.0,0.729607105255127
0.0,0.2716134190559387
0.0,0.2739448547363281
1.0,0.7299884557723999
0.0,0.2704714238643646
0.0,0.7211758494377136
1.0,0.7300776243209839
1.0,0.2741858661174774
0.0,0.6223535537719727
1.0,0.7290009260177612
0.0,0.2719613313674927
1.0,0.7273988723754883
0.0,0.7259820699691772
0.0,0.27371764183044434
0.0,0.2741580903530121
0.0,0.31885862350463867
1.0,0.7301608324050903
0.0,0.26981738209724426
0.0,0.3516186475753784
0.0,0.27675676345825195
1.0,0.7299233675003052
0.0,0.7251079678535461
1.0,0.7295775413513184
0.0,0.728173553943634
1.0,0.30984875559806824
1.0,0.7295681834220886
0.0,0.27067485451698303
0.0,0.2708670496940613
1.0,0.6303186416625977
1.0,0.7169708609580994
0.0,0.2725481390953064
0.0,0.27044522762298584
0.0,0.6087602376937866
0.0,0.2817871868610382
0.0,0.27043989300727844
1.0,0.7304199934005737
1.0,0.7286506295204163
0.0,0.27044811844825745
0.0,0.27127328515052795
0.0,0.47551247477531433
1.0,0.3130829632282257
0.0,0.7150600552558899
1.0,0.2708199918270111
1.0,0.7256783843040466
0.0,0.2697780132293701
1.0,0.7301189303398132
0.0,0.7281317710876465
0.0,0.27278536558151245
1.0,0.7306475043296814
0.0,0.27090999484062195
0.0,0.2708146870136261
0.0,0.27082690596580505
0.0,0.644976019859314
0.0,0.271252304315567
1.0,0.727343738079071
1.0,0.7293407320976257
1.0,0.7300844192504883
0.0,0.6601264476776123
0.0,0.27179691195487976
0.0,0.27167147397994995
0.0,0.2718903124332428
0.0,0.27168112993240356
1.0,0.7296010851860046
1.0,0.7280207872390747
1.0,0.7290520071983337
1.0,0.2714315354824066
1.0,0.7290245294570923
0.0,0.5777151584625244
0.0,0.27153632044792175
1.0,0.7263221144676208
0.0,0.2703077793121338
1.0,0.7299625277519226
1.0,0.7071959376335144
1.0,0.7301032543182373
0.0,0.27562105655670166
1.0,0.28228580951690674
1.0,0.7285372614860535
0.0,0.7266547083854675
0.0,0.2720614969730377
1.0,0.7297900319099426
0.0,0.33686813712120056
0.0,0.3181912302970886
1.0,0.2707703113555908
1.0,0.7297740578651428
1.0,0.5702298283576965
0.0,0.6644225120544434
0.0,0.2701687514781952
0.0,0.7193346619606018
1.0,0.7303540706634521
1.0,0.7296300530433655
0.0,0.2711990475654602
0.0,0.27022549510002136
1.0,0.7285443544387817
0.0,0.29494428634643555
0.0,0.27241024374961853
0.0,0.27113670110702515
0.0,0.2808277904987335
1.0,0.7295385599136353
1.0,0.27312716841697693
0.0,0.2725418210029602
0.0,0.27303409576416016
0.0,0.2706559896469116
1.0,0.7304880023002625
1.0,0.7305533289909363
0.0,0.27002954483032227
1.0,0.7231473326683044
1.0,0.72917240858078
0.0,0.2842312753200531
0.0,0.27090197801589966
0.0,0.274406373500824
0.0,0.2712556719779968
1.0,0.7299268245697021
0.0,0.2706582248210907
0.0,0.2739119827747345
0.0,0.27056947350502014
1.0,0.27168989181518555
1.0,0.730431318283081
0.0,0.27292531728744507
0.0,0.27036482095718384
0.0,0.28616127371788025
0.0,0.27152058482170105
0.0,0.27371054887771606
1.0,0.729163408279419
0.0,0.7273632884025574
0.0,0.2721311151981354
0.0,0.2710692584514618
0.0,0.7276357412338257
0.0,0.2717774510383606
0.0,0.2717677354812622
1.0,0.6136896014213562
1.0,0.6659460663795471
1.0,0.6195337176322937
0.0,0.2711705267429352
0.0,0.2713742256164551
0.0,0.2737724483013153
0.0,0.2761763334274292
0.0,0.333113431930542
0.0,0.5037258267402649
0.0,0.2726723849773407
0.0,0.4526938498020172
1.0,0.7302849292755127
1.0,0.7305472493171692
1.0,0.7302138209342957
1.0,0.730487048625946
0.0,0.7296704649925232
0.0,0.27224770188331604
0.0,0.2710845172405243
1.0,0.7304061055183411
0.0,0.27061086893081665
1.0,0.7303386330604553
0.0,0.27133244276046753
0.0,0.2704313099384308
1.0,0.7296338677406311
1.0,0.718961775302887
1.0,0.7283302545547485
1.0,0.2743660509586334
1.0,0.6823117136955261
0.0,0.6665860414505005
1.0,0.7297235131263733
1.0,0.6934049725532532
1.0,0.7297689318656921
1.0,0.7304208874702454
1.0,0.2714003026485443
1.0,0.7052140235900879
0.0,0.27461907267570496
0.0,0.2711983025074005
0.0,0.2723656892776489
1.0,0.7292309403419495
1.0,0.7296271324157715
1.0,0.7300066947937012
0.0,0.7273958325386047
1.0,0.7290657162666321
0.0,0.7291489839553833
0.0,0.7261695861816406
0.0,0.27024540305137634
1.0,0.728961169719696
1.0,0.7284302115440369
0.0,0.26980385184288025
1.0,0.7279502749443054
0.0,0.27345705032348633
1.0,0.27776095271110535
0.0,0.27101317048072815
0.0,0.27074962854385376
1.0,0.7305445075035095
1.0,0.7040388584136963
0.0,0.39621296525001526
1.0,0.729101836681366
0.0,0.7140289545059204
0.0,0.27045580744743347
1.0,0.7208687663078308
1.0,0.7293922901153564
1.0,0.7271735072135925
1.0,0.729508101940155
0.0,0.27418336272239685
0.0,0.7280109524726868
0.0,0.27297696471214294
0.0,0.2716161608695984
1.0,0.7300661206245422
0.0,0.7115647792816162
0.0,0.2700625956058502
1.0,0.7210564017295837
0.0,0.2750977575778961
1.0,0.7284649610519409
1.0,0.7257577776908875
0.0,0.2927917540073395
0.0,0.2724003791809082
1.0,0.7112247943878174
0.0,0.2881496548652649
1.0,0.7304852604866028
1.0,0.729613721370697
0.0,0.7296979427337646
0.0,0.2704450786113739
1.0,0.5693674087524414
0.0,0.2714078426361084
1.0,0.727070689201355
1.0,0.27335426211357117
0.0,0.2749021649360657
1.0,0.7297114133834839
1.0,0.2778913378715515
0.0,0.7253659963607788
0.0,0.2707141637802124
1.0,0.7294874787330627
1.0,0.7297138571739197
1.0,0.7299218773841858
1.0,0.7301950454711914
0.0,0.539705216884613
0.0,0.27175480127334595
0.0,0.27103742957115173
1.0,0.6257274746894836
1.0,0.7301552891731262
1.0,0.7277435064315796
1.0,0.26983264088630676
0.0,0.2705855071544647
0.0,0.6157917976379395
1.0,0.7263789176940918
0.0,0.27000001072883606
1.0,0.29126468300819397
0.0,0.2722945213317871
1.0,0.27729278802871704
0.0,0.3999006152153015
1.0,0.7295368909835815
1.0,0.2748146057128906
1.0,0.730119526386261
1.0,0.6779003739356995
0.0,0.28153231739997864
1.0,0.7300223708152771
0.0,0.2705269455909729
0.0,0.2750006914138794
1.0,0.7044174075126648
0.0,0.27181312441825867
1.0,0.7163282632827759
0.0,0.39709827303886414
0.0,0.70570307970047
1.0,0.7297849655151367
1.0,0.7301437258720398
1.0,0.7268539071083069
0.0,0.2715262472629547
0.0,0.3045015335083008
0.0,0.2811751961708069
0.0,0.2709757387638092
1.0,0.7286288738250732
0.0,0.30634191632270813
1.0,0.7273943424224854
0.0,0.2714718282222748
0.0,0.2808579206466675
1.0,0.6975650191307068
0.0,0.27227526903152466
1.0,0.729300856590271
1.0,0.7294331192970276
1.0,0.7306617498397827
0.0,0.27229610085487366
0.0,0.2739590108394623
1.0,0.2700449228286743
1.0,0.7277562618255615
0.0,0.27145329117774963
1.0,0.7303805947303772
1.0,0.7299847602844238
0.0,0.27066415548324585
0.0,0.271290123462677
1.0,0.7300497889518738
1.0,0.727798342704773
1.0,0.7295793294906616
1.0,0.7278263568878174
1.0,0.7302279472351074
1.0,0.7303816676139832
0.0,0.717697262763977
1.0,0.7297140955924988
1.0,0.7304426431655884
0.0,0.3017423450946808
1.0,0.7082105278968811
0.0,0.67556232213974
0.0,0.2709079086780548
1.0,0.7291066646575928
0.0,0.2702477276325226
0.0,0.269682914018631
1.0,0.7304174900054932
1.0,0.7205216288566589
1.0,0.7289354801177979
1.0,0.730060338973999
1.0,0.730122983455658
1.0,0.7238698601722717
1.0,0.7243331670761108
0.0,0.27201128005981445
1.0,0.2796172499656677
0.0,0.7235965728759766
0.0,0.2740473449230194
0.0,0.26984089612960815
0.0,0.7194238901138306
1.0,0.6340171694755554
1.0,0.6758760809898376
0.0,0.273040771484375
1.0,0.7282471656799316
0.0,0.270581990480423
1.0,0.7300467491149902
1.0,0.7302290797233582
0.0,0.27014410495758057
0.0,0.2721230089664459
1.0,0.7292298078536987
1.0,0.7286164164543152
0.0,0.2705822288990021
1.0,0.7269290685653687
1.0,0.7303322553634644
1.0,0.2783558666706085
0.0,0.7253606915473938
0.0,0.2743961215019226
0.0,0.6644407510757446
0.0,0.6901949048042297
1.0,0.7289066314697266
0.0,0.2763698697090149
0.0,0.3497372269630432
0.0,0.2756343483924866
1.0,0.7094098329544067
0.0,0.2747432291507721
0.0,0.27348780632019043
0.0,0.2719629108905792
1.0,0.7083679437637329
1.0,0.7299165725708008
1.0,0.7279450297355652
0.0,0.27437320351600647
1.0,0.72995525598526
1.0,0.7066202163696289
0.0,0.27166882157325745
0.0,0.2720710337162018
0.0,0.72661954164505
0.0,0.2722279131412506
1.0,0.730116069316864
0.0,0.27101829648017883
1.0,0.7290641665458679
0.0,0.6984273791313171
1.0,0.7304812669754028
0.0,0.27094733715057373
0.0,0.273747056722641
0.0,0.27150991559028625
0.0,0.31197914481163025
1.0,0.7303372025489807
0.0,0.647150993347168
1.0,0.7237826585769653
1.0,0.6443057656288147
1.0,0.7235268354415894
1.0,0.729895293712616
0.0,0.29711011052131653
1.0,0.7303360104560852
1.0,0.276418536901474
0.0,0.28232404589653015
0.0,0.2877494692802429
1.0,0.7227964997291565
1.0,0.729762613773346
0.0,0.2697131037712097
0.0,0.2836083769798279
1.0,0.7277626395225525
1.0,0.7302685976028442
0.0,0.269662469625473
0.0,0.7032655477523804
1.0,0.7305128574371338
0.0,0.7296963334083557
1.0,0.7269260287284851
0.0,0.2760962247848511
1.0,0.7246164679527283
0.0,0.2729374170303345
0.0,0.2700180113315582
0.0,0.2739429771900177
1.0,0.7274312376976013
0.0,0.27232277393341064
0.0,0.2735074758529663
1.0,0.27242061495780945
0.0,0.27171748876571655
1.0,0.730047345161438
0.0,0.27142763137817383
0.0,0.2710181474685669
1.0,0.7270735502243042
1.0,0.7298842072486877
0.0,0.6868191957473755
1.0,0.7284619808197021
0.0,0.27824509143829346
0.0,0.2707919776439667
0.0,0.32700708508491516
1.0,0.7274554967880249
1.0,0.7299076318740845
0.0,0.2705570161342621
1.0,0.2703629732131958
0.0,0.7282930016517639
0.0,0.33496758341789246
1.0,0.7302457094192505
1.0,0.7268283367156982
0.0,0.27025023102760315
0.0,0.28811144828796387
0.0,0.2708437442779541
1.0,0.7101083993911743
0.0,0.2728045880794525
0.0,0.2710324823856354
0.0,0.27160054445266724
1.0,0.7302173376083374
1.0,0.7198294997215271
1.0,0.6978892087936401
1.0,0.729851245880127
0.0,0.2726917266845703
1.0,0.7294047474861145
0.0,0.7282800674438477
0.0,0.272885799407959
1.0,0.7128052711486816
1.0,0.7204338908195496
0.0,0.27030643820762634
0.0,0.28148481249809265
1.0,0.7172536253929138
0.0,0.2894945442676544
1.0,0.28272852301597595
0.0,0.27045726776123047
0.0,0.35541462898254395
0.0,0.27251389622688293
0.0,0.2708066701889038
0.0,0.2774908244609833
1.0,0.7243608236312866
1.0,0.7282458543777466
1.0,0.28094765543937683
1.0,0.7301822304725647
1.0,0.7294968962669373
0.0,0.7286993861198425
1.0,0.2961643636226654
1.0,0.6807170510292053
0.0,0.27495285868644714
0.0,0.27261269092559814
1.0,0.7289754152297974
1.0,0.2727559804916382
1.0,0.7298911809921265
1.0,0.7301409244537354
1.0,0.72294020652771
0.0,0.2723230719566345
1.0,0.7305266261100769
1.0,0.7289736866950989
1.0,0.724993109703064
1.0,0.7272654175758362
1.0,0.7299991250038147
0.0,0.27059507369995117
0.0,0.7251980304718018
0.0,0.3042122721672058
0.0,0.47534236311912537
0.0,0.7131481170654297
1.0,0.7297849655151367
0.0,0.2705532908439636
0.0,0.27103403210639954
1.0,0.7277161478996277
1.0,0.7287242412567139
1.0,0.27277663350105286
0.0,0.26958101987838745
1.0,0.7300917506217957
0.0,0.2698736786842346
0.0,0.2704089879989624
0.0,0.27304381132125854
0.0,0.27316147089004517
0.0,0.2701578438282013
1.0,0.7042458057403564
0.0,0.6793924570083618
1.0,0.6953467726707458
0.0,0.6955931186676025
1.0,0.7264196276664734
1.0,0.727995753288269
1.0,0.7300558686256409
1.0,0.7289234399795532
0.0,0.27432623505592346
0.0,0.2715156078338623
0.0,0.270569771528244
0.0,0.27179038524627686
0.0,0.6008891463279724
1.0,0.2716083824634552
1.0,0.2777943015098572
1.0,0.2699487507343292
0.0,0.27062201499938965
0.0,0.2747952342033386
1.0,0.6587193012237549
1.0,0.7295068502426147
1.0,0.599465012550354
1.0,0.7240796089172363
0.0,0.7304074168205261
0.0,0.6976891160011292
1.0,0.7298669219017029
0.0,0.2707113027572632
1.0,0.7269468903541565
1.0,0.7297119498252869
0.0,0.27219080924987793
1.0,0.7295109629631042
0.0,0.718031108379364
0.0,0.27182063460350037
0.0,0.2727903723716736
0.0,0.2738216817378998
1.0,0.7301933169364929
1.0,0.7234282493591309
1.0,0.7258312106132507
1.0,0.7300243973731995
1.0,0.7295463681221008
0.0,0.2787381708621979
0.0,0.27148595452308655
0.0,0.2707805931568146
1.0,0.4911353886127472
0.0,0.2709333896636963
0.0,0.27083897590637207
0.0,0.35071367025375366
0.0,0.271386057138443
0.0,0.27317968010902405
1.0,0.27161547541618347
0.0,0.2726459205150604
0.0,0.7134137749671936
0.0,0.2707221210002899
0.0,0.27010393142700195
1.0,0.7250038385391235
1.0,0.7303359508514404
1.0,0.7283900380134583
0.0,0.7294601798057556
0.0,0.27323928475379944
1.0,0.730158805847168
0.0,0.7240424752235413
0.0,0.28843480348587036
0.0,0.2706184685230255
0.0,0.27037835121154785
1.0,0.2857285737991333
1.0,0.270662784576416
1.0,0.7292020916938782
0.0,0.27034544944763184
0.0,0.2714759409427643
1.0,0.6628463268280029
1.0,0.7296185493469238
0.0,0.7298682928085327
1.0,0.42938631772994995
0.0,0.6859772801399231
1.0,0.7279660701751709
0.0,0.2703701853752136
0.0,0.6695572137832642
0.0,0.27135467529296875
1.0,0.7300077676773071
1.0,0.7287131547927856
1.0,0.7296101450920105
1.0,0.39395055174827576
0.0,0.27063196897506714
1.0,0.7302340865135193
0.0,0.7290525436401367
1.0,0.7297601103782654
0.0,0.7222822904586792
0.0,0.6933236718177795
0.0,0.27463826537132263
1.0,0.7295460104942322
0.0,0.7129217386245728
0.0,0.2717677652835846
0.0,0.2755046784877777
1.0,0.7290992736816406
0.0,0.27302369475364685
1.0,0.7277513146400452
1.0,0.7296651005744934
0.0,0.2808975875377655
0.0,0.31382936239242554
0.0,0.30662888288497925
0.0,0.27009743452072144
1.0,0.7299781441688538
1.0,0.6903277039527893
1.0,0.7297095060348511
0.0,0.2704843282699585
0.0,0.27285727858543396
1.0,0.7299430966377258
1.0,0.7302402257919312
1.0,0.730010449886322
1.0,0.7296786308288574
1.0,0.27566683292388916
0.0,0.2716224491596222
1.0,0.694390058517456
0.0,0.27048832178115845
1.0,0.729971170425415
1.0,0.2770209312438965
0.0,0.27110856771469116
0.0,0.2725321650505066
1.0,0.2704452872276306
1.0,0.7284254431724548
1.0,0.7302170991897583
1.0,0.2724047303199768
1.0,0.7095094323158264
1.0,0.40145930647850037
1.0,0.723419725894928
0.0,0.2700822651386261
1.0,0.7289539575576782
0.0,0.2910938858985901
1.0,0.7302603125572205
0.0,0.2710671126842499
0.0,0.6561277508735657
1.0,0.7301892638206482
1.0,0.7196784615516663
0.0,0.26959142088890076
0.0,0.27093639969825745
0.0,0.2734079957008362
0.0,0.4915103316307068
1.0,0.2923731207847595
1.0,0.7154499888420105
1.0,0.7245128750801086
1.0,0.7302215695381165
1.0,0.7275298833847046
1.0,0.2704935669898987
1.0,0.7293519973754883
0.0,0.2745557129383087
1.0,0.7297070622444153
1.0,0.7295947670936584
1.0,0.7297782301902771
0.0,0.27454569935798645
1.0,0.38219594955444336
0.0,0.270712673664093
0.0,0.2710586190223694
1.0,0.7294201850891113
0.0,0.2737997770309448
1.0,0.7299490571022034
0.0,0.7263393998146057
0.0,0.27329084277153015
0.0,0.2706132233142853
1.0,0.7295522093772888
1.0,0.7301757335662842
1.0,0.7298259735107422
0.0,0.31149041652679443
0.0,0.6711838841438293
1.0,0.7300256490707397
1.0,0.2788507640361786
1.0,0.7299783825874329
1.0,0.7201335430145264
1.0,0.7248896956443787
1.0,0.7269606590270996
1.0,0.6317980885505676
1.0,0.7303752899169922
1.0,0.2734104096889496
0.0,0.7100664973258972
1.0,0.730516254901886
0.0,0.6826615929603577
1.0,0.27285870909690857
0.0,0.2699870765209198
0.0,0.2796461880207062
0.0,0.28495630621910095
0.0,0.27306273579597473
1.0,0.27180105447769165
1.0,0.7305040955543518
0.0,0.2787465751171112
1.0,0.2772769033908844
1.0,0.729560375213623
1.0,0.727427065372467
1.0,0.730248212814331
0.0,0.27583158016204834
0.0,0.27366992831230164
0.0,0.29286712408065796
1.0,0.7286184430122375
0.0,0.27441835403442383
1.0,0.7297386527061462
1.0,0.2697051763534546
0.0,0.27360957860946655
0.0,0.2721649706363678
0.0,0.3171927034854889
0.0,0.729807436466217
1.0,0.72882479429245
1.0,0.7301350831985474
0.0,0.47510963678359985
1.0,0.7293804883956909
1.0,0.4225342571735382
0.0,0.26956233382225037
0.0,0.31771668791770935
1.0,0.7290526032447815
1.0,0.7303940653800964
1.0,0.7284246683120728
0.0,0.2780913710594177
0.0,0.28395727276802063
0.0,0.5636323094367981
1.0,0.7188814282417297
0.0,0.2715274691581726
0.0,0.2775053381919861
0.0,0.2728981375694275
0.0,0.2703050971031189
0.0,0.6830560564994812
0.0,0.7298855185508728
0.0,0.2718462646007538
0.0,0.7202273011207581
0.0,0.34054189920425415
1.0,0.7297126054763794
0.0,0.27707627415657043
1.0,0.7304896116256714
1.0,0.7136396765708923
0.0,0.2740291655063629
1.0,0.2708757519721985
0.0,0.270174503326416
1.0,0.7303329706192017
0.0,0.27339449524879456
1.0,0.7166854739189148
0.0,0.7278192043304443
0.0,0.6841439604759216
1.0,0.27005860209465027
0.0,0.7212016582489014
1.0,0.7276331782341003
1.0,0.7294220924377441
0.0,0.2934715449810028
0.0,0.48031532764434814
1.0,0.7243230938911438
1.0,0.728335976600647
0.0,0.7193754315376282
0.0,0.27126580476760864
0.0,0.2699357569217682
1.0,0.7191982865333557
1.0,0.7264000177383423
1.0,0.7291319966316223
1.0,0.7295174598693848
0.0,0.2700808048248291
1.0,0.7262248992919922
1.0,0.7302483320236206
0.0,0.27209198474884033
0.0,0.2799006998538971
1.0,0.7300074100494385
1.0,0.26997071504592896
0.0,0.2705342173576355
1.0,0.6894267797470093
0.0,0.2749321460723877
0.0,0.2723739445209503
1.0,0.2925393879413605
0.0,0.7098703980445862
0.0,0.30517932772636414
1.0,0.7302706241607666
1.0,0.7304063439369202
0.0,0.279594361782074
0.0,0.27568724751472473
0.0,0.7298079133033752
0.0,0.2734050452709198
0.0,0.27987444400787354
0.0,0.7151018977165222
0.0,0.31561213731765747
0.0,0.676262617111206
1.0,0.7273337841033936
0.0,0.27545365691185
1.0,0.2751717269420624
1.0,0.7299280166625977
0.0,0.2712990939617157
1.0,0.7248062491416931
1.0,0.7283042073249817
0.0,0.30843669176101685
1.0,0.728273868560791
1.0,0.7288585901260376
0.0,0.7104719877243042
0.0,0.27165406942367554
0.0,0.3379499912261963
1.0,0.2703573703765869
0.0,0.27658605575561523
1.0,0.7297958731651306
0.0,0.2699461281299591
1.0,0.7242912650108337
1.0,0.30214473605155945
1.0,0.7296913266181946
1.0,0.351112961769104
1.0,0.275104820728302
0.0,0.3276756703853607
1.0,0.7297900915145874
0.0,0.6691587567329407
1.0,0.7290593385696411
1.0,0.7220935821533203
1.0,0.276346892118454
0.0,0.27018505334854126
1.0,0.7302724123001099
0.0,0.27063611149787903
1.0,0.7119923233985901
0.0,0.27504950761795044
0.0,0.27053895592689514
0.0,0.26972731947898865
0.0,0.6617825031280518
0.0,0.27130579948425293
1.0,0.73017817735672
1.0,0.7269690036773682
1.0,0.7297487258911133
0.0,0.271600604057312
1.0,0.6973927021026611
1.0,0.7294761538505554
0.0,0.34164589643478394
0.0,0.3090280294418335
0.0,0.2711549997329712
1.0,0.5925264954566956
1.0,0.6663004159927368
1.0,0.7297776937484741
0.0,0.2726016342639923
0.0,0.2872459292411804
0.0,0.6583001613616943
1.0,0.7287232875823975
1.0,0.7295235991477966
1.0,0.7055819034576416
1.0,0.7239450812339783
1.0,0.27020347118377686
0.0,0.27702441811561584
1.0,0.7304993867874146
1.0,0.7293602228164673
0.0,0.270099014043808
0.0,0.27474191784858704
1.0,0.7200614809989929
1.0,0.728426456451416
0.0,0.2730882465839386
0.0,0.276027649641037
0.0,0.33150237798690796
1.0,0.28069832921028137
0.0,0.2729889154434204
0.0,0.2701447904109955
0.0,0.27072620391845703
1.0,0.7295653223991394
0.0,0.27186891436576843
0.0,0.2746465802192688
0.0,0.2711843252182007
0.0,0.27072107791900635
0.0,0.29159942269325256
1.0,0.7278662323951721
0.0,0.27344784140586853
1.0,0.6586348414421082
0.0,0.27462220191955566
1.0,0.7299200892448425
0.0,0.7266666293144226
0.0,0.27093297243118286
0.0,0.28731295466423035
0.0,0.2731400728225708
0.0,0.28558191657066345
1.0,0.27032944560050964
1.0,0.7302206754684448
0.0,0.2738846242427826
1.0,0.729060173034668
0.0,0.2988763749599457
1.0,0.7303147315979004
0.0,0.2714279294013977
0.0,0.27083519101142883
1.0,0.7266871929168701
0.0,0.26972079277038574
1.0,0.7286553978919983
1.0,0.2731347978115082
1.0,0.27459338307380676
1.0,0.7295464277267456
1.0,0.7303638458251953
0.0,0.274110347032547
1.0,0.729780912399292
1.0,0.7279518842697144
0.0,0.27293190360069275
0.0,0.28337037563323975
1.0,0.7208957076072693
1.0,0.27140170335769653
0.0,0.7249195575714111
0.0,0.6417408585548401
1.0,0.2723102569580078
1.0,0.7299970388412476
0.0,0.27261096239089966
1.0,0.7295042276382446
0.0,0.7270673513412476
1.0,0.7229756712913513
0.0,0.7254994511604309
1.0,0.7290892601013184
0.0,0.6574632525444031
1.0,0.7167922258377075
0.0,0.2715334892272949
1.0,0.7289440631866455
0.0,0.27124547958374023
1.0,0.27141043543815613
1.0,0.7294661998748779
0.0,0.7128279805183411
0.0,0.7287579774856567
0.0,0.2706351578235626
0.0,0.2964487373828888
0.0,0.727450430393219
1.0,0.7300251126289368
1.0,0.730023980140686
1.0,0.528830349445343
0.0,0.2702202796936035
0.0,0.49661269783973694
0.0,0.43110665678977966
0.0,0.27197885513305664
0.0,0.2707589566707611
1.0,0.27489665150642395
0.0,0.29196834564208984
1.0,0.2706408202648163
0.0,0.7048373818397522
1.0,0.7303405404090881
0.0,0.7020037770271301
1.0,0.7220318913459778
0.0,0.2770500183105469
0.0,0.2707619071006775
0.0,0.27131399512290955
0.0,0.7299199104309082
1.0,0.3777087926864624
1.0,0.27554404735565186
0.0,0.28164613246917725
1.0,0.29267269372940063
0.0,0.2962477505207062
0.0,0.2708541452884674
1.0,0.7281959056854248
0.0,0.27213793992996216
0.0,0.7281845211982727
1.0,0.7293574810028076
1.0,0.7275481224060059
1.0,0.729418158531189
1.0,0.730307400226593
0.0,0.27057403326034546
0.0,0.2923157513141632
1.0,0.7183136343955994
0.0,0.2722617983818054
0.0,0.7246058583259583
1.0,0.2705785930156708
0.0,0.6961175203323364
0.0,0.2794019281864166
1.0,0.7294023633003235
1.0,0.730560302734375
0.0,0.2728886008262634
1.0,0.7231606245040894
0.0,0.27319443225860596
0.0,0.7294572591781616
1.0,0.6146327257156372
0.0,0.2830219268798828
0.0,0.45728549361228943
1.0,0.6806281805038452
1.0,0.7294203042984009
0.0,0.2736471891403198
0.0,0.27123942971229553
1.0,0.7280408143997192
1.0,0.7294420599937439
0.0,0.6455075144767761
0.0,0.2707652449607849
1.0,0.45838505029678345
1.0,0.7303466796875
1.0,0.7232940196990967
1.0,0.7297462224960327
0.0,0.7100591063499451
1.0,0.4001501202583313
0.0,0.7186725735664368
1.0,0.7223957777023315
1.0,0.7290058732032776
0.0,0.27024704217910767
0.0,0.2886400818824768
0.0,0.27249306440353394
0.0,0.7180109620094299
0.0,0.2703941762447357
0.0,0.27573350071907043
0.0,0.27277860045433044
1.0,0.7075868248939514
0.0,0.2712539732456207
0.0,0.38547322154045105
1.0,0.6959988474845886
1.0,0.2717389166355133
1.0,0.7295059561729431
0.0,0.27297326922416687
1.0,0.7292472720146179
1.0,0.7298954129219055
0.0,0.2768022119998932
1.0,0.7296515107154846
0.0,0.3190651834011078
1.0,0.7303435206413269
1.0,0.7258553504943848
1.0,0.7300402522087097
1.0,0.7296680212020874
1.0,0.27416086196899414
1.0,0.7279006242752075
1.0,0.2725450098514557
1.0,0.7303839921951294
0.0,0.27195513248443604
1.0,0.7257344722747803
0.0,0.27230164408683777
1.0,0.7304378747940063
1.0,0.7303376197814941
0.0,0.2710484564304352
0.0,0.3481645882129669
1.0,0.27263957262039185
1.0,0.271990031003952
0.0,0.7201001048088074
1.0,0.2702891230583191
1.0,0.7224103808403015
0.0,0.2707715332508087
1.0,0.7260460257530212
0.0,0.2696824073791504
1.0,0.727048933506012
1.0,0.2700137495994568
1.0,0.2695850133895874
1.0,0.7294759750366211
0.0,0.2740335166454315
0.0,0.2705053687095642
0.0,0.6947952508926392
1.0,0.7300552129745483
1.0,0.7284987568855286
1.0,0.7249944806098938
1.0,0.730337381362915
1.0,0.7298874258995056
0.0,0.2745245099067688
0.0,0.27081775665283203
0.0,0.7257882356643677
0.0,0.7270901799201965
0.0,0.7155002355575562
0.0,0.2716125547885895
1.0,0.7242060899734497
0.0,0.2702464461326599
1.0,0.2755204439163208
0.0,0.7258139848709106
1.0,0.7301087975502014
1.0,0.7299334406852722
0.0,0.36583974957466125
0.0,0.2716565728187561
1.0,0.48151689767837524
0.0,0.7249088883399963
1.0,0.2714446485042572
1.0,0.7290347218513489
1.0,0.2716626226902008
0.0,0.34603556990623474
0.0,0.2919338345527649
1.0,0.7304079532623291
1.0,0.7303102612495422
0.0,0.2713675796985626
1.0,0.7298264503479004
0.0,0.27250394225120544
1.0,0.7300310134887695
0.0,0.5414289832115173
1.0,0.6625972986221313
0.0,0.7273667454719543
1.0,0.7295759916305542
1.0,0.7297565937042236
0.0,0.47333821654319763
0.0,0.6555585265159607
1.0,0.2803921103477478
0.0,0.6912357807159424
0.0,0.2773115336894989
1.0,0.29038071632385254
1.0,0.7294772267341614
1.0,0.7264639735221863
0.0,0.27246567606925964
0.0,0.29822975397109985
0.0,0.7272144556045532
0.0,0.27021080255508423
1.0,0.7294647097587585
1.0,0.7300255298614502
1.0,0.7296022176742554
1.0,0.7088843584060669
1.0,0.7304099798202515
0.0,0.27147334814071655
1.0,0.6849777698516846
1.0,0.7293325662612915
0.0,0.27070480585098267
1.0,0.5356411933898926
1.0,0.6828393340110779
0.0,0.28446853160858154
0.0,0.2705836892127991
0.0,0.5970527529716492
0.0,0.2744353413581848
0.0,0.27185341715812683
1.0,0.7276389598846436
1.0,0.7303340435028076
1.0,0.33503058552742004
0.0,0.2716202437877655
1.0,0.7303141355514526
1.0,0.2716151773929596
0.0,0.2699946463108063
0.0,0.27657270431518555
1.0,0.729736864566803
1.0,0.7217773795127869
0.0,0.27464547753334045
0.0,0.27038055658340454
1.0,0.7304302453994751
1.0,0.2723432779312134
0.0,0.2697437107563019
1.0,0.7271794080734253
0.0,0.6199706196784973
0.0,0.2715507447719574
1.0,0.7295995950698853
1.0,0.49284300208091736
0.0,0.35030317306518555
0.0,0.2727370262145996
0.0,0.2731783986091614
1.0,0.7236109972000122
0.0,0.2716524302959442
1.0,0.7297917604446411
0.0,0.2772892713546753
1.0,0.7168183922767639
0.0,0.34227538108825684
0.0,0.34592732787132263
1.0,0.7305495142936707
0.0,0.6885267496109009
1.0,0.7293345928192139
0.0,0.27063992619514465
0.0,0.7223729491233826
0.0,0.27582278847694397
0.0,0.273395299911499
0.0,0.270416259765625
1.0,0.7261434197425842
1.0,0.5463770031929016
1.0,0.7303807139396667
1.0,0.2738005518913269
0.0,0.27228066325187683
0.0,0.2705860733985901
1.0,0.7248724102973938
0.0,0.275516152381897
0.0,0.270622193813324
1.0,0.7259741425514221
1.0,0.27022409439086914
0.0,0.2704060673713684
0.0,0.27122262120246887
1.0,0.7294373512268066
1.0,0.2708947956562042
1.0,0.2784225046634674
0.0,0.725666344165802
1.0,0.33102384209632874
1.0,0.7225086092948914
1.0,0.7301591634750366
0.0,0.27451252937316895
1.0,0.3102678060531616
1.0,0.7250353097915649
1.0,0.7303893566131592
1.0,0.7304492592811584
1.0,0.7290214896202087
1.0,0.680672824382782
0.0,0.5452997088432312
0.0,0.6800323128700256
0.0,0.2709009349346161
0.0,0.7251657247543335
0.0,0.7286964654922485
0.0,0.2720681130886078
1.0,0.7285230159759521
0.0,0.27163001894950867
0.0,0.2709905505180359
1.0,0.6488874554634094
1.0,0.7298611402511597
0.0,0.2716730833053589
1.0,0.7211993336677551
0.0,0.2728152275085449
0.0,0.27991965413093567
0.0,0.27148085832595825
1.0,0.7268234491348267
1.0,0.7109782695770264
1.0,0.47676393389701843
1.0,0.7299761176109314
0.0,0.5519728064537048
0.0,0.2711811065673828
1.0,0.7289242148399353
1.0,0.7297409176826477
1.0,0.5324133038520813
1.0,0.728706955909729
1.0,0.7189812660217285
1.0,0.4672291576862335
0.0,0.26990261673927307
0.0,0.710926353931427
1.0,0.30665257573127747
0.0,0.27200818061828613
1.0,0.724704384803772
0.0,0.2928537428379059
0.0,0.5691074728965759
1.0,0.3143949806690216
1.0,0.645801842212677
1.0,0.6887379288673401
1.0,0.45339435338974
0.0,0.2749733030796051
0.0,0.29643237590789795
1.0,0.2699417769908905
0.0,0.26975324749946594
0.0,0.27040207386016846
0.0,0.2721214294433594
1.0,0.2771252989768982
0.0,0.7274958491325378
1.0,0.7149102687835693
0.0,0.27017340064048767
1.0,0.27341893315315247
1.0,0.7302412390708923
1.0,0.34759363532066345
1.0,0.7161398530006409
1.0,0.7241830825805664
0.0,0.2747870981693268
1.0,0.2777431309223175
1.0,0.7288618087768555
1.0,0.2720078229904175
1.0,0.7122021913528442
0.0,0.7223131060600281
1.0,0.7254260182380676
1.0,0.7304084300994873
1.0,0.2799445688724518
0.0,0.2930704653263092
1.0,0.2826959490776062
1.0,0.7276632189750671
1.0,0.7303112149238586
1.0,0.7295136451721191
1.0,0.7241801023483276
1.0,0.7252492308616638
1.0,0.5012634992599487
0.0,0.27098068594932556
0.0,0.2788149118423462
0.0,0.2704332768917084
0.0,0.5096173882484436
0.0,0.28317320346832275
1.0,0.7300354242324829
0.0,0.2704225778579712
0.0,0.7029834389686584
0.0,0.2696942389011383
0.0,0.5706195831298828
1.0,0.7093677520751953
1.0,0.27210330963134766
1.0,0.72808438539505
1.0,0.7256590127944946
1.0,0.7299894690513611
1.0,0.7300981283187866
1.0,0.7294577360153198
1.0,0.5989732146263123
0.0,0.27178096771240234
0.0,0.2699829339981079
0.0,0.276659220457077
1.0,0.7274491786956787
1.0,0.7300741672515869
1.0,0.7223466038703918
0.0,0.307498961687088
0.0,0.2700369358062744
0.0,0.27269139885902405
0.0,0.2703481912612915
0.0,0.2699316740036011
1.0,0.729680597782135
0.0,0.7297967672348022
0.0,0.271098256111145
1.0,0.7271060347557068
1.0,0.703942596912384
1.0,0.7301350831985474
1.0,0.7282717227935791
1.0,0.2719685435295105
0.0,0.2745574414730072
1.0,0.7294957637786865
0.0,0.271544873714447
1.0,0.7299752235412598
0.0,0.626329779624939
1.0,0.724714994430542
0.0,0.2708825469017029
1.0,0.7303552627563477
1.0,0.7305886745452881
1.0,0.7305535078048706
1.0,0.589618980884552
0.0,0.724611222743988
1.0,0.7300687432289124
1.0,0.729786217212677
0.0,0.7262565493583679
1.0,0.7295697927474976
1.0,0.712096095085144
1.0,0.7301532030105591
1.0,0.7234506011009216
1.0,0.7279264330863953
1.0,0.26965269446372986
0.0,0.2698702812194824
1.0,0.3060736060142517
0.0,0.27007463574409485
1.0,0.7301090359687805
0.0,0.2704792618751526
1.0,0.2713662385940552
0.0,0.2711264491081238
0.0,0.6054498553276062
1.0,0.7255827784538269
0.0,0.2701505720615387
1.0,0.2726125121116638
1.0,0.281497985124588
1.0,0.7297812700271606
0.0,0.7080487608909607
0.0,0.2702397108078003
1.0,0.7302845120429993
0.0,0.27049195766448975
0.0,0.6800048351287842
0.0,0.2707391679286957
1.0,0.2705075740814209
1.0,0.7297220230102539
0.0,0.2728450298309326
1.0,0.2746831476688385
0.0,0.7272596955299377
1.0,0.27207842469215393
0.0,0.2714541256427765
0.0,0.719817042350769
1.0,0.7295165657997131
1.0,0.27694904804229736
1.0,0.7295010685920715
0.0,0.7211663126945496
0.0,0.7210865020751953
0.0,0.6563757658004761
1.0,0.7302772998809814
0.0,0.27526453137397766
0.0,0.7294584512710571
1.0,0.7155507802963257
0.0,0.2736591398715973
0.0,0.26956674456596375
0.0,0.27273258566856384
1.0,0.7303065657615662
1.0,0.7256365418434143
1.0,0.7298151850700378
0.0,0.7267411351203918
1.0,0.7300279140472412
1.0,0.7279068827629089
1.0,0.7291231155395508
1.0,0.7283938527107239
1.0,0.730546236038208
0.0,0.2708040177822113
0.0,0.31894251704216003
0.0,0.2726782560348511
1.0,0.7301322817802429
0.0,0.27346083521842957
1.0,0.7298320531845093
1.0,0.7293011546134949
1.0,0.7264052033424377
1.0,0.7303141355514526
1.0,0.27389901876449585
1.0,0.7236539125442505
1.0,0.7201340198516846
1.0,0.3040444254875183
0.0,0.3222349286079407
1.0,0.7298526763916016
1.0,0.7296110391616821
0.0,0.6201931834220886
1.0,0.7300148010253906
0.0,0.27155715227127075
0.0,0.7255211472511292
1.0,0.7293828129768372
0.0,0.29902201890945435
1.0,0.7282833456993103
0.0,0.2740464508533478
1.0,0.7301531434059143
0.0,0.2699972689151764
0.0,0.2872016131877899
1.0,0.728487491607666
0.0,0.7293346524238586
1.0,0.7229175567626953
0.0,0.2698463499546051
0.0,0.27168208360671997
0.0,0.27766546607017517
1.0,0.7301005721092224
1.0,0.6864826679229736
1.0,0.7297415137290955
1.0,0.7254414558410645
1.0,0.7292881011962891
1.0,0.27013149857521057
0.0,0.27231431007385254
1.0,0.7295483946800232
0.0,0.4286949336528778
0.0,0.2742483913898468
0.0,0.5789805054664612
1.0,0.28616923093795776
1.0,0.7282280921936035
0.0,0.2724885046482086
0.0,0.27473998069763184
0.0,0.26993894577026367
1.0,0.3908822238445282
1.0,0.7295095920562744
0.0,0.7242641448974609
0.0,0.7289992570877075
0.0,0.2702352702617645
1.0,0.6632869839668274
0.0,0.2708650827407837
1.0,0.7297999262809753
1.0,0.7297596335411072
1.0,0.7105858325958252
0.0,0.2717682421207428
0.0,0.5276291370391846
0.0,0.27114519476890564
0.0,0.2716527581214905
0.0,0.6262299418449402
0.0,0.27317866683006287
0.0,0.34710273146629333
1.0,0.72417813539505
0.0,0.547590434551239
0.0,0.3189670145511627
1.0,0.7303891181945801
0.0,0.271028071641922
1.0,0.7295809984207153
1.0,0.7304004430770874
1.0,0.6411154270172119
1.0,0.7240045070648193
0.0,0.4161873161792755
1.0,0.7274229526519775
1.0,0.730366587638855
0.0,0.27383172512054443
0.0,0.2706761956214905
0.0,0.2713598310947418
0.0,0.27059873938560486
1.0,0.7279569506645203
0.0,0.7299737930297852
1.0,0.7283546924591064
1.0,0.6753663420677185
0.0,0.27520570158958435
1.0,0.6807571649551392
0.0,0.2711702287197113
0.0,0.37788647413253784
0.0,0.2700421214103699
0.0,0.2704138457775116
1.0,0.7287572026252747
0.0,0.271258145570755
0.0,0.27098366618156433
1.0,0.7221848368644714
0.0,0.7165517210960388
0.0,0.27060478925704956
0.0,0.7270962595939636
1.0,0.7302906513214111
0.0,0.2881082594394684
1.0,0.3182109296321869
1.0,0.7302951216697693
0.0,0.27633294463157654
1.0,0.7301381230354309
1.0,0.7301669716835022
1.0,0.7291393876075745
1.0,0.7301356196403503
0.0,0.272657573223114
0.0,0.2871725559234619
0.0,0.2716176211833954
0.0,0.27947238087654114
0.0,0.5352981686592102
0.0,0.2936340570449829
0.0,0.2706480622291565
0.0,0.27170366048812866
0.0,0.26979556679725647
1.0,0.727318525314331
0.0,0.2726897895336151
0.0,0.2695789039134979
1.0,0.3807966411113739
1.0,0.7304578423500061
1.0,0.7303320169448853
0.0,0.7295936346054077
1.0,0.7299886345863342
1.0,0.27069777250289917
0.0,0.2713187634944916
1.0,0.3260977566242218
0.0,0.2736997604370117
1.0,0.7299938797950745
1.0,0.7037748098373413
0.0,0.729566216468811
1.0,0.7271833419799805
0.0,0.27328455448150635
0.0,0.48223748803138733
0.0,0.48125511407852173
0.0,0.7301114797592163
1.0,0.2713516354560852
1.0,0.32932576537132263
0.0,0.30228787660598755
1.0,0.7297464609146118
1.0,0.7296960353851318
0.0,0.27324044704437256
1.0,0.30011841654777527
1.0,0.7303439974784851
1.0,0.7294132709503174
1.0,0.2977483570575714
1.0,0.730111837387085
0.0,0.3522046208381653
1.0,0.7271190881729126
1.0,0.7215829491615295
0.0,0.32049667835235596
0.0,0.27414631843566895
1.0,0.7293587923049927
1.0,0.7296944260597229
0.0,0.2790440022945404
0.0,0.582075834274292
1.0,0.31240326166152954
1.0,0.7302026748657227
1.0,0.270401269197464
1.0,0.356728196144104
1.0,0.7278323173522949
1.0,0.6685201525688171
1.0,0.27319350838661194
0.0,0.27135124802589417
0.0,0.2697533369064331
0.0,0.2700825035572052
1.0,0.7152426838874817
0.0,0.2727492153644562
1.0,0.2876908481121063
1.0,0.7301279306411743
1.0,0.7299801707267761
1.0,0.7295511960983276
0.0,0.27094921469688416
0.0,0.7287206649780273
0.0,0.26976028084754944
0.0,0.2701288163661957
0.0,0.27487096190452576
0.0,0.2706223130226135
0.0,0.6742419004440308
0.0,0.2725035846233368
1.0,0.7300381660461426
0.0,0.273125559091568
1.0,0.7304182052612305
1.0,0.6436806917190552
1.0,0.7223442196846008
1.0,0.7281262874603271
0.0,0.724818766117096
1.0,0.7275893688201904
0.0,0.2737184762954712
1.0,0.7221380472183228
0.0,0.27026718854904175
0.0,0.274474173784256
0.0,0.2711063027381897
1.0,0.7233081459999084
0.0,0.27199986577033997
0.0,0.2745598554611206
1.0,0.716728925704956
1.0,0.29332298040390015
0.0,0.3566785752773285
1.0,0.720582127571106
0.0,0.27332577109336853
1.0,0.2742574214935303
1.0,0.7299301624298096
0.0,0.2881709337234497
1.0,0.7286311388015747
0.0,0.2728879153728485
1.0,0.2963179051876068
0.0,0.27059507369995117
0.0,0.2977343797683716
1.0,0.7297981977462769
1.0,0.7293581962585449
0.0,0.27170196175575256
1.0,0.730240523815155
1.0,0.7292527556419373
1.0,0.7295082807540894
1.0,0.4670928418636322
1.0,0.2805494964122772
0.0,0.273043155670166
0.0,0.7186546325683594
1.0,0.7028048038482666
1.0,0.280925452709198
0.0,0.6350922584533691
1.0,0.7296132445335388
1.0,0.7292584776878357
0.0,0.2717750370502472
1.0,0.7296472191810608
1.0,0.7259941697120667
0.0,0.2705827057361603
1.0,0.7280489802360535
0.0,0.6714468002319336
1.0,0.72798752784729
0.0,0.2705044448375702
1.0,0.7277873754501343
0.0,0.27119284868240356
1.0,0.7285631895065308
1.0,0.31782448291778564
1.0,0.7264763712882996
1.0,0.7285912036895752
0.0,0.3211219906806946
1.0,0.729558527469635
1.0,0.7089535593986511
0.0,0.27447405457496643
0.0,0.27451470494270325
1.0,0.30246636271476746
1.0,0.7297901511192322
0.0,0.6889747977256775
0.0,0.7041186690330505
0.0,0.3040570616722107
0.0,0.27283361554145813
0.0,0.27011924982070923
1.0,0.2806219756603241
1.0,0.729328453540802
0.0,0.2814618647098541
1.0,0.7298027276992798
1.0,0.7297304272651672
1.0,0.27131208777427673
0.0,0.5455727577209473
0.0,0.2786637544631958
0.0,0.2722136080265045
1.0,0.587016761302948
0.0,0.2731190025806427
1.0,0.7283251881599426
0.0,0.6832552552223206
0.0,0.2719492018222809
0.0,0.29496529698371887
1.0,0.2745903432369232
1.0,0.2752341628074646
0.0,0.4927161633968353
0.0,0.6481354236602783
0.0,0.7275952100753784
1.0,0.7164508700370789
0.0,0.2708192765712738
0.0,0.2744472026824951
1.0,0.729462206363678
0.0,0.270459920167923
1.0,0.27722468972206116
1.0,0.7116525173187256
0.0,0.2699434757232666
0.0,0.2726280391216278
0.0,0.31159913539886475
1.0,0.27518337965011597
1.0,0.7300319671630859
0.0,0.2786772847175598
1.0,0.7284446954727173
0.0,0.7224028706550598
0.0,0.2721804976463318
0.0,0.27047064900398254
0.0,0.2846955955028534
1.0,0.7266398072242737
0.0,0.7245455980300903
1.0,0.6544630527496338
1.0,0.729283332824707
1.0,0.7280624508857727
1.0,0.3970959484577179
0.0,0.27689874172210693
1.0,0.729736864566803
1.0,0.7286090850830078
1.0,0.7290827035903931
1.0,0.284519761800766
1.0,0.7030642628669739
1.0,0.7181333303451538
1.0,0.7184520959854126
1.0,0.7297701835632324
0.0,0.2719692885875702
1.0,0.7301207780838013
1.0,0.7301582098007202
1.0,0.729655921459198
0.0,0.28093165159225464
0.0,0.28842249512672424
1.0,0.27083396911621094
0.0,0.27042102813720703
1.0,0.7273269295692444
0.0,0.274665504693985
1.0,0.7294951677322388
1.0,0.2710064649581909
1.0,0.7292270660400391
1.0,0.7294865250587463
0.0,0.2892940640449524
0.0,0.2701321542263031
1.0,0.729242205619812
0.0,0.2723769247531891
0.0,0.5510847568511963
1.0,0.7258893847465515
0.0,0.7288762927055359
1.0,0.6866804957389832
0.0,0.2701767683029175
1.0,0.30643177032470703
1.0,0.7220262885093689
1.0,0.729149580001831
1.0,0.7296926975250244
0.0,0.7280696034431458
1.0,0.2819420099258423
1.0,0.7302271723747253
0.0,0.270303875207901
0.0,0.2710770070552826
0.0,0.27140846848487854
0.0,0.27129584550857544
0.0,0.28259965777397156
0.0,0.7213290333747864
0.0,0.7294803261756897
1.0,0.7277279496192932
1.0,0.7220927476882935
0.0,0.27039676904678345
1.0,0.729762613773346
0.0,0.28380388021469116
1.0,0.7282519340515137
0.0,0.27305299043655396
1.0,0.587981104850769
1.0,0.7276150584220886
1.0,0.6928731799125671
0.0,0.2701810896396637
0.0,0.6620174646377563
1.0,0.2702498435974121
1.0,0.7298985123634338
1.0,0.7300543785095215
1.0,0.725562334060669
1.0,0.7267611622810364
0.0,0.3252238631248474
0.0,0.4005802273750305
1.0,0.7301404476165771
1.0,0.7302466034889221
0.0,0.27037686109542847
1.0,0.7282037138938904
0.0,0.27035099267959595
1.0,0.7192264199256897
1.0,0.5614704489707947
1.0,0.7281947135925293
0.0,0.27027150988578796
1.0,0.7292518615722656
0.0,0.2704428732395172
0.0,0.27180910110473633
0.0,0.28361767530441284
0.0,0.27023765444755554
1.0,0.7283923029899597
1.0,0.730428159236908
0.0,0.6489393711090088
1.0,0.7248976230621338
0.0,0.27037838101387024
0.0,0.7297156453132629
0.0,0.27067434787750244
1.0,0.730156421661377
0.0,0.27242013812065125
1.0,0.7304968237876892
1.0,0.7304592132568359
0.0,0.28040412068367004
1.0,0.65467768907547
0.0,0.2735424339771271
0.0,0.7294461131095886
0.0,0.27341702580451965
0.0,0.27882397174835205
1.0,0.7213144302368164
0.0,0.4062959551811218
1.0,0.7303181290626526
1.0,0.7306122779846191
1.0,0.7302463054656982
1.0,0.27204039692878723
1.0,0.7285344004631042
0.0,0.27076253294944763
0.0,0.27204424142837524
1.0,0.7281026840209961
0.0,0.2959529757499695
1.0,0.7231951355934143
1.0,0.27542489767074585
1.0,0.7286967039108276
0.0,0.27585336565971375
0.0,0.2712349593639374
0.0,0.27336397767066956
0.0,0.6406669616699219
0.0,0.2728830575942993
1.0,0.7298945784568787
1.0,0.27956172823905945
0.0,0.2850481867790222
1.0,0.6544723510742188
1.0,0.27162787318229675
0.0,0.7296757102012634
0.0,0.26992475986480713
1.0,0.2804063856601715
0.0,0.2910991311073303
0.0,0.7298189401626587
1.0,0.7303686738014221
0.0,0.7187908887863159
0.0,0.3201223909854889
0.0,0.26998233795166016
1.0,0.7226390838623047
0.0,0.6806137561798096
1.0,0.7179266810417175
0.0,0.7289795279502869
0.0,0.2711428999900818
0.0,0.3292563557624817
1.0,0.7296382188796997
0.0,0.27303963899612427
0.0,0.2994779050350189
0.0,0.27427801489830017
1.0,0.7303686141967773
0.0,0.3053675591945648
1.0,0.7300954461097717
1.0,0.7298714518547058
0.0,0.27116701006889343
1.0,0.7265938520431519
0.0,0.3997313976287842
1.0,0.27488869428634644
0.0,0.2698117792606354
0.0,0.26993849873542786
0.0,0.2724247872829437
0.0,0.27175575494766235
1.0,0.2792862057685852
0.0,0.284933477640152
0.0,0.27874672412872314
0.0,0.2704446613788605
1.0,0.7295430898666382
0.0,0.5947597622871399
0.0,0.3013323247432709
1.0,0.7231608033180237
0.0,0.7242193222045898
1.0,0.7287167906761169
0.0,0.2754429876804352
0.0,0.27359384298324585
1.0,0.730218768119812
0.0,0.2714640200138092
0.0,0.2905285656452179
0.0,0.2729257643222809
0.0,0.27149635553359985
0.0,0.27249833941459656
0.0,0.7080314755439758
0.0,0.27028927206993103
1.0,0.7279683947563171
1.0,0.7174258828163147
1.0,0.7295278310775757
0.0,0.7111173868179321
1.0,0.7278525829315186
0.0,0.27097073197364807
0.0,0.7157207727432251
1.0,0.6484785079956055
0.0,0.27394694089889526
0.0,0.7292858362197876
1.0,0.729961633682251
0.0,0.27407851815223694
0.0,0.2759348154067993
0.0,0.7199777960777283
1.0,0.729583740234375
1.0,0.7296865582466125
0.0,0.27392926812171936
1.0,0.7228981852531433
0.0,0.2728792428970337
1.0,0.7306225299835205
0.0,0.2720167934894562
0.0,0.27226048707962036
1.0,0.7280517220497131
1.0,0.727123498916626
1.0,0.728572428226471
0.0,0.27020153403282166
1.0,0.7298398017883301
0.0,0.7096191048622131
1.0,0.29566192626953125
0.0,0.27962228655815125
0.0,0.6561650037765503
0.0,0.28132688999176025
0.0,0.4339175224304199
0.0,0.2763524055480957
1.0,0.7288031578063965
0.0,0.2704492509365082
1.0,0.7294105291366577
0.0,0.7270745635032654
1.0,0.7290087938308716
0.0,0.3205403983592987
0.0,0.2699086368083954
0.0,0.2723790109157562
1.0,0.721598207950592
1.0,0.2736819088459015
1.0,0.28650277853012085
0.0,0.27594080567359924
0.0,0.2720436155796051
0.0,0.7260556817054749
0.0,0.5394625663757324
0.0,0.31854763627052307
1.0,0.27642497420310974
1.0,0.2731957733631134
0.0,0.2724814713001251
0.0,0.2702769637107849
0.0,0.2714512348175049
0.0,0.7296966314315796
0.0,0.27023157477378845
1.0,0.7291936278343201
0.0,0.729867160320282
1.0,0.7280170917510986
0.0,0.2713574469089508
0.0,0.27008333802223206
0.0,0.27358099818229675
0.0,0.27285417914390564
0.0,0.26987239718437195
0.0,0.30458754301071167
1.0,0.7266599535942078
0.0,0.6786715388298035
1.0,0.7297210693359375
0.0,0.7289313673973083
0.0,0.27011576294898987
0.0,0.2709854245185852
0.0,0.2716738283634186
1.0,0.7305530309677124
1.0,0.7288357615470886
0.0,0.6762263774871826
1.0,0.7289063334465027
1.0,0.2718714475631714
1.0,0.7297006249427795
0.0,0.27140676975250244
0.0,0.2708074152469635
1.0,0.700965940952301
1.0,0.7303280830383301
0.0,0.2707948386669159
0.0,0.2715361714363098
0.0,0.27262288331985474
0.0,0.6956228613853455
1.0,0.7227545976638794
1.0,0.7295392155647278
0.0,0.27057549357414246
1.0,0.729943573474884
0.0,0.2712419927120209
0.0,0.27014389634132385
0.0,0.33035874366760254
0.0,0.26990535855293274
1.0,0.7279001474380493
1.0,0.7235473990440369
1.0,0.73035728931427
1.0,0.7303165793418884
1.0,0.7282084226608276
0.0,0.27981653809547424
1.0,0.7278332710266113
0.0,0.2754194438457489
1.0,0.7305184602737427
0.0,0.2730802297592163
0.0,0.27612483501434326
0.0,0.2724384665489197
1.0,0.7277119755744934
0.0,0.2700691521167755
1.0,0.7301294803619385
1.0,0.7296963334083557
0.0,0.27184778451919556
0.0,0.27228879928588867
0.0,0.7178358435630798
0.0,0.27141836285591125
1.0,0.728472113609314
1.0,0.27301692962646484
1.0,0.7103188633918762
1.0,0.7249053120613098
1.0,0.2708500921726227
0.0,0.2702672481536865
0.0,0.2728339731693268
1.0,0.7293724417686462
0.0,0.2752750515937805
0.0,0.7195560932159424
1.0,0.3451181948184967
0.0,0.7180955410003662
0.0,0.27108699083328247
0.0,0.2701706886291504
1.0,0.7297523021697998
1.0,0.7302558422088623
0.0,0.7234533429145813
0.0,0.603743314743042
1.0,0.7243117094039917
1.0,0.7295269966125488
1.0,0.7285159230232239
1.0,0.7273256778717041
0.0,0.2734103798866272
0.0,0.27090147137641907
1.0,0.7258176207542419
0.0,0.7252272367477417
1.0,0.7303262948989868
0.0,0.2705255150794983
1.0,0.27021995186805725
1.0,0.2707500159740448
0.0,0.2746492326259613
1.0,0.728968620300293
0.0,0.2729995846748352
0.0,0.2829381227493286
0.0,0.27194225788116455
0.0,0.27315911650657654
0.0,0.717690110206604
1.0,0.7301401495933533
1.0,0.27058008313179016
0.0,0.6809121966362
1.0,0.5704236626625061
1.0,0.7291440963745117
1.0,0.7305209040641785
0.0,0.30494824051856995
0.0,0.2702500820159912
0.0,0.27264708280563354
1.0,0.729266345500946
1.0,0.2881123125553131
1.0,0.7239864468574524
1.0,0.7288357615470886
1.0,0.7300030589103699
0.0,0.5875242948532104
0.0,0.2725754678249359
0.0,0.27011555433273315
0.0,0.2702248990535736
0.0,0.6945894360542297
1.0,0.7282882332801819
1.0,0.7300702333450317
1.0,0.7303668260574341
0.0,0.2723830044269562
0.0,0.2730807363986969
1.0,0.2898024022579193
0.0,0.2717600166797638
1.0,0.6864123344421387
1.0,0.7302436828613281
0.0,0.2706204354763031
0.0,0.29304713010787964
1.0,0.7282379865646362
0.0,0.3172939717769623
1.0,0.7288904786109924
0.0,0.27045127749443054
0.0,0.2767517566680908
0.0,0.2704499661922455
0.0,0.27699199318885803
0.0,0.270628958940506
1.0,0.5285148620605469
0.0,0.27201375365257263
0.0,0.2782305181026459
1.0,0.7244006991386414
1.0,0.7245796322822571
1.0,0.27308380603790283
0.0,0.7067310810089111
1.0,0.7301939129829407
0.0,0.3382066786289215
1.0,0.7299829125404358
1.0,0.7193649411201477
1.0,0.730066180229187
1.0,0.27153217792510986
0.0,0.27159637212753296
0.0,0.2698647677898407
1.0,0.5630228519439697
1.0,0.7287698984146118
1.0,0.7232109308242798
0.0,0.303993284702301
1.0,0.3292948603630066
0.0,0.2722942531108856
0.0,0.2706691324710846
1.0,0.7292738556861877
0.0,0.27142322063446045
0.0,0.30676060914993286
0.0,0.27029988169670105
0.0,0.26999905705451965
0.0,0.273576021194458
1.0,0.7287712097167969
1.0,0.720097541809082
0.0,0.3203139901161194
0.0,0.728147029876709
1.0,0.7302489280700684
1.0,0.2703625559806824
1.0,0.7298069000244141
1.0,0.28371238708496094
1.0,0.7285466194152832
0.0,0.7254120707511902
0.0,0.43080759048461914
0.0,0.28942689299583435
1.0,0.7033479809761047
0.0,0.6117810010910034
1.0,0.7302948832511902
0.0,0.7229052186012268
0.0,0.2971152067184448
1.0,0.73020339012146
0.0,0.27033498883247375
1.0,0.5996573567390442
0.0,0.7157759070396423
1.0,0.730193555355072
1.0,0.721523106098175
0.0,0.27289146184921265
1.0,0.6949880719184875
0.0,0.725551426410675
1.0,0.3935343325138092
1.0,0.7177944779396057
0.0,0.27029451727867126
0.0,0.7283664345741272
0.0,0.2795143127441406
1.0,0.7138032913208008
1.0,0.7285327315330505
0.0,0.27337589859962463
1.0,0.7299221158027649
1.0,0.7296310663223267
0.0,0.29734015464782715
0.0,0.2701786160469055
0.0,0.2733617424964905
1.0,0.7297683358192444
1.0,0.3086519241333008
1.0,0.7298029065132141
0.0,0.2808802127838135
1.0,0.7294774055480957
1.0,0.7303194403648376
0.0,0.2718077600002289
1.0,0.3756631016731262
1.0,0.7305472493171692
1.0,0.7300716042518616
1.0,0.7302667498588562
1.0,0.7299941182136536
1.0,0.7271960377693176
1.0,0.7299258708953857
0.0,0.2713603675365448
1.0,0.7295200824737549
1.0,0.27526742219924927
1.0,0.7302225232124329
0.0,0.27295351028442383
1.0,0.6999156475067139
1.0,0.2918933928012848
1.0,0.7301681041717529
0.0,0.27023884654045105
1.0,0.5399805307388306
1.0,0.7230328917503357
0.0,0.2725161612033844
1.0,0.7306314706802368
1.0,0.49092140793800354
1.0,0.7274715304374695
0.0,0.2780194580554962
0.0,0.7253323197364807
0.0,0.26987791061401367
1.0,0.27296942472457886
0.0,0.2796012759208679
1.0,0.725353479385376
1.0,0.73002028465271
1.0,0.7245690822601318
0.0,0.2718552052974701
1.0,0.729967474937439
0.0,0.27344802021980286
0.0,0.27012917399406433
1.0,0.7302625775337219
1.0,0.292794406414032
1.0,0.7275069355964661
