protein,drug,True Label,Predicted Probability
1.0,0.7295287251472473
0.0,0.28284379839897156
0.0,0.4699152708053589
1.0,0.7282789349555969
1.0,0.3402146100997925
0.0,0.3027849495410919
0.0,0.2808001935482025
0.0,0.3889097273349762
0.0,0.2847140431404114
0.0,0.3396213948726654
1.0,0.7218689322471619
1.0,0.7217811346054077
0.0,0.29536086320877075
1.0,0.7212518453598022
0.0,0.2892541289329529
1.0,0.6220417618751526
1.0,0.649832546710968
1.0,0.6933814287185669
0.0,0.2814987897872925
1.0,0.6683581471443176
0.0,0.45022690296173096
1.0,0.4011034369468689
0.0,0.6835968494415283
0.0,0.37344804406166077
0.0,0.4301474690437317
0.0,0.7123798727989197
0.0,0.288941890001297
1.0,0.7163035273551941
1.0,0.693351686000824
0.0,0.7102120518684387
1.0,0.705122172832489
1.0,0.5292943120002747
1.0,0.6221336722373962
0.0,0.2768592834472656
0.0,0.2753153443336487
0.0,0.3714934289455414
0.0,0.31947100162506104
1.0,0.7249182462692261
0.0,0.30087146162986755
1.0,0.6951279640197754
1.0,0.6713016033172607
1.0,0.7244464159011841
1.0,0.35344308614730835
0.0,0.6577838063240051
1.0,0.7200427055358887
1.0,0.6795010566711426
1.0,0.7253028154373169
1.0,0.7180948257446289
1.0,0.7104030847549438
0.0,0.3200063109397888
0.0,0.28590482473373413
0.0,0.2719937562942505
0.0,0.30218231678009033
1.0,0.7284148931503296
1.0,0.5176597237586975
0.0,0.28013312816619873
0.0,0.27546626329421997
1.0,0.7073566913604736
1.0,0.31726449728012085
0.0,0.4986741542816162
1.0,0.5364646315574646
0.0,0.27571842074394226
1.0,0.3135109841823578
0.0,0.3209758698940277
0.0,0.34627896547317505
0.0,0.3975943922996521
0.0,0.7062200307846069
1.0,0.7266330718994141
1.0,0.729837954044342
1.0,0.3323213458061218
0.0,0.4675535261631012
0.0,0.31702306866645813
0.0,0.308144211769104
1.0,0.7252818942070007
1.0,0.7290313243865967
1.0,0.3035030961036682
1.0,0.3454955816268921
1.0,0.2765008509159088
1.0,0.7236770987510681
0.0,0.41246259212493896
1.0,0.6974977850914001
1.0,0.2768844962120056
0.0,0.3145933449268341
0.0,0.30905815958976746
1.0,0.7188941836357117
0.0,0.3603018522262573
0.0,0.7252669930458069
1.0,0.5254440307617188
1.0,0.6627722382545471
1.0,0.342130571603775
1.0,0.7263608574867249
1.0,0.3237603008747101
0.0,0.48197561502456665
1.0,0.5697815418243408
1.0,0.7194166779518127
0.0,0.30484047532081604
0.0,0.3265328109264374
0.0,0.7005890607833862
0.0,0.31955307722091675
0.0,0.2706351578235626
0.0,0.41345128417015076
0.0,0.27574363350868225
1.0,0.7301133275032043
1.0,0.6879645586013794
1.0,0.7267237901687622
0.0,0.3058704435825348
1.0,0.6738675832748413
1.0,0.7242119908332825
1.0,0.5887582302093506
1.0,0.7171041965484619
1.0,0.6722925305366516
1.0,0.7244808077812195
0.0,0.4786951541900635
1.0,0.6943540573120117
0.0,0.34543102979660034
0.0,0.6170400977134705
0.0,0.4573388993740082
0.0,0.7276362180709839
0.0,0.6251150965690613
0.0,0.5511069297790527
0.0,0.31429895758628845
1.0,0.4626064896583557
1.0,0.7233195900917053
1.0,0.34988030791282654
1.0,0.7196531891822815
0.0,0.4744480550289154
0.0,0.4724411368370056
1.0,0.7061989903450012
1.0,0.6372380256652832
0.0,0.27248263359069824
0.0,0.3057752549648285
0.0,0.7229704856872559
0.0,0.3253574073314667
1.0,0.3557409644126892
1.0,0.7252416014671326
1.0,0.610450029373169
1.0,0.6618143320083618
1.0,0.729502260684967
0.0,0.2758687436580658
0.0,0.29766398668289185
1.0,0.7154970765113831
1.0,0.5709435939788818
0.0,0.41043907403945923
1.0,0.7266477346420288
1.0,0.7192449569702148
0.0,0.6511441469192505
0.0,0.3152572214603424
1.0,0.7300288677215576
0.0,0.34128841757774353
1.0,0.410239040851593
0.0,0.2837716042995453
1.0,0.5264891982078552
0.0,0.32515591382980347
0.0,0.305569052696228
1.0,0.7168674468994141
1.0,0.42932453751564026
1.0,0.7301374673843384
1.0,0.6996458768844604
0.0,0.6417704820632935
1.0,0.509276270866394
1.0,0.388389527797699
0.0,0.27307793498039246
0.0,0.5918372869491577
1.0,0.48840001225471497
0.0,0.3390486538410187
0.0,0.3074851632118225
0.0,0.33084067702293396
1.0,0.34510573744773865
1.0,0.7206301093101501
0.0,0.2953530251979828
0.0,0.503814160823822
1.0,0.6941349506378174
0.0,0.4481193721294403
0.0,0.47117528319358826
1.0,0.7056585550308228
1.0,0.7289164662361145
1.0,0.6991195678710938
1.0,0.40963101387023926
1.0,0.7261447906494141
0.0,0.2706233561038971
0.0,0.3194791078567505
0.0,0.2816876173019409
1.0,0.4651238024234772
0.0,0.6885609030723572
1.0,0.37586838006973267
1.0,0.7262803316116333
1.0,0.7276871800422668
1.0,0.728853166103363
1.0,0.4437140226364136
1.0,0.7295980453491211
1.0,0.7131142020225525
1.0,0.7301976084709167
0.0,0.27369388937950134
0.0,0.2828720808029175
1.0,0.7281847596168518
0.0,0.3456898331642151
0.0,0.410225510597229
1.0,0.4006090760231018
0.0,0.7188507318496704
0.0,0.27663400769233704
0.0,0.33422768115997314
1.0,0.6716688871383667
0.0,0.2797221541404724
0.0,0.2846281826496124
1.0,0.7256615161895752
1.0,0.728648841381073
1.0,0.7295085191726685
0.0,0.29547107219696045
0.0,0.3326705992221832
0.0,0.3124070465564728
1.0,0.3673818111419678
0.0,0.3225548565387726
0.0,0.29498693346977234
1.0,0.6427024006843567
0.0,0.5774941444396973
0.0,0.2710166573524475
1.0,0.29375624656677246
0.0,0.2996298372745514
1.0,0.5044261813163757
0.0,0.28785744309425354
0.0,0.29160624742507935
0.0,0.47779735922813416
1.0,0.7073081731796265
0.0,0.528519332408905
0.0,0.3967680335044861
0.0,0.2950524687767029
0.0,0.272298663854599
0.0,0.4646921455860138
1.0,0.5784081220626831
1.0,0.6114859580993652
0.0,0.5710967183113098
1.0,0.7175682187080383
0.0,0.7250019907951355
1.0,0.5284954905509949
1.0,0.6136515140533447
0.0,0.29774200916290283
0.0,0.3081628978252411
1.0,0.5507544875144958
1.0,0.6581035852432251
0.0,0.29384467005729675
1.0,0.6087151765823364
0.0,0.2752758860588074
1.0,0.7303809523582458
1.0,0.7290271520614624
0.0,0.4903370141983032
1.0,0.7293205261230469
1.0,0.7187913060188293
0.0,0.3086817264556885
1.0,0.6132954359054565
0.0,0.27487561106681824
1.0,0.7263960838317871
0.0,0.2743014991283417
1.0,0.7207486033439636
0.0,0.271565705537796
1.0,0.4659268260002136
0.0,0.3044328987598419
1.0,0.4345179796218872
1.0,0.7272472977638245
0.0,0.278597354888916
0.0,0.5453589558601379
1.0,0.6575937271118164
0.0,0.35485580563545227
0.0,0.30087563395500183
1.0,0.7098168134689331
1.0,0.728184163570404
1.0,0.7293906211853027
1.0,0.6756619215011597
1.0,0.6827770471572876
0.0,0.27379974722862244
0.0,0.38852185010910034
0.0,0.35685065388679504
1.0,0.6950507760047913
1.0,0.7219141125679016
0.0,0.6234207153320312
1.0,0.7291540503501892
0.0,0.3247363567352295
0.0,0.3057554364204407
0.0,0.27144524455070496
0.0,0.32582759857177734
1.0,0.6834690570831299
0.0,0.4559134244918823
0.0,0.2821406424045563
1.0,0.7275229096412659
0.0,0.29611051082611084
1.0,0.6159529685974121
0.0,0.2907049059867859
1.0,0.7214213013648987
1.0,0.6713618040084839
1.0,0.5052794218063354
0.0,0.2947450876235962
1.0,0.6608654260635376
1.0,0.2726844549179077
1.0,0.7236350774765015
1.0,0.43563589453697205
1.0,0.3113926351070404
1.0,0.7278611660003662
1.0,0.6862487196922302
1.0,0.29159122705459595
0.0,0.3190559446811676
0.0,0.6757951974868774
0.0,0.308802992105484
1.0,0.659694492816925
0.0,0.7060863971710205
0.0,0.5218403339385986
1.0,0.5570082068443298
1.0,0.4859331250190735
0.0,0.28447213768959045
1.0,0.7294918894767761
0.0,0.6154510974884033
1.0,0.7299358248710632
0.0,0.3560149371623993
0.0,0.3165585696697235
0.0,0.3496975600719452
0.0,0.3831527531147003
0.0,0.26994192600250244
0.0,0.27145424485206604
1.0,0.6938769817352295
1.0,0.5773118734359741
0.0,0.2840174734592438
1.0,0.7241400480270386
1.0,0.6361271739006042
0.0,0.32711878418922424
0.0,0.45676252245903015
0.0,0.2951291799545288
0.0,0.340012788772583
1.0,0.7247834205627441
0.0,0.42854043841362
0.0,0.28773438930511475
0.0,0.5798239707946777
1.0,0.4158994257450104
1.0,0.7154436111450195
1.0,0.7291408777236938
0.0,0.28217190504074097
1.0,0.5887529850006104
0.0,0.6662038564682007
1.0,0.7197015285491943
1.0,0.7272372841835022
0.0,0.2731723487377167
0.0,0.2720029950141907
1.0,0.6592206358909607
0.0,0.2972430884838104
0.0,0.3807327151298523
1.0,0.7209216356277466
1.0,0.7034887075424194
1.0,0.722283124923706
1.0,0.7036947011947632
0.0,0.6712535619735718
0.0,0.6375759243965149
0.0,0.28609251976013184
0.0,0.41529202461242676
1.0,0.6366127729415894
1.0,0.5623883605003357
1.0,0.3013218343257904
1.0,0.3364526629447937
0.0,0.42082738876342773
0.0,0.7142285108566284
1.0,0.6538242101669312
0.0,0.33284446597099304
0.0,0.3264717757701874
0.0,0.7258087992668152
0.0,0.27207696437835693
0.0,0.286749005317688
0.0,0.29248228669166565
1.0,0.680518627166748
1.0,0.5202171206474304
1.0,0.6757932901382446
1.0,0.7282771468162537
1.0,0.6711300611495972
0.0,0.48083505034446716
0.0,0.30860769748687744
1.0,0.6255123019218445
1.0,0.6983702182769775
0.0,0.2889972925186157
1.0,0.6903557181358337
1.0,0.710899829864502
1.0,0.7180431485176086
0.0,0.36754533648490906
0.0,0.32684609293937683
1.0,0.7279562950134277
0.0,0.2743469476699829
0.0,0.45098239183425903
0.0,0.2957969307899475
0.0,0.2847987711429596
0.0,0.3188568651676178
0.0,0.2955816686153412
0.0,0.29427459836006165
1.0,0.5024735331535339
1.0,0.5852898359298706
0.0,0.3004797399044037
0.0,0.6436017751693726
1.0,0.6240425109863281
1.0,0.4777684211730957
1.0,0.7297013401985168
0.0,0.538817286491394
1.0,0.27223458886146545
1.0,0.41105136275291443
1.0,0.6719204187393188
1.0,0.7153074145317078
1.0,0.5745847225189209
0.0,0.27393531799316406
0.0,0.2831997871398926
1.0,0.72893887758255
0.0,0.6605088114738464
1.0,0.5157415270805359
1.0,0.6964721083641052
0.0,0.709265410900116
0.0,0.2743997573852539
0.0,0.30499067902565
1.0,0.4890994429588318
1.0,0.28499317169189453
0.0,0.3788643479347229
0.0,0.27788105607032776
0.0,0.3474828898906708
0.0,0.41476503014564514
1.0,0.7090207934379578
0.0,0.30988606810569763
1.0,0.6648637056350708
0.0,0.4873487949371338
1.0,0.31680530309677124
0.0,0.4877820909023285
0.0,0.29202571511268616
0.0,0.2838492691516876
0.0,0.28500083088874817
1.0,0.7251160144805908
0.0,0.3105137050151825
1.0,0.7278748154640198
1.0,0.5603463649749756
0.0,0.6132789850234985
0.0,0.28141340613365173
0.0,0.3084675371646881
1.0,0.6286427974700928
1.0,0.6596076488494873
0.0,0.7049036026000977
0.0,0.274885356426239
1.0,0.7299825549125671
1.0,0.7169544100761414
1.0,0.6785257458686829
1.0,0.7284818887710571
1.0,0.7258480191230774
0.0,0.6898148059844971
0.0,0.3051142394542694
0.0,0.28074756264686584
0.0,0.28803199529647827
1.0,0.5909526944160461
1.0,0.7001535296440125
0.0,0.6863641738891602
0.0,0.40427154302597046
1.0,0.6829457879066467
1.0,0.7286903262138367
1.0,0.7265515923500061
0.0,0.36293455958366394
0.0,0.2753802239894867
1.0,0.7194215059280396
0.0,0.3037228286266327
0.0,0.304365873336792
1.0,0.583509087562561
0.0,0.48187056183815
1.0,0.7176652550697327
1.0,0.725134015083313
1.0,0.698525607585907
1.0,0.27489015460014343
1.0,0.7281256914138794
1.0,0.7230621576309204
1.0,0.6112989187240601
0.0,0.284412682056427
1.0,0.7270261645317078
0.0,0.31415998935699463
0.0,0.3998258113861084
0.0,0.6744863390922546
0.0,0.6593802571296692
1.0,0.7297059893608093
0.0,0.4397446811199188
0.0,0.3336963355541229
0.0,0.7292056679725647
1.0,0.7303177118301392
1.0,0.2986525595188141
0.0,0.5496439933776855
1.0,0.7025392651557922
1.0,0.6749513149261475
0.0,0.40953609347343445
0.0,0.6167609095573425
0.0,0.2730099856853485
1.0,0.7207650542259216
0.0,0.3280729055404663
1.0,0.44995903968811035
1.0,0.7161643505096436
0.0,0.6042616963386536
0.0,0.6297129988670349
1.0,0.7284719347953796
1.0,0.6621978282928467
1.0,0.7243008613586426
0.0,0.30135518312454224
0.0,0.32283520698547363
0.0,0.2786577045917511
0.0,0.2983686029911041
1.0,0.4497121274471283
1.0,0.7134678363800049
1.0,0.729949414730072
1.0,0.6606013774871826
0.0,0.3015679121017456
1.0,0.4622170925140381
1.0,0.7241716384887695
1.0,0.7208775877952576
0.0,0.6077613234519958
1.0,0.7284515500068665
1.0,0.7041425704956055
1.0,0.7069724202156067
0.0,0.3090820908546448
0.0,0.33305200934410095
1.0,0.6934383511543274
0.0,0.2706943154335022
0.0,0.33437299728393555
0.0,0.42344415187835693
1.0,0.718654453754425
0.0,0.4204145073890686
1.0,0.7049292922019958
0.0,0.27915310859680176
1.0,0.6484519839286804
1.0,0.39114701747894287
1.0,0.43856045603752136
1.0,0.6911320090293884
0.0,0.282346248626709
1.0,0.4447691738605499
0.0,0.7194350957870483
1.0,0.7276259660720825
0.0,0.6816735863685608
0.0,0.32967597246170044
1.0,0.5077626705169678
1.0,0.4820411801338196
1.0,0.30141332745552063
0.0,0.3276185691356659
0.0,0.7008046507835388
1.0,0.2924257516860962
1.0,0.7297530770301819
0.0,0.39288628101348877
1.0,0.3898778259754181
1.0,0.718529224395752
1.0,0.6919114589691162
1.0,0.6949501037597656
1.0,0.7008991837501526
1.0,0.6927129030227661
0.0,0.3042028248310089
1.0,0.7283734083175659
0.0,0.285995751619339
0.0,0.34120872616767883
1.0,0.27363497018814087
1.0,0.6899842619895935
1.0,0.6414461135864258
0.0,0.27905240654945374
0.0,0.5732091665267944
0.0,0.4250486195087433
0.0,0.2881079614162445
1.0,0.630636990070343
1.0,0.7165197134017944
0.0,0.35964345932006836
0.0,0.27149268984794617
1.0,0.28501319885253906
0.0,0.6569857001304626
0.0,0.272690087556839
0.0,0.7293694615364075
0.0,0.3475862741470337
1.0,0.7289636731147766
0.0,0.7070404291152954
0.0,0.27695798873901367
0.0,0.6253992915153503
0.0,0.2754691243171692
0.0,0.28818732500076294
1.0,0.522287905216217
1.0,0.29127633571624756
0.0,0.28343477845191956
0.0,0.2733077108860016
1.0,0.2793811559677124
0.0,0.626869261264801
0.0,0.29568472504615784
0.0,0.6052749156951904
1.0,0.7301379442214966
1.0,0.3654190003871918
1.0,0.7301706671714783
0.0,0.5775721073150635
0.0,0.2920144498348236
0.0,0.2761729657649994
0.0,0.6891248822212219
1.0,0.7283015847206116
1.0,0.36338767409324646
0.0,0.3275619447231293
1.0,0.7176083326339722
1.0,0.48983702063560486
1.0,0.7236969470977783
1.0,0.6799618005752563
1.0,0.7115119695663452
1.0,0.729684054851532
0.0,0.46530935168266296
0.0,0.31590741872787476
0.0,0.30208927392959595
0.0,0.4484567642211914
1.0,0.7276239991188049
0.0,0.3299577832221985
1.0,0.6510806679725647
0.0,0.2799377143383026
0.0,0.6892169117927551
1.0,0.7291299700737
1.0,0.7283315658569336
0.0,0.48657119274139404
1.0,0.704016387462616
1.0,0.7182943820953369
0.0,0.7063964605331421
0.0,0.28466272354125977
1.0,0.7212540507316589
0.0,0.27926501631736755
0.0,0.38925033807754517
1.0,0.5364518761634827
0.0,0.2837955951690674
1.0,0.7118356823921204
0.0,0.27048441767692566
0.0,0.7192041873931885
1.0,0.7250193953514099
0.0,0.2832109034061432
1.0,0.7296814918518066
0.0,0.2732129395008087
1.0,0.7257696986198425
0.0,0.5383031964302063
0.0,0.27792850136756897
0.0,0.34640824794769287
1.0,0.4093323349952698
1.0,0.7111152410507202
1.0,0.3098858892917633
1.0,0.7302528619766235
1.0,0.5860598683357239
1.0,0.3924310505390167
0.0,0.4938569664955139
1.0,0.4504747688770294
1.0,0.6980819702148438
0.0,0.29621559381484985
0.0,0.3014112114906311
0.0,0.30759793519973755
0.0,0.2762509882450104
1.0,0.6419093608856201
1.0,0.5748019814491272
1.0,0.39481252431869507
0.0,0.6602584719657898
1.0,0.26984235644340515
0.0,0.29045170545578003
1.0,0.7289522886276245
0.0,0.31076380610466003
1.0,0.626130998134613
0.0,0.3014755845069885
1.0,0.7173970341682434
1.0,0.7303330898284912
1.0,0.2753027379512787
1.0,0.7107093334197998
1.0,0.5956563353538513
0.0,0.5436322689056396
0.0,0.34642860293388367
1.0,0.5970260500907898
0.0,0.6258131265640259
1.0,0.7183566093444824
1.0,0.45295411348342896
0.0,0.28094783425331116
0.0,0.4107523560523987
1.0,0.3137546479701996
1.0,0.3459060788154602
1.0,0.7041007280349731
1.0,0.7289490699768066
1.0,0.6937928199768066
1.0,0.7102768421173096
1.0,0.3532112240791321
0.0,0.2846832871437073
0.0,0.3187331259250641
1.0,0.3188379406929016
0.0,0.40912503004074097
0.0,0.2906361222267151
0.0,0.27252116799354553
0.0,0.2740594446659088
1.0,0.7266772985458374
1.0,0.7189119458198547
0.0,0.3263586461544037
0.0,0.6515715718269348
1.0,0.7255851626396179
0.0,0.30996274948120117
1.0,0.489381343126297
0.0,0.5934547781944275
0.0,0.29589104652404785
1.0,0.7127323746681213
0.0,0.5817611217498779
0.0,0.34048476815223694
1.0,0.7161344885826111
0.0,0.48264917731285095
1.0,0.6737629771232605
0.0,0.7177844643592834
1.0,0.42865070700645447
1.0,0.6853336095809937
0.0,0.5990173816680908
0.0,0.27672311663627625
0.0,0.2982654273509979
0.0,0.3514542877674103
0.0,0.4757745862007141
1.0,0.7242568731307983
1.0,0.7210186123847961
0.0,0.29480254650115967
0.0,0.32004913687705994
0.0,0.5189700126647949
1.0,0.583366334438324
1.0,0.6851664185523987
0.0,0.40354377031326294
0.0,0.3338836133480072
0.0,0.5309985876083374
0.0,0.4135339856147766
1.0,0.7218350172042847
1.0,0.2807263731956482
1.0,0.570114016532898
1.0,0.566103994846344
1.0,0.7261670231819153
1.0,0.6305491924285889
1.0,0.7287314534187317
1.0,0.7283023595809937
0.0,0.6753604412078857
0.0,0.6129581332206726
0.0,0.27911773324012756
0.0,0.36536499857902527
1.0,0.7298172116279602
1.0,0.3961547911167145
0.0,0.3023773729801178
1.0,0.39197951555252075
1.0,0.6245774626731873
0.0,0.399630606174469
1.0,0.7222943305969238
1.0,0.7301177382469177
0.0,0.2742610573768616
0.0,0.2843310534954071
0.0,0.31404033303260803
0.0,0.3043155372142792
0.0,0.3688395023345947
0.0,0.4345458149909973
0.0,0.29998624324798584
1.0,0.6446077227592468
1.0,0.7250405550003052
0.0,0.28789234161376953
0.0,0.28013044595718384
1.0,0.7230948805809021
0.0,0.27489903569221497
0.0,0.2730284333229065
1.0,0.7199114561080933
1.0,0.7296074628829956
1.0,0.7197988629341125
1.0,0.5285001993179321
1.0,0.7142212986946106
1.0,0.655074954032898
1.0,0.7002769708633423
1.0,0.5440217852592468
0.0,0.5552340149879456
1.0,0.6954017877578735
1.0,0.7293877601623535
1.0,0.726841926574707
1.0,0.2718307077884674
1.0,0.7274599075317383
0.0,0.30753523111343384
0.0,0.6527022123336792
1.0,0.7302119731903076
1.0,0.6796016097068787
1.0,0.6825962662696838
0.0,0.6648225784301758
0.0,0.3595402240753174
0.0,0.3607539236545563
1.0,0.6033574342727661
0.0,0.2843322157859802
0.0,0.3150143623352051
0.0,0.2748377025127411
0.0,0.3673408627510071
0.0,0.32215210795402527
0.0,0.2932845652103424
0.0,0.29367348551750183
1.0,0.6758258938789368
0.0,0.6651155948638916
1.0,0.4461939036846161
0.0,0.3426852822303772
0.0,0.27421990036964417
1.0,0.6840144395828247
1.0,0.706062912940979
0.0,0.7171773314476013
1.0,0.7187989950180054
0.0,0.27867162227630615
0.0,0.41752657294273376
1.0,0.7286196947097778
1.0,0.6562246680259705
1.0,0.7295885682106018
1.0,0.7055277824401855
0.0,0.5556025505065918
0.0,0.6421982645988464
0.0,0.2762606739997864
0.0,0.35479268431663513
1.0,0.6412382125854492
1.0,0.730294942855835
0.0,0.32715165615081787
1.0,0.7204839587211609
1.0,0.7012544274330139
0.0,0.2712528705596924
0.0,0.69868004322052
0.0,0.2814842462539673
1.0,0.5771872401237488
0.0,0.4564661383628845
0.0,0.30488505959510803
1.0,0.7228296399116516
0.0,0.29933854937553406
1.0,0.5379789471626282
0.0,0.2705816626548767
0.0,0.2774200737476349
0.0,0.28991833329200745
0.0,0.279634028673172
1.0,0.7242860794067383
1.0,0.6766802668571472
1.0,0.6001841425895691
1.0,0.6024680137634277
0.0,0.2815263569355011
1.0,0.7037068605422974
0.0,0.3230549693107605
1.0,0.7069132924079895
1.0,0.5030971765518188
1.0,0.3139033019542694
0.0,0.31362077593803406
1.0,0.721800684928894
1.0,0.7199196219444275
1.0,0.682854413986206
0.0,0.2727489471435547
0.0,0.27866148948669434
0.0,0.28328558802604675
1.0,0.432162344455719
1.0,0.7303162217140198
1.0,0.273123562335968
0.0,0.2875005006790161
0.0,0.5051376819610596
0.0,0.4828002452850342
1.0,0.6302539110183716
0.0,0.3346081078052521
0.0,0.2776992619037628
0.0,0.3384401798248291
0.0,0.2794913351535797
0.0,0.46119868755340576
0.0,0.2785586714744568
0.0,0.30892887711524963
0.0,0.5314189791679382
0.0,0.32063931226730347
1.0,0.6621270775794983
1.0,0.6747564077377319
1.0,0.7136228680610657
1.0,0.3075776696205139
0.0,0.30236920714378357
0.0,0.4429034888744354
0.0,0.29196178913116455
1.0,0.6778679490089417
1.0,0.4215903878211975
0.0,0.34224799275398254
1.0,0.7109793424606323
1.0,0.7162981629371643
1.0,0.7210307121276855
0.0,0.3549938499927521
0.0,0.27912360429763794
0.0,0.31060126423835754
1.0,0.30302271246910095
1.0,0.6367021203041077
1.0,0.7174941301345825
1.0,0.7042815089225769
1.0,0.423159122467041
0.0,0.5395807027816772
1.0,0.6861005425453186
1.0,0.27239328622817993
0.0,0.6285901069641113
1.0,0.7173721790313721
0.0,0.5191066265106201
0.0,0.28484001755714417
1.0,0.7280574440956116
1.0,0.6376529932022095
1.0,0.541545033454895
1.0,0.7275963425636292
0.0,0.42698320746421814
1.0,0.5391451716423035
0.0,0.6393398642539978
1.0,0.7302734851837158
0.0,0.27239343523979187
0.0,0.5938407778739929
1.0,0.6661416292190552
0.0,0.2911258041858673
0.0,0.3177928328514099
0.0,0.5593670010566711
0.0,0.49453678727149963
1.0,0.39534589648246765
1.0,0.6917717456817627
1.0,0.60636305809021
1.0,0.7265939712524414
0.0,0.38226962089538574
1.0,0.5236181616783142
0.0,0.573768138885498
0.0,0.27870967984199524
1.0,0.6676487922668457
1.0,0.5550720691680908
1.0,0.5794259309768677
0.0,0.3008476197719574
1.0,0.7240233421325684
0.0,0.320467472076416
0.0,0.30597734451293945
1.0,0.7093403339385986
1.0,0.7297101020812988
0.0,0.3614790737628937
0.0,0.5283727049827576
1.0,0.3457717001438141
0.0,0.3232453167438507
0.0,0.28747808933258057
1.0,0.2737981081008911
0.0,0.3177608847618103
1.0,0.4904271960258484
1.0,0.7213602066040039
0.0,0.2734154462814331
0.0,0.454843133687973
1.0,0.40885186195373535
0.0,0.4942784905433655
0.0,0.5509966015815735
0.0,0.277981698513031
0.0,0.45762696862220764
1.0,0.729261577129364
1.0,0.7138811349868774
1.0,0.4885900318622589
1.0,0.7299430966377258
0.0,0.3020956814289093
0.0,0.38736245036125183
0.0,0.6950550675392151
0.0,0.28920435905456543
1.0,0.7209974527359009
1.0,0.3847249150276184
1.0,0.7050449848175049
0.0,0.27195537090301514
1.0,0.32469767332077026
1.0,0.7282330393791199
1.0,0.7076448798179626
1.0,0.7271914482116699
1.0,0.7290941476821899
1.0,0.2759748101234436
0.0,0.29442691802978516
0.0,0.45362338423728943
0.0,0.27069053053855896
0.0,0.2714047431945801
1.0,0.6274295449256897
0.0,0.3162413537502289
1.0,0.6997658014297485
1.0,0.6791691780090332
0.0,0.3461841344833374
1.0,0.726507306098938
0.0,0.2935909032821655
0.0,0.2964249551296234
0.0,0.4725503623485565
1.0,0.7153071761131287
1.0,0.6864461302757263
0.0,0.2776350975036621
0.0,0.28677472472190857
0.0,0.4317043721675873
0.0,0.27519509196281433
0.0,0.33037620782852173
0.0,0.4705080986022949
0.0,0.5674772262573242
1.0,0.66311115026474
0.0,0.2814843952655792
0.0,0.28777986764907837
1.0,0.7257740497589111
1.0,0.29643985629081726
0.0,0.5431467294692993
1.0,0.7270010709762573
0.0,0.29119378328323364
1.0,0.7272772789001465
0.0,0.7064125537872314
0.0,0.40777310729026794
0.0,0.2851575016975403
1.0,0.7105855345726013
0.0,0.3020554482936859
1.0,0.7252408862113953
0.0,0.6940735578536987
1.0,0.7274922728538513
0.0,0.28584644198417664
0.0,0.439476877450943
1.0,0.5405715107917786
1.0,0.3992542326450348
1.0,0.6861507892608643
1.0,0.726491391658783
1.0,0.7253633141517639
0.0,0.31118184328079224
0.0,0.29192182421684265
1.0,0.716998815536499
1.0,0.6241653561592102
1.0,0.2995118498802185
1.0,0.7300018668174744
0.0,0.28655800223350525
1.0,0.7281221151351929
0.0,0.33225885033607483
1.0,0.7078370451927185
0.0,0.32537761330604553
0.0,0.33155158162117004
0.0,0.2918028235435486
0.0,0.4326077103614807
0.0,0.29583603143692017
0.0,0.5260416269302368
0.0,0.3813788890838623
1.0,0.3855832815170288
1.0,0.7303828001022339
0.0,0.3147399425506592
1.0,0.7178188562393188
0.0,0.2830056846141815
1.0,0.6041948795318604
1.0,0.348140150308609
1.0,0.3233928382396698
0.0,0.4964754581451416
0.0,0.29790160059928894
1.0,0.28294095396995544
1.0,0.7126762270927429
1.0,0.728201150894165
0.0,0.38861140608787537
1.0,0.7255625128746033
1.0,0.7228337526321411
1.0,0.7174962162971497
1.0,0.7235304713249207
1.0,0.7267820239067078
1.0,0.6107745170593262
1.0,0.6990922689437866
0.0,0.27064943313598633
1.0,0.6739500164985657
1.0,0.291342169046402
1.0,0.7251929044723511
1.0,0.7292726635932922
0.0,0.5403344035148621
0.0,0.28861281275749207
0.0,0.3869287073612213
0.0,0.2947768568992615
1.0,0.7290433049201965
1.0,0.7246212363243103
1.0,0.3825993537902832
0.0,0.3307848870754242
1.0,0.3017473816871643
1.0,0.676494836807251
1.0,0.27591341733932495
1.0,0.29480281472206116
1.0,0.7136173844337463
0.0,0.2951004207134247
0.0,0.29274043440818787
1.0,0.725774884223938
1.0,0.664049506187439
0.0,0.3055773973464966
0.0,0.2919485867023468
0.0,0.2900068163871765
1.0,0.7297109365463257
1.0,0.7035142779350281
1.0,0.4034513831138611
0.0,0.29583513736724854
0.0,0.5043485164642334
1.0,0.45619943737983704
0.0,0.6758779883384705
1.0,0.7258654832839966
1.0,0.7298734784126282
1.0,0.7258339524269104
0.0,0.6274479627609253
0.0,0.3239895701408386
1.0,0.3830108940601349
1.0,0.5990900993347168
0.0,0.7253959774971008
0.0,0.727195680141449
0.0,0.2972872257232666
1.0,0.543016791343689
1.0,0.7236982583999634
0.0,0.32626572251319885
0.0,0.30872076749801636
1.0,0.31038331985473633
0.0,0.3780505657196045
1.0,0.34261831641197205
1.0,0.6458606719970703
1.0,0.727936863899231
1.0,0.3055305778980255
0.0,0.6294463872909546
0.0,0.30384209752082825
0.0,0.3531685173511505
1.0,0.7234919667243958
0.0,0.3687429130077362
0.0,0.3560018837451935
1.0,0.724624752998352
0.0,0.4052616357803345
0.0,0.27780166268348694
1.0,0.5949093103408813
1.0,0.7279743552207947
0.0,0.4359760284423828
0.0,0.426936537027359
0.0,0.3054489493370056
0.0,0.36391279101371765
1.0,0.6616876721382141
1.0,0.7239736914634705
0.0,0.39827248454093933
0.0,0.4120230972766876
1.0,0.6552755236625671
0.0,0.5553508996963501
1.0,0.3094123303890228
0.0,0.3248230516910553
0.0,0.41584181785583496
0.0,0.27459633350372314
1.0,0.2794758677482605
0.0,0.3177608549594879
0.0,0.46896418929100037
0.0,0.6976463198661804
0.0,0.40736696124076843
0.0,0.289563924074173
1.0,0.6739193797111511
0.0,0.41793856024742126
0.0,0.2813568115234375
1.0,0.7300834655761719
0.0,0.555584728717804
0.0,0.27157849073410034
0.0,0.5720492601394653
1.0,0.7198023200035095
1.0,0.7186607122421265
0.0,0.2978637218475342
0.0,0.32837069034576416
0.0,0.2789843678474426
0.0,0.29277923703193665
1.0,0.7155607342720032
0.0,0.2764362096786499
1.0,0.6992093920707703
0.0,0.3759620487689972
1.0,0.6412309408187866
1.0,0.5514410734176636
1.0,0.6393140554428101
0.0,0.2934969663619995
1.0,0.6449741125106812
0.0,0.3106940686702728
0.0,0.3194696605205536
0.0,0.2910383939743042
1.0,0.7279889583587646
0.0,0.3039557635784149
1.0,0.2913152873516083
1.0,0.4731985330581665
0.0,0.5054277181625366
1.0,0.729495108127594
0.0,0.2891133725643158
0.0,0.27015724778175354
0.0,0.27841517329216003
0.0,0.2840571701526642
0.0,0.2769163250923157
0.0,0.30435439944267273
1.0,0.7294206619262695
0.0,0.6590503454208374
0.0,0.2732238471508026
0.0,0.45645004510879517
0.0,0.4802776873111725
1.0,0.6271679401397705
1.0,0.7154962420463562
1.0,0.7149388790130615
1.0,0.27671581506729126
0.0,0.31969785690307617
1.0,0.27354875206947327
0.0,0.28533345460891724
1.0,0.66905677318573
0.0,0.27400338649749756
0.0,0.28111666440963745
0.0,0.2845862805843353
1.0,0.7303677201271057
1.0,0.3639453947544098
1.0,0.6370065212249756
0.0,0.27465328574180603
1.0,0.41045382618904114
1.0,0.7095012068748474
0.0,0.2949153184890747
0.0,0.2732720375061035
1.0,0.7270430326461792
1.0,0.7129740715026855
1.0,0.7301102876663208
0.0,0.35514259338378906
0.0,0.4029231667518616
1.0,0.7034615278244019
0.0,0.37025749683380127
0.0,0.4162096083164215
0.0,0.2969948947429657
1.0,0.7218484878540039
1.0,0.6341920495033264
0.0,0.27898699045181274
0.0,0.43675538897514343
1.0,0.7296679615974426
0.0,0.6831656694412231
0.0,0.2754257619380951
0.0,0.3297242522239685
1.0,0.7184213995933533
0.0,0.28263092041015625
1.0,0.6470466256141663
0.0,0.2757575213909149
1.0,0.43861836194992065
0.0,0.28270626068115234
1.0,0.7239767909049988
0.0,0.34738457202911377
1.0,0.7227693200111389
0.0,0.7061808109283447
0.0,0.2828013002872467
0.0,0.6402552723884583
1.0,0.7186912894248962
0.0,0.5646643042564392
1.0,0.704275906085968
0.0,0.49767136573791504
0.0,0.3632861375808716
0.0,0.4198608696460724
1.0,0.5611907839775085
0.0,0.2863995134830475
1.0,0.7242951393127441
1.0,0.7283016443252563
1.0,0.623318076133728
0.0,0.28604456782341003
0.0,0.3678357005119324
0.0,0.2762764096260071
0.0,0.6699125170707703
1.0,0.5815808176994324
1.0,0.6135015487670898
0.0,0.42731231451034546
1.0,0.7297108173370361
0.0,0.2777657210826874
1.0,0.7184752821922302
0.0,0.7169208526611328
0.0,0.3057449162006378
1.0,0.7242320775985718
1.0,0.7256283760070801
0.0,0.30806297063827515
1.0,0.715301513671875
1.0,0.7283706665039062
1.0,0.7301845550537109
0.0,0.2788003087043762
1.0,0.6617568135261536
0.0,0.47996678948402405
0.0,0.7231847643852234
1.0,0.7261052131652832
0.0,0.3273704946041107
0.0,0.2754476070404053
0.0,0.33384692668914795
1.0,0.7297483682632446
0.0,0.2742513120174408
1.0,0.7181847095489502
1.0,0.44712895154953003
0.0,0.27391818165779114
0.0,0.4964219629764557
1.0,0.32204484939575195
0.0,0.2878389358520508
0.0,0.2801268398761749
1.0,0.7113507390022278
0.0,0.28473713994026184
0.0,0.27198827266693115
0.0,0.3088095784187317
0.0,0.44355660676956177
1.0,0.4959578812122345
1.0,0.5548805594444275
0.0,0.5281146764755249
0.0,0.3099912106990814
0.0,0.657608687877655
1.0,0.3493040204048157
1.0,0.7268199920654297
0.0,0.28873100876808167
0.0,0.46679091453552246
1.0,0.7294690012931824
0.0,0.3475411534309387
0.0,0.3263438045978546
0.0,0.284776508808136
1.0,0.7120108604431152
0.0,0.4532041847705841
0.0,0.2761881947517395
0.0,0.277303546667099
0.0,0.2732383906841278
0.0,0.27541714906692505
1.0,0.7139847874641418
1.0,0.7179515957832336
0.0,0.3192753791809082
1.0,0.43757253885269165
0.0,0.3435826599597931
0.0,0.35411396622657776
0.0,0.2719101309776306
0.0,0.4006292223930359
0.0,0.2863466739654541
0.0,0.27842965722084045
1.0,0.6471162438392639
0.0,0.346407413482666
0.0,0.6237621307373047
0.0,0.40817829966545105
0.0,0.2856869697570801
1.0,0.42097344994544983
0.0,0.6523495316505432
1.0,0.7138267159461975
1.0,0.7295688986778259
1.0,0.6964921355247498
0.0,0.5455064177513123
0.0,0.3302169442176819
0.0,0.28578704595565796
1.0,0.7220496535301208
0.0,0.3149535655975342
0.0,0.2797168493270874
0.0,0.3308696746826172
1.0,0.2998174726963043
0.0,0.27462270855903625
0.0,0.3265955150127411
1.0,0.6962677240371704
0.0,0.30817317962646484
0.0,0.3097962737083435
1.0,0.726690411567688
0.0,0.29573285579681396
0.0,0.2739623785018921
0.0,0.2838384509086609
0.0,0.28742077946662903
1.0,0.6072407364845276
0.0,0.348810613155365
0.0,0.48163965344429016
0.0,0.3218197822570801
0.0,0.3953569829463959
1.0,0.6727539300918579
0.0,0.3022310435771942
1.0,0.4459124207496643
1.0,0.7196782231330872
0.0,0.27588337659835815
1.0,0.714219868183136
1.0,0.7094262838363647
0.0,0.2776440680027008
1.0,0.4830362796783447
0.0,0.27645549178123474
0.0,0.6893826723098755
1.0,0.7292180061340332
0.0,0.37479808926582336
0.0,0.5697994232177734
0.0,0.2838318645954132
0.0,0.5335931181907654
0.0,0.4843924045562744
1.0,0.5549603700637817
0.0,0.3302220106124878
0.0,0.7137616276741028
0.0,0.3972107470035553
0.0,0.3175187408924103
1.0,0.7261759042739868
0.0,0.316671222448349
0.0,0.30315136909484863
0.0,0.5639777779579163
0.0,0.30651989579200745
0.0,0.3143090605735779
1.0,0.719441831111908
0.0,0.6212019324302673
0.0,0.49780455231666565
1.0,0.33686143159866333
0.0,0.2742827236652374
1.0,0.7259376049041748
1.0,0.5342551469802856
1.0,0.7247874736785889
1.0,0.7298111319541931
0.0,0.3255034387111664
0.0,0.5096363425254822
0.0,0.693958580493927
1.0,0.4173768162727356
0.0,0.6481626629829407
0.0,0.32708144187927246
0.0,0.29657164216041565
1.0,0.5003470182418823
1.0,0.48327165842056274
0.0,0.31674718856811523
0.0,0.28909990191459656
1.0,0.48078733682632446
1.0,0.7292723059654236
1.0,0.3004496693611145
0.0,0.2928026020526886
0.0,0.5840868353843689
1.0,0.7291762232780457
0.0,0.3572750985622406
0.0,0.6981219053268433
0.0,0.2941010296344757
0.0,0.29618528485298157
1.0,0.5853701233863831
0.0,0.27873897552490234
1.0,0.2969066798686981
1.0,0.3378659188747406
1.0,0.6823314428329468
1.0,0.4220622181892395
0.0,0.28246402740478516
1.0,0.7290297746658325
0.0,0.29748454689979553
1.0,0.7292355298995972
1.0,0.728581428527832
0.0,0.6316694617271423
0.0,0.3285510540008545
0.0,0.3092793822288513
1.0,0.721197783946991
1.0,0.670831024646759
0.0,0.3327930271625519
0.0,0.29760393500328064
1.0,0.7261333465576172
1.0,0.7282071113586426
1.0,0.27672743797302246
1.0,0.7292203307151794
0.0,0.3873361647129059
1.0,0.7286733984947205
0.0,0.5666128396987915
1.0,0.36141279339790344
0.0,0.2898092269897461
0.0,0.4072396159172058
1.0,0.7068908214569092
1.0,0.7275434732437134
1.0,0.7229610085487366
1.0,0.7285929322242737
1.0,0.7188582420349121
1.0,0.6769938468933105
0.0,0.30626583099365234
0.0,0.4796590209007263
0.0,0.6349326372146606
0.0,0.2801922559738159
1.0,0.730222761631012
0.0,0.29018527269363403
0.0,0.2807524800300598
0.0,0.2740009129047394
1.0,0.7233446836471558
0.0,0.5259302258491516
0.0,0.2736571133136749
1.0,0.5488842725753784
1.0,0.7125702500343323
1.0,0.7258096933364868
0.0,0.6689888834953308
1.0,0.6869023442268372
0.0,0.27904728055000305
0.0,0.5399382710456848
0.0,0.2812487483024597
0.0,0.2786025404930115
0.0,0.5181516408920288
0.0,0.3218655586242676
0.0,0.2973986864089966
1.0,0.7206215262413025
1.0,0.35058918595314026
0.0,0.27055859565734863
0.0,0.41218340396881104
1.0,0.6673415899276733
1.0,0.3266322910785675
0.0,0.6973614692687988
1.0,0.2745985984802246
0.0,0.39235591888427734
1.0,0.725736141204834
0.0,0.6253865957260132
0.0,0.2769441604614258
1.0,0.5737276673316956
1.0,0.7297879457473755
0.0,0.3158431053161621
0.0,0.41897132992744446
0.0,0.6955940127372742
0.0,0.7173951864242554
0.0,0.3425065279006958
0.0,0.3004392087459564
1.0,0.7259517908096313
1.0,0.7259669899940491
1.0,0.5322638154029846
0.0,0.5740408301353455
1.0,0.6708968877792358
0.0,0.31673213839530945
1.0,0.5977730751037598
0.0,0.2993306815624237
1.0,0.7286838889122009
1.0,0.5583334565162659
0.0,0.3030255138874054
0.0,0.302566796541214
0.0,0.5401730537414551
0.0,0.2796420454978943
0.0,0.2780707776546478
0.0,0.5946105718612671
1.0,0.562116801738739
1.0,0.7117802500724792
1.0,0.7292448282241821
1.0,0.2751816511154175
0.0,0.3601509928703308
0.0,0.3036191761493683
0.0,0.29876014590263367
0.0,0.3077455759048462
0.0,0.7245327830314636
0.0,0.2948991060256958
0.0,0.3906802535057068
1.0,0.5439601540565491
1.0,0.6977267861366272
1.0,0.65965735912323
0.0,0.4605570435523987
1.0,0.43208032846450806
0.0,0.7178450226783752
1.0,0.7256954312324524
0.0,0.6198380589485168
0.0,0.5304570198059082
0.0,0.3946993350982666
0.0,0.39768773317337036
0.0,0.4035053253173828
0.0,0.27925339341163635
0.0,0.359454482793808
1.0,0.5423070788383484
0.0,0.3045216202735901
1.0,0.7248287796974182
0.0,0.35811173915863037
0.0,0.2789252698421478
1.0,0.7005829811096191
1.0,0.729968249797821
0.0,0.7249007225036621
0.0,0.531867265701294
0.0,0.35487550497055054
1.0,0.41876113414764404
1.0,0.7298750281333923
1.0,0.6917594075202942
0.0,0.271043986082077
1.0,0.5257773995399475
1.0,0.6954137682914734
0.0,0.5494804978370667
0.0,0.5385980010032654
1.0,0.6429421901702881
0.0,0.2865809500217438
1.0,0.3751651644706726
0.0,0.2795756757259369
1.0,0.7034885287284851
1.0,0.4197942912578583
1.0,0.7020031809806824
0.0,0.7295229434967041
0.0,0.2899335026741028
1.0,0.7285968661308289
1.0,0.7281548380851746
0.0,0.3105931878089905
0.0,0.4956589937210083
0.0,0.2815919518470764
1.0,0.49428850412368774
0.0,0.4759370684623718
0.0,0.27577608823776245
0.0,0.3312831223011017
1.0,0.4734855890274048
0.0,0.30577197670936584
1.0,0.7258611917495728
1.0,0.37804028391838074
1.0,0.632550835609436
0.0,0.28487658500671387
0.0,0.2841106951236725
0.0,0.3312920033931732
0.0,0.38672149181365967
1.0,0.39852118492126465
1.0,0.7269182801246643
0.0,0.3688645362854004
0.0,0.31590917706489563
0.0,0.3155253827571869
1.0,0.3277429938316345
1.0,0.6862191557884216
1.0,0.6980593204498291
0.0,0.7209364175796509
0.0,0.35460302233695984
0.0,0.3315836787223816
0.0,0.3157966136932373
0.0,0.31631508469581604
0.0,0.27139657735824585
1.0,0.6495734453201294
0.0,0.5340384244918823
1.0,0.5556168556213379
0.0,0.27931228280067444
0.0,0.2726687490940094
1.0,0.625868558883667
0.0,0.2716131806373596
1.0,0.7179703116416931
0.0,0.2749357521533966
0.0,0.2746764123439789
1.0,0.6821042895317078
1.0,0.715828537940979
1.0,0.4070810377597809
0.0,0.4201309382915497
1.0,0.7257662415504456
1.0,0.7279284596443176
1.0,0.657076895236969
1.0,0.27459535002708435
1.0,0.7279053330421448
1.0,0.7305135130882263
0.0,0.27838942408561707
0.0,0.6653889417648315
0.0,0.32649490237236023
0.0,0.2821929156780243
1.0,0.7288846969604492
0.0,0.3991989493370056
0.0,0.6174191832542419
1.0,0.7272229194641113
1.0,0.6953993439674377
0.0,0.2932438254356384
1.0,0.5860511660575867
1.0,0.7198036313056946
0.0,0.2829689383506775
0.0,0.3118155300617218
1.0,0.7060060501098633
0.0,0.4419405460357666
0.0,0.3004571199417114
1.0,0.570384681224823
0.0,0.39581137895584106
0.0,0.2873440384864807
0.0,0.4194401204586029
0.0,0.2699752748012543
1.0,0.7266588807106018
0.0,0.4840550422668457
1.0,0.4524992108345032
0.0,0.2874494194984436
0.0,0.2852989137172699
1.0,0.5735194087028503
0.0,0.2739923298358917
0.0,0.27839791774749756
0.0,0.453826367855072
1.0,0.5613144636154175
1.0,0.7276236414909363
0.0,0.28609758615493774
1.0,0.5403767824172974
1.0,0.6786474585533142
1.0,0.7293197512626648
1.0,0.653999388217926
0.0,0.5198709964752197
0.0,0.35942506790161133
0.0,0.3264227509498596
1.0,0.3508358299732208
0.0,0.47624412178993225
0.0,0.7069658637046814
0.0,0.48300328850746155
1.0,0.6400140523910522
1.0,0.7276074886322021
0.0,0.7273033857345581
1.0,0.5837138891220093
1.0,0.7258839011192322
1.0,0.7299656271934509
1.0,0.7208753824234009
1.0,0.7153832316398621
1.0,0.6481062769889832
1.0,0.6388646960258484
0.0,0.37561413645744324
1.0,0.6924537420272827
1.0,0.5290055871009827
1.0,0.6253917217254639
1.0,0.6513311862945557
1.0,0.6969598531723022
1.0,0.7295071482658386
0.0,0.29003840684890747
1.0,0.4360552728176117
1.0,0.7289871573448181
1.0,0.38048288226127625
1.0,0.49829208850860596
1.0,0.7276607751846313
1.0,0.5090655088424683
0.0,0.33788231015205383
0.0,0.27359792590141296
1.0,0.2804702818393707
1.0,0.7305400967597961
1.0,0.6335090398788452
1.0,0.5385494232177734
0.0,0.7194569110870361
0.0,0.3032268285751343
1.0,0.6672642230987549
1.0,0.34073394536972046
1.0,0.7302724719047546
1.0,0.7093060612678528
1.0,0.7212892174720764
1.0,0.626876711845398
1.0,0.47474977374076843
1.0,0.44809532165527344
0.0,0.41210928559303284
1.0,0.6470175385475159
1.0,0.7192911505699158
1.0,0.6403860449790955
0.0,0.4291510283946991
1.0,0.3763924837112427
1.0,0.7218912839889526
1.0,0.6923946738243103
1.0,0.7134661674499512
0.0,0.32654672861099243
1.0,0.7247884273529053
1.0,0.7299949526786804
1.0,0.7071987986564636
1.0,0.7281123995780945
0.0,0.31076711416244507
0.0,0.38636744022369385
1.0,0.7115004062652588
0.0,0.32639080286026
1.0,0.7133052945137024
0.0,0.3642708659172058
0.0,0.29250043630599976
1.0,0.7281619906425476
0.0,0.29279816150665283
1.0,0.7155673503875732
0.0,0.2804781496524811
1.0,0.33456945419311523
1.0,0.6083735227584839
0.0,0.30192166566848755
1.0,0.6944751143455505
0.0,0.2872692942619324
1.0,0.7253736257553101
0.0,0.36670002341270447
0.0,0.31912651658058167
0.0,0.27453550696372986
1.0,0.6493641138076782
0.0,0.6937224268913269
1.0,0.7251148819923401
1.0,0.7079917788505554
0.0,0.2768716812133789
1.0,0.6728739738464355
0.0,0.33416762948036194
0.0,0.33332356810569763
1.0,0.7199557423591614
0.0,0.28235745429992676
0.0,0.338252454996109
0.0,0.6289857625961304
1.0,0.7275334000587463
0.0,0.5278746485710144
1.0,0.7304184436798096
0.0,0.5345945358276367
1.0,0.28142049908638
1.0,0.47502967715263367
0.0,0.3423318862915039
1.0,0.30512335896492004
1.0,0.7300206422805786
0.0,0.6946772336959839
1.0,0.3953327238559723
1.0,0.6761633157730103
0.0,0.2876453101634979
0.0,0.7038723826408386
1.0,0.728187620639801
0.0,0.2855396568775177
1.0,0.7161829471588135
0.0,0.34257131814956665
0.0,0.6809983253479004
1.0,0.7061017751693726
1.0,0.7159309387207031
0.0,0.36112043261528015
1.0,0.671179473400116
1.0,0.2808132469654083
1.0,0.7280095815658569
1.0,0.6669439673423767
0.0,0.2945902347564697
1.0,0.7241123914718628
1.0,0.7274601459503174
1.0,0.6862577199935913
0.0,0.3080703914165497
0.0,0.3176112771034241
1.0,0.5979503989219666
1.0,0.5223422050476074
0.0,0.2794005870819092
0.0,0.3774288296699524
0.0,0.5731400847434998
1.0,0.5137990713119507
0.0,0.4529708921909332
0.0,0.2899474501609802
0.0,0.2728854715824127
1.0,0.44950559735298157
0.0,0.29258549213409424
0.0,0.5814161896705627
0.0,0.3838927447795868
0.0,0.7119625210762024
1.0,0.72654789686203
0.0,0.2855580151081085
1.0,0.7183799743652344
0.0,0.3555437922477722
0.0,0.3221015930175781
0.0,0.28608080744743347
0.0,0.28552061319351196
1.0,0.6984969973564148
1.0,0.6399253010749817
0.0,0.27100834250450134
1.0,0.6418824791908264
1.0,0.7287212014198303
0.0,0.30089104175567627
1.0,0.4452783167362213
1.0,0.32989636063575745
1.0,0.7035003900527954
1.0,0.6902764439582825
1.0,0.7233162522315979
1.0,0.5196017622947693
1.0,0.48437798023223877
1.0,0.7301134467124939
0.0,0.5407145619392395
1.0,0.39736005663871765
1.0,0.570339024066925
0.0,0.27409711480140686
1.0,0.7268455624580383
0.0,0.2813815772533417
1.0,0.7270107865333557
1.0,0.3124861419200897
0.0,0.31478455662727356
1.0,0.6929479837417603
0.0,0.29570144414901733
1.0,0.7224783897399902
0.0,0.709539532661438
0.0,0.580142617225647
0.0,0.297375351190567
0.0,0.2792583107948303
0.0,0.3249852955341339
1.0,0.3197079002857208
1.0,0.725734293460846
0.0,0.3055412769317627
0.0,0.2760635316371918
0.0,0.41157403588294983
0.0,0.40123093128204346
1.0,0.7163752913475037
0.0,0.7247282862663269
0.0,0.2738734781742096
0.0,0.29216596484184265
1.0,0.7265623807907104
1.0,0.7288931012153625
0.0,0.2776229977607727
0.0,0.31876060366630554
1.0,0.28463003039360046
0.0,0.42041316628456116
0.0,0.27150535583496094
0.0,0.3600570261478424
1.0,0.3091050386428833
1.0,0.7248088717460632
0.0,0.43809714913368225
0.0,0.3363974094390869
0.0,0.2892373204231262
0.0,0.31567254662513733
1.0,0.7147027850151062
1.0,0.7250360250473022
1.0,0.4986940324306488
1.0,0.3531617820262909
1.0,0.686385452747345
1.0,0.7044388055801392
0.0,0.6756775379180908
0.0,0.2814677953720093
1.0,0.7233901619911194
0.0,0.46650412678718567
1.0,0.29723596572875977
1.0,0.5511472225189209
0.0,0.31229227781295776
1.0,0.4249437153339386
1.0,0.7238978147506714
1.0,0.726679265499115
0.0,0.5893726348876953
0.0,0.29077544808387756
0.0,0.7292757034301758
1.0,0.7059990763664246
0.0,0.28775784373283386
0.0,0.2784872055053711
1.0,0.45426371693611145
1.0,0.7176641225814819
1.0,0.729526698589325
1.0,0.726219654083252
0.0,0.34065181016921997
1.0,0.7285804152488708
0.0,0.293468177318573
1.0,0.7284719347953796
1.0,0.7293745279312134
1.0,0.3093169033527374
1.0,0.7220458984375
1.0,0.7168538570404053
1.0,0.7172557711601257
1.0,0.7301294803619385
0.0,0.3407113552093506
1.0,0.7275118827819824
0.0,0.3308494985103607
1.0,0.7271561622619629
1.0,0.7194658517837524
0.0,0.2704458236694336
1.0,0.7151368260383606
0.0,0.6391375064849854
0.0,0.28776514530181885
1.0,0.7290927171707153
0.0,0.2723311185836792
0.0,0.6641649603843689
1.0,0.7258842587471008
0.0,0.285117506980896
0.0,0.2800596356391907
0.0,0.27034804224967957
1.0,0.7252923846244812
1.0,0.7299573421478271
1.0,0.5257330536842346
1.0,0.7302588820457458
1.0,0.6775907874107361
1.0,0.30317452549934387
1.0,0.4354811906814575
1.0,0.615174412727356
0.0,0.35848531126976013
0.0,0.2727479338645935
1.0,0.6488497257232666
0.0,0.27197256684303284
0.0,0.3770028352737427
0.0,0.296079158782959
0.0,0.2897948920726776
0.0,0.2974287271499634
0.0,0.3059118688106537
1.0,0.6882427930831909
0.0,0.3166048228740692
0.0,0.27287596464157104
0.0,0.3730226457118988
1.0,0.2757730185985565
0.0,0.67842036485672
0.0,0.27503782510757446
1.0,0.2993800938129425
0.0,0.2770576477050781
0.0,0.28169503808021545
1.0,0.7178137302398682
0.0,0.610785186290741
0.0,0.4633159637451172
1.0,0.3403671085834503
1.0,0.7245805859565735
0.0,0.6012328863143921
0.0,0.2791488468647003
0.0,0.42200589179992676
0.0,0.29599806666374207
0.0,0.3551294505596161
1.0,0.7255343198776245
0.0,0.6879832148551941
0.0,0.3253844976425171
1.0,0.7260896563529968
1.0,0.5156621932983398
0.0,0.27906396985054016
0.0,0.30938953161239624
0.0,0.3742523789405823
1.0,0.729710042476654
0.0,0.43666985630989075
1.0,0.41942545771598816
1.0,0.35331255197525024
1.0,0.7286162972450256
1.0,0.7291131615638733
1.0,0.7162167429924011
0.0,0.5874052047729492
0.0,0.5079611539840698
0.0,0.3015659749507904
1.0,0.7196016311645508
1.0,0.64105224609375
0.0,0.559577465057373
1.0,0.7234143018722534
1.0,0.7225287556648254
0.0,0.29856833815574646
0.0,0.39812687039375305
1.0,0.7240986824035645
1.0,0.33849215507507324
1.0,0.5560043454170227
1.0,0.7229670286178589
1.0,0.7135438323020935
0.0,0.3412081003189087
0.0,0.27606719732284546
0.0,0.28399792313575745
1.0,0.600572943687439
1.0,0.6702885031700134
0.0,0.48518607020378113
1.0,0.6603798866271973
0.0,0.308601051568985
0.0,0.2830863296985626
0.0,0.33851951360702515
1.0,0.7148680686950684
1.0,0.6880981922149658
1.0,0.511368989944458
0.0,0.3126925826072693
1.0,0.6594443321228027
1.0,0.2958507537841797
1.0,0.7195512056350708
1.0,0.7292838096618652
0.0,0.3670762777328491
1.0,0.7129427194595337
1.0,0.5094844698905945
0.0,0.5975788831710815
1.0,0.7149986028671265
0.0,0.40215688943862915
1.0,0.6278257369995117
1.0,0.6325876116752625
0.0,0.49252182245254517
0.0,0.5343549847602844
1.0,0.7107440233230591
1.0,0.544156014919281
0.0,0.3243579864501953
0.0,0.432705819606781
0.0,0.4369080364704132
1.0,0.7202950119972229
0.0,0.2765340805053711
1.0,0.727634847164154
1.0,0.27563023567199707
1.0,0.7300036549568176
0.0,0.4823078513145447
1.0,0.7168835401535034
0.0,0.27430668473243713
1.0,0.7289955615997314
1.0,0.7262883186340332
1.0,0.6572543382644653
0.0,0.6463027596473694
0.0,0.7155799269676208
1.0,0.713476300239563
0.0,0.3046446442604065
1.0,0.34646278619766235
1.0,0.7276478409767151
0.0,0.579161524772644
1.0,0.7029693722724915
1.0,0.5121082067489624
1.0,0.6761699914932251
1.0,0.6790088415145874
1.0,0.7160192728042603
0.0,0.5593556761741638
1.0,0.6961947679519653
0.0,0.3220435082912445
1.0,0.7209980487823486
0.0,0.2920231223106384
0.0,0.6861314177513123
1.0,0.35151049494743347
0.0,0.6319999694824219
0.0,0.42539605498313904
1.0,0.6688036322593689
0.0,0.2730916142463684
0.0,0.2832236588001251
0.0,0.32850658893585205
1.0,0.6158503890037537
1.0,0.655521810054779
0.0,0.3060514032840729
1.0,0.3399457335472107
0.0,0.3154955804347992
0.0,0.3391913175582886
1.0,0.6182906627655029
1.0,0.7239865064620972
0.0,0.2997889816761017
0.0,0.5944822430610657
0.0,0.3897419571876526
0.0,0.31861546635627747
1.0,0.397325336933136
1.0,0.48088908195495605
1.0,0.5691142082214355
1.0,0.41155532002449036
1.0,0.2779993414878845
0.0,0.36277395486831665
1.0,0.46000272035598755
0.0,0.2960606813430786
0.0,0.30305230617523193
0.0,0.2929147183895111
0.0,0.29215556383132935
1.0,0.39172297716140747
1.0,0.7177032828330994
0.0,0.2706834077835083
0.0,0.2872990667819977
0.0,0.28479886054992676
1.0,0.7255322337150574
0.0,0.44898155331611633
1.0,0.7262182831764221
0.0,0.29765504598617554
1.0,0.5161942839622498
0.0,0.3355207145214081
1.0,0.729160487651825
0.0,0.3227839469909668
0.0,0.435371071100235
0.0,0.3291167616844177
0.0,0.33414721488952637
0.0,0.2760489881038666
1.0,0.3276365101337433
1.0,0.7276669144630432
1.0,0.7228294610977173
0.0,0.2930421531200409
1.0,0.6867145299911499
1.0,0.723856508731842
0.0,0.3027999699115753
1.0,0.7236037254333496
0.0,0.29268425703048706
0.0,0.3115840554237366
0.0,0.49450111389160156
0.0,0.3677932322025299
1.0,0.7228408455848694
1.0,0.4309808611869812
0.0,0.6055265665054321
0.0,0.31604453921318054
0.0,0.2891309857368469
1.0,0.6581006050109863
0.0,0.27748289704322815
1.0,0.5183521509170532
1.0,0.6947845220565796
1.0,0.7286375761032104
1.0,0.6596815586090088
0.0,0.29414868354797363
1.0,0.7124590277671814
1.0,0.7284513115882874
1.0,0.7230302691459656
0.0,0.2763875424861908
0.0,0.30504363775253296
1.0,0.27435898780822754
1.0,0.7304861545562744
1.0,0.6978777050971985
1.0,0.7060006856918335
1.0,0.7295150756835938
0.0,0.2790602743625641
1.0,0.325385183095932
0.0,0.5296558141708374
0.0,0.2755700349807739
1.0,0.7289142608642578
1.0,0.7231050133705139
1.0,0.7255668044090271
0.0,0.32282817363739014
0.0,0.2834663391113281
1.0,0.3118031919002533
1.0,0.284245103597641
0.0,0.320998877286911
0.0,0.41998642683029175
0.0,0.3489847481250763
1.0,0.6932618021965027
0.0,0.3443511128425598
1.0,0.6779634356498718
0.0,0.3910764455795288
1.0,0.6963558793067932
1.0,0.7289118766784668
1.0,0.7293618321418762
0.0,0.2766602635383606
1.0,0.7209396362304688
0.0,0.27806356549263
0.0,0.6848524808883667
1.0,0.7064922451972961
0.0,0.32219651341438293
0.0,0.41764238476753235
1.0,0.7206920981407166
1.0,0.7148833274841309
1.0,0.4840214252471924
0.0,0.2755753695964813
1.0,0.6180703639984131
0.0,0.3555780351161957
0.0,0.2789977490901947
0.0,0.3184226155281067
1.0,0.6200351715087891
1.0,0.7286666035652161
1.0,0.6569237112998962
0.0,0.5465229153633118
0.0,0.5198795795440674
0.0,0.358242005109787
0.0,0.6695868372917175
0.0,0.3073854148387909
0.0,0.37576135993003845
1.0,0.6831966638565063
1.0,0.7205233573913574
1.0,0.7271483540534973
1.0,0.6440313458442688
0.0,0.5224648714065552
0.0,0.2754194140434265
0.0,0.3104914128780365
1.0,0.7069199085235596
0.0,0.3036298453807831
1.0,0.2865023612976074
1.0,0.6922556161880493
1.0,0.7144330143928528
1.0,0.728900671005249
1.0,0.3493255078792572
0.0,0.6509097218513489
0.0,0.27775871753692627
0.0,0.3514854609966278
0.0,0.2853960394859314
0.0,0.6045302748680115
0.0,0.4747695326805115
1.0,0.5052566528320312
0.0,0.34249556064605713
0.0,0.46983009576797485
1.0,0.36421653628349304
0.0,0.33702680468559265
0.0,0.2771793007850647
1.0,0.28508260846138
0.0,0.4596114158630371
0.0,0.28658026456832886
0.0,0.27700570225715637
1.0,0.2853170931339264
1.0,0.30209872126579285
0.0,0.27563056349754333
0.0,0.48125866055488586
1.0,0.32989898324012756
1.0,0.7297267913818359
0.0,0.31822821497917175
0.0,0.28405851125717163
1.0,0.728398323059082
1.0,0.7301650643348694
0.0,0.33910882472991943
1.0,0.6113216280937195
1.0,0.698866069316864
0.0,0.3262796998023987
0.0,0.33940836787223816
1.0,0.305752694606781
1.0,0.7220645546913147
0.0,0.2701556384563446
1.0,0.7105498909950256
0.0,0.3825644254684448
1.0,0.7224079966545105
0.0,0.71940016746521
0.0,0.4338439404964447
1.0,0.7304593920707703
0.0,0.2733202576637268
0.0,0.29008156061172485
0.0,0.3396655023097992
1.0,0.5718348622322083
1.0,0.5861719846725464
0.0,0.3134402334690094
0.0,0.3112811744213104
1.0,0.7247916460037231
0.0,0.2801884114742279
1.0,0.3657159209251404
1.0,0.7300746440887451
0.0,0.3800579309463501
0.0,0.3230609893798828
0.0,0.4213653802871704
0.0,0.2796570062637329
1.0,0.7237052917480469
0.0,0.2785884737968445
0.0,0.3160654902458191
1.0,0.7269831895828247
1.0,0.7247285842895508
1.0,0.37075075507164
1.0,0.588543713092804
0.0,0.6705690622329712
0.0,0.29346582293510437
1.0,0.7229931950569153
1.0,0.7115452885627747
0.0,0.3318062424659729
0.0,0.4887120723724365
1.0,0.6929001212120056
1.0,0.7147834897041321
0.0,0.28264614939689636
1.0,0.6745126843452454
1.0,0.4938124716281891
0.0,0.33560606837272644
1.0,0.7120964527130127
1.0,0.3060101866722107
1.0,0.6224993467330933
0.0,0.6732596158981323
0.0,0.6481620669364929
0.0,0.5590280890464783
0.0,0.32137826085090637
0.0,0.3859117329120636
1.0,0.6968725323677063
1.0,0.6794658303260803
0.0,0.4294455051422119
1.0,0.719155490398407
0.0,0.27534839510917664
0.0,0.27481886744499207
0.0,0.6717559695243835
0.0,0.2844851613044739
1.0,0.3497106432914734
1.0,0.6738937497138977
0.0,0.5321646928787231
0.0,0.41364333033561707
0.0,0.31672438979148865
0.0,0.3906043767929077
1.0,0.4260587692260742
1.0,0.49379876255989075
0.0,0.6174190044403076
0.0,0.6554042100906372
0.0,0.3368692398071289
0.0,0.4380047023296356
0.0,0.28193947672843933
1.0,0.5831874012947083
1.0,0.7294302582740784
0.0,0.6733064651489258
0.0,0.6962752938270569
0.0,0.704640805721283
0.0,0.3969224989414215
1.0,0.7222698926925659
0.0,0.2744154632091522
0.0,0.3228450417518616
1.0,0.726966142654419
1.0,0.6699137687683105
1.0,0.7294307351112366
0.0,0.31794872879981995
0.0,0.46033957600593567
0.0,0.2949579656124115
1.0,0.6377990245819092
0.0,0.534766674041748
1.0,0.4046468734741211
0.0,0.27987781167030334
1.0,0.7252651453018188
1.0,0.27298250794410706
0.0,0.3018445372581482
0.0,0.3016859292984009
0.0,0.32974469661712646
1.0,0.7158786058425903
0.0,0.2773660719394684
0.0,0.2834262549877167
1.0,0.32925695180892944
0.0,0.506184458732605
0.0,0.37297821044921875
0.0,0.3320833444595337
0.0,0.31327566504478455
0.0,0.2834280729293823
1.0,0.7274379134178162
1.0,0.7045683264732361
0.0,0.2868557572364807
1.0,0.7299702167510986
0.0,0.2885977029800415
1.0,0.44779661297798157
0.0,0.2729804813861847
1.0,0.7241670489311218
0.0,0.2858520746231079
0.0,0.42704930901527405
0.0,0.4045209288597107
0.0,0.3189420700073242
0.0,0.306078165769577
1.0,0.5695218443870544
0.0,0.3052729070186615
1.0,0.6523376107215881
1.0,0.723246157169342
0.0,0.2876929044723511
0.0,0.4309651851654053
1.0,0.6699448823928833
1.0,0.7172231078147888
0.0,0.2821202576160431
1.0,0.6766079068183899
1.0,0.3767777681350708
0.0,0.34077349305152893
1.0,0.7274041771888733
1.0,0.7169783115386963
1.0,0.4532095491886139
0.0,0.276824951171875
0.0,0.308838814496994
0.0,0.3074103891849518
0.0,0.3628883957862854
0.0,0.2740991711616516
1.0,0.7263165712356567
0.0,0.2837710976600647
0.0,0.3317345976829529
0.0,0.2801446318626404
1.0,0.7297573089599609
1.0,0.39275702834129333
0.0,0.49913710355758667
0.0,0.2999284267425537
1.0,0.431276798248291
1.0,0.7291526794433594
1.0,0.726686954498291
0.0,0.29562073945999146
0.0,0.44068822264671326
1.0,0.72765052318573
0.0,0.277915358543396
0.0,0.43282681703567505
1.0,0.7288764119148254
1.0,0.6936967372894287
1.0,0.27760615944862366
1.0,0.7297610640525818
1.0,0.7210705876350403
0.0,0.3377523720264435
0.0,0.4369153082370758
1.0,0.7103806734085083
1.0,0.6677266359329224
1.0,0.6681119799613953
1.0,0.682644248008728
1.0,0.7286494970321655
0.0,0.519187867641449
1.0,0.7158176302909851
0.0,0.28982478380203247
0.0,0.2987983524799347
1.0,0.7298434376716614
0.0,0.2797512412071228
0.0,0.27602875232696533
0.0,0.27724316716194153
1.0,0.6819669008255005
0.0,0.27389004826545715
0.0,0.5901219248771667
1.0,0.7197064757347107
1.0,0.7259102463722229
0.0,0.6180733442306519
0.0,0.3508036136627197
0.0,0.4484650194644928
0.0,0.27425816655158997
1.0,0.4942653477191925
0.0,0.2725948393344879
0.0,0.41111671924591064
0.0,0.28863993287086487
1.0,0.7061639428138733
1.0,0.5631421208381653
1.0,0.7260367274284363
0.0,0.30015960335731506
1.0,0.5461510419845581
1.0,0.34166398644447327
0.0,0.44442757964134216
0.0,0.3929717540740967
0.0,0.27440574765205383
1.0,0.7197653651237488
0.0,0.6020644903182983
1.0,0.7206600308418274
1.0,0.7227994799613953
1.0,0.4957807958126068
0.0,0.7266980409622192
1.0,0.7142603993415833
1.0,0.507955014705658
1.0,0.7207996845245361
1.0,0.6325293183326721
0.0,0.5127302408218384
1.0,0.7289337515830994
0.0,0.3083527684211731
1.0,0.7201996445655823
0.0,0.5262438654899597
1.0,0.7143626809120178
0.0,0.3051280081272125
1.0,0.6904550790786743
1.0,0.7063106894493103
1.0,0.7015787363052368
1.0,0.6735334992408752
0.0,0.3253270089626312
1.0,0.7112568020820618
0.0,0.6818130016326904
1.0,0.7243155837059021
1.0,0.572228729724884
0.0,0.27849510312080383
0.0,0.30051422119140625
1.0,0.3133326470851898
0.0,0.3287029564380646
0.0,0.5820402503013611
1.0,0.7093088626861572
1.0,0.7285779714584351
0.0,0.6426482200622559
0.0,0.3103281259536743
1.0,0.2833962142467499
1.0,0.7192646265029907
1.0,0.28397706151008606
1.0,0.7172088027000427
0.0,0.2941116690635681
0.0,0.35257723927497864
0.0,0.28462347388267517
0.0,0.35956403613090515
0.0,0.3386240005493164
1.0,0.7066922187805176
0.0,0.29353055357933044
1.0,0.5176597237586975
1.0,0.39510926604270935
0.0,0.44640544056892395
0.0,0.7270775437355042
1.0,0.27314701676368713
0.0,0.3043229579925537
1.0,0.2732387185096741
1.0,0.7084513306617737
1.0,0.7302193641662598
0.0,0.2754032611846924
0.0,0.6260592341423035
0.0,0.28348711133003235
0.0,0.6295781135559082
0.0,0.28600290417671204
0.0,0.29595470428466797
1.0,0.42366209626197815
1.0,0.7274478077888489
1.0,0.3798379898071289
0.0,0.2805469036102295
0.0,0.3311826288700104
0.0,0.3253582715988159
0.0,0.46954146027565
0.0,0.6637752056121826
0.0,0.497803658246994
0.0,0.551739513874054
0.0,0.4067588150501251
0.0,0.3269107937812805
0.0,0.299716055393219
0.0,0.378956139087677
0.0,0.3753192722797394
1.0,0.7297713160514832
0.0,0.29507139325141907
1.0,0.7005364894866943
1.0,0.609514057636261
0.0,0.3103775382041931
1.0,0.7164828181266785
1.0,0.6379110217094421
0.0,0.3298463225364685
1.0,0.723268985748291
1.0,0.7246813178062439
1.0,0.7291040420532227
1.0,0.5502932071685791
0.0,0.2986030876636505
0.0,0.30972322821617126
0.0,0.5228063464164734
1.0,0.6807834506034851
1.0,0.5545845031738281
0.0,0.29928597807884216
1.0,0.715470016002655
1.0,0.7300230860710144
1.0,0.7266865968704224
0.0,0.27573248744010925
1.0,0.7164453864097595
1.0,0.6794223785400391
0.0,0.6793728470802307
0.0,0.3382301330566406
0.0,0.3594305217266083
1.0,0.7262275815010071
0.0,0.6528559327125549
1.0,0.5637573003768921
0.0,0.28464391827583313
0.0,0.5852442979812622
1.0,0.7231935858726501
1.0,0.6141473650932312
0.0,0.2879490256309509
1.0,0.4405989348888397
1.0,0.6621842980384827
0.0,0.46864694356918335
1.0,0.3776776194572449
1.0,0.5644416213035583
1.0,0.6510052680969238
0.0,0.278282105922699
1.0,0.7192812561988831
0.0,0.2886770963668823
0.0,0.5259396433830261
0.0,0.7263336777687073
1.0,0.3170056641101837
0.0,0.3431045114994049
1.0,0.30373501777648926
1.0,0.6971688270568848
1.0,0.6565569639205933
1.0,0.6858848929405212
0.0,0.35759976506233215
1.0,0.3626738488674164
0.0,0.372732937335968
0.0,0.4791366755962372
0.0,0.45372992753982544
1.0,0.7271345257759094
0.0,0.42251577973365784
1.0,0.7159913778305054
1.0,0.7253352403640747
0.0,0.3031971752643585
1.0,0.7247780561447144
0.0,0.3224622309207916
0.0,0.4045219123363495
1.0,0.6271686553955078
0.0,0.5709784030914307
1.0,0.6840120553970337
1.0,0.717397153377533
0.0,0.28124067187309265
1.0,0.4117645025253296
0.0,0.2713737189769745
0.0,0.49122607707977295
1.0,0.35129785537719727
1.0,0.333101749420166
0.0,0.2816111743450165
0.0,0.37332046031951904
1.0,0.3637310266494751
1.0,0.3858710825443268
1.0,0.3273770213127136
1.0,0.7074097990989685
1.0,0.6331669092178345
0.0,0.31782230734825134
0.0,0.27301836013793945
0.0,0.34177643060684204
1.0,0.7223517894744873
0.0,0.3006501793861389
1.0,0.683463454246521
1.0,0.2785222828388214
0.0,0.2805694043636322
0.0,0.33607596158981323
1.0,0.7233898639678955
1.0,0.46791255474090576
1.0,0.6152769923210144
0.0,0.5078148245811462
1.0,0.3613376319408417
0.0,0.3821200430393219
0.0,0.4582684636116028
1.0,0.7296114563941956
0.0,0.4675730764865875
0.0,0.277549147605896
0.0,0.3587983548641205
1.0,0.44464752078056335
1.0,0.7247082591056824
0.0,0.5815979242324829
0.0,0.46761828660964966
1.0,0.6995980143547058
0.0,0.3475683629512787
1.0,0.561978280544281
1.0,0.7173738479614258
0.0,0.3393155634403229
0.0,0.29228129982948303
1.0,0.728354811668396
1.0,0.7284221053123474
0.0,0.2763926386833191
1.0,0.5424742102622986
0.0,0.299591064453125
0.0,0.6721779704093933
1.0,0.730195939540863
1.0,0.7283163666725159
0.0,0.27355003356933594
1.0,0.7041714191436768
0.0,0.6022586822509766
0.0,0.3096034824848175
0.0,0.279251366853714
1.0,0.2802494764328003
0.0,0.32149645686149597
1.0,0.7276470065116882
1.0,0.673758864402771
1.0,0.6848715543746948
0.0,0.4885682761669159
1.0,0.6854748129844666
1.0,0.5280573964118958
0.0,0.7273634076118469
0.0,0.2732040286064148
0.0,0.5677486062049866
1.0,0.3872500956058502
1.0,0.72248375415802
0.0,0.2982933819293976
0.0,0.4267047047615051
0.0,0.5232659578323364
0.0,0.3020324110984802
1.0,0.7297191619873047
0.0,0.2824312150478363
0.0,0.27556660771369934
1.0,0.71302729845047
1.0,0.7178506255149841
0.0,0.28670167922973633
1.0,0.5665296316146851
1.0,0.6096749305725098
0.0,0.3702353835105896
0.0,0.4204995930194855
1.0,0.39886561036109924
1.0,0.724969744682312
1.0,0.4553726315498352
0.0,0.2819229066371918
0.0,0.39561888575553894
0.0,0.27595555782318115
0.0,0.3617212474346161
1.0,0.3148048222064972
1.0,0.3053157329559326
0.0,0.27434882521629333
0.0,0.6692850589752197
1.0,0.6053267121315002
1.0,0.72162926197052
0.0,0.4704113304615021
0.0,0.6072704195976257
0.0,0.2963119447231293
1.0,0.3209378123283386
0.0,0.27932876348495483
1.0,0.3359646201133728
0.0,0.2719936668872833
1.0,0.7282619476318359
0.0,0.27970361709594727
0.0,0.7005037069320679
1.0,0.36539334058761597
0.0,0.31357529759407043
1.0,0.7295292019844055
0.0,0.31005552411079407
1.0,0.5767056345939636
1.0,0.7292903661727905
0.0,0.7015544772148132
1.0,0.5562193989753723
0.0,0.5059935450553894
1.0,0.5454340577125549
0.0,0.4046980142593384
0.0,0.5766472220420837
0.0,0.5960310697555542
0.0,0.2851245105266571
1.0,0.7283890843391418
1.0,0.7204152345657349
0.0,0.28950977325439453
1.0,0.6205469965934753
0.0,0.6092220544815063
1.0,0.7271472811698914
1.0,0.721964955329895
0.0,0.35388994216918945
1.0,0.35217714309692383
1.0,0.3321231007575989
0.0,0.30616235733032227
0.0,0.37575703859329224
1.0,0.7190999984741211
0.0,0.4713958501815796
1.0,0.7222801446914673
1.0,0.728647768497467
1.0,0.469308078289032
0.0,0.2838204801082611
1.0,0.7301715016365051
1.0,0.6056169271469116
0.0,0.29289448261260986
0.0,0.270481675863266
1.0,0.6158503890037537
1.0,0.7275785207748413
1.0,0.6290238499641418
0.0,0.47757065296173096
0.0,0.3192985951900482
1.0,0.7280851006507874
1.0,0.7154316902160645
0.0,0.36156439781188965
1.0,0.6032193303108215
1.0,0.7236542105674744
1.0,0.33914297819137573
0.0,0.3321741819381714
0.0,0.30789369344711304
1.0,0.6617165803909302
1.0,0.4602765738964081
1.0,0.7215335965156555
0.0,0.3065844178199768
1.0,0.7279061675071716
0.0,0.2832967936992645
0.0,0.39910557866096497
1.0,0.4913654029369354
1.0,0.7281535863876343
0.0,0.2744205594062805
1.0,0.7278605103492737
0.0,0.2914673388004303
1.0,0.7290143966674805
1.0,0.7170886397361755
1.0,0.7170231938362122
1.0,0.6985820531845093
1.0,0.5712798237800598
1.0,0.7306405305862427
0.0,0.6108202338218689
1.0,0.36730170249938965
1.0,0.2770286202430725
0.0,0.3952188193798065
1.0,0.728585958480835
0.0,0.343257337808609
1.0,0.7233629822731018
0.0,0.3396780490875244
1.0,0.6656617522239685
1.0,0.727066695690155
0.0,0.7283452153205872
0.0,0.6848418712615967
1.0,0.7080448269844055
1.0,0.5570041537284851
0.0,0.3614472448825836
0.0,0.6654660105705261
0.0,0.45381084084510803
0.0,0.2728685736656189
0.0,0.6509369015693665
0.0,0.4615110754966736
1.0,0.7291951775550842
1.0,0.4925300180912018
1.0,0.7067985534667969
1.0,0.722858190536499
0.0,0.2959981858730316
0.0,0.3096730709075928
0.0,0.4143080711364746
0.0,0.3858761787414551
0.0,0.2751580774784088
1.0,0.6544784903526306
1.0,0.7298710942268372
1.0,0.3226545751094818
0.0,0.35765525698661804
1.0,0.6379321217536926
0.0,0.3173600435256958
1.0,0.7119118571281433
0.0,0.6790159344673157
0.0,0.38630861043930054
0.0,0.3101669251918793
1.0,0.7264654636383057
1.0,0.47604888677597046
1.0,0.7196800112724304
0.0,0.620597779750824
1.0,0.5877720713615417
1.0,0.678714394569397
1.0,0.6868181228637695
0.0,0.27507221698760986
0.0,0.3447504937648773
1.0,0.6129459142684937
1.0,0.6203392148017883
1.0,0.6978278160095215
0.0,0.2706989347934723
0.0,0.5052450299263
0.0,0.31487181782722473
0.0,0.2944839298725128
0.0,0.27321523427963257
1.0,0.6706926822662354
0.0,0.3880240321159363
0.0,0.301303505897522
1.0,0.719662070274353
0.0,0.29721954464912415
0.0,0.3505720794200897
0.0,0.35236480832099915
1.0,0.723380982875824
0.0,0.27794522047042847
0.0,0.4165736138820648
1.0,0.5180324912071228
0.0,0.41193583607673645
1.0,0.7302146553993225
0.0,0.34235578775405884
0.0,0.6246718764305115
1.0,0.27285271883010864
1.0,0.6908698678016663
0.0,0.6837098002433777
1.0,0.7298341393470764
1.0,0.7289430499076843
1.0,0.716718852519989
0.0,0.2896463871002197
1.0,0.730323314666748
0.0,0.42919230461120605
0.0,0.28688958287239075
0.0,0.5350971221923828
0.0,0.3071795403957367
1.0,0.6827614307403564
0.0,0.29760974645614624
0.0,0.4713173508644104
0.0,0.5301158428192139
0.0,0.3289271891117096
1.0,0.7184025645256042
0.0,0.28485825657844543
1.0,0.6963644623756409
1.0,0.5159446001052856
0.0,0.3173564672470093
0.0,0.2954982817173004
0.0,0.2815280556678772
0.0,0.3846874237060547
1.0,0.7090969085693359
1.0,0.6865264773368835
1.0,0.2806696593761444
0.0,0.3068823218345642
0.0,0.2981400489807129
1.0,0.7012681365013123
1.0,0.6899923086166382
0.0,0.5430160760879517
1.0,0.717521607875824
1.0,0.7288703322410583
0.0,0.2748233675956726
1.0,0.71897292137146
0.0,0.27445176243782043
0.0,0.2994409203529358
0.0,0.5835167169570923
1.0,0.6803317666053772
0.0,0.36031097173690796
0.0,0.43508318066596985
0.0,0.29019057750701904
1.0,0.7271135449409485
1.0,0.7130944132804871
1.0,0.707146167755127
1.0,0.6443876624107361
1.0,0.7237210869789124
0.0,0.3480137586593628
1.0,0.6330393552780151
0.0,0.2997756898403168
1.0,0.4613697826862335
1.0,0.5455827713012695
1.0,0.7260539531707764
1.0,0.33605867624282837
0.0,0.27215519547462463
1.0,0.28048020601272583
0.0,0.2725609540939331
1.0,0.7262410521507263
0.0,0.5075410604476929
0.0,0.7280628681182861
0.0,0.2854211628437042
1.0,0.5769598484039307
1.0,0.7254982590675354
1.0,0.7288522124290466
0.0,0.45408719778060913
1.0,0.28266724944114685
1.0,0.7252945303916931
0.0,0.3121776282787323
0.0,0.297860711812973
1.0,0.2743668258190155
1.0,0.6192443370819092
0.0,0.5352039933204651
0.0,0.30109331011772156
1.0,0.712541937828064
0.0,0.3027987480163574
0.0,0.2796178162097931
1.0,0.48182034492492676
1.0,0.6115046143531799
1.0,0.3899984359741211
1.0,0.6966890096664429
0.0,0.2810342311859131
1.0,0.7245466709136963
0.0,0.6714253425598145
1.0,0.7219595313072205
1.0,0.7284604907035828
0.0,0.2760958671569824
0.0,0.32324865460395813
1.0,0.5951433777809143
0.0,0.5185009241104126
1.0,0.4305616319179535
1.0,0.2846776843070984
1.0,0.7238680124282837
0.0,0.6020688414573669
0.0,0.7269163727760315
1.0,0.7299434542655945
1.0,0.7082359790802002
1.0,0.7292748689651489
0.0,0.27255576848983765
0.0,0.30494973063468933
0.0,0.7276809215545654
0.0,0.3197861909866333
0.0,0.28222665190696716
0.0,0.27374157309532166
0.0,0.2993517816066742
0.0,0.46552279591560364
0.0,0.2726536691188812
1.0,0.6837614178657532
0.0,0.3266982138156891
1.0,0.6312326192855835
1.0,0.6926153898239136
1.0,0.71474689245224
0.0,0.7101035714149475
0.0,0.3071310520172119
1.0,0.7280969023704529
1.0,0.593364953994751
1.0,0.716865062713623
0.0,0.497959703207016
1.0,0.730294942855835
0.0,0.437969833612442
0.0,0.27418583631515503
1.0,0.7221951484680176
0.0,0.46286213397979736
1.0,0.7209591269493103
0.0,0.6827141046524048
0.0,0.4269893169403076
1.0,0.4107668399810791
1.0,0.7257902026176453
1.0,0.6144846677780151
1.0,0.72486811876297
0.0,0.3853907883167267
1.0,0.46474766731262207
1.0,0.6857591271400452
0.0,0.529721736907959
1.0,0.717694103717804
0.0,0.2798140347003937
0.0,0.2830338478088379
0.0,0.2993309199810028
1.0,0.7130985856056213
0.0,0.5690442323684692
0.0,0.28684520721435547
0.0,0.35330867767333984
1.0,0.3003685474395752
1.0,0.7291074395179749
0.0,0.29806944727897644
1.0,0.7186982035636902
1.0,0.27748334407806396
1.0,0.7292022705078125
1.0,0.7133245468139648
0.0,0.2733832001686096
0.0,0.602353572845459
0.0,0.6884682178497314
0.0,0.3561192452907562
1.0,0.7132519483566284
1.0,0.31160855293273926
1.0,0.6410508751869202
0.0,0.2738077938556671
1.0,0.723379373550415
0.0,0.38403671979904175
1.0,0.7301319241523743
1.0,0.7285902500152588
1.0,0.7253989577293396
1.0,0.7301862239837646
0.0,0.2825411856174469
1.0,0.7298564314842224
0.0,0.344271183013916
1.0,0.6179957985877991
1.0,0.7194623947143555
0.0,0.6743802428245544
1.0,0.6922240853309631
1.0,0.3913552761077881
0.0,0.45177024602890015
1.0,0.6382672786712646
1.0,0.7251353859901428
1.0,0.36925292015075684
1.0,0.5945634841918945
1.0,0.7294419407844543
0.0,0.5133042931556702
0.0,0.3221256732940674
0.0,0.32632166147232056
0.0,0.7189000248908997
0.0,0.6774383783340454
0.0,0.43540507555007935
1.0,0.7252471446990967
0.0,0.3314394950866699
1.0,0.7241959571838379
1.0,0.5955488681793213
1.0,0.7289927005767822
0.0,0.27144140005111694
1.0,0.6838186979293823
0.0,0.27265477180480957
0.0,0.4880595803260803
0.0,0.2715446650981903
1.0,0.6971659660339355
1.0,0.6662117838859558
1.0,0.7198072671890259
1.0,0.7196487188339233
1.0,0.6205011606216431
1.0,0.5724865198135376
0.0,0.292949914932251
0.0,0.27421805262565613
0.0,0.28722327947616577
1.0,0.7251532673835754
1.0,0.29505667090415955
1.0,0.6928550004959106
0.0,0.4791598916053772
0.0,0.27858108282089233
0.0,0.5636562705039978
1.0,0.6974031925201416
0.0,0.31381556391716003
1.0,0.6502511501312256
1.0,0.7218352556228638
0.0,0.28352391719818115
1.0,0.7230945825576782
0.0,0.3137854039669037
1.0,0.659441351890564
1.0,0.5524290204048157
0.0,0.6631132364273071
1.0,0.5869548320770264
0.0,0.28810063004493713
1.0,0.6790358424186707
0.0,0.2840469181537628
1.0,0.3203679919242859
1.0,0.7263431549072266
1.0,0.7299251556396484
1.0,0.28380298614501953
1.0,0.7258590459823608
1.0,0.4922650456428528
1.0,0.7044739723205566
0.0,0.2780015468597412
0.0,0.5718543529510498
1.0,0.7030509114265442
0.0,0.6866682767868042
1.0,0.700813353061676
0.0,0.7058730721473694
0.0,0.3106917142868042
0.0,0.304625540971756
0.0,0.36589670181274414
1.0,0.5842959880828857
1.0,0.7297561764717102
0.0,0.3218149244785309
0.0,0.2770204544067383
0.0,0.3660185635089874
0.0,0.27075979113578796
0.0,0.27293115854263306
0.0,0.2795987129211426
1.0,0.36295855045318604
1.0,0.6963847875595093
1.0,0.2713697850704193
0.0,0.27798935770988464
1.0,0.7288364171981812
0.0,0.30377721786499023
1.0,0.7263987064361572
0.0,0.5396825075149536
0.0,0.3857148289680481
1.0,0.6848761439323425
1.0,0.3339747488498688
1.0,0.5384898781776428
1.0,0.6999874711036682
1.0,0.7098379731178284
0.0,0.28379926085472107
0.0,0.6925168633460999
0.0,0.5073767900466919
0.0,0.28603535890579224
1.0,0.720751166343689
1.0,0.6657359004020691
0.0,0.41798558831214905
0.0,0.2903503477573395
1.0,0.5627169013023376
1.0,0.7283630967140198
1.0,0.7049422264099121
1.0,0.714786946773529
0.0,0.2919665277004242
1.0,0.7290120124816895
1.0,0.7295046448707581
0.0,0.3584008812904358
0.0,0.5643067359924316
1.0,0.7252324819564819
0.0,0.36070874333381653
1.0,0.7183384299278259
1.0,0.3714681565761566
1.0,0.6923021078109741
0.0,0.27788567543029785
0.0,0.28753986954689026
1.0,0.7262648940086365
1.0,0.727443516254425
0.0,0.5000696182250977
0.0,0.6162934303283691
1.0,0.7218470573425293
1.0,0.7244383692741394
1.0,0.7228954434394836
0.0,0.7067252397537231
1.0,0.6641787886619568
0.0,0.41151025891304016
0.0,0.49107229709625244
1.0,0.6769086122512817
1.0,0.2834613621234894
0.0,0.6783989667892456
0.0,0.34461426734924316
0.0,0.308283269405365
1.0,0.5120112299919128
0.0,0.4185274541378021
0.0,0.46368685364723206
1.0,0.6809653639793396
1.0,0.7181711792945862
0.0,0.7192904353141785
0.0,0.6273660659790039
0.0,0.3925953209400177
1.0,0.7074878215789795
0.0,0.5545818209648132
0.0,0.33642494678497314
1.0,0.729207456111908
0.0,0.27837660908699036
1.0,0.6924872994422913
1.0,0.7023919224739075
0.0,0.2845732569694519
0.0,0.7112445831298828
0.0,0.2870848476886749
0.0,0.6303988695144653
1.0,0.7289823293685913
1.0,0.6504967212677002
0.0,0.5223976373672485
0.0,0.5629897713661194
0.0,0.31198596954345703
0.0,0.34520769119262695
0.0,0.3033911883831024
0.0,0.31812402606010437
1.0,0.6996562480926514
0.0,0.3918507397174835
0.0,0.2715720236301422
0.0,0.2930697798728943
1.0,0.29664117097854614
1.0,0.7284282445907593
0.0,0.28163835406303406
1.0,0.3410698175430298
1.0,0.7293080687522888
1.0,0.6515891551971436
0.0,0.41629287600517273
1.0,0.6830671429634094
1.0,0.34028762578964233
0.0,0.4597161114215851
0.0,0.32344403862953186
1.0,0.5119143128395081
0.0,0.2890857756137848
0.0,0.4542001485824585
1.0,0.6977531909942627
1.0,0.6616997122764587
1.0,0.4334329664707184
1.0,0.7300402522087097
1.0,0.6680108904838562
1.0,0.7186642289161682
1.0,0.7250995635986328
1.0,0.3375653922557831
1.0,0.6415337324142456
1.0,0.536582350730896
0.0,0.356143057346344
1.0,0.6879644989967346
0.0,0.3704862594604492
0.0,0.3057313859462738
1.0,0.7223123908042908
0.0,0.7244176268577576
1.0,0.48509353399276733
0.0,0.2774716913700104
0.0,0.2719396948814392
0.0,0.40520480275154114
1.0,0.726851761341095
0.0,0.3091816306114197
1.0,0.5117335319519043
1.0,0.7292047142982483
1.0,0.7302429676055908
1.0,0.48148927092552185
0.0,0.27893757820129395
0.0,0.4416459798812866
0.0,0.6315546035766602
1.0,0.6956319808959961
1.0,0.7272552251815796
1.0,0.45784246921539307
0.0,0.3254338502883911
1.0,0.2802136540412903
1.0,0.527912437915802
1.0,0.7270396947860718
1.0,0.6960563659667969
1.0,0.324093222618103
1.0,0.7177879214286804
1.0,0.44288352131843567
1.0,0.7257992625236511
1.0,0.7291972637176514
0.0,0.3079219162464142
1.0,0.7284159064292908
1.0,0.6945301294326782
0.0,0.5266093015670776
1.0,0.7159155011177063
1.0,0.7300027012825012
0.0,0.3138388395309448
1.0,0.6813740730285645
0.0,0.31006142497062683
0.0,0.2842086851596832
0.0,0.2778145372867584
0.0,0.5603764653205872
1.0,0.7285263538360596
1.0,0.7281091809272766
1.0,0.279664009809494
1.0,0.7297078967094421
1.0,0.7227410674095154
1.0,0.5537277460098267
0.0,0.36065876483917236
1.0,0.7232531309127808
0.0,0.37680530548095703
1.0,0.6076084971427917
0.0,0.27646690607070923
1.0,0.7244572043418884
0.0,0.3437364101409912
1.0,0.3003523051738739
1.0,0.7184486389160156
0.0,0.2843637466430664
1.0,0.7288059592247009
0.0,0.2794332802295685
1.0,0.6735641360282898
1.0,0.7187563180923462
1.0,0.725276529788971
0.0,0.44372138381004333
0.0,0.2752928137779236
1.0,0.6930580139160156
1.0,0.7284682393074036
0.0,0.538270890712738
1.0,0.6111470460891724
1.0,0.7142523527145386
0.0,0.2786908745765686
0.0,0.30131080746650696
0.0,0.3300282955169678
1.0,0.6418404579162598
0.0,0.37579861283302307
1.0,0.721229612827301
0.0,0.286206990480423
0.0,0.2893836498260498
1.0,0.7301744818687439
0.0,0.27253198623657227
0.0,0.5975958108901978
0.0,0.45370808243751526
1.0,0.29070308804512024
1.0,0.6040873527526855
0.0,0.27580076456069946
1.0,0.6714503765106201
1.0,0.5405194163322449
1.0,0.7269277572631836
0.0,0.2809985280036926
0.0,0.6105726361274719
1.0,0.72999107837677
1.0,0.6804817914962769
0.0,0.2788138687610626
0.0,0.704766571521759
0.0,0.29735416173934937
1.0,0.7262459993362427
0.0,0.3795422911643982
1.0,0.26999321579933167
0.0,0.2994580566883087
1.0,0.6557862758636475
0.0,0.29928287863731384
0.0,0.468825101852417
0.0,0.360716313123703
0.0,0.4706971347332001
0.0,0.2774697542190552
1.0,0.7014146447181702
0.0,0.28827324509620667
0.0,0.5595049262046814
1.0,0.6573912501335144
0.0,0.703038215637207
0.0,0.2889769971370697
1.0,0.6218633055686951
1.0,0.705711305141449
1.0,0.723031222820282
1.0,0.6431549787521362
0.0,0.2985377609729767
0.0,0.7039446234703064
1.0,0.7105790972709656
1.0,0.7244727611541748
1.0,0.7153224349021912
1.0,0.7287134528160095
1.0,0.678731381893158
1.0,0.7291027903556824
1.0,0.702109694480896
1.0,0.69923335313797
0.0,0.2843185365200043
1.0,0.6908909678459167
1.0,0.6430614590644836
1.0,0.2853773236274719
0.0,0.27667421102523804
0.0,0.43371066451072693
0.0,0.3709987998008728
0.0,0.31704163551330566
0.0,0.28158941864967346
1.0,0.7206695675849915
0.0,0.31997212767601013
0.0,0.3201844394207001
0.0,0.36878806352615356
0.0,0.2947922945022583
0.0,0.3702000379562378
1.0,0.7185397148132324
1.0,0.48383671045303345
1.0,0.38878506422042847
0.0,0.33683231472969055
0.0,0.5526209473609924
0.0,0.3074486255645752
0.0,0.292828768491745
1.0,0.7228813767433167
0.0,0.3686729669570923
0.0,0.3943031132221222
1.0,0.4822423756122589
0.0,0.2699596881866455
1.0,0.7277887463569641
1.0,0.5772249698638916
0.0,0.2718126177787781
1.0,0.727775514125824
1.0,0.7295308113098145
0.0,0.2713930010795593
1.0,0.7226234674453735
1.0,0.4170703589916229
0.0,0.31263959407806396
0.0,0.2908081114292145
0.0,0.33806976675987244
0.0,0.3068375885486603
1.0,0.7243203520774841
0.0,0.28057539463043213
1.0,0.7283357381820679
1.0,0.5165086984634399
0.0,0.32915374636650085
1.0,0.6700479388237
0.0,0.34626758098602295
0.0,0.27845099568367004
0.0,0.39034682512283325
0.0,0.32216787338256836
1.0,0.6951934695243835
0.0,0.4195370376110077
0.0,0.2992526590824127
0.0,0.5452819466590881
1.0,0.7301079034805298
0.0,0.27188074588775635
0.0,0.7212096452713013
0.0,0.38516584038734436
0.0,0.4699775278568268
0.0,0.6586984395980835
0.0,0.45846033096313477
1.0,0.7292366623878479
0.0,0.582513153553009
1.0,0.6520572304725647
0.0,0.27783772349357605
1.0,0.7246879935264587
0.0,0.38416630029678345
0.0,0.3457198441028595
0.0,0.5743020176887512
0.0,0.5355405211448669
0.0,0.33955109119415283
0.0,0.30613332986831665
1.0,0.7263962030410767
0.0,0.275285542011261
1.0,0.7269982695579529
0.0,0.3006006181240082
0.0,0.2852123975753784
0.0,0.6687024235725403
0.0,0.2752589285373688
1.0,0.7294719219207764
0.0,0.27256613969802856
1.0,0.6188611388206482
1.0,0.6224026083946228
0.0,0.39349719882011414
0.0,0.2888298034667969
0.0,0.2750932276248932
0.0,0.27724161744117737
1.0,0.5621839165687561
1.0,0.7229267358779907
0.0,0.2906472086906433
0.0,0.7299450039863586
1.0,0.33494842052459717
1.0,0.7295496463775635
0.0,0.3095933496952057
1.0,0.6780990958213806
0.0,0.6483991742134094
1.0,0.7203972935676575
0.0,0.5929457545280457
0.0,0.3104633688926697
1.0,0.6187855005264282
1.0,0.48871105909347534
0.0,0.33444035053253174
1.0,0.7270658612251282
1.0,0.6937815546989441
0.0,0.6170562505722046
0.0,0.2725217938423157
0.0,0.28617820143699646
1.0,0.6238396167755127
0.0,0.27287909388542175
0.0,0.40739038586616516
0.0,0.28924450278282166
0.0,0.2801414728164673
0.0,0.493461012840271
0.0,0.3212320804595947
0.0,0.27119481563568115
1.0,0.7069905400276184
1.0,0.7297318577766418
0.0,0.29354462027549744
0.0,0.27690353989601135
0.0,0.38678061962127686
0.0,0.2776695191860199
1.0,0.27295592427253723
1.0,0.6951822638511658
0.0,0.577704906463623
0.0,0.570742130279541
0.0,0.4104330539703369
0.0,0.6563915014266968
1.0,0.593361496925354
1.0,0.5179115533828735
1.0,0.713858962059021
1.0,0.7267144322395325
0.0,0.3286154568195343
0.0,0.2791118323802948
0.0,0.3268612027168274
0.0,0.5729817152023315
0.0,0.4210689067840576
0.0,0.31430086493492126
0.0,0.6899433732032776
0.0,0.28104251623153687
1.0,0.7186329364776611
1.0,0.28595346212387085
1.0,0.711738646030426
0.0,0.43094685673713684
0.0,0.28476008772850037
1.0,0.2734227478504181
1.0,0.36195608973503113
1.0,0.696346640586853
1.0,0.6726015210151672
0.0,0.2759090065956116
0.0,0.27156704664230347
0.0,0.2803780734539032
0.0,0.39031291007995605
0.0,0.723650336265564
0.0,0.31942588090896606
0.0,0.354097843170166
1.0,0.723625898361206
0.0,0.3294637203216553
0.0,0.30593737959861755
1.0,0.7293732762336731
0.0,0.32010793685913086
1.0,0.7112652063369751
1.0,0.488180011510849
0.0,0.2940211594104767
0.0,0.36654365062713623
1.0,0.7166343927383423
0.0,0.33865392208099365
0.0,0.4775937795639038
1.0,0.695313036441803
0.0,0.2702951431274414
0.0,0.2738477885723114
1.0,0.701951265335083
1.0,0.7099313735961914
0.0,0.7242662310600281
0.0,0.2784929573535919
0.0,0.32919591665267944
0.0,0.5202786326408386
0.0,0.3185322880744934
0.0,0.28395259380340576
1.0,0.7219812870025635
0.0,0.7119830250740051
1.0,0.7265018820762634
0.0,0.4909067153930664
1.0,0.6246379613876343
1.0,0.6504977345466614
1.0,0.727109432220459
0.0,0.27137550711631775
0.0,0.3178442716598511
0.0,0.3407181203365326
0.0,0.46768271923065186
0.0,0.2958888113498688
0.0,0.28593501448631287
1.0,0.5821628570556641
1.0,0.714762270450592
1.0,0.7286482453346252
0.0,0.7086251378059387
0.0,0.27815279364585876
1.0,0.7211622595787048
0.0,0.28323107957839966
0.0,0.4019451439380646
0.0,0.2828613519668579
1.0,0.6933843493461609
0.0,0.2780815064907074
0.0,0.32279205322265625
0.0,0.7247446775436401
1.0,0.6058462262153625
1.0,0.7286111116409302
1.0,0.7303728461265564
1.0,0.604509711265564
1.0,0.6835731267929077
1.0,0.7243821024894714
0.0,0.27692288160324097
1.0,0.5684126019477844
0.0,0.33134499192237854
0.0,0.28673940896987915
0.0,0.2884364128112793
1.0,0.6936106085777283
0.0,0.5673012137413025
1.0,0.6700124144554138
0.0,0.34073781967163086
1.0,0.7125076055526733
0.0,0.2957612872123718
0.0,0.41284453868865967
1.0,0.5368325114250183
1.0,0.7302764058113098
1.0,0.43399181962013245
1.0,0.6323543190956116
0.0,0.2837918996810913
1.0,0.6987708210945129
1.0,0.716659665107727
1.0,0.7052505016326904
0.0,0.2965855598449707
1.0,0.703324556350708
1.0,0.6255670785903931
0.0,0.5417438745498657
0.0,0.3252184987068176
0.0,0.3238282799720764
0.0,0.5466682314872742
1.0,0.7119415402412415
1.0,0.5530298352241516
1.0,0.7265378832817078
1.0,0.7241404056549072
0.0,0.32099688053131104
0.0,0.2743375599384308
0.0,0.3771747648715973
1.0,0.7272055745124817
1.0,0.7277087569236755
1.0,0.7078076601028442
1.0,0.6959782838821411
0.0,0.6483191251754761
1.0,0.6160672307014465
1.0,0.7270029187202454
0.0,0.7249147891998291
1.0,0.6068329215049744
0.0,0.5376140475273132
0.0,0.48113885521888733
0.0,0.307612806558609
0.0,0.4645676016807556
1.0,0.7191488742828369
0.0,0.27004489302635193
1.0,0.3260970413684845
0.0,0.3073471188545227
0.0,0.3611792325973511
1.0,0.724410355091095
0.0,0.2828421890735626
1.0,0.656311571598053
0.0,0.2886086404323578
0.0,0.32039105892181396
0.0,0.2867620289325714
0.0,0.6807194948196411
1.0,0.5991067290306091
0.0,0.31017133593559265
0.0,0.28154149651527405
0.0,0.39849990606307983
1.0,0.3150252103805542
0.0,0.6616907119750977
0.0,0.28034189343452454
0.0,0.32607007026672363
1.0,0.3338720500469208
1.0,0.7133194208145142
1.0,0.5462749600410461
0.0,0.5846636295318604
0.0,0.4868242144584656
0.0,0.30168282985687256
0.0,0.30055001378059387
1.0,0.6771702170372009
1.0,0.7295666933059692
0.0,0.3132510781288147
0.0,0.275919109582901
1.0,0.7244587540626526
1.0,0.7238020300865173
0.0,0.4875084161758423
1.0,0.3690076768398285
0.0,0.41768330335617065
1.0,0.5143308043479919
0.0,0.3268311321735382
1.0,0.7192484736442566
0.0,0.39263099431991577
0.0,0.3789857029914856
0.0,0.33884936571121216
1.0,0.7218763828277588
0.0,0.28900763392448425
1.0,0.6943948268890381
0.0,0.2800222933292389
0.0,0.542813777923584
0.0,0.3944815993309021
1.0,0.7299335598945618
1.0,0.7239010334014893
0.0,0.3058461546897888
1.0,0.6656734347343445
0.0,0.3641502261161804
0.0,0.5658957958221436
0.0,0.29804667830467224
0.0,0.27807101607322693
1.0,0.6657443642616272
0.0,0.2757278382778168
1.0,0.7011656165122986
1.0,0.6500951647758484
1.0,0.7225262522697449
1.0,0.467566579580307
0.0,0.31107643246650696
1.0,0.7201486229896545
0.0,0.48215022683143616
0.0,0.5879741311073303
1.0,0.639571487903595
1.0,0.5459612011909485
1.0,0.5402252078056335
0.0,0.2886494994163513
0.0,0.3322809040546417
0.0,0.31073394417762756
0.0,0.28533974289894104
1.0,0.7278676629066467
0.0,0.30238041281700134
1.0,0.6994574069976807
0.0,0.5985085964202881
1.0,0.7282843589782715
0.0,0.2943360209465027
1.0,0.39164039492607117
1.0,0.6259110569953918
0.0,0.46749699115753174
1.0,0.7175374627113342
1.0,0.677017092704773
0.0,0.28830692172050476
1.0,0.7266274094581604
1.0,0.7284820079803467
0.0,0.2743312418460846
1.0,0.2947358191013336
1.0,0.6944664716720581
0.0,0.29503586888313293
1.0,0.7243861556053162
0.0,0.3139057457447052
0.0,0.29028117656707764
0.0,0.49151989817619324
0.0,0.31929758191108704
0.0,0.3048902153968811
1.0,0.6612286567687988
1.0,0.7302014827728271
1.0,0.7262884974479675
1.0,0.6683285236358643
0.0,0.7202943563461304
0.0,0.2827620804309845
0.0,0.27338236570358276
0.0,0.2900215685367584
1.0,0.7224440574645996
0.0,0.6078976392745972
1.0,0.7297172546386719
0.0,0.2999868094921112
0.0,0.5461291670799255
1.0,0.7303219437599182
0.0,0.2847110629081726
0.0,0.4742169678211212
0.0,0.7081459760665894
0.0,0.347540944814682
1.0,0.6856131553649902
0.0,0.2721770405769348
0.0,0.2810635566711426
1.0,0.5534080266952515
0.0,0.28508323431015015
0.0,0.3031406104564667
1.0,0.46654656529426575
0.0,0.3705911338329315
1.0,0.7261951565742493
1.0,0.7143155932426453
1.0,0.7154957056045532
0.0,0.43782711029052734
0.0,0.699580192565918
0.0,0.2820467948913574
0.0,0.699612021446228
1.0,0.728955864906311
0.0,0.7225831151008606
1.0,0.6892117857933044
0.0,0.7193039655685425
1.0,0.2884303033351898
1.0,0.5412591695785522
0.0,0.29650112986564636
1.0,0.7189210653305054
1.0,0.7244604825973511
0.0,0.36490708589553833
0.0,0.340227872133255
0.0,0.3169300854206085
0.0,0.30518975853919983
1.0,0.7133428454399109
1.0,0.6559015512466431
0.0,0.3064824044704437
1.0,0.6935145854949951
0.0,0.5434723496437073
1.0,0.7297950387001038
0.0,0.4349220097064972
1.0,0.7174018025398254
1.0,0.6811791658401489
1.0,0.7203861474990845
1.0,0.6895834803581238
1.0,0.7232390642166138
1.0,0.7082021236419678
1.0,0.6668940186500549
0.0,0.6999293565750122
1.0,0.7135219573974609
1.0,0.7095550298690796
1.0,0.7213026881217957
0.0,0.656226396560669
0.0,0.2752015292644501
1.0,0.6051620841026306
1.0,0.7289859652519226
0.0,0.4721154570579529
0.0,0.4244843125343323
1.0,0.7229205965995789
1.0,0.728702962398529
0.0,0.4863533079624176
0.0,0.3248554468154907
1.0,0.7261086106300354
0.0,0.7100861072540283
0.0,0.2922821640968323
0.0,0.44304201006889343
0.0,0.4422295391559601
1.0,0.7161905169487
0.0,0.6312711834907532
1.0,0.7021928429603577
0.0,0.3036205470561981
1.0,0.29931288957595825
0.0,0.47843611240386963
1.0,0.7294381856918335
0.0,0.4055165648460388
0.0,0.30161452293395996
0.0,0.28730806708335876
1.0,0.290084570646286
0.0,0.44902312755584717
0.0,0.532046377658844
0.0,0.6122194528579712
1.0,0.37945500016212463
1.0,0.519250214099884
0.0,0.6049172282218933
1.0,0.6049340963363647
1.0,0.7220152020454407
0.0,0.31551653146743774
1.0,0.5402894616127014
1.0,0.30481716990470886
1.0,0.6292917132377625
1.0,0.625205934047699
0.0,0.7246917486190796
0.0,0.2857305407524109
0.0,0.3212328851222992
1.0,0.45714354515075684
1.0,0.5883210301399231
0.0,0.33765116333961487
1.0,0.32627663016319275
0.0,0.33791279792785645
0.0,0.722518265247345
0.0,0.2985254228115082
0.0,0.31141045689582825
0.0,0.3120989203453064
1.0,0.7264967560768127
1.0,0.7199202179908752
0.0,0.3323075473308563
1.0,0.6661084890365601
0.0,0.2938578128814697
0.0,0.32599952816963196
1.0,0.5731154084205627
1.0,0.45025214552879333
0.0,0.27518370747566223
0.0,0.27711188793182373
0.0,0.30426687002182007
1.0,0.7000194191932678
0.0,0.39803582429885864
1.0,0.7168436646461487
0.0,0.7059658765792847
1.0,0.6884719729423523
0.0,0.2714077830314636
1.0,0.49588915705680847
1.0,0.7295085191726685
0.0,0.2795223295688629
1.0,0.37587761878967285
1.0,0.7287324070930481
0.0,0.3211979269981384
0.0,0.2748853266239166
0.0,0.2729213535785675
1.0,0.7098497748374939
1.0,0.7276098728179932
1.0,0.5248164534568787
1.0,0.6770803928375244
0.0,0.2800752520561218
0.0,0.7133463621139526
1.0,0.7094284296035767
0.0,0.28298133611679077
1.0,0.37893375754356384
0.0,0.4619772136211395
0.0,0.35098835825920105
0.0,0.3338111639022827
0.0,0.2911483943462372
1.0,0.6439761519432068
0.0,0.3080087900161743
0.0,0.32173195481300354
1.0,0.7297448515892029
1.0,0.6442152857780457
1.0,0.7275454998016357
1.0,0.7284432053565979
0.0,0.4631586968898773
1.0,0.6339419484138489
1.0,0.7059507966041565
0.0,0.292093425989151
0.0,0.27696022391319275
1.0,0.6861986517906189
0.0,0.3503119647502899
0.0,0.29093676805496216
0.0,0.5620450377464294
0.0,0.42798560857772827
0.0,0.6318143010139465
0.0,0.2754260301589966
0.0,0.34834352135658264
1.0,0.664375364780426
0.0,0.5044041275978088
1.0,0.2916834056377411
0.0,0.33822810649871826
0.0,0.3232381343841553
0.0,0.4618946313858032
1.0,0.6171005368232727
0.0,0.42849406599998474
1.0,0.729883074760437
1.0,0.7068697214126587
0.0,0.36232268810272217
1.0,0.6896592974662781
0.0,0.3868482708930969
1.0,0.6354258060455322
1.0,0.7294992804527283
0.0,0.3263842761516571
1.0,0.3517298102378845
0.0,0.6152056455612183
0.0,0.30658435821533203
1.0,0.7028986811637878
1.0,0.7042012810707092
1.0,0.7147748470306396
0.0,0.42207255959510803
0.0,0.39889824390411377
0.0,0.30382779240608215
0.0,0.4028797745704651
1.0,0.33297133445739746
1.0,0.6050037741661072
0.0,0.27914151549339294
1.0,0.530386209487915
0.0,0.30213141441345215
1.0,0.44519755244255066
0.0,0.28145813941955566
0.0,0.3269922733306885
0.0,0.30165812373161316
1.0,0.7287090420722961
1.0,0.7240443229675293
0.0,0.7112157940864563
0.0,0.32413387298583984
0.0,0.3078979253768921
1.0,0.7168898582458496
0.0,0.47500795125961304
1.0,0.5334281325340271
1.0,0.6544809937477112
0.0,0.6734139323234558
0.0,0.6699684262275696
1.0,0.7043451070785522
0.0,0.2843957543373108
0.0,0.48005083203315735
1.0,0.7126430869102478
1.0,0.719588577747345
0.0,0.323454350233078
0.0,0.4290900230407715
1.0,0.30417600274086
1.0,0.7067434191703796
1.0,0.3577899634838104
1.0,0.7106472849845886
1.0,0.6980280876159668
0.0,0.5475413203239441
0.0,0.2853548228740692
0.0,0.2848149240016937
1.0,0.7259995341300964
1.0,0.6869741678237915
1.0,0.5928208231925964
0.0,0.5270676016807556
1.0,0.34314602613449097
1.0,0.6543391942977905
0.0,0.2872573733329773
1.0,0.7097609639167786
0.0,0.2881567180156708
1.0,0.7276363372802734
0.0,0.6952451467514038
0.0,0.2738313674926758
1.0,0.7300592064857483
1.0,0.6963080763816833
1.0,0.5561591982841492
0.0,0.31013065576553345
1.0,0.7300717234611511
1.0,0.7264946699142456
1.0,0.7271746397018433
0.0,0.2900984585285187
0.0,0.33067038655281067
1.0,0.6507054567337036
0.0,0.2801447808742523
1.0,0.7068115472793579
1.0,0.39797621965408325
1.0,0.715729832649231
1.0,0.7298581004142761
1.0,0.6496457457542419
0.0,0.36492276191711426
0.0,0.29681771993637085
0.0,0.6413135528564453
0.0,0.4780375063419342
1.0,0.309567391872406
1.0,0.7293002605438232
1.0,0.7297067642211914
0.0,0.3142157793045044
0.0,0.37230536341667175
0.0,0.27249833941459656
1.0,0.5993918776512146
1.0,0.7248474359512329
0.0,0.33748629689216614
0.0,0.5593447089195251
1.0,0.5776811838150024
0.0,0.7111680507659912
0.0,0.2824295163154602
1.0,0.7222551107406616
1.0,0.6560251712799072
1.0,0.6448109149932861
0.0,0.2792464792728424
0.0,0.2839083671569824
0.0,0.48131731152534485
0.0,0.5510440468788147
0.0,0.40383774042129517
1.0,0.730074942111969
1.0,0.3399631977081299
0.0,0.29617828130722046
0.0,0.33419349789619446
0.0,0.42605122923851013
1.0,0.29670917987823486
0.0,0.433788537979126
0.0,0.27767935395240784
1.0,0.7289708852767944
1.0,0.6869771480560303
1.0,0.7239599823951721
0.0,0.3864697217941284
0.0,0.30360013246536255
1.0,0.7211783528327942
0.0,0.33203887939453125
1.0,0.6871799826622009
0.0,0.5344880819320679
1.0,0.7164788246154785
1.0,0.27616754174232483
1.0,0.7264721989631653
0.0,0.27811625599861145
0.0,0.3120318055152893
0.0,0.6160013675689697
0.0,0.3628959357738495
0.0,0.7232865691184998
1.0,0.37725019454956055
1.0,0.6882030963897705
1.0,0.7294003367424011
0.0,0.6775940656661987
1.0,0.7174431681632996
0.0,0.27996939420700073
1.0,0.455914705991745
1.0,0.5912494659423828
1.0,0.4612675607204437
1.0,0.722468912601471
0.0,0.513809859752655
0.0,0.48087573051452637
0.0,0.7029251456260681
1.0,0.717245876789093
1.0,0.7020654678344727
1.0,0.7228654026985168
0.0,0.3653425872325897
1.0,0.7269741296768188
0.0,0.4565195143222809
0.0,0.3054324984550476
1.0,0.7298917770385742
1.0,0.5965498685836792
0.0,0.27196940779685974
1.0,0.7301101684570312
1.0,0.7271580100059509
0.0,0.27371716499328613
1.0,0.2815716564655304
1.0,0.5383508801460266
0.0,0.316096693277359
0.0,0.28232696652412415
1.0,0.7302520871162415
1.0,0.7298438549041748
1.0,0.6627271175384521
0.0,0.29642319679260254
0.0,0.3343237042427063
1.0,0.6914027333259583
0.0,0.333558589220047
1.0,0.29485273361206055
1.0,0.6515123248100281
0.0,0.29203927516937256
0.0,0.2866261601448059
0.0,0.3731420636177063
1.0,0.7281675934791565
1.0,0.6028134822845459
1.0,0.30826887488365173
0.0,0.34083858132362366
0.0,0.271219402551651
1.0,0.6485095024108887
1.0,0.7162806987762451
0.0,0.27886250615119934
1.0,0.7293250560760498
0.0,0.32698020339012146
1.0,0.6882748603820801
0.0,0.2864544689655304
0.0,0.2963922917842865
1.0,0.45088106393814087
0.0,0.3367629647254944
1.0,0.7269201278686523
1.0,0.7293820381164551
1.0,0.7286728024482727
0.0,0.33426451683044434
0.0,0.27150169014930725
0.0,0.4820096790790558
0.0,0.3943987786769867
0.0,0.28493547439575195
0.0,0.27833423018455505
1.0,0.27678442001342773
0.0,0.6457770466804504
0.0,0.43294557929039
1.0,0.5484214425086975
1.0,0.7049616575241089
0.0,0.35270243883132935
1.0,0.7301797866821289
0.0,0.28531351685523987
1.0,0.4594549834728241
0.0,0.2849859297275543
0.0,0.2798726260662079
0.0,0.6309069991111755
1.0,0.730491578578949
1.0,0.7288774251937866
1.0,0.7297494411468506
1.0,0.723993718624115
0.0,0.28910109400749207
0.0,0.31649622321128845
1.0,0.3146341145038605
0.0,0.4676218330860138
1.0,0.6626256704330444
1.0,0.6709137558937073
1.0,0.7246990203857422
0.0,0.7128873467445374
1.0,0.7275091409683228
0.0,0.29003211855888367
0.0,0.2783266007900238
1.0,0.715904712677002
1.0,0.6564627289772034
0.0,0.2804989218711853
1.0,0.7267106175422668
1.0,0.7233616709709167
1.0,0.6880743503570557
0.0,0.37684008479118347
0.0,0.6709825992584229
0.0,0.2718176245689392
0.0,0.32713639736175537
0.0,0.3548186123371124
0.0,0.2724803686141968
0.0,0.44531723856925964
1.0,0.7183579206466675
0.0,0.29342272877693176
1.0,0.7219141125679016
0.0,0.2784687280654907
1.0,0.679512083530426
0.0,0.6067076325416565
0.0,0.30948176980018616
1.0,0.7216629981994629
0.0,0.36282241344451904
0.0,0.5400621891021729
0.0,0.28852248191833496
1.0,0.45063334703445435
0.0,0.3271435499191284
1.0,0.6972678899765015
1.0,0.5821449756622314
1.0,0.7285095453262329
1.0,0.7163846492767334
1.0,0.7142425775527954
1.0,0.7160411477088928
1.0,0.6174631714820862
0.0,0.2798209488391876
1.0,0.7185486555099487
0.0,0.48050862550735474
0.0,0.28403887152671814
0.0,0.33775660395622253
0.0,0.40726009011268616
1.0,0.7167903780937195
1.0,0.7284380197525024
1.0,0.7181655764579773
1.0,0.47754326462745667
0.0,0.5295010805130005
1.0,0.6894440054893494
1.0,0.7142820954322815
1.0,0.7257033586502075
0.0,0.2720838785171509
1.0,0.73065584897995
1.0,0.7297094464302063
0.0,0.5118259787559509
1.0,0.7217608690261841
1.0,0.6421667337417603
0.0,0.3409838378429413
1.0,0.7154332995414734
1.0,0.7164115905761719
0.0,0.3140559494495392
1.0,0.7279151678085327
1.0,0.7295659184455872
1.0,0.728277325630188
1.0,0.6368268728256226
0.0,0.2838972508907318
0.0,0.2794991433620453
1.0,0.708206057548523
0.0,0.2792685329914093
1.0,0.727723240852356
0.0,0.3008797764778137
1.0,0.7285502552986145
0.0,0.2731652557849884
1.0,0.7288385629653931
1.0,0.6866586804389954
0.0,0.452852338552475
0.0,0.46356329321861267
0.0,0.2828262746334076
0.0,0.3505322337150574
0.0,0.4155891537666321
1.0,0.7281638979911804
0.0,0.2756989300251007
0.0,0.27612417936325073
1.0,0.7114212512969971
1.0,0.7247315645217896
0.0,0.3240380883216858
0.0,0.3108140528202057
0.0,0.4712289273738861
0.0,0.30660945177078247
0.0,0.5949645042419434
0.0,0.39733001589775085
1.0,0.7206855416297913
1.0,0.7298713326454163
0.0,0.304084837436676
1.0,0.560233473777771
1.0,0.6647657155990601
1.0,0.6383318305015564
1.0,0.7243841886520386
0.0,0.2885613441467285
0.0,0.3089868724346161
0.0,0.41022855043411255
1.0,0.7230707406997681
0.0,0.2796608507633209
0.0,0.3176230490207672
1.0,0.728725254535675
0.0,0.53348708152771
1.0,0.581792950630188
1.0,0.728676438331604
1.0,0.7200916409492493
0.0,0.2782069146633148
1.0,0.7180509567260742
0.0,0.2990148365497589
0.0,0.33848825097084045
0.0,0.28182294964790344
1.0,0.7274215817451477
0.0,0.2906610667705536
0.0,0.28032439947128296
1.0,0.6348579525947571
0.0,0.36530357599258423
0.0,0.28745946288108826
0.0,0.5518926382064819
1.0,0.6535863280296326
1.0,0.7261982560157776
0.0,0.27160632610321045
1.0,0.7274467945098877
1.0,0.4823587238788605
1.0,0.721457302570343
0.0,0.37230339646339417
1.0,0.6105130314826965
0.0,0.2860562205314636
0.0,0.44404542446136475
0.0,0.42632371187210083
0.0,0.7182067632675171
0.0,0.4383627474308014
0.0,0.3772332966327667
0.0,0.32394447922706604
0.0,0.43388187885284424
0.0,0.2733522355556488
1.0,0.5920749306678772
0.0,0.2986128330230713
0.0,0.2768935561180115
0.0,0.29830703139305115
1.0,0.7252637147903442
1.0,0.7057095170021057
1.0,0.7267611622810364
1.0,0.5961942672729492
0.0,0.6612952947616577
1.0,0.47613653540611267
1.0,0.6754007339477539
0.0,0.6102314591407776
0.0,0.7052014470100403
0.0,0.28061407804489136
0.0,0.2711177170276642
1.0,0.556084394454956
0.0,0.5928717255592346
1.0,0.42088618874549866
0.0,0.5266801118850708
1.0,0.2705593705177307
0.0,0.2900168299674988
1.0,0.5619984269142151
1.0,0.7280622720718384
1.0,0.2929406762123108
0.0,0.6479021310806274
1.0,0.37357044219970703
0.0,0.38817307353019714
1.0,0.7092934846878052
0.0,0.319575697183609
1.0,0.7295445799827576
0.0,0.29836663603782654
0.0,0.30484652519226074
1.0,0.7233484983444214
0.0,0.30347740650177
1.0,0.7265338897705078
1.0,0.7290422320365906
0.0,0.27220407128334045
0.0,0.5089089870452881
0.0,0.7055870890617371
0.0,0.4830484688282013
0.0,0.33776167035102844
0.0,0.281455934047699
0.0,0.2782076299190521
0.0,0.2821686863899231
0.0,0.6996976733207703
1.0,0.2960515022277832
1.0,0.7154926657676697
0.0,0.29172688722610474
1.0,0.7265207171440125
1.0,0.7225508093833923
1.0,0.7303678393363953
1.0,0.6523653268814087
1.0,0.7302980422973633
0.0,0.29158568382263184
0.0,0.2710336446762085
0.0,0.5260825157165527
0.0,0.34761837124824524
0.0,0.27334460616111755
0.0,0.3762647807598114
0.0,0.2955026626586914
0.0,0.27782145142555237
0.0,0.42632946372032166
1.0,0.7254629731178284
1.0,0.7111449837684631
0.0,0.6515430808067322
0.0,0.6418423056602478
0.0,0.28737446665763855
1.0,0.7048696279525757
1.0,0.729218602180481
1.0,0.7267102003097534
0.0,0.2782265245914459
0.0,0.5225096940994263
1.0,0.4239722490310669
1.0,0.2818208932876587
1.0,0.7080707550048828
1.0,0.6725802421569824
0.0,0.6883119940757751
0.0,0.2952573001384735
0.0,0.4383404850959778
1.0,0.6903473734855652
1.0,0.7295785546302795
0.0,0.28413695096969604
1.0,0.7173771262168884
1.0,0.7257563471794128
1.0,0.698866069316864
0.0,0.3002535104751587
1.0,0.7274078726768494
1.0,0.725199818611145
1.0,0.693533718585968
1.0,0.7168692350387573
1.0,0.7291369438171387
0.0,0.33647915720939636
1.0,0.6312881112098694
1.0,0.7170376777648926
0.0,0.29501107335090637
1.0,0.4965434968471527
1.0,0.7140154838562012
1.0,0.7003458142280579
1.0,0.41290029883384705
1.0,0.7168542742729187
0.0,0.3665284812450409
0.0,0.28029173612594604
0.0,0.3095349967479706
0.0,0.7047905921936035
1.0,0.2909716069698334
0.0,0.34609168767929077
1.0,0.6880940198898315
1.0,0.7214149236679077
0.0,0.2948872148990631
0.0,0.7077576518058777
0.0,0.639139711856842
0.0,0.28956228494644165
1.0,0.7302098870277405
0.0,0.28732582926750183
0.0,0.3558765947818756
0.0,0.43332600593566895
1.0,0.7272303104400635
0.0,0.3581775426864624
0.0,0.27025529742240906
1.0,0.5862452387809753
1.0,0.7189317941665649
0.0,0.6861245036125183
1.0,0.7270410060882568
0.0,0.2808326482772827
1.0,0.6733410954475403
0.0,0.699855625629425
0.0,0.2931514382362366
0.0,0.44851943850517273
0.0,0.729372501373291
1.0,0.5643488764762878
0.0,0.4340422451496124
1.0,0.7128528952598572
0.0,0.2787623107433319
0.0,0.3623620569705963
1.0,0.7205119729042053
1.0,0.6199394464492798
0.0,0.7244118452072144
1.0,0.6726124882698059
1.0,0.36015161871910095
0.0,0.2773844301700592
1.0,0.3521629571914673
1.0,0.728427529335022
1.0,0.33822405338287354
0.0,0.6835979223251343
1.0,0.7291632294654846
0.0,0.315249502658844
0.0,0.2851608991622925
1.0,0.6413193941116333
0.0,0.28911060094833374
0.0,0.41388389468193054
1.0,0.7284486293792725
0.0,0.31682661175727844
1.0,0.661270022392273
0.0,0.35649263858795166
1.0,0.7264002561569214
0.0,0.27023401856422424
0.0,0.32724350690841675
1.0,0.6806501150131226
0.0,0.36172300577163696
1.0,0.46232184767723083
1.0,0.7301998734474182
0.0,0.2728484869003296
1.0,0.7074517011642456
1.0,0.6940791010856628
1.0,0.7282590866088867
0.0,0.27690163254737854
1.0,0.6052680611610413
1.0,0.5816491842269897
1.0,0.7244880199432373
1.0,0.7273228168487549
1.0,0.7279976606369019
0.0,0.49559539556503296
1.0,0.46833309531211853
1.0,0.7271057367324829
0.0,0.450092077255249
1.0,0.6046402454376221
1.0,0.7171216011047363
1.0,0.6800954341888428
0.0,0.30633577704429626
1.0,0.43471282720565796
1.0,0.6532660722732544
0.0,0.33470380306243896
0.0,0.2844447195529938
0.0,0.2733079791069031
0.0,0.27114078402519226
0.0,0.27390891313552856
0.0,0.2823842167854309
1.0,0.654323935508728
0.0,0.317582368850708
0.0,0.32430824637413025
0.0,0.2714715301990509
0.0,0.7111220359802246
1.0,0.4320344924926758
0.0,0.5365778207778931
1.0,0.5108164548873901
0.0,0.2978268265724182
1.0,0.7059539556503296
0.0,0.3523726761341095
1.0,0.7264418601989746
0.0,0.693072497844696
0.0,0.47862741351127625
1.0,0.7288141846656799
1.0,0.7217915654182434
1.0,0.5846604108810425
1.0,0.5757559537887573
0.0,0.2980172038078308
0.0,0.29768869280815125
1.0,0.715512752532959
1.0,0.5012792944908142
0.0,0.28784170746803284
0.0,0.6662095785140991
1.0,0.40818753838539124
1.0,0.44893762469291687
0.0,0.31038498878479004
1.0,0.7084102034568787
1.0,0.2869110703468323
0.0,0.2764548659324646
1.0,0.7301926612854004
1.0,0.6961738467216492
1.0,0.576085090637207
0.0,0.7118664979934692
1.0,0.4869505763053894
0.0,0.28231081366539
0.0,0.4611659049987793
0.0,0.3934781551361084
0.0,0.46532776951789856
1.0,0.7237565517425537
1.0,0.2878231406211853
1.0,0.7197303771972656
0.0,0.31752198934555054
0.0,0.29424452781677246
0.0,0.44859078526496887
0.0,0.2853478789329529
0.0,0.3405807614326477
1.0,0.6718457341194153
0.0,0.3301367461681366
1.0,0.7294638156890869
1.0,0.7211143374443054
1.0,0.5512674450874329
1.0,0.2769547700881958
0.0,0.665275514125824
1.0,0.7151370048522949
1.0,0.7091318964958191
0.0,0.40738269686698914
0.0,0.5859708786010742
1.0,0.37580978870391846
0.0,0.28186193108558655
1.0,0.6787717938423157
0.0,0.28409522771835327
0.0,0.29506704211235046
0.0,0.30096858739852905
1.0,0.6994710564613342
0.0,0.3773166835308075
0.0,0.5601029396057129
0.0,0.3704471290111542
1.0,0.7286406755447388
0.0,0.3576032817363739
1.0,0.7278610467910767
0.0,0.3512103855609894
0.0,0.2732679545879364
1.0,0.7164942622184753
1.0,0.577293872833252
0.0,0.46894845366477966
0.0,0.4631718397140503
0.0,0.28854289650917053
1.0,0.7003547549247742
1.0,0.7204956412315369
0.0,0.39975348114967346
1.0,0.2875865399837494
0.0,0.3177121579647064
0.0,0.2915947735309601
0.0,0.32027608156204224
0.0,0.35665231943130493
0.0,0.27230966091156006
1.0,0.6085481643676758
1.0,0.7028379440307617
0.0,0.2818407118320465
1.0,0.6914184093475342
1.0,0.7146890163421631
0.0,0.3180474638938904
0.0,0.5489861965179443
1.0,0.6977502107620239
0.0,0.3522627651691437
0.0,0.42907118797302246
0.0,0.28344205021858215
1.0,0.6865279078483582
0.0,0.4672827124595642
1.0,0.300719678401947
0.0,0.332404762506485
0.0,0.6522350907325745
1.0,0.5510786771774292
0.0,0.6178888082504272
0.0,0.2902849614620209
1.0,0.7235531806945801
1.0,0.7237516045570374
0.0,0.386173278093338
1.0,0.625491201877594
1.0,0.5346728563308716
0.0,0.3583827316761017
1.0,0.6830785870552063
1.0,0.7286370992660522
1.0,0.7294117212295532
1.0,0.7166407108306885
1.0,0.5851346850395203
1.0,0.43461719155311584
0.0,0.6275238394737244
1.0,0.7293609976768494
1.0,0.7231748700141907
1.0,0.7304158210754395
0.0,0.3034965991973877
1.0,0.7114726305007935
0.0,0.47385361790657043
1.0,0.7280005216598511
0.0,0.29872822761535645
0.0,0.3329695165157318
0.0,0.36604952812194824
0.0,0.418047159910202
1.0,0.7274888753890991
1.0,0.6896722912788391
0.0,0.2728766202926636
0.0,0.2791505753993988
0.0,0.27757149934768677
1.0,0.7204572558403015
0.0,0.2735857665538788
1.0,0.7216348052024841
1.0,0.7200934886932373
0.0,0.298011839389801
0.0,0.4593663215637207
0.0,0.4873148202896118
0.0,0.30002009868621826
0.0,0.4921688735485077
1.0,0.695108950138092
0.0,0.27943551540374756
1.0,0.2905414402484894
0.0,0.2742522656917572
1.0,0.7293781042098999
1.0,0.7184935808181763
0.0,0.2967556416988373
0.0,0.46627312898635864
1.0,0.3871067464351654
1.0,0.7228392958641052
1.0,0.5389242172241211
0.0,0.4633693993091583
1.0,0.6925185918807983
0.0,0.33618786931037903
1.0,0.6422936320304871
0.0,0.45464906096458435
0.0,0.35211294889450073
0.0,0.31655988097190857
0.0,0.29641881585121155
0.0,0.29004380106925964
1.0,0.6992071866989136
1.0,0.6860843300819397
0.0,0.302918940782547
1.0,0.729832649230957
0.0,0.31378304958343506
0.0,0.4112933576107025
0.0,0.27042463421821594
1.0,0.5216349363327026
1.0,0.7220970988273621
1.0,0.2864895462989807
1.0,0.4321412146091461
1.0,0.7304095029830933
1.0,0.7184284925460815
1.0,0.7303093671798706
0.0,0.277935653924942
1.0,0.5115197896957397
1.0,0.7265838384628296
0.0,0.27221718430519104
0.0,0.5537223815917969
0.0,0.4106714427471161
0.0,0.5606390833854675
1.0,0.2919849455356598
0.0,0.27351024746894836
0.0,0.28496986627578735
0.0,0.3273910880088806
1.0,0.6504164338111877
1.0,0.7030227184295654
1.0,0.7264529466629028
1.0,0.7264561057090759
1.0,0.7287867665290833
0.0,0.3047550320625305
0.0,0.5496252179145813
0.0,0.6267342567443848
1.0,0.7267435193061829
1.0,0.7243488430976868
0.0,0.285943865776062
0.0,0.35205158591270447
0.0,0.2738306522369385
1.0,0.7272550463676453
1.0,0.7272060513496399
1.0,0.6523075699806213
1.0,0.5212921500205994
1.0,0.4234545826911926
0.0,0.29339924454689026
0.0,0.30093905329704285
0.0,0.4698731601238251
0.0,0.6727064847946167
0.0,0.27220234274864197
1.0,0.7228670716285706
1.0,0.47101670503616333
0.0,0.34392958879470825
0.0,0.7071343660354614
1.0,0.7298596501350403
1.0,0.28823065757751465
1.0,0.7286220788955688
1.0,0.6442163586616516
1.0,0.7301636934280396
0.0,0.3457812964916229
1.0,0.7296076416969299
0.0,0.315056174993515
0.0,0.4993605315685272
1.0,0.7271067500114441
0.0,0.6475638747215271
0.0,0.38296979665756226
1.0,0.7280898094177246
0.0,0.33277133107185364
0.0,0.371511846780777
0.0,0.27291709184646606
0.0,0.3344388008117676
1.0,0.7058895826339722
0.0,0.2715429663658142
1.0,0.692887544631958
0.0,0.3724706470966339
0.0,0.6487659811973572
1.0,0.5028029680252075
0.0,0.31297004222869873
0.0,0.287553608417511
1.0,0.7096777558326721
1.0,0.7204427719116211
0.0,0.33730342984199524
1.0,0.7219465970993042
1.0,0.5607619285583496
1.0,0.645679771900177
0.0,0.3344411849975586
1.0,0.4023764431476593
1.0,0.7159901261329651
0.0,0.31502091884613037
0.0,0.5897902250289917
0.0,0.3858295679092407
1.0,0.6776474118232727
0.0,0.3485647439956665
1.0,0.43841683864593506
1.0,0.7068220973014832
1.0,0.2748500108718872
1.0,0.7007449269294739
1.0,0.7146449685096741
1.0,0.7271366119384766
0.0,0.28039494156837463
0.0,0.2808361053466797
1.0,0.7276104688644409
1.0,0.7234135270118713
0.0,0.33708250522613525
0.0,0.310280978679657
1.0,0.7267526388168335
1.0,0.7296459078788757
1.0,0.7040954828262329
0.0,0.30765649676322937
1.0,0.27445414662361145
0.0,0.2722119390964508
0.0,0.3507326543331146
1.0,0.7280586957931519
1.0,0.7262067198753357
1.0,0.7284913659095764
1.0,0.7174475193023682
0.0,0.6171059608459473
1.0,0.7249950766563416
1.0,0.3351025879383087
1.0,0.5983443856239319
1.0,0.7096004486083984
1.0,0.4777698814868927
0.0,0.45980000495910645
0.0,0.2739252746105194
0.0,0.2768992781639099
1.0,0.34958454966545105
0.0,0.47504496574401855
0.0,0.5848841667175293
1.0,0.3368705213069916
1.0,0.7225464582443237
1.0,0.28590863943099976
0.0,0.5785074830055237
1.0,0.705910861492157
1.0,0.5485894680023193
1.0,0.7269698977470398
1.0,0.6561777591705322
1.0,0.7294554114341736
0.0,0.26969438791275024
0.0,0.35408714413642883
0.0,0.3907068371772766
0.0,0.5307413935661316
0.0,0.2764738202095032
0.0,0.6005438566207886
0.0,0.37514397501945496
0.0,0.2776447832584381
1.0,0.7235002517700195
0.0,0.30845797061920166
0.0,0.3096177577972412
1.0,0.6792166829109192
0.0,0.369255393743515
1.0,0.7283868193626404
0.0,0.2977375090122223
0.0,0.2781439423561096
0.0,0.6450358033180237
0.0,0.3077809810638428
0.0,0.5003486275672913
1.0,0.7295077443122864
0.0,0.7121907472610474
1.0,0.6095280647277832
0.0,0.5636879801750183
1.0,0.7229875922203064
0.0,0.4855676293373108
1.0,0.7288458943367004
0.0,0.4804818630218506
0.0,0.4567278027534485
1.0,0.729898989200592
0.0,0.2894459068775177
1.0,0.6069535613059998
1.0,0.4803074896335602
1.0,0.6576705574989319
1.0,0.6512550711631775
0.0,0.2757200598716736
0.0,0.2900596559047699
1.0,0.6939162611961365
0.0,0.2830573618412018
1.0,0.6187251210212708
1.0,0.7236176133155823
0.0,0.28672218322753906
1.0,0.7277063131332397
1.0,0.7301640510559082
1.0,0.6227006912231445
1.0,0.7001831531524658
1.0,0.7274762988090515
0.0,0.27345967292785645
1.0,0.7137102484703064
0.0,0.2772771716117859
1.0,0.7199631333351135
0.0,0.29606425762176514
1.0,0.6977466940879822
1.0,0.7078434824943542
0.0,0.5338624715805054
1.0,0.7298118472099304
1.0,0.6720407605171204
1.0,0.42059335112571716
0.0,0.3143247365951538
0.0,0.442074179649353
0.0,0.2841745913028717
1.0,0.272795170545578
0.0,0.3556315302848816
1.0,0.7255573272705078
0.0,0.27925676107406616
0.0,0.2926546633243561
1.0,0.27515947818756104
0.0,0.30510061979293823
1.0,0.6793937683105469
1.0,0.673112690448761
0.0,0.6207841634750366
0.0,0.31193724274635315
1.0,0.618829607963562
1.0,0.39667391777038574
0.0,0.27508285641670227
0.0,0.3525361120700836
1.0,0.6116419434547424
1.0,0.7291760444641113
0.0,0.31929633021354675
0.0,0.35989534854888916
0.0,0.27119848132133484
0.0,0.6061487793922424
0.0,0.27721503376960754
1.0,0.622324526309967
0.0,0.643312931060791
0.0,0.27559608221054077
0.0,0.32171308994293213
0.0,0.27157285809516907
1.0,0.3300052881240845
0.0,0.2904648780822754
1.0,0.7092769742012024
1.0,0.2989403009414673
0.0,0.32630977034568787
1.0,0.5682615041732788
0.0,0.6645844578742981
1.0,0.7252529859542847
1.0,0.7237994074821472
0.0,0.5476953983306885
1.0,0.2992613911628723
0.0,0.6574455499649048
0.0,0.6911060214042664
1.0,0.7159490585327148
0.0,0.7126771211624146
1.0,0.70293790102005
0.0,0.2752615213394165
1.0,0.7139689326286316
1.0,0.31164616346359253
1.0,0.7057909965515137
1.0,0.7296679615974426
0.0,0.3260021507740021
1.0,0.6057444214820862
1.0,0.6903359293937683
0.0,0.31095319986343384
0.0,0.41982710361480713
1.0,0.7302781939506531
0.0,0.30977344512939453
1.0,0.7244310975074768
1.0,0.7156656980514526
0.0,0.32897403836250305
1.0,0.7220135927200317
0.0,0.2725161612033844
1.0,0.7002936601638794
1.0,0.7295008897781372
1.0,0.5599560141563416
0.0,0.7208731770515442
0.0,0.2731066048145294
1.0,0.6371598243713379
1.0,0.6829662322998047
0.0,0.27311980724334717
1.0,0.7281624674797058
0.0,0.27585461735725403
0.0,0.6007081270217896
1.0,0.7300385236740112
0.0,0.370782732963562
0.0,0.3624480664730072
1.0,0.7204644083976746
0.0,0.2849673330783844
1.0,0.6278933882713318
1.0,0.5024252533912659
0.0,0.2730947732925415
0.0,0.4764454960823059
1.0,0.4625470042228699
1.0,0.27720922231674194
0.0,0.27631211280822754
0.0,0.2999779284000397
1.0,0.7032385468482971
0.0,0.27068421244621277
1.0,0.7263728380203247
1.0,0.58820641040802
0.0,0.2897792458534241
1.0,0.5137620568275452
0.0,0.37834787368774414
1.0,0.7105467319488525
0.0,0.2868500351905823
1.0,0.6971580386161804
1.0,0.3343469202518463
1.0,0.2992129921913147
0.0,0.32060039043426514
0.0,0.32836246490478516
0.0,0.3362440764904022
1.0,0.4391583502292633
0.0,0.2861200273036957
1.0,0.49819716811180115
1.0,0.718544065952301
1.0,0.7292193174362183
0.0,0.6763213872909546
0.0,0.33214542269706726
0.0,0.2814796566963196
0.0,0.29320815205574036
0.0,0.7032985091209412
1.0,0.6280034184455872
1.0,0.7172598838806152
1.0,0.7285799980163574
1.0,0.720745325088501
0.0,0.4154793620109558
1.0,0.5893869400024414
0.0,0.6949700117111206
0.0,0.28838610649108887
0.0,0.6607478857040405
0.0,0.29521700739860535
1.0,0.7183411121368408
1.0,0.7209169268608093
0.0,0.7161336541175842
0.0,0.33071860671043396
0.0,0.3123541474342346
0.0,0.3060687482357025
0.0,0.4290520250797272
1.0,0.6093809008598328
1.0,0.6750314831733704
0.0,0.3242648243904114
0.0,0.36759278178215027
0.0,0.31224146485328674
1.0,0.7274817228317261
0.0,0.6884375810623169
1.0,0.7258162498474121
1.0,0.7211344242095947
0.0,0.2747310698032379
1.0,0.698614239692688
1.0,0.6316087245941162
1.0,0.5971599221229553
1.0,0.4207189083099365
0.0,0.4445878565311432
1.0,0.7248547077178955
0.0,0.3098408877849579
0.0,0.3342762589454651
0.0,0.27537205815315247
1.0,0.29490163922309875
1.0,0.7221450805664062
1.0,0.4312431812286377
0.0,0.2840522825717926
0.0,0.39367765188217163
0.0,0.5353814959526062
1.0,0.46076634526252747
1.0,0.7252295613288879
1.0,0.7223257422447205
1.0,0.6839679479598999
0.0,0.2723509669303894
0.0,0.602020800113678
1.0,0.714059591293335
1.0,0.7177148461341858
0.0,0.5346599817276001
0.0,0.5335355401039124
0.0,0.2715824544429779
0.0,0.6292759776115417
1.0,0.7256195545196533
0.0,0.7267383933067322
1.0,0.7037983536720276
1.0,0.7283528447151184
0.0,0.4291415214538574
1.0,0.4384528398513794
0.0,0.5928056240081787
1.0,0.5557175278663635
0.0,0.3670031428337097
1.0,0.29015883803367615
1.0,0.553715169429779
1.0,0.27647602558135986
0.0,0.646445095539093
1.0,0.5875328779220581
1.0,0.7249537706375122
0.0,0.43907758593559265
0.0,0.291227251291275
1.0,0.7115702629089355
1.0,0.7297756671905518
1.0,0.7202205061912537
0.0,0.6634770035743713
1.0,0.5977357625961304
1.0,0.7239856719970703
1.0,0.7230955362319946
0.0,0.5282382965087891
1.0,0.5478651523590088
0.0,0.7096065878868103
1.0,0.7226155996322632
1.0,0.27897369861602783
0.0,0.2746489346027374
0.0,0.32988622784614563
1.0,0.6706506609916687
1.0,0.35439640283584595
0.0,0.6337751746177673
1.0,0.7284021377563477
1.0,0.7148156762123108
0.0,0.4371536076068878
1.0,0.41119563579559326
1.0,0.6332927942276001
1.0,0.7003287672996521
1.0,0.7118257880210876
1.0,0.354796439409256
0.0,0.6789931058883667
0.0,0.30270683765411377
1.0,0.7298428416252136
0.0,0.5364859700202942
1.0,0.708596408367157
0.0,0.3703191876411438
1.0,0.7299436926841736
0.0,0.273436039686203
1.0,0.6918941736221313
1.0,0.724643886089325
1.0,0.7305635809898376
0.0,0.30004051327705383
0.0,0.382481187582016
0.0,0.5589442253112793
1.0,0.6415321230888367
0.0,0.2709442377090454
1.0,0.3034970760345459
0.0,0.3474321663379669
0.0,0.6426573991775513
0.0,0.44919976592063904
1.0,0.33550649881362915
0.0,0.41614148020744324
0.0,0.29503360390663147
1.0,0.3070652484893799
0.0,0.2740640342235565
0.0,0.27114808559417725
1.0,0.6703866720199585
0.0,0.5297409296035767
0.0,0.35539987683296204
1.0,0.7276691794395447
0.0,0.31043824553489685
1.0,0.6619371175765991
0.0,0.5965771079063416
1.0,0.6709094643592834
1.0,0.7201882600784302
1.0,0.6837126016616821
0.0,0.33817028999328613
0.0,0.5812276601791382
1.0,0.5121763944625854
0.0,0.27207037806510925
1.0,0.4849712550640106
1.0,0.7051107287406921
1.0,0.6867401003837585
0.0,0.29729482531547546
1.0,0.5381848216056824
0.0,0.2835165858268738
0.0,0.4170784652233124
0.0,0.2791185677051544
0.0,0.36610347032546997
0.0,0.5144592523574829
0.0,0.3282308280467987
0.0,0.275349497795105
0.0,0.3567129075527191
1.0,0.6985753774642944
0.0,0.3593931198120117
1.0,0.7244002819061279
1.0,0.4522552192211151
1.0,0.7203434109687805
0.0,0.31945353746414185
1.0,0.7242844104766846
0.0,0.2954173684120178
1.0,0.7261112332344055
1.0,0.5678099989891052
1.0,0.725717306137085
0.0,0.290522038936615
1.0,0.29572197794914246
1.0,0.49413973093032837
1.0,0.5016979575157166
0.0,0.706502377986908
1.0,0.7202715873718262
1.0,0.3453095555305481
0.0,0.30327436327934265
0.0,0.4536997973918915
0.0,0.7099304795265198
1.0,0.689608097076416
1.0,0.7263510823249817
1.0,0.6631953716278076
0.0,0.270483136177063
1.0,0.4940112829208374
0.0,0.6709471940994263
1.0,0.6318933367729187
1.0,0.7301844358444214
0.0,0.5654937028884888
1.0,0.7202425003051758
1.0,0.727314829826355
1.0,0.319037526845932
0.0,0.3785228431224823
1.0,0.6957701444625854
1.0,0.28201937675476074
0.0,0.3951449394226074
0.0,0.28908678889274597
1.0,0.5915300250053406
1.0,0.6768980026245117
0.0,0.2913638949394226
1.0,0.6815318465232849
0.0,0.7146319150924683
1.0,0.7148681282997131
0.0,0.45882320404052734
0.0,0.4039749503135681
1.0,0.7124775648117065
1.0,0.6773248910903931
0.0,0.3224923610687256
1.0,0.33810892701148987
1.0,0.7294710278511047
0.0,0.283837229013443
1.0,0.31251999735832214
1.0,0.3236933648586273
1.0,0.6865651607513428
1.0,0.7291261553764343
1.0,0.3629726767539978
1.0,0.7261218428611755
0.0,0.3361879885196686
1.0,0.7163463830947876
0.0,0.32311227917671204
0.0,0.5795015096664429
0.0,0.27551761269569397
1.0,0.7120156288146973
0.0,0.366412878036499
1.0,0.6124987006187439
1.0,0.27490347623825073
1.0,0.6711037158966064
0.0,0.6045997738838196
0.0,0.2821978032588959
1.0,0.59961998462677
0.0,0.5408144593238831
0.0,0.5342172384262085
0.0,0.4504590928554535
0.0,0.3114153742790222
1.0,0.7230828404426575
0.0,0.28942471742630005
0.0,0.30351611971855164
1.0,0.7007167339324951
1.0,0.7194017767906189
0.0,0.6515905261039734
0.0,0.3063511550426483
1.0,0.7242910861968994
1.0,0.5223369598388672
1.0,0.6966318488121033
1.0,0.33375412225723267
1.0,0.5841070413589478
0.0,0.5984081029891968
1.0,0.3878897726535797
0.0,0.28013738989830017
0.0,0.4759061932563782
1.0,0.7116593718528748
0.0,0.39554139971733093
1.0,0.6682581901550293
0.0,0.30540376901626587
0.0,0.4758438766002655
0.0,0.27189403772354126
1.0,0.7081460952758789
1.0,0.5869091749191284
1.0,0.2956998646259308
1.0,0.729390025138855
0.0,0.2757972776889801
1.0,0.2771514058113098
1.0,0.7217934131622314
0.0,0.2848605513572693
1.0,0.7292171716690063
0.0,0.6175397634506226
1.0,0.4559423625469208
1.0,0.5657883882522583
0.0,0.7269914150238037
1.0,0.2945934236049652
0.0,0.3237400949001312
1.0,0.3049885928630829
1.0,0.7250749468803406
0.0,0.27167657017707825
1.0,0.707603394985199
1.0,0.6957613229751587
0.0,0.36980122327804565
1.0,0.7150173783302307
1.0,0.6989371180534363
0.0,0.2921115458011627
1.0,0.7255205512046814
0.0,0.5994622707366943
0.0,0.2904815077781677
0.0,0.2917228639125824
1.0,0.7238337993621826
0.0,0.6919953227043152
0.0,0.3133809566497803
0.0,0.7222787141799927
0.0,0.34370750188827515
0.0,0.2781178653240204
0.0,0.2857365012168884
1.0,0.6887124180793762
1.0,0.6468282341957092
0.0,0.44329848885536194
1.0,0.5655314922332764
1.0,0.7218663096427917
1.0,0.2981518805027008
1.0,0.6980624794960022
1.0,0.6726686358451843
1.0,0.7236483097076416
0.0,0.7174107432365417
1.0,0.5723425149917603
1.0,0.7223072648048401
1.0,0.4914812445640564
1.0,0.704815149307251
1.0,0.40433070063591003
1.0,0.43935975432395935
0.0,0.34771451354026794
1.0,0.7207004427909851
0.0,0.2860133647918701
0.0,0.34070658683776855
0.0,0.5839007496833801
1.0,0.5412882566452026
1.0,0.6736990213394165
1.0,0.35770168900489807
1.0,0.3366382420063019
1.0,0.7214208245277405
1.0,0.7305135130882263
1.0,0.7050305008888245
0.0,0.3666113018989563
0.0,0.3987795114517212
1.0,0.7303979396820068
0.0,0.3319058418273926
1.0,0.354632169008255
0.0,0.3622700572013855
1.0,0.695121705532074
0.0,0.27071213722229004
1.0,0.7249025106430054
0.0,0.3643611967563629
1.0,0.7097623944282532
1.0,0.7246989011764526
1.0,0.7247748970985413
1.0,0.6798462271690369
1.0,0.729415774345398
0.0,0.5312934517860413
0.0,0.44914522767066956
1.0,0.6851017475128174
1.0,0.29239606857299805
0.0,0.35707715153694153
1.0,0.5866191387176514
1.0,0.6911438703536987
1.0,0.7098404765129089
0.0,0.29070284962654114
0.0,0.2846530079841614
1.0,0.7245277762413025
1.0,0.706373929977417
0.0,0.2854083776473999
0.0,0.2780851721763611
0.0,0.32123345136642456
1.0,0.27918651700019836
1.0,0.2779630124568939
1.0,0.7140253186225891
1.0,0.7204915285110474
1.0,0.6651090979576111
0.0,0.27185919880867004
0.0,0.5954135656356812
1.0,0.7296456694602966
0.0,0.3308491110801697
0.0,0.6580905914306641
0.0,0.2753450870513916
0.0,0.27667102217674255
0.0,0.2854408919811249
0.0,0.2924319803714752
0.0,0.659359335899353
0.0,0.7002868056297302
0.0,0.45144298672676086
1.0,0.7287442088127136
0.0,0.41485193371772766
0.0,0.4681612551212311
1.0,0.6743519902229309
0.0,0.5122137069702148
0.0,0.41452711820602417
0.0,0.6684989333152771
0.0,0.6918981671333313
0.0,0.48849374055862427
1.0,0.7039241790771484
0.0,0.5694653391838074
1.0,0.7260451912879944
1.0,0.3627942204475403
1.0,0.505124032497406
0.0,0.318891316652298
0.0,0.27428770065307617
1.0,0.7154515385627747
1.0,0.7295130491256714
0.0,0.3147487938404083
1.0,0.6602936387062073
1.0,0.7130798101425171
1.0,0.7174873352050781
0.0,0.44218873977661133
0.0,0.6307585835456848
1.0,0.7284483313560486
0.0,0.6569331288337708
1.0,0.33896350860595703
1.0,0.6835774183273315
1.0,0.632107138633728
1.0,0.5126587748527527
0.0,0.6993179321289062
1.0,0.645585834980011
0.0,0.27702850103378296
0.0,0.46529993414878845
0.0,0.28570058941841125
0.0,0.28731977939605713
0.0,0.3159981966018677
1.0,0.7151281833648682
1.0,0.6689498424530029
1.0,0.7301104068756104
1.0,0.7286986708641052
0.0,0.3339765667915344
0.0,0.6502465009689331
1.0,0.7283875346183777
1.0,0.3716101348400116
0.0,0.28381213545799255
0.0,0.3918611705303192
1.0,0.7098252773284912
0.0,0.4313037097454071
0.0,0.34160587191581726
1.0,0.5034712553024292
0.0,0.28632184863090515
1.0,0.6876312494277954
0.0,0.4013698697090149
1.0,0.46530449390411377
0.0,0.31343528628349304
1.0,0.7282252907752991
1.0,0.7098701596260071
1.0,0.7282510995864868
1.0,0.43871068954467773
1.0,0.6415148377418518
0.0,0.7262489199638367
0.0,0.27253401279449463
1.0,0.6815820932388306
1.0,0.7101173996925354
1.0,0.7268106937408447
1.0,0.5442506670951843
0.0,0.28284910321235657
0.0,0.30535945296287537
0.0,0.2865715026855469
1.0,0.2804201543331146
1.0,0.7115697264671326
1.0,0.6969531178474426
1.0,0.4538990259170532
0.0,0.46533262729644775
0.0,0.2748256325721741
0.0,0.32155656814575195
1.0,0.5273011326789856
0.0,0.3735623061656952
1.0,0.6126413941383362
1.0,0.7274442315101624
1.0,0.4657561779022217
1.0,0.6555593013763428
0.0,0.32423198223114014
0.0,0.4836390018463135
0.0,0.27429503202438354
0.0,0.2830900549888611
0.0,0.27597394585609436
0.0,0.6951545476913452
0.0,0.558516263961792
0.0,0.28683754801750183
0.0,0.44676899909973145
1.0,0.7231703400611877
1.0,0.7192913889884949
0.0,0.2965449094772339
1.0,0.7302179932594299
1.0,0.7283437848091125
1.0,0.72890305519104
1.0,0.2807362377643585
0.0,0.40188783407211304
1.0,0.7300572991371155
0.0,0.2920368015766144
0.0,0.2903903126716614
1.0,0.5364102125167847
0.0,0.3177117109298706
0.0,0.4470330774784088
1.0,0.7042859792709351
1.0,0.6967598795890808
0.0,0.3751188814640045
1.0,0.534644603729248
0.0,0.2866365313529968
0.0,0.27393487095832825
0.0,0.32393863797187805
0.0,0.4140477478504181
0.0,0.33425432443618774
0.0,0.28886184096336365
0.0,0.33297351002693176
0.0,0.2776348292827606
0.0,0.2763509750366211
1.0,0.7138277292251587
0.0,0.43900373578071594
1.0,0.291981041431427
0.0,0.27912789583206177
1.0,0.7286707162857056
1.0,0.7131513357162476
1.0,0.7274255156517029
0.0,0.7242411971092224
1.0,0.7289198040962219
1.0,0.28489983081817627
1.0,0.7258448600769043
0.0,0.2705177664756775
1.0,0.7291926145553589
1.0,0.6131865382194519
0.0,0.2725042402744293
1.0,0.7267454862594604
1.0,0.6436703205108643
1.0,0.6491712331771851
1.0,0.5155412554740906
0.0,0.5921899080276489
1.0,0.7187521457672119
1.0,0.38833826780319214
0.0,0.2879597842693329
0.0,0.5033246874809265
1.0,0.2950901389122009
0.0,0.41297030448913574
1.0,0.7247228026390076
1.0,0.5938320755958557
0.0,0.35748395323753357
0.0,0.6628848314285278
0.0,0.2891053855419159
1.0,0.6742043495178223
0.0,0.3025524616241455
0.0,0.32368209958076477
0.0,0.28016167879104614
0.0,0.34871411323547363
1.0,0.6702953577041626
0.0,0.6910752058029175
0.0,0.27318641543388367
0.0,0.6380261182785034
1.0,0.720002293586731
1.0,0.7265761494636536
1.0,0.6383905410766602
1.0,0.38074082136154175
0.0,0.478502482175827
1.0,0.7276322841644287
1.0,0.5529946684837341
0.0,0.2789117693901062
1.0,0.44336050748825073
1.0,0.7285688519477844
1.0,0.3838058412075043
1.0,0.7291338443756104
0.0,0.2724435031414032
0.0,0.4021275043487549
0.0,0.2737277150154114
1.0,0.6461874842643738
0.0,0.2707652449607849
0.0,0.3552044928073883
0.0,0.6421782970428467
0.0,0.28970423340797424
0.0,0.4360553026199341
1.0,0.29626959562301636
1.0,0.5138365030288696
1.0,0.2782692313194275
1.0,0.7077324390411377
1.0,0.6864263415336609
0.0,0.33203399181365967
1.0,0.7175320982933044
1.0,0.720798134803772
0.0,0.5730788707733154
0.0,0.4312920868396759
0.0,0.3175643980503082
0.0,0.29146313667297363
1.0,0.28302663564682007
0.0,0.316333144903183
0.0,0.4118034839630127
1.0,0.70075523853302
0.0,0.3338829576969147
1.0,0.3023426830768585
0.0,0.30005955696105957
1.0,0.6108986735343933
1.0,0.6051984429359436
1.0,0.7175914645195007
1.0,0.2878449559211731
0.0,0.278705894947052
0.0,0.27707746624946594
1.0,0.5084909200668335
1.0,0.6340858936309814
0.0,0.5390509963035583
1.0,0.6826218962669373
1.0,0.7191088795661926
1.0,0.5676836967468262
1.0,0.728413999080658
1.0,0.7298349738121033
1.0,0.7282025814056396
0.0,0.7038742303848267
1.0,0.7271270155906677
0.0,0.3529619574546814
1.0,0.5785756707191467
1.0,0.7303456664085388
1.0,0.33602017164230347
0.0,0.7191169261932373
1.0,0.3064016103744507
1.0,0.7289170622825623
1.0,0.6883959174156189
0.0,0.3142818212509155
0.0,0.6916912198066711
0.0,0.2936273217201233
0.0,0.7060837745666504
1.0,0.28236818313598633
0.0,0.47730138897895813
0.0,0.2721627652645111
0.0,0.39182770252227783
1.0,0.6041385531425476
0.0,0.30226263403892517
0.0,0.3059121072292328
0.0,0.272680401802063
0.0,0.2940402925014496
0.0,0.6776607632637024
0.0,0.28971022367477417
1.0,0.7294332981109619
1.0,0.7243762612342834
0.0,0.2736434042453766
1.0,0.725945770740509
0.0,0.42872199416160583
1.0,0.727081835269928
1.0,0.46360573172569275
1.0,0.71431964635849
0.0,0.3472535312175751
1.0,0.5180948376655579
0.0,0.2720213234424591
0.0,0.6988186240196228
1.0,0.7137470841407776
1.0,0.38655462861061096
0.0,0.27187296748161316
0.0,0.5550406575202942
0.0,0.37200549244880676
1.0,0.6850395798683167
0.0,0.305645614862442
0.0,0.5088989734649658
1.0,0.7216748595237732
0.0,0.5734608173370361
0.0,0.27957865595817566
1.0,0.7101680040359497
1.0,0.687718391418457
1.0,0.6894787549972534
0.0,0.3105616867542267
1.0,0.6299901008605957
0.0,0.4417364001274109
0.0,0.36954858899116516
0.0,0.3038021922111511
0.0,0.27089130878448486
1.0,0.522065281867981
0.0,0.3620312213897705
0.0,0.3966854214668274
1.0,0.34215864539146423
1.0,0.6134511232376099
1.0,0.5539281964302063
1.0,0.7305201292037964
1.0,0.7214280962944031
0.0,0.2833353877067566
0.0,0.28017187118530273
1.0,0.7150890827178955
1.0,0.7280055284500122
1.0,0.7293462157249451
0.0,0.30643805861473083
1.0,0.7292404770851135
0.0,0.3029598295688629
1.0,0.6240374445915222
0.0,0.2989756166934967
1.0,0.7291991114616394
0.0,0.27468153834342957
0.0,0.3166468143463135
1.0,0.6619867086410522
1.0,0.6650139093399048
0.0,0.5103559494018555
0.0,0.537084698677063
0.0,0.46772894263267517
0.0,0.39415472745895386
1.0,0.5785236954689026
1.0,0.3750440776348114
0.0,0.3153305649757385
0.0,0.6159368753433228
0.0,0.34027963876724243
1.0,0.692865252494812
1.0,0.645205557346344
0.0,0.34051620960235596
1.0,0.5992600917816162
0.0,0.5316545367240906
0.0,0.7261448502540588
1.0,0.7297033071517944
1.0,0.7191891074180603
1.0,0.7171902060508728
0.0,0.3146929144859314
1.0,0.6631187796592712
0.0,0.3789272904396057
1.0,0.7300425171852112
0.0,0.4689015746116638
0.0,0.6539590358734131
1.0,0.7238558530807495
0.0,0.29861822724342346
0.0,0.3018382489681244
0.0,0.290414959192276
1.0,0.7275240421295166
1.0,0.28380686044692993
1.0,0.47362053394317627
0.0,0.3534615635871887
1.0,0.6671409010887146
1.0,0.7280725836753845
1.0,0.55987548828125
0.0,0.3834383487701416
1.0,0.6367312669754028
0.0,0.5267356038093567
0.0,0.2963096797466278
1.0,0.7216902375221252
1.0,0.5699664950370789
0.0,0.2737904191017151
1.0,0.3363717496395111
1.0,0.7168899774551392
0.0,0.621684193611145
0.0,0.4021402895450592
0.0,0.27350959181785583
0.0,0.3018372356891632
0.0,0.30143773555755615
0.0,0.30936217308044434
0.0,0.4773501455783844
1.0,0.7294103503227234
0.0,0.42784976959228516
1.0,0.7204598784446716
0.0,0.2724379003047943
0.0,0.5614089369773865
0.0,0.2723521292209625
0.0,0.2922888994216919
0.0,0.2775215208530426
0.0,0.2712751030921936
1.0,0.526857852935791
1.0,0.6832618713378906
0.0,0.33455735445022583
0.0,0.30236098170280457
0.0,0.2912500500679016
0.0,0.32905498147010803
1.0,0.722296416759491
0.0,0.5248360633850098
0.0,0.2733376920223236
1.0,0.6909008622169495
1.0,0.7284651398658752
0.0,0.2750858664512634
0.0,0.5009304881095886
1.0,0.7269513010978699
0.0,0.4104147255420685
0.0,0.40899568796157837
0.0,0.30683866143226624
1.0,0.7231842875480652
1.0,0.7295278310775757
1.0,0.7291713953018188
0.0,0.28968435525894165
1.0,0.6963337659835815
1.0,0.5546725392341614
0.0,0.48076048493385315
1.0,0.6688538193702698
0.0,0.4310590922832489
1.0,0.7273102402687073
0.0,0.46585074067115784
1.0,0.6854807734489441
1.0,0.7198365330696106
1.0,0.30688512325286865
0.0,0.28259924054145813
1.0,0.7283783555030823
0.0,0.30216869711875916
0.0,0.3798547089099884
0.0,0.7003088593482971
0.0,0.34144121408462524
0.0,0.27195656299591064
1.0,0.3276807367801666
1.0,0.3329194486141205
1.0,0.7225810289382935
1.0,0.47673216462135315
0.0,0.28491494059562683
0.0,0.6760088205337524
1.0,0.6271778345108032
0.0,0.27745532989501953
1.0,0.5619751811027527
0.0,0.5680376291275024
0.0,0.27238816022872925
0.0,0.27849647402763367
0.0,0.3071291446685791
0.0,0.27487751841545105
0.0,0.2930096685886383
0.0,0.31491023302078247
0.0,0.3163725435733795
1.0,0.7231253385543823
1.0,0.7174192070960999
0.0,0.2920367121696472
0.0,0.2756953835487366
0.0,0.6625404953956604
1.0,0.6573597192764282
0.0,0.2841712534427643
0.0,0.30587831139564514
0.0,0.32568490505218506
0.0,0.5700811147689819
1.0,0.27565380930900574
0.0,0.41289615631103516
0.0,0.2855290174484253
0.0,0.45527157187461853
1.0,0.7168306112289429
1.0,0.7210217714309692
1.0,0.7249882817268372
1.0,0.6701106429100037
0.0,0.29659348726272583
0.0,0.3070715665817261
0.0,0.32026490569114685
0.0,0.3623563051223755
0.0,0.7171360850334167
1.0,0.7024378180503845
1.0,0.710670530796051
1.0,0.7103351354598999
1.0,0.7296382188796997
0.0,0.30410411953926086
1.0,0.6817458868026733
1.0,0.39471790194511414
1.0,0.7300786375999451
0.0,0.4562038481235504
0.0,0.5440424084663391
1.0,0.7278015613555908
1.0,0.7294653058052063
1.0,0.38873013854026794
1.0,0.6528648734092712
0.0,0.3314308524131775
0.0,0.28606298565864563
0.0,0.363533616065979
0.0,0.2717704176902771
0.0,0.2783949077129364
0.0,0.6701936721801758
0.0,0.4611973464488983
1.0,0.7295548319816589
1.0,0.6048746109008789
1.0,0.4077867865562439
1.0,0.5343666076660156
1.0,0.71844482421875
0.0,0.3533552289009094
1.0,0.6886969804763794
0.0,0.5852269530296326
1.0,0.729522705078125
1.0,0.4041389524936676
1.0,0.7253974080085754
0.0,0.5031634569168091
0.0,0.31518906354904175
0.0,0.35056376457214355
1.0,0.6439000964164734
1.0,0.3313833475112915
1.0,0.7165718078613281
0.0,0.2750943899154663
0.0,0.31032511591911316
1.0,0.3890749216079712
0.0,0.3995307981967926
0.0,0.4933655858039856
1.0,0.5821608901023865
0.0,0.3285466432571411
1.0,0.7228353023529053
1.0,0.7291162014007568
0.0,0.3340791165828705
0.0,0.35046136379241943
1.0,0.5757699608802795
1.0,0.6995704770088196
1.0,0.49966880679130554
0.0,0.2738312780857086
1.0,0.5389981865882874
1.0,0.3626405894756317
0.0,0.3126080334186554
1.0,0.31675592064857483
1.0,0.689382791519165
1.0,0.7296463251113892
0.0,0.44445809721946716
1.0,0.7257183790206909
1.0,0.6466261744499207
0.0,0.27770715951919556
1.0,0.7188093066215515
1.0,0.5862330198287964
0.0,0.47334542870521545
0.0,0.2820771634578705
1.0,0.7287413477897644
0.0,0.29202592372894287
0.0,0.28911834955215454
1.0,0.2961743474006653
1.0,0.6954747438430786
0.0,0.5611549615859985
0.0,0.5871903896331787
0.0,0.6880812644958496
0.0,0.4339766800403595
0.0,0.33541327714920044
0.0,0.2842422425746918
0.0,0.2768583297729492
0.0,0.6796590089797974
1.0,0.7275157570838928
0.0,0.6519856452941895
1.0,0.7276501655578613
0.0,0.5561808943748474
1.0,0.6663857698440552
0.0,0.32394862174987793
0.0,0.27245664596557617
0.0,0.27638840675354004
0.0,0.2713299095630646
0.0,0.2866523563861847
0.0,0.295297771692276
0.0,0.6917350888252258
1.0,0.7274891138076782
0.0,0.5014151334762573
1.0,0.7009456753730774
1.0,0.6643004417419434
0.0,0.30909463763237
1.0,0.4001079201698303
1.0,0.3141557276248932
1.0,0.7164483070373535
1.0,0.35471197962760925
0.0,0.37489810585975647
0.0,0.3874814808368683
0.0,0.29383328557014465
0.0,0.4407801032066345
1.0,0.7115585207939148
0.0,0.2766139805316925
0.0,0.28308919072151184
0.0,0.31466802954673767
0.0,0.5295647978782654
1.0,0.7292072772979736
1.0,0.4643647372722626
0.0,0.28021958470344543
1.0,0.4567846953868866
0.0,0.7299794554710388
0.0,0.299358606338501
0.0,0.37348461151123047
1.0,0.5193747282028198
0.0,0.34963366389274597
0.0,0.27547556161880493
0.0,0.6362946033477783
0.0,0.27055731415748596
1.0,0.729462742805481
1.0,0.7251836657524109
1.0,0.7302099466323853
0.0,0.3099808096885681
1.0,0.6054425239562988
0.0,0.34388384222984314
1.0,0.5416462421417236
0.0,0.35319915413856506
0.0,0.3887026906013489
0.0,0.28476881980895996
1.0,0.7196536064147949
1.0,0.5297601819038391
0.0,0.4974045157432556
1.0,0.3848682641983032
0.0,0.5452688336372375
1.0,0.6694892644882202
0.0,0.4286003112792969
1.0,0.7167345285415649
0.0,0.7252305746078491
0.0,0.30242976546287537
0.0,0.7236036062240601
0.0,0.6002919673919678
0.0,0.27069616317749023
1.0,0.28088170289993286
0.0,0.2993094325065613
1.0,0.7003188133239746
0.0,0.2976870536804199
0.0,0.3218303918838501
0.0,0.5005698800086975
1.0,0.2831025719642639
1.0,0.6991038918495178
0.0,0.6914021968841553
0.0,0.3092583417892456
0.0,0.5026984214782715
1.0,0.7138364911079407
1.0,0.7284275889396667
0.0,0.7116228938102722
0.0,0.2840580344200134
1.0,0.7181814908981323
1.0,0.7184228301048279
0.0,0.28743380308151245
1.0,0.718891978263855
0.0,0.27209198474884033
1.0,0.7057458758354187
0.0,0.5180960893630981
0.0,0.7263132929801941
0.0,0.2716602087020874
0.0,0.6359981298446655
1.0,0.541837215423584
1.0,0.7282611131668091
1.0,0.3119064271450043
1.0,0.5212230682373047
1.0,0.6795926690101624
1.0,0.7169209122657776
1.0,0.6126917600631714
1.0,0.6779292225837708
1.0,0.47099414467811584
1.0,0.7055782675743103
0.0,0.28486523032188416
0.0,0.31857869029045105
1.0,0.7258390188217163
1.0,0.6316413879394531
0.0,0.6238812208175659
1.0,0.6836622357368469
1.0,0.6967713832855225
0.0,0.6622433066368103
1.0,0.70128333568573
0.0,0.3807273209095001
0.0,0.29713132977485657
1.0,0.7085784077644348
0.0,0.3691959083080292
1.0,0.7047590017318726
0.0,0.2817346751689911
0.0,0.29615429043769836
0.0,0.43434515595436096
0.0,0.2781672179698944
1.0,0.730127215385437
1.0,0.6687144041061401
1.0,0.28279057145118713
1.0,0.3600476384162903
0.0,0.36110636591911316
0.0,0.34458279609680176
1.0,0.7280409932136536
0.0,0.28323933482170105
1.0,0.6631810665130615
0.0,0.7121318578720093
0.0,0.32491445541381836
1.0,0.7026107907295227
1.0,0.3692113161087036
0.0,0.2861626446247101
0.0,0.5999521613121033
1.0,0.5173967480659485
1.0,0.56940758228302
1.0,0.6203023791313171
0.0,0.29782557487487793
0.0,0.27681058645248413
0.0,0.2821294069290161
1.0,0.30303892493247986
1.0,0.7281427383422852
0.0,0.704259991645813
1.0,0.7245798707008362
1.0,0.3208143711090088
0.0,0.29136350750923157
1.0,0.4673769772052765
1.0,0.7284602522850037
1.0,0.7270077466964722
1.0,0.6988133192062378
1.0,0.6318534016609192
0.0,0.4696308374404907
1.0,0.7278302311897278
1.0,0.5945079922676086
0.0,0.7157715559005737
1.0,0.6888001561164856
1.0,0.41218137741088867
1.0,0.6740429401397705
1.0,0.6836477518081665
1.0,0.6490899920463562
0.0,0.42984166741371155
1.0,0.7048192620277405
0.0,0.2816272974014282
0.0,0.3416295349597931
0.0,0.27743491530418396
1.0,0.7268049120903015
1.0,0.7095245122909546
1.0,0.6891042590141296
1.0,0.7231287956237793
0.0,0.33377009630203247
1.0,0.7288174033164978
0.0,0.32405292987823486
0.0,0.471754789352417
1.0,0.7305026054382324
0.0,0.36541831493377686
1.0,0.5697397589683533
0.0,0.3014325499534607
0.0,0.2728261947631836
0.0,0.2799159288406372
1.0,0.5051968693733215
0.0,0.2797137200832367
0.0,0.3465256690979004
1.0,0.4329938590526581
1.0,0.7280827760696411
1.0,0.7301069498062134
1.0,0.7246487140655518
1.0,0.28409597277641296
0.0,0.4029070734977722
1.0,0.6071160435676575
1.0,0.7231332063674927
0.0,0.4407358467578888
0.0,0.6769207715988159
1.0,0.36798202991485596
1.0,0.6810837984085083
0.0,0.39195042848587036
1.0,0.5897684693336487
0.0,0.2987689971923828
0.0,0.3143581449985504
0.0,0.7254339456558228
0.0,0.604201078414917
0.0,0.2795467674732208
0.0,0.3788394331932068
1.0,0.6988223195075989
0.0,0.5236311554908752
0.0,0.2888689935207367
1.0,0.6254642605781555
0.0,0.27130964398384094
1.0,0.3305211663246155
0.0,0.7150261998176575
0.0,0.31923213601112366
0.0,0.2920590341091156
0.0,0.29219716787338257
0.0,0.5714607834815979
1.0,0.38942235708236694
0.0,0.28124871850013733
1.0,0.7104007601737976
0.0,0.35379302501678467
1.0,0.702908992767334
1.0,0.2829912602901459
1.0,0.7014148831367493
0.0,0.31999266147613525
0.0,0.6342394351959229
0.0,0.3743625283241272
0.0,0.5333466529846191
1.0,0.4572375416755676
1.0,0.6391870975494385
0.0,0.617429792881012
0.0,0.26955029368400574
0.0,0.42244061827659607
1.0,0.6523991823196411
1.0,0.73005211353302
0.0,0.2798554301261902
0.0,0.33678069710731506
1.0,0.47187453508377075
1.0,0.7174721360206604
0.0,0.4450877606868744
0.0,0.4018440842628479
1.0,0.4868861436843872
0.0,0.3240797519683838
0.0,0.679186224937439
0.0,0.5604238510131836
1.0,0.7282517552375793
0.0,0.2846033573150635
1.0,0.7260857820510864
0.0,0.3760035037994385
1.0,0.6785930395126343
0.0,0.4163762032985687
0.0,0.31186461448669434
1.0,0.726203441619873
1.0,0.7247082591056824
0.0,0.4551701843738556
0.0,0.34298691153526306
0.0,0.2819008529186249
0.0,0.2907175123691559
1.0,0.721301794052124
0.0,0.2993221879005432
1.0,0.6726936101913452
1.0,0.7171214818954468
0.0,0.5476951003074646
1.0,0.7215510606765747
0.0,0.2820959687232971
0.0,0.38375210762023926
0.0,0.2855905592441559
1.0,0.29321354627609253
0.0,0.275437593460083
1.0,0.7297451496124268
0.0,0.3069298565387726
0.0,0.3044625520706177
0.0,0.303187757730484
0.0,0.2927553951740265
0.0,0.3525403141975403
1.0,0.7189043164253235
1.0,0.6943486332893372
0.0,0.4974069595336914
0.0,0.6559247374534607
0.0,0.41238805651664734
1.0,0.7285966873168945
1.0,0.37917107343673706
1.0,0.6894141435623169
0.0,0.35013461112976074
0.0,0.32273274660110474
1.0,0.41459137201309204
0.0,0.718101441860199
0.0,0.29619210958480835
0.0,0.5264512896537781
1.0,0.695664644241333
1.0,0.34873166680336
0.0,0.40687331557273865
0.0,0.4198300838470459
1.0,0.7113763689994812
1.0,0.36375123262405396
0.0,0.3533911406993866
1.0,0.7033695578575134
1.0,0.7021886706352234
0.0,0.656355619430542
0.0,0.279992014169693
1.0,0.7261301279067993
1.0,0.6665899753570557
1.0,0.5303823351860046
0.0,0.2873198688030243
1.0,0.38873013854026794
1.0,0.7221402525901794
1.0,0.6520275473594666
1.0,0.7015327215194702
1.0,0.7142379283905029
0.0,0.5301398038864136
1.0,0.7237617373466492
0.0,0.2937619090080261
0.0,0.7082414627075195
0.0,0.2742721438407898
0.0,0.27540066838264465
0.0,0.4050290286540985
1.0,0.7100428342819214
1.0,0.3477247655391693
0.0,0.289755642414093
0.0,0.3017520606517792
1.0,0.3106530010700226
1.0,0.7284482717514038
0.0,0.30706337094306946
0.0,0.6106629371643066
1.0,0.7250523567199707
0.0,0.2847353518009186
1.0,0.7285578846931458
1.0,0.31827402114868164
0.0,0.4085087180137634
1.0,0.6143583059310913
1.0,0.6952246427536011
0.0,0.3914797902107239
0.0,0.2842162251472473
0.0,0.5793008208274841
1.0,0.5602098703384399
0.0,0.41113534569740295
1.0,0.7220598459243774
0.0,0.47983017563819885
1.0,0.7194991707801819
1.0,0.7214813828468323
0.0,0.6168586611747742
0.0,0.27420616149902344
1.0,0.5252033472061157
1.0,0.7289397120475769
0.0,0.2780761122703552
0.0,0.2936456799507141
1.0,0.72779381275177
0.0,0.31449174880981445
0.0,0.6429341435432434
1.0,0.7194361686706543
1.0,0.6021401882171631
1.0,0.6715105772018433
0.0,0.5827451348304749
0.0,0.39513295888900757
1.0,0.6938130259513855
1.0,0.7240824103355408
1.0,0.37025532126426697
0.0,0.6252807974815369
1.0,0.3764666020870209
1.0,0.6072537302970886
1.0,0.4591728150844574
0.0,0.7077405452728271
0.0,0.43203088641166687
0.0,0.6581916809082031
1.0,0.5658553242683411
1.0,0.6075729727745056
0.0,0.4648089110851288
0.0,0.2846880257129669
1.0,0.2845367193222046
0.0,0.28099414706230164
0.0,0.3175402581691742
0.0,0.30265578627586365
1.0,0.6944077014923096
1.0,0.6874029636383057
0.0,0.31700456142425537
0.0,0.6658207774162292
1.0,0.710403323173523
0.0,0.498203307390213
0.0,0.3594558537006378
1.0,0.6837944388389587
1.0,0.3038705289363861
0.0,0.27075061202049255
0.0,0.2715270519256592
0.0,0.28422465920448303
1.0,0.6406348347663879
1.0,0.722571074962616
0.0,0.31499162316322327
1.0,0.5947006940841675
0.0,0.289397269487381
0.0,0.33030274510383606
0.0,0.2775476574897766
0.0,0.667589545249939
1.0,0.684604287147522
0.0,0.2746041417121887
1.0,0.7121865749359131
0.0,0.27088096737861633
1.0,0.711923360824585
0.0,0.6500899195671082
0.0,0.6648516058921814
0.0,0.3108256757259369
0.0,0.3428010642528534
1.0,0.728114664554596
0.0,0.30033984780311584
1.0,0.4158668518066406
1.0,0.7114245295524597
1.0,0.7297379970550537
1.0,0.7256551384925842
0.0,0.6906241774559021
1.0,0.7167906761169434
0.0,0.2775498628616333
0.0,0.3526676595211029
0.0,0.4310113191604614
0.0,0.5018703937530518
1.0,0.27603229880332947
0.0,0.6813352108001709
1.0,0.34749940037727356
1.0,0.7223202586174011
1.0,0.2839520573616028
0.0,0.41731026768684387
1.0,0.7195475697517395
1.0,0.7241424918174744
1.0,0.7291436195373535
1.0,0.5924646258354187
1.0,0.6666262149810791
1.0,0.7044264674186707
1.0,0.5167981386184692
1.0,0.6908252239227295
0.0,0.34924349188804626
1.0,0.7017824649810791
1.0,0.618489146232605
1.0,0.6973849534988403
1.0,0.720569372177124
1.0,0.724736750125885
1.0,0.5823503732681274
0.0,0.6415772438049316
1.0,0.7188119888305664
1.0,0.7004292607307434
0.0,0.31664973497390747
0.0,0.36451825499534607
1.0,0.3287845551967621
0.0,0.29941117763519287
1.0,0.7294028997421265
0.0,0.5173391103744507
1.0,0.6569501161575317
0.0,0.5749694108963013
1.0,0.27181366086006165
0.0,0.2831658124923706
1.0,0.7269630432128906
1.0,0.7260388731956482
0.0,0.3332141935825348
0.0,0.3107239305973053
1.0,0.6650537848472595
0.0,0.2743634283542633
0.0,0.270118772983551
1.0,0.7130394577980042
0.0,0.3128252625465393
1.0,0.5631901621818542
1.0,0.43317461013793945
1.0,0.7259042263031006
1.0,0.5936578512191772
1.0,0.7248320579528809
1.0,0.6911805272102356
1.0,0.5854557752609253
1.0,0.7130289077758789
1.0,0.7232961654663086
0.0,0.5298155546188354
1.0,0.7288274765014648
1.0,0.7209808230400085
1.0,0.7093925476074219
0.0,0.29781627655029297
1.0,0.7124748826026917
0.0,0.44297921657562256
1.0,0.5503208041191101
1.0,0.32778969407081604
1.0,0.6528366804122925
1.0,0.4702984392642975
0.0,0.27366334199905396
0.0,0.3502262532711029
1.0,0.7293732166290283
1.0,0.5325719118118286
0.0,0.3157995641231537
1.0,0.6770198941230774
0.0,0.2850680649280548
1.0,0.7186461091041565
0.0,0.3496783673763275
0.0,0.3610801100730896
1.0,0.7280026078224182
1.0,0.7303272485733032
0.0,0.6153067350387573
0.0,0.27334633469581604
0.0,0.6825115084648132
1.0,0.7239035964012146
0.0,0.28496891260147095
0.0,0.27362534403800964
1.0,0.7280864119529724
0.0,0.2831641137599945
1.0,0.7279154062271118
1.0,0.7136195302009583
1.0,0.6742033362388611
1.0,0.6578724384307861
1.0,0.47804567217826843
1.0,0.2703016698360443
1.0,0.7245710492134094
0.0,0.27539294958114624
1.0,0.29795968532562256
0.0,0.7205150127410889
1.0,0.7143122553825378
0.0,0.2761809229850769
0.0,0.3596518039703369
1.0,0.7301532626152039
0.0,0.31025901436805725
0.0,0.280426025390625
0.0,0.34276482462882996
1.0,0.6709058284759521
1.0,0.7286210656166077
1.0,0.5135501623153687
1.0,0.7013775706291199
1.0,0.3866274654865265
1.0,0.5551579594612122
0.0,0.3261622488498688
1.0,0.49946650862693787
1.0,0.349195271730423
0.0,0.34965792298316956
1.0,0.6886610388755798
1.0,0.509050190448761
1.0,0.7193951606750488
0.0,0.28210151195526123
1.0,0.7278910279273987
0.0,0.27167707681655884
0.0,0.7105318903923035
0.0,0.4790607690811157
0.0,0.7233626842498779
0.0,0.47514569759368896
1.0,0.717981219291687
1.0,0.7265469431877136
0.0,0.3086068034172058
1.0,0.7205769419670105
1.0,0.3303711712360382
0.0,0.3496689200401306
1.0,0.7251644134521484
1.0,0.5459213852882385
0.0,0.5330513715744019
1.0,0.7239674925804138
1.0,0.7108168005943298
1.0,0.7122058868408203
0.0,0.3182621896266937
1.0,0.6739905476570129
1.0,0.7134962677955627
1.0,0.705928385257721
0.0,0.28548330068588257
0.0,0.27054938673973083
1.0,0.38995561003685
0.0,0.5238252282142639
0.0,0.27303677797317505
0.0,0.289043128490448
0.0,0.2995511293411255
1.0,0.715860903263092
1.0,0.408346951007843
0.0,0.27042824029922485
1.0,0.31440606713294983
0.0,0.30601564049720764
1.0,0.7145412564277649
1.0,0.5591136813163757
0.0,0.3006685972213745
0.0,0.3055206537246704
0.0,0.32167840003967285
1.0,0.7289076447486877
0.0,0.28280922770500183
0.0,0.6025903820991516
0.0,0.6352907419204712
1.0,0.6790133118629456
1.0,0.630763053894043
1.0,0.723210871219635
0.0,0.28571727871894836
1.0,0.5994967222213745
1.0,0.724789023399353
1.0,0.6778000593185425
0.0,0.3498510420322418
0.0,0.2729607820510864
1.0,0.6968001127243042
1.0,0.5660043358802795
0.0,0.363015353679657
0.0,0.588578462600708
0.0,0.3055843114852905
1.0,0.6420007348060608
1.0,0.6327095627784729
0.0,0.2880447208881378
0.0,0.5105524063110352
0.0,0.31901684403419495
1.0,0.7278851270675659
1.0,0.7192623019218445
0.0,0.27248451113700867
1.0,0.681838870048523
0.0,0.28387245535850525
0.0,0.2840438187122345
1.0,0.3285622298717499
0.0,0.4537355303764343
1.0,0.5631521344184875
0.0,0.27301207184791565
0.0,0.31957441568374634
1.0,0.6106565594673157
0.0,0.3885876536369324
1.0,0.7208684086799622
1.0,0.7214534878730774
0.0,0.30226391553878784
0.0,0.293443888425827
1.0,0.6966332197189331
0.0,0.27260687947273254
1.0,0.7288826107978821
0.0,0.2966160476207733
0.0,0.29558125138282776
0.0,0.2886222302913666
1.0,0.3355175852775574
1.0,0.31409281492233276
1.0,0.7230930924415588
0.0,0.3017542064189911
1.0,0.7164849042892456
0.0,0.5115547180175781
1.0,0.6475605368614197
1.0,0.43213409185409546
1.0,0.7181394100189209
1.0,0.6748582720756531
0.0,0.6644803285598755
0.0,0.4512875974178314
1.0,0.7300903797149658
1.0,0.7081732749938965
1.0,0.7207995057106018
1.0,0.7242493033409119
0.0,0.7253020405769348
1.0,0.7101892828941345
1.0,0.725155770778656
1.0,0.4747677147388458
0.0,0.3470902740955353
1.0,0.680335521697998
1.0,0.7163423895835876
0.0,0.28247150778770447
0.0,0.36587899923324585
0.0,0.6494023203849792
0.0,0.2832396626472473
1.0,0.46280157566070557
1.0,0.6827821731567383
1.0,0.7178325653076172
0.0,0.2798324227333069
1.0,0.7288811206817627
0.0,0.34579822421073914
1.0,0.7299027442932129
1.0,0.6518064737319946
1.0,0.3031720817089081
1.0,0.274623304605484
0.0,0.2807803153991699
1.0,0.6657208204269409
0.0,0.4773835241794586
0.0,0.7261212468147278
0.0,0.6228300929069519
0.0,0.6623431444168091
1.0,0.7210282683372498
0.0,0.28912386298179626
0.0,0.5183137059211731
1.0,0.726860523223877
0.0,0.34311971068382263
1.0,0.32809680700302124
1.0,0.4573974013328552
1.0,0.7261250615119934
0.0,0.30025118589401245
1.0,0.7304055094718933
0.0,0.39054298400878906
0.0,0.2858343720436096
1.0,0.5100033283233643
1.0,0.7280924320220947
0.0,0.27875351905822754
1.0,0.4311641752719879
0.0,0.2772647440433502
0.0,0.29263854026794434
0.0,0.2989804148674011
1.0,0.7252755165100098
1.0,0.6033779382705688
0.0,0.495268851518631
1.0,0.6941527724266052
1.0,0.6773441433906555
1.0,0.5122325420379639
0.0,0.27274101972579956
0.0,0.3038862943649292
1.0,0.49446168541908264
0.0,0.29162153601646423
1.0,0.7278451919555664
0.0,0.3240395486354828
0.0,0.2986268401145935
0.0,0.2701573967933655
0.0,0.37002289295196533
0.0,0.693655252456665
1.0,0.5613317489624023
1.0,0.6179038286209106
1.0,0.4254913926124573
0.0,0.5677700638771057
0.0,0.2779330015182495
0.0,0.2876445949077606
1.0,0.7253808379173279
1.0,0.7229505181312561
0.0,0.3333947956562042
0.0,0.3246650993824005
0.0,0.32591453194618225
1.0,0.5823503732681274
0.0,0.5718225240707397
1.0,0.29391929507255554
0.0,0.4361165761947632
0.0,0.6671326160430908
1.0,0.49924564361572266
1.0,0.6681075692176819
0.0,0.5507022142410278
1.0,0.6791733503341675
0.0,0.37874487042427063
1.0,0.5736464262008667
0.0,0.2823643982410431
0.0,0.28976330161094666
1.0,0.6150651574134827
0.0,0.3297242522239685
0.0,0.31463247537612915
0.0,0.28674325346946716
0.0,0.7278860807418823
0.0,0.4940410852432251
1.0,0.6155747771263123
1.0,0.5703084468841553
1.0,0.726238489151001
0.0,0.29342126846313477
1.0,0.678575873374939
1.0,0.2870239317417145
0.0,0.5136971473693848
1.0,0.638098955154419
0.0,0.3079695999622345
1.0,0.7284223437309265
1.0,0.7173837423324585
1.0,0.6789002418518066
0.0,0.3283548355102539
0.0,0.3245329260826111
1.0,0.7283871173858643
1.0,0.3354279696941376
1.0,0.3211412727832794
1.0,0.5168543457984924
1.0,0.7299692034721375
1.0,0.709145724773407
1.0,0.5817863941192627
0.0,0.39582228660583496
1.0,0.3039005994796753
0.0,0.3179513216018677
0.0,0.3070416748523712
0.0,0.28863388299942017
0.0,0.2911149263381958
1.0,0.49252182245254517
1.0,0.6585413813591003
0.0,0.2835877239704132
0.0,0.6111477613449097
1.0,0.28241419792175293
1.0,0.6406348347663879
0.0,0.5695056319236755
0.0,0.49746930599212646
1.0,0.7139504551887512
1.0,0.32982251048088074
1.0,0.7295347452163696
1.0,0.7123005390167236
0.0,0.2854769825935364
0.0,0.27615928649902344
0.0,0.2818523943424225
0.0,0.4117840528488159
1.0,0.5142423510551453
0.0,0.7016873955726624
0.0,0.6311931014060974
0.0,0.7185183763504028
1.0,0.730402946472168
1.0,0.7290164828300476
1.0,0.3988925814628601
1.0,0.2872255742549896
1.0,0.43517178297042847
1.0,0.6625392436981201
0.0,0.5183845162391663
1.0,0.4074157178401947
1.0,0.30044665932655334
1.0,0.7304620146751404
1.0,0.6879978775978088
0.0,0.37989866733551025
1.0,0.6846547722816467
1.0,0.7303296327590942
1.0,0.7201452851295471
1.0,0.7112694382667542
0.0,0.2785383462905884
1.0,0.7289094924926758
0.0,0.6739638447761536
0.0,0.33770889043807983
1.0,0.715957760810852
1.0,0.7272502183914185
0.0,0.4483102262020111
1.0,0.3395960032939911
1.0,0.7295650839805603
1.0,0.7214808464050293
0.0,0.5811429023742676
0.0,0.5015655755996704
1.0,0.7211297154426575
1.0,0.4156348705291748
0.0,0.3827771246433258
1.0,0.6375066637992859
1.0,0.7033579349517822
0.0,0.3122493326663971
1.0,0.6953803300857544
1.0,0.7269920110702515
1.0,0.27411553263664246
1.0,0.32501181960105896
0.0,0.2806667983531952
0.0,0.39509671926498413
0.0,0.2770065665245056
1.0,0.7088209390640259
1.0,0.5664958953857422
0.0,0.30447059869766235
1.0,0.658684492111206
1.0,0.5390569567680359
0.0,0.2736445963382721
1.0,0.38191747665405273
1.0,0.6187906265258789
0.0,0.3646954596042633
1.0,0.6901611089706421
0.0,0.6428964734077454
0.0,0.528235912322998
0.0,0.2933434545993805
0.0,0.28034767508506775
1.0,0.5618751049041748
1.0,0.7277379631996155
0.0,0.3044818043708801
0.0,0.4336314797401428
1.0,0.725255012512207
1.0,0.43679550290107727
0.0,0.3465292453765869
0.0,0.29993873834609985
0.0,0.2758983373641968
1.0,0.33243459463119507
0.0,0.2868718206882477
0.0,0.36184966564178467
1.0,0.6907303333282471
1.0,0.6918153166770935
1.0,0.6710484027862549
1.0,0.7084970474243164
1.0,0.309327632188797
0.0,0.2699166536331177
1.0,0.7221229076385498
0.0,0.3043050765991211
1.0,0.7220867276191711
0.0,0.5271405577659607
0.0,0.7165491580963135
1.0,0.35950565338134766
1.0,0.4291286766529083
0.0,0.4098331332206726
0.0,0.28759756684303284
0.0,0.316236287355423
0.0,0.3718967139720917
0.0,0.7015235424041748
1.0,0.7171265482902527
0.0,0.45620429515838623
1.0,0.3152649998664856
1.0,0.7271049618721008
0.0,0.31522971391677856
1.0,0.730290412902832
1.0,0.7301779985427856
1.0,0.35849276185035706
1.0,0.6551128029823303
1.0,0.7167404890060425
1.0,0.7298102378845215
1.0,0.37213510274887085
1.0,0.7192361354827881
0.0,0.31435322761535645
0.0,0.31437286734580994
0.0,0.5947571992874146
1.0,0.729158341884613
0.0,0.2899741530418396
1.0,0.7267917394638062
1.0,0.6827654838562012
1.0,0.6510517597198486
0.0,0.3990536034107208
1.0,0.3139820098876953
1.0,0.7180389165878296
1.0,0.7282212972640991
1.0,0.7298097610473633
1.0,0.7266567349433899
0.0,0.35760366916656494
1.0,0.2830544412136078
1.0,0.5973763465881348
1.0,0.29571348428726196
1.0,0.2818460762500763
0.0,0.46497106552124023
1.0,0.7262808680534363
1.0,0.6901224851608276
0.0,0.2708563804626465
1.0,0.3140776455402374
1.0,0.6480695605278015
1.0,0.7189076542854309
1.0,0.438493937253952
0.0,0.5355730056762695
0.0,0.47388070821762085
1.0,0.46632081270217896
0.0,0.28789663314819336
0.0,0.28323641419410706
1.0,0.592013955116272
1.0,0.48032867908477783
1.0,0.6936812400817871
0.0,0.28633809089660645
1.0,0.6225113868713379
1.0,0.7030737996101379
0.0,0.5783694982528687
1.0,0.7283700108528137
0.0,0.5112850069999695
0.0,0.2808586359024048
0.0,0.2913435697555542
1.0,0.6271109580993652
1.0,0.3400384187698364
0.0,0.3931851387023926
0.0,0.4094317555427551
1.0,0.6292886137962341
1.0,0.7265515923500061
1.0,0.7289442420005798
0.0,0.27753645181655884
1.0,0.7299030423164368
0.0,0.2848910689353943
1.0,0.7221661806106567
1.0,0.6221557259559631
0.0,0.2888087034225464
0.0,0.33598417043685913
0.0,0.29384079575538635
1.0,0.7297295928001404
0.0,0.7185835838317871
0.0,0.49936047196388245
1.0,0.5685294270515442
1.0,0.5019463300704956
1.0,0.6882187724113464
1.0,0.7206181883811951
0.0,0.3026023209095001
1.0,0.7248113751411438
0.0,0.35050520300865173
1.0,0.729813277721405
0.0,0.29889020323753357
0.0,0.5958118438720703
0.0,0.2720619738101959
0.0,0.33841899037361145
0.0,0.6235551834106445
1.0,0.7208553552627563
0.0,0.2939305007457733
0.0,0.5048720836639404
0.0,0.329115092754364
1.0,0.6912881731987
0.0,0.2772495150566101
0.0,0.3097202181816101
1.0,0.7239152193069458
1.0,0.7118101119995117
0.0,0.5076727271080017
0.0,0.286955863237381
1.0,0.7187508940696716
0.0,0.284072607755661
1.0,0.5953413844108582
1.0,0.7235438227653503
0.0,0.6361072063446045
0.0,0.31461822986602783
1.0,0.5390926003456116
0.0,0.30507275462150574
0.0,0.32900580763816833
1.0,0.6443697214126587
1.0,0.44267499446868896
0.0,0.41339418292045593
0.0,0.3458763360977173
1.0,0.7234393954277039
1.0,0.6766544580459595
1.0,0.7299808263778687
0.0,0.474752813577652
0.0,0.48138657212257385
1.0,0.41135525703430176
0.0,0.30113860964775085
0.0,0.28791454434394836
0.0,0.2897510230541229
0.0,0.4409366548061371
1.0,0.6494960784912109
0.0,0.42484453320503235
0.0,0.3475232422351837
1.0,0.6313034892082214
1.0,0.5782465934753418
1.0,0.43234750628471375
1.0,0.7256916165351868
0.0,0.3435913026332855
0.0,0.6610932350158691
1.0,0.6711453199386597
1.0,0.6070742011070251
1.0,0.7246635556221008
1.0,0.6339532136917114
0.0,0.6587308645248413
0.0,0.3539356589317322
0.0,0.477761447429657
0.0,0.3612910211086273
0.0,0.6601001620292664
1.0,0.44145146012306213
1.0,0.6820226907730103
1.0,0.627322793006897
0.0,0.48456671833992004
1.0,0.4698106348514557
1.0,0.512519896030426
1.0,0.7270488739013672
0.0,0.2748497426509857
1.0,0.7122360467910767
0.0,0.6861749291419983
1.0,0.7275427579879761
1.0,0.6717061400413513
0.0,0.32785364985466003
1.0,0.7288998365402222
0.0,0.6197757720947266
0.0,0.5239676833152771
0.0,0.3590081036090851
1.0,0.7286439538002014
1.0,0.7301957607269287
1.0,0.3589794635772705
1.0,0.515419602394104
0.0,0.5941097140312195
0.0,0.6853829026222229
1.0,0.6814255118370056
1.0,0.7246467471122742
1.0,0.29965445399284363
0.0,0.2993878722190857
0.0,0.27742210030555725
0.0,0.31119370460510254
0.0,0.3515024781227112
0.0,0.31266123056411743
0.0,0.3546404242515564
0.0,0.2942149341106415
1.0,0.721528947353363
1.0,0.7244694232940674
0.0,0.35682058334350586
0.0,0.7175214886665344
1.0,0.7288373112678528
1.0,0.7186564803123474
1.0,0.729223906993866
1.0,0.7274506092071533
1.0,0.7208465933799744
1.0,0.4597642421722412
1.0,0.5349979996681213
0.0,0.2827734053134918
1.0,0.7269725799560547
0.0,0.27677005529403687
1.0,0.5206090807914734
0.0,0.296525239944458
0.0,0.2860370874404907
0.0,0.28663742542266846
1.0,0.4159737527370453
0.0,0.3458891212940216
0.0,0.5648931264877319
0.0,0.292246550321579
0.0,0.28442564606666565
0.0,0.4535771310329437
0.0,0.2861115336418152
1.0,0.3258056342601776
1.0,0.6758553385734558
1.0,0.6380937695503235
0.0,0.3996586203575134
0.0,0.39000204205513
1.0,0.7291963696479797
0.0,0.3054165542125702
0.0,0.28790244460105896
0.0,0.49522241950035095
1.0,0.7230491638183594
1.0,0.7293121814727783
1.0,0.46626806259155273
1.0,0.6894091367721558
1.0,0.7155418992042542
1.0,0.6306713223457336
0.0,0.3146723806858063
0.0,0.3286573588848114
0.0,0.2829012870788574
0.0,0.6937462091445923
1.0,0.7263166308403015
0.0,0.27113044261932373
0.0,0.2817065119743347
1.0,0.7288364171981812
1.0,0.7295424342155457
0.0,0.2828449010848999
1.0,0.6835814118385315
1.0,0.6276393532752991
1.0,0.7111376523971558
0.0,0.717110276222229
1.0,0.27669888734817505
0.0,0.6958764791488647
1.0,0.5859103202819824
0.0,0.3504127860069275
1.0,0.7303008437156677
1.0,0.3188326954841614
0.0,0.2917587161064148
1.0,0.27299314737319946
1.0,0.6785865426063538
0.0,0.3183142840862274
1.0,0.2733553349971771
1.0,0.703503429889679
0.0,0.4238041937351227
0.0,0.27610427141189575
1.0,0.32649219036102295
1.0,0.6535473465919495
0.0,0.32159942388534546
0.0,0.48057106137275696
1.0,0.6937541365623474
0.0,0.2973719537258148
1.0,0.6655737161636353
0.0,0.2798539698123932
0.0,0.3151686191558838
0.0,0.33671480417251587
1.0,0.32098180055618286
0.0,0.6827382445335388
0.0,0.28366073966026306
0.0,0.2955772578716278
0.0,0.3273059129714966
1.0,0.6839267611503601
0.0,0.5448859930038452
1.0,0.680282711982727
0.0,0.43781930208206177
1.0,0.6235531568527222
1.0,0.6876312494277954
1.0,0.3565139174461365
0.0,0.31652534008026123
1.0,0.6647397875785828
1.0,0.7180264592170715
1.0,0.514098584651947
1.0,0.7298540472984314
0.0,0.39804592728614807
1.0,0.6234288215637207
0.0,0.3131631910800934
0.0,0.41179072856903076
0.0,0.7221502065658569
0.0,0.5541151762008667
0.0,0.30471885204315186
0.0,0.5895248651504517
1.0,0.38212263584136963
0.0,0.3205190896987915
0.0,0.35106736421585083
0.0,0.3595607876777649
1.0,0.7289744019508362
0.0,0.30458709597587585
0.0,0.27131661772727966
0.0,0.3888934850692749
1.0,0.6979404091835022
1.0,0.5830027461051941
0.0,0.2763659954071045
0.0,0.3298691213130951
0.0,0.3036230802536011
0.0,0.28418999910354614
0.0,0.32692715525627136
0.0,0.3275187015533447
1.0,0.7300450205802917
0.0,0.430027574300766
0.0,0.4241873323917389
0.0,0.33433181047439575
0.0,0.4233173727989197
0.0,0.30238837003707886
1.0,0.3871513605117798
0.0,0.2875879406929016
1.0,0.7208625674247742
0.0,0.32921215891838074
0.0,0.3113769292831421
1.0,0.7282102704048157
1.0,0.7211086750030518
1.0,0.7125093936920166
0.0,0.36010047793388367
1.0,0.6765470504760742
1.0,0.5861515998840332
0.0,0.5884807109832764
0.0,0.2862951159477234
1.0,0.42662110924720764
1.0,0.6300588846206665
0.0,0.31111377477645874
0.0,0.29190176725387573
0.0,0.2779393792152405
0.0,0.27584508061408997
0.0,0.27224966883659363
1.0,0.7271926999092102
0.0,0.35805732011795044
1.0,0.646715521812439
0.0,0.2914944291114807
0.0,0.506992518901825
1.0,0.4934123456478119
0.0,0.7156070470809937
0.0,0.2746700644493103
1.0,0.7045988440513611
1.0,0.7287749648094177
0.0,0.5580251812934875
0.0,0.4203406870365143
1.0,0.45998063683509827
1.0,0.7009446620941162
1.0,0.5728769302368164
0.0,0.34922105073928833
1.0,0.7016006708145142
1.0,0.7279204726219177
1.0,0.727561891078949
1.0,0.27209481596946716
0.0,0.4091908037662506
0.0,0.6265379786491394
1.0,0.41306254267692566
1.0,0.700563371181488
1.0,0.7302118539810181
1.0,0.7053623199462891
1.0,0.5020413994789124
0.0,0.3598617613315582
1.0,0.6677334308624268
1.0,0.7118366956710815
1.0,0.4276427626609802
0.0,0.27682116627693176
0.0,0.2794201374053955
1.0,0.4475892186164856
0.0,0.39656707644462585
0.0,0.6895661950111389
0.0,0.7075124979019165
0.0,0.44650959968566895
1.0,0.7294624447822571
1.0,0.3809579908847809
1.0,0.7292335033416748
1.0,0.6732513308525085
1.0,0.7292495369911194
1.0,0.689631462097168
1.0,0.7279237508773804
1.0,0.7298651337623596
0.0,0.27513086795806885
0.0,0.3071645498275757
1.0,0.7292509078979492
0.0,0.2763802111148834
0.0,0.27774184942245483
1.0,0.6982951164245605
0.0,0.665455162525177
1.0,0.7264944911003113
1.0,0.7193136215209961
1.0,0.7112833261489868
0.0,0.27683916687965393
1.0,0.7039248943328857
0.0,0.2954661250114441
1.0,0.7008280754089355
1.0,0.7292851209640503
0.0,0.3983830213546753
0.0,0.31395530700683594
1.0,0.7220492362976074
0.0,0.2890109717845917
1.0,0.7295178174972534
1.0,0.7182475328445435
0.0,0.2767859697341919
1.0,0.27485260367393494
1.0,0.7276116013526917
0.0,0.6832941174507141
1.0,0.716459333896637
0.0,0.4613181948661804
1.0,0.7268957495689392
0.0,0.31896069645881653
1.0,0.7232429385185242
1.0,0.5741919279098511
0.0,0.27697280049324036
1.0,0.7274542450904846
1.0,0.270597904920578
1.0,0.45115232467651367
0.0,0.27701279520988464
1.0,0.43422600626945496
0.0,0.31337112188339233
0.0,0.300969660282135
1.0,0.7261273264884949
1.0,0.7233792543411255
1.0,0.5782725811004639
0.0,0.3124825954437256
0.0,0.6692863702774048
1.0,0.2759603261947632
0.0,0.2859431505203247
1.0,0.46636703610420227
0.0,0.6780538558959961
1.0,0.6100799441337585
1.0,0.7268102765083313
0.0,0.2737652063369751
1.0,0.7290541529655457
0.0,0.5133772492408752
0.0,0.41127240657806396
0.0,0.3485042154788971
1.0,0.32750368118286133
1.0,0.7301804423332214
0.0,0.5425963997840881
0.0,0.28802749514579773
1.0,0.7195606827735901
0.0,0.6751071214675903
1.0,0.730342447757721
0.0,0.3966117799282074
1.0,0.695935845375061
1.0,0.6802245378494263
0.0,0.27239593863487244
0.0,0.6082899570465088
0.0,0.2813570201396942
0.0,0.3321225345134735
1.0,0.6470166444778442
1.0,0.6984879970550537
0.0,0.6150369644165039
0.0,0.6490341424942017
0.0,0.5654378533363342
0.0,0.27988454699516296
0.0,0.27628520131111145
1.0,0.7296677827835083
1.0,0.7247071266174316
0.0,0.288636177778244
1.0,0.7245075702667236
1.0,0.6223709583282471
1.0,0.7031935453414917
1.0,0.7167006731033325
1.0,0.724067211151123
0.0,0.27547070384025574
1.0,0.6248139142990112
0.0,0.3003067672252655
0.0,0.5820131301879883
1.0,0.3902471959590912
0.0,0.5074135065078735
1.0,0.6199285387992859
0.0,0.28636860847473145
0.0,0.31631651520729065
1.0,0.724294126033783
1.0,0.6444842219352722
0.0,0.3804377019405365
1.0,0.6646233201026917
1.0,0.5353694558143616
1.0,0.7121182084083557
1.0,0.7188024520874023
0.0,0.3882179260253906
1.0,0.7283063530921936
0.0,0.2703542113304138
1.0,0.4942029118537903
1.0,0.6681471467018127
0.0,0.3082173764705658
0.0,0.5256537199020386
0.0,0.4775570034980774
1.0,0.7279793620109558
0.0,0.6684490442276001
1.0,0.722930908203125
1.0,0.7261978983879089
0.0,0.28961125016212463
0.0,0.3041037321090698
0.0,0.29583922028541565
0.0,0.44120365381240845
0.0,0.33763110637664795
0.0,0.35780370235443115
1.0,0.6441268920898438
0.0,0.5601579546928406
0.0,0.6687449812889099
1.0,0.7212586998939514
1.0,0.7126966714859009
0.0,0.44434529542922974
1.0,0.6538413166999817
0.0,0.36063915491104126
0.0,0.2822323143482208
0.0,0.47313153743743896
1.0,0.712395429611206
1.0,0.7129054665565491
1.0,0.6902357935905457
0.0,0.2917138934135437
1.0,0.7268438339233398
0.0,0.33720850944519043
1.0,0.7175719141960144
0.0,0.37191691994667053
1.0,0.6767988204956055
1.0,0.7207678556442261
1.0,0.2915262281894684
0.0,0.3390987813472748
0.0,0.6369823813438416
1.0,0.5995756387710571
0.0,0.3773934245109558
0.0,0.27126190066337585
0.0,0.7146350145339966
0.0,0.5113942623138428
0.0,0.6029397249221802
0.0,0.3879147469997406
0.0,0.28025779128074646
0.0,0.6166656613349915
1.0,0.615202784538269
1.0,0.7300004959106445
0.0,0.37626877427101135
0.0,0.28912150859832764
1.0,0.5947949886322021
1.0,0.6901567578315735
1.0,0.4130837321281433
0.0,0.6870947480201721
0.0,0.33597204089164734
0.0,0.29353371262550354
0.0,0.49179041385650635
0.0,0.5103470087051392
1.0,0.6012129783630371
1.0,0.6225078105926514
1.0,0.6848738193511963
1.0,0.6595624685287476
1.0,0.32510268688201904
0.0,0.6043111681938171
0.0,0.28677690029144287
0.0,0.4590722918510437
1.0,0.5452175140380859
1.0,0.588616669178009
0.0,0.5011831521987915
1.0,0.7255589365959167
0.0,0.42024341225624084
1.0,0.5852749347686768
0.0,0.30187880992889404
1.0,0.7264645099639893
0.0,0.3631904125213623
1.0,0.4584701359272003
0.0,0.4679555296897888
1.0,0.36682191491127014
0.0,0.7179240584373474
1.0,0.710773229598999
1.0,0.3493907153606415
1.0,0.6473091840744019
1.0,0.6936103701591492
1.0,0.6856874227523804
0.0,0.553406834602356
0.0,0.2857131361961365
0.0,0.46657779812812805
0.0,0.4790339171886444
1.0,0.5846386551856995
0.0,0.28606027364730835
1.0,0.45143598318099976
1.0,0.2752072811126709
1.0,0.6829483509063721
0.0,0.27517080307006836
1.0,0.7225839495658875
1.0,0.7288534641265869
0.0,0.2735770642757416
1.0,0.7276086211204529
1.0,0.6911581754684448
1.0,0.702815592288971
0.0,0.3665923774242401
0.0,0.28440582752227783
1.0,0.7026453614234924
1.0,0.29368895292282104
1.0,0.7212700843811035
1.0,0.7276403903961182
0.0,0.7048265933990479
1.0,0.5078723430633545
1.0,0.7211862802505493
0.0,0.271633118391037
0.0,0.3838194012641907
0.0,0.27031996846199036
1.0,0.39649027585983276
1.0,0.307047039270401
0.0,0.4020487070083618
1.0,0.32627788186073303
0.0,0.3311414122581482
0.0,0.33790358901023865
1.0,0.5670962929725647
1.0,0.29148977994918823
1.0,0.46065667271614075
0.0,0.4009222388267517
0.0,0.29632994532585144
1.0,0.7280908823013306
0.0,0.4789724051952362
0.0,0.4371178448200226
0.0,0.32251861691474915
0.0,0.5146750211715698
0.0,0.3318328857421875
1.0,0.7145763635635376
0.0,0.3134639859199524
0.0,0.40330204367637634
0.0,0.29656046628952026
0.0,0.270820677280426
1.0,0.7185898423194885
1.0,0.5801327228546143
1.0,0.7110863327980042
0.0,0.2810225784778595
1.0,0.708474338054657
1.0,0.3963809907436371
0.0,0.3163362741470337
0.0,0.3542761206626892
1.0,0.6755236387252808
1.0,0.2761533558368683
0.0,0.28146010637283325
0.0,0.31185486912727356
1.0,0.7282819747924805
1.0,0.7261743545532227
0.0,0.5256654024124146
1.0,0.49429982900619507
1.0,0.727566123008728
0.0,0.2817108631134033
1.0,0.311082661151886
0.0,0.2809736132621765
0.0,0.6341657042503357
1.0,0.5970024466514587
0.0,0.6522324085235596
1.0,0.6459099054336548
1.0,0.7270486354827881
1.0,0.7280824780464172
1.0,0.7123661041259766
0.0,0.44909507036209106
0.0,0.3854142725467682
1.0,0.6979258060455322
1.0,0.728403627872467
1.0,0.6941607594490051
1.0,0.7303885221481323
1.0,0.7250048518180847
0.0,0.3062085509300232
1.0,0.7217327952384949
1.0,0.7285887598991394
1.0,0.44293755292892456
0.0,0.28231653571128845
1.0,0.3859277665615082
0.0,0.3211933672428131
0.0,0.31836777925491333
1.0,0.651038646697998
1.0,0.7295613288879395
0.0,0.2896631062030792
0.0,0.2791900336742401
1.0,0.33897897601127625
1.0,0.5927456617355347
0.0,0.3033800423145294
1.0,0.2746484577655792
0.0,0.6141113638877869
0.0,0.28990206122398376
0.0,0.31424081325531006
1.0,0.4761177897453308
0.0,0.28009232878685
1.0,0.5487478971481323
0.0,0.39597663283348083
1.0,0.7222159504890442
1.0,0.48263809084892273
1.0,0.7299074530601501
1.0,0.5184075236320496
0.0,0.3662092089653015
0.0,0.4452120065689087
1.0,0.730069100856781
1.0,0.45150086283683777
1.0,0.7029849290847778
0.0,0.41132694482803345
0.0,0.6376158595085144
0.0,0.3510129153728485
0.0,0.2735123336315155
1.0,0.4948095977306366
0.0,0.2813187837600708
1.0,0.5914703607559204
1.0,0.6791181564331055
1.0,0.6527250409126282
0.0,0.37475067377090454
1.0,0.6682429909706116
1.0,0.27491575479507446
0.0,0.7239933013916016
1.0,0.4575403034687042
1.0,0.7090200185775757
1.0,0.7288243174552917
0.0,0.2829473912715912
0.0,0.4603428542613983
1.0,0.725653350353241
1.0,0.5921811461448669
0.0,0.6517350673675537
0.0,0.32012027502059937
0.0,0.2741948962211609
1.0,0.39529868960380554
1.0,0.3664693832397461
1.0,0.4584906995296478
0.0,0.2736046612262726
1.0,0.7129302024841309
0.0,0.5866405367851257
0.0,0.5638430714607239
0.0,0.2925533354282379
0.0,0.6871204972267151
1.0,0.7289125323295593
1.0,0.6458314657211304
1.0,0.7086480259895325
1.0,0.7245331406593323
1.0,0.7060473561286926
1.0,0.48465633392333984
0.0,0.27672436833381653
1.0,0.6033512949943542
1.0,0.3937142491340637
0.0,0.5006383657455444
0.0,0.2750711441040039
1.0,0.6931092143058777
0.0,0.2955750524997711
1.0,0.717495322227478
1.0,0.7288088202476501
0.0,0.6048913598060608
0.0,0.3151223361492157
1.0,0.7185021042823792
1.0,0.7162322402000427
0.0,0.27254119515419006
0.0,0.35908734798431396
0.0,0.31545567512512207
1.0,0.6987627744674683
1.0,0.718811571598053
1.0,0.7248914837837219
1.0,0.5192661881446838
0.0,0.28787747025489807
0.0,0.2788431942462921
1.0,0.5969756245613098
1.0,0.7291635870933533
1.0,0.6881100535392761
0.0,0.3398929834365845
1.0,0.7172360420227051
0.0,0.28659677505493164
1.0,0.2720436751842499
1.0,0.5952027440071106
1.0,0.7165372967720032
1.0,0.7249420881271362
1.0,0.7290043830871582
1.0,0.7152349948883057
1.0,0.3968806862831116
1.0,0.7237218618392944
0.0,0.30247434973716736
0.0,0.3157569468021393
1.0,0.45473286509513855
1.0,0.7223744988441467
1.0,0.7295252084732056
1.0,0.2724645733833313
0.0,0.27312585711479187
1.0,0.7297980785369873
1.0,0.3773575723171234
1.0,0.3118896484375
0.0,0.6296448707580566
0.0,0.2713716924190521
0.0,0.2745678126811981
1.0,0.5292714834213257
1.0,0.7219760417938232
1.0,0.7302379608154297
1.0,0.6490949988365173
1.0,0.30772462487220764
1.0,0.7139586806297302
1.0,0.7298884987831116
0.0,0.2750988304615021
1.0,0.679841935634613
0.0,0.3293358087539673
1.0,0.5912138223648071
1.0,0.7266877889633179
1.0,0.730443000793457
0.0,0.5341525673866272
0.0,0.3803964853286743
1.0,0.623265266418457
1.0,0.5209861993789673
1.0,0.3378576338291168
0.0,0.3036012351512909
1.0,0.7267177104949951
1.0,0.5942090153694153
1.0,0.2846171259880066
1.0,0.622977614402771
1.0,0.7294011116027832
0.0,0.2928449809551239
0.0,0.2759571075439453
0.0,0.5978794693946838
1.0,0.6663222312927246
1.0,0.6923120021820068
1.0,0.7300397753715515
1.0,0.6856322288513184
1.0,0.7177658677101135
0.0,0.27752822637557983
0.0,0.29134684801101685
1.0,0.7193445563316345
1.0,0.7260675430297852
0.0,0.27759072184562683
0.0,0.305480420589447
0.0,0.29655343294143677
1.0,0.7182472348213196
0.0,0.2833188474178314
0.0,0.5553934574127197
0.0,0.4772431552410126
0.0,0.2777458429336548
1.0,0.3204570710659027
1.0,0.6650681495666504
1.0,0.5974758267402649
0.0,0.45032310485839844
1.0,0.6911548376083374
1.0,0.7227944135665894
1.0,0.6683899164199829
0.0,0.3114122450351715
0.0,0.3345155119895935
1.0,0.7244247794151306
1.0,0.6850078701972961
0.0,0.30900079011917114
1.0,0.7301018834114075
0.0,0.4349655508995056
0.0,0.38262927532196045
0.0,0.304153174161911
0.0,0.27683311700820923
1.0,0.7255643606185913
1.0,0.7267631888389587
0.0,0.30207645893096924
1.0,0.34973499178886414
1.0,0.7029072642326355
0.0,0.2723150849342346
0.0,0.3324067294597626
1.0,0.28362753987312317
1.0,0.33870282769203186
0.0,0.26995962858200073
1.0,0.39759281277656555
1.0,0.6599988341331482
1.0,0.7237198352813721
1.0,0.7296534180641174
0.0,0.5986346006393433
1.0,0.34612345695495605
0.0,0.6275926828384399
0.0,0.27668237686157227
1.0,0.7250479459762573
1.0,0.7235807776451111
0.0,0.2768077850341797
1.0,0.29895591735839844
0.0,0.6419417858123779
1.0,0.730674147605896
0.0,0.32525113224983215
1.0,0.7291913032531738
0.0,0.7093631029129028
0.0,0.3199937343597412
1.0,0.723466157913208
0.0,0.7097897529602051
1.0,0.7146389484405518
1.0,0.706337571144104
1.0,0.7159169316291809
1.0,0.7272341251373291
0.0,0.3079143166542053
1.0,0.7146857380867004
0.0,0.654583215713501
0.0,0.29619845747947693
0.0,0.27453842759132385
1.0,0.5977898240089417
0.0,0.2865459620952606
1.0,0.6985074281692505
1.0,0.7048863768577576
0.0,0.2719612717628479
0.0,0.4196554124355316
0.0,0.2896938920021057
1.0,0.7294641137123108
0.0,0.6759073734283447
1.0,0.647031307220459
0.0,0.27859464287757874
1.0,0.31609490513801575
0.0,0.28468582034111023
0.0,0.3472447097301483
1.0,0.7297057509422302
0.0,0.27163729071617126
0.0,0.3286278247833252
0.0,0.27352356910705566
0.0,0.3260664939880371
1.0,0.6795732975006104
1.0,0.725832998752594
0.0,0.3824480175971985
0.0,0.3740309774875641
1.0,0.7021999359130859
0.0,0.30187925696372986
0.0,0.37175142765045166
1.0,0.7268813252449036
0.0,0.3409746587276459
1.0,0.28183260560035706
0.0,0.3834131360054016
0.0,0.2879088819026947
0.0,0.5169727206230164
1.0,0.7302455306053162
0.0,0.3022445738315582
0.0,0.4993678033351898
1.0,0.728599488735199
1.0,0.7062872052192688
0.0,0.30629050731658936
1.0,0.7297706007957458
0.0,0.6732435822486877
0.0,0.31568822264671326
0.0,0.2980092465877533
1.0,0.29414862394332886
0.0,0.709530770778656
1.0,0.27810537815093994
1.0,0.6938184499740601
0.0,0.3745098114013672
0.0,0.27656733989715576
1.0,0.5854142308235168
0.0,0.3252009153366089
0.0,0.3041406273841858
1.0,0.730069637298584
0.0,0.6919981837272644
1.0,0.7285310626029968
1.0,0.687247097492218
0.0,0.342029869556427
1.0,0.7124496102333069
0.0,0.5086442232131958
0.0,0.49083811044692993
1.0,0.6744781136512756
1.0,0.5094560384750366
0.0,0.2808431088924408
0.0,0.3908039927482605
0.0,0.3539291024208069
1.0,0.6711794137954712
1.0,0.7298477292060852
0.0,0.3200763761997223
0.0,0.3122437298297882
0.0,0.31344443559646606
1.0,0.6831352114677429
1.0,0.728009819984436
0.0,0.31022709608078003
1.0,0.4878150522708893
1.0,0.7282870411872864
0.0,0.5966932773590088
1.0,0.5889632701873779
1.0,0.7181137800216675
0.0,0.2930665612220764
0.0,0.2797861695289612
0.0,0.31296417117118835
1.0,0.7300660610198975
1.0,0.7007830739021301
0.0,0.41507798433303833
1.0,0.5583659410476685
1.0,0.7060673236846924
0.0,0.41844847798347473
0.0,0.27077028155326843
1.0,0.7299834489822388
0.0,0.2921605110168457
0.0,0.29098597168922424
1.0,0.7280133962631226
1.0,0.6526894569396973
0.0,0.276624858379364
0.0,0.6723228693008423
1.0,0.7286128997802734
1.0,0.7208980917930603
1.0,0.7292885780334473
0.0,0.28647810220718384
1.0,0.6063304543495178
1.0,0.7005986571311951
0.0,0.27024200558662415
0.0,0.5146093964576721
0.0,0.2951848804950714
0.0,0.5530887842178345
1.0,0.7253653407096863
1.0,0.682637095451355
1.0,0.7224811911582947
1.0,0.7259457111358643
0.0,0.3209019601345062
1.0,0.7270864248275757
0.0,0.3798697888851166
1.0,0.42651012539863586
0.0,0.42176714539527893
0.0,0.28667595982551575
1.0,0.7271639108657837
0.0,0.2751677632331848
0.0,0.2724420130252838
1.0,0.2782394289970398
0.0,0.3619725704193115
0.0,0.28141653537750244
1.0,0.38115978240966797
0.0,0.2912730276584625
