protein,drug,True Label,Predicted Probability
1.0,0.7287712097167969
0.0,0.2701132297515869
0.0,0.27342385053634644
1.0,0.7296422123908997
1.0,0.2716539204120636
0.0,0.32293179631233215
0.0,0.27811235189437866
0.0,0.5621488094329834
0.0,0.2963253855705261
0.0,0.2746424376964569
1.0,0.4189020097255707
1.0,0.7284716367721558
0.0,0.2709576487541199
1.0,0.716800332069397
0.0,0.27208542823791504
1.0,0.3013266623020172
1.0,0.7266542911529541
1.0,0.7262572050094604
0.0,0.2707414925098419
1.0,0.5142820477485657
0.0,0.5708411931991577
1.0,0.27108508348464966
0.0,0.4191545844078064
0.0,0.27167752385139465
0.0,0.3419645130634308
0.0,0.5734035968780518
0.0,0.2722415030002594
1.0,0.7189294695854187
1.0,0.7267895340919495
0.0,0.7261351943016052
1.0,0.7283766269683838
1.0,0.2758976221084595
1.0,0.7225788831710815
0.0,0.27124109864234924
0.0,0.2819693982601166
0.0,0.3253090977668762
0.0,0.2713288366794586
1.0,0.726582407951355
0.0,0.2803105115890503
1.0,0.721720278263092
1.0,0.6633490920066833
1.0,0.7063344717025757
1.0,0.2714780867099762
0.0,0.2758304178714752
1.0,0.724290668964386
1.0,0.279067724943161
1.0,0.7260041832923889
1.0,0.724229633808136
1.0,0.7190147042274475
0.0,0.2837042510509491
0.0,0.27492013573646545
0.0,0.285795122385025
0.0,0.2707996964454651
1.0,0.7286264300346375
1.0,0.5201990604400635
0.0,0.5627212524414062
0.0,0.28100141882896423
1.0,0.7289096117019653
1.0,0.30015164613723755
0.0,0.7209835052490234
1.0,0.7062340378761292
0.0,0.2699850797653198
1.0,0.27239489555358887
0.0,0.6474508047103882
0.0,0.2802565395832062
0.0,0.4679242968559265
0.0,0.7285976409912109
1.0,0.7292594909667969
1.0,0.7275571227073669
1.0,0.7261559963226318
0.0,0.27115708589553833
0.0,0.27502283453941345
0.0,0.26987895369529724
1.0,0.7237018942832947
1.0,0.7291454672813416
1.0,0.2997681498527527
1.0,0.39804261922836304
1.0,0.2763366997241974
1.0,0.7233009934425354
0.0,0.3151009976863861
1.0,0.7283017039299011
1.0,0.2719351649284363
0.0,0.2998466491699219
0.0,0.27776390314102173
1.0,0.7067326307296753
0.0,0.27128615975379944
0.0,0.7298356890678406
1.0,0.5282788276672363
1.0,0.722409188747406
1.0,0.3235953152179718
1.0,0.728930652141571
1.0,0.41274142265319824
0.0,0.28347697854042053
1.0,0.4674745202064514
1.0,0.7238483428955078
0.0,0.2737213969230652
0.0,0.34830978512763977
0.0,0.32838213443756104
0.0,0.2714522182941437
0.0,0.2701681852340698
0.0,0.279170423746109
0.0,0.2700996398925781
1.0,0.7296334505081177
1.0,0.5300479531288147
1.0,0.7289953827857971
0.0,0.27052462100982666
1.0,0.7261509895324707
1.0,0.7275309562683105
1.0,0.4695813059806824
1.0,0.7235506176948547
1.0,0.5595711469650269
1.0,0.722714364528656
0.0,0.2897740602493286
1.0,0.28581178188323975
0.0,0.35475629568099976
0.0,0.3713077902793884
0.0,0.2846463620662689
0.0,0.7291581630706787
0.0,0.4565448462963104
0.0,0.6252692341804504
0.0,0.2709641754627228
1.0,0.269896000623703
1.0,0.7290984988212585
1.0,0.2732781767845154
1.0,0.730066180229187
0.0,0.710891604423523
0.0,0.28296005725860596
1.0,0.7179087996482849
1.0,0.6920483112335205
0.0,0.274181604385376
0.0,0.28360965847969055
0.0,0.7260690927505493
0.0,0.2718846797943115
1.0,0.3071214258670807
1.0,0.7105143070220947
1.0,0.6967484354972839
1.0,0.6978835463523865
1.0,0.7271473407745361
0.0,0.3780953288078308
0.0,0.5044119954109192
1.0,0.7164598703384399
1.0,0.700781524181366
0.0,0.6571432948112488
1.0,0.7299710512161255
1.0,0.7213857173919678
0.0,0.7074853777885437
0.0,0.3013761639595032
1.0,0.728696882724762
0.0,0.27127858996391296
1.0,0.2919694185256958
0.0,0.2775183916091919
1.0,0.2708270847797394
0.0,0.2719111442565918
0.0,0.2816242277622223
1.0,0.7202756404876709
1.0,0.27627992630004883
1.0,0.7280501127243042
1.0,0.718206524848938
0.0,0.7257140278816223
1.0,0.2709832787513733
1.0,0.28650012612342834
0.0,0.27183258533477783
0.0,0.7207143902778625
1.0,0.26991167664527893
0.0,0.2712293267250061
0.0,0.3605238199234009
0.0,0.4811358153820038
1.0,0.2947809398174286
1.0,0.660474956035614
0.0,0.26996609568595886
0.0,0.6902402639389038
1.0,0.27001985907554626
0.0,0.2992691993713379
0.0,0.36174023151397705
1.0,0.7151578664779663
1.0,0.7292299270629883
1.0,0.7013285160064697
1.0,0.41751694679260254
1.0,0.7258278727531433
0.0,0.29935455322265625
0.0,0.2802499234676361
0.0,0.4523952603340149
1.0,0.27048158645629883
0.0,0.7213801741600037
1.0,0.2696266174316406
1.0,0.7250600457191467
1.0,0.7287439703941345
1.0,0.7295299172401428
1.0,0.5490257143974304
1.0,0.7290170192718506
1.0,0.7123662829399109
1.0,0.7290286421775818
0.0,0.29421839118003845
0.0,0.2708941400051117
1.0,0.7304617166519165
0.0,0.27110210061073303
0.0,0.2705036699771881
1.0,0.28278520703315735
0.0,0.7138933539390564
0.0,0.3886111378669739
0.0,0.27302730083465576
1.0,0.7259997725486755
0.0,0.2710106074810028
0.0,0.2719877064228058
1.0,0.7238985896110535
1.0,0.728990912437439
1.0,0.7292624115943909
0.0,0.27437663078308105
0.0,0.3039773404598236
0.0,0.27047398686408997
1.0,0.7102401256561279
0.0,0.272229939699173
0.0,0.2722243070602417
1.0,0.7035232186317444
0.0,0.5753618478775024
0.0,0.27154481410980225
1.0,0.276245653629303
0.0,0.28445160388946533
1.0,0.39651575684547424
0.0,0.304592102766037
0.0,0.2722178101539612
0.0,0.2722412049770355
1.0,0.5236781239509583
0.0,0.3342791199684143
0.0,0.31568393111228943
0.0,0.2723792493343353
0.0,0.28055453300476074
0.0,0.4969732463359833
1.0,0.2790740728378296
1.0,0.2709013521671295
0.0,0.28357842564582825
1.0,0.7021212577819824
0.0,0.7186141014099121
1.0,0.27006101608276367
1.0,0.6838597655296326
0.0,0.2708554267883301
0.0,0.27742019295692444
1.0,0.2748767137527466
1.0,0.7221750020980835
0.0,0.27062779664993286
1.0,0.27023041248321533
0.0,0.26991966366767883
1.0,0.7270123958587646
1.0,0.7240095734596252
0.0,0.27460357546806335
1.0,0.7279911041259766
1.0,0.726574182510376
0.0,0.7206474542617798
1.0,0.714411735534668
0.0,0.4688074588775635
1.0,0.7277160286903381
0.0,0.2710648477077484
1.0,0.7290906310081482
0.0,0.2704288959503174
1.0,0.5125200152397156
0.0,0.2803420126438141
1.0,0.2865181565284729
1.0,0.7264898419380188
0.0,0.27058106660842896
0.0,0.7053015232086182
1.0,0.7162091732025146
0.0,0.279610812664032
0.0,0.7011522650718689
1.0,0.7226673364639282
1.0,0.7231135368347168
1.0,0.7297719717025757
1.0,0.7164122462272644
1.0,0.7287082672119141
0.0,0.27080100774765015
0.0,0.2716180682182312
0.0,0.2726297676563263
1.0,0.6684018969535828
1.0,0.7272385954856873
0.0,0.2767557203769684
1.0,0.7247100472450256
0.0,0.2724669873714447
0.0,0.3171171545982361
0.0,0.2706785202026367
0.0,0.4559709131717682
1.0,0.270519882440567
0.0,0.39318910241127014
0.0,0.27588021755218506
1.0,0.726408064365387
0.0,0.2723256051540375
1.0,0.4947163164615631
0.0,0.279080867767334
1.0,0.7299498319625854
1.0,0.7280578017234802
1.0,0.4017919600009918
0.0,0.2810782194137573
1.0,0.7206363677978516
1.0,0.2790961265563965
1.0,0.7289535403251648
1.0,0.5501738786697388
1.0,0.27643847465515137
1.0,0.7274335026741028
1.0,0.7074711322784424
1.0,0.2697558104991913
0.0,0.2696434557437897
0.0,0.6573634147644043
0.0,0.27310898900032043
1.0,0.7236213684082031
0.0,0.27841296792030334
0.0,0.47085997462272644
1.0,0.2721252739429474
1.0,0.2764095664024353
0.0,0.28923332691192627
1.0,0.7252606153488159
0.0,0.27043870091438293
1.0,0.726999819278717
0.0,0.2701517939567566
0.0,0.28301775455474854
0.0,0.276218444108963
0.0,0.39080119132995605
0.0,0.27035388350486755
0.0,0.27133727073669434
1.0,0.7187443375587463
1.0,0.7035031914710999
0.0,0.28292474150657654
1.0,0.7292335033416748
1.0,0.5598632097244263
0.0,0.27045315504074097
0.0,0.2717610001564026
0.0,0.2730594277381897
0.0,0.3111649453639984
1.0,0.7299813628196716
0.0,0.2720934748649597
0.0,0.27344098687171936
0.0,0.32484331727027893
1.0,0.548522412776947
1.0,0.7259999513626099
1.0,0.7295016646385193
0.0,0.27189165353775024
1.0,0.28203219175338745
0.0,0.2779187262058258
1.0,0.7282992005348206
1.0,0.728452205657959
0.0,0.2709263861179352
0.0,0.3016741871833801
1.0,0.5995657444000244
0.0,0.27347812056541443
0.0,0.2760106921195984
1.0,0.726841926574707
1.0,0.721156656742096
1.0,0.7292982339859009
1.0,0.7251861691474915
0.0,0.2700735032558441
0.0,0.2774234712123871
0.0,0.2721925973892212
0.0,0.4738714396953583
1.0,0.7221338152885437
1.0,0.5230152606964111
1.0,0.44363507628440857
1.0,0.2821352481842041
0.0,0.28622254729270935
0.0,0.7207863330841064
1.0,0.694177508354187
0.0,0.32617273926734924
0.0,0.2709008753299713
0.0,0.7270712852478027
0.0,0.2918252646923065
0.0,0.2723887860774994
0.0,0.2856697142124176
1.0,0.4962703287601471
1.0,0.270499587059021
1.0,0.5250024199485779
1.0,0.7260612845420837
1.0,0.7224839329719543
0.0,0.2707583010196686
0.0,0.2698855698108673
1.0,0.7199640870094299
1.0,0.7281681895256042
0.0,0.27227547764778137
1.0,0.7273470759391785
1.0,0.5101785063743591
1.0,0.7169697880744934
0.0,0.270142525434494
0.0,0.275926798582077
1.0,0.7254550457000732
0.0,0.27847349643707275
0.0,0.2701837718486786
0.0,0.2743777632713318
0.0,0.2768341600894928
0.0,0.2841605246067047
0.0,0.2773566246032715
0.0,0.2810108959674835
1.0,0.6764100790023804
1.0,0.7133159041404724
0.0,0.27048060297966003
0.0,0.5815224647521973
1.0,0.7196475863456726
1.0,0.4068423807621002
1.0,0.7259759902954102
0.0,0.7093347311019897
1.0,0.27377739548683167
1.0,0.2702333629131317
1.0,0.7019767165184021
1.0,0.7215172648429871
1.0,0.6100109219551086
0.0,0.5092889666557312
0.0,0.2718425691127777
1.0,0.7273794412612915
0.0,0.41764387488365173
1.0,0.533760666847229
1.0,0.6947110295295715
0.0,0.7240502238273621
0.0,0.297762006521225
0.0,0.32713982462882996
1.0,0.3811637759208679
1.0,0.27661368250846863
0.0,0.2712271809577942
0.0,0.2747495472431183
0.0,0.27043604850769043
0.0,0.2821902930736542
1.0,0.7272439002990723
0.0,0.270489901304245
1.0,0.6317842602729797
0.0,0.29637107253074646
1.0,0.29405099153518677
0.0,0.3828362822532654
0.0,0.2743005156517029
0.0,0.270833820104599
0.0,0.27039480209350586
1.0,0.7222263216972351
0.0,0.2717635929584503
1.0,0.7276332974433899
1.0,0.5265839099884033
0.0,0.27438855171203613
0.0,0.2709549367427826
0.0,0.2698728144168854
1.0,0.35433539748191833
1.0,0.27989453077316284
0.0,0.6422963738441467
0.0,0.2758643925189972
1.0,0.7296127080917358
1.0,0.7254841923713684
1.0,0.718578040599823
1.0,0.7281147241592407
1.0,0.7256435751914978
0.0,0.27440211176872253
0.0,0.4971199035644531
0.0,0.2709922194480896
0.0,0.27207109332084656
1.0,0.6332395672798157
1.0,0.7237945199012756
0.0,0.7267990112304688
0.0,0.2739543318748474
1.0,0.724247395992279
1.0,0.7292923331260681
1.0,0.7299284934997559
0.0,0.2701168358325958
0.0,0.2919817566871643
1.0,0.7262177467346191
0.0,0.28437626361846924
0.0,0.26998546719551086
1.0,0.6555339097976685
0.0,0.594417154788971
1.0,0.6380437016487122
1.0,0.7294877767562866
1.0,0.7170054316520691
1.0,0.2715497314929962
1.0,0.7239359617233276
1.0,0.6234046816825867
1.0,0.6705759763717651
0.0,0.27142205834388733
1.0,0.7287957072257996
0.0,0.26983100175857544
0.0,0.28097039461135864
0.0,0.4445341229438782
0.0,0.7299401760101318
1.0,0.7284924387931824
0.0,0.2734713554382324
0.0,0.27126744389533997
0.0,0.7271608710289001
1.0,0.7288179397583008
1.0,0.6541773676872253
0.0,0.7010441422462463
1.0,0.6680091619491577
1.0,0.6071693301200867
0.0,0.2706489562988281
0.0,0.27302131056785583
0.0,0.27334582805633545
1.0,0.5283467769622803
0.0,0.27824899554252625
1.0,0.7013230323791504
1.0,0.7263431549072266
0.0,0.6891924738883972
0.0,0.7135810852050781
1.0,0.7300287485122681
1.0,0.707649827003479
1.0,0.6906370520591736
0.0,0.27186697721481323
0.0,0.27388468384742737
0.0,0.27009767293930054
0.0,0.2899363040924072
1.0,0.5801836252212524
1.0,0.7017484903335571
1.0,0.7290149927139282
1.0,0.6591123938560486
0.0,0.27114036679267883
1.0,0.3577951490879059
1.0,0.29395657777786255
1.0,0.7289283871650696
0.0,0.6917192339897156
1.0,0.7231965065002441
1.0,0.7174237370491028
1.0,0.4135423004627228
0.0,0.3905223309993744
0.0,0.2701107859611511
1.0,0.7277287244796753
0.0,0.27565082907676697
0.0,0.3716201186180115
0.0,0.351909339427948
1.0,0.7266988754272461
0.0,0.27196618914604187
1.0,0.7266120910644531
0.0,0.27365756034851074
1.0,0.6740332245826721
1.0,0.27150270342826843
1.0,0.2905411720275879
1.0,0.726362943649292
0.0,0.2701067328453064
1.0,0.2839745581150055
0.0,0.7239656448364258
1.0,0.7294842600822449
0.0,0.7258771657943726
0.0,0.3164566457271576
1.0,0.2728782594203949
1.0,0.7246095538139343
1.0,0.2719808518886566
0.0,0.2745220363140106
0.0,0.283415287733078
1.0,0.2707792818546295
1.0,0.7296680808067322
0.0,0.27050870656967163
1.0,0.2947629988193512
1.0,0.38307473063468933
1.0,0.7087409496307373
1.0,0.7234280705451965
1.0,0.7140969038009644
1.0,0.6838487386703491
0.0,0.28996166586875916
1.0,0.7033953070640564
0.0,0.3015550374984741
0.0,0.2733283042907715
1.0,0.2718864977359772
1.0,0.7040602564811707
1.0,0.7253495454788208
0.0,0.2702731490135193
0.0,0.2800377905368805
0.0,0.4264393448829651
0.0,0.2734678387641907
1.0,0.27159175276756287
1.0,0.7280598282814026
0.0,0.2695813477039337
0.0,0.2698613405227661
1.0,0.26989418268203735
0.0,0.6925933361053467
0.0,0.27126163244247437
0.0,0.728506326675415
0.0,0.269983172416687
1.0,0.7237896919250488
0.0,0.7216507196426392
0.0,0.2763122320175171
0.0,0.659725546836853
0.0,0.2715352773666382
0.0,0.2796765863895416
1.0,0.42558369040489197
1.0,0.2802030146121979
0.0,0.27016523480415344
0.0,0.2726312577724457
1.0,0.2697957158088684
0.0,0.5100262761116028
0.0,0.27723199129104614
0.0,0.706064760684967
1.0,0.7293280959129333
1.0,0.43152329325675964
1.0,0.7241176962852478
0.0,0.2711936831474304
0.0,0.44568660855293274
0.0,0.2724158763885498
0.0,0.2742350995540619
1.0,0.7296653389930725
1.0,0.2764095664024353
0.0,0.27110329270362854
1.0,0.7098742127418518
1.0,0.2785804867744446
1.0,0.7300130128860474
1.0,0.292245477437973
1.0,0.7262488007545471
1.0,0.7056927680969238
0.0,0.46708476543426514
0.0,0.7242822051048279
0.0,0.27473780512809753
0.0,0.33377858996391296
1.0,0.7283191084861755
0.0,0.27866485714912415
1.0,0.5354067087173462
0.0,0.2747918367385864
0.0,0.7297260165214539
1.0,0.7255080342292786
1.0,0.7290654182434082
0.0,0.6209471821784973
1.0,0.27085623145103455
1.0,0.7292401790618896
0.0,0.720177948474884
0.0,0.273365318775177
1.0,0.7296523451805115
0.0,0.26995202898979187
0.0,0.271089643239975
1.0,0.6519842147827148
0.0,0.2774195373058319
1.0,0.7262541651725769
0.0,0.2719503343105316
0.0,0.6622480750083923
1.0,0.7283094525337219
0.0,0.31337448954582214
1.0,0.7286531925201416
0.0,0.2713339626789093
1.0,0.7246173024177551
0.0,0.4369363784790039
0.0,0.28657829761505127
0.0,0.2698083221912384
1.0,0.27218547463417053
1.0,0.7288700342178345
1.0,0.3041970431804657
1.0,0.730033278465271
1.0,0.4176883101463318
1.0,0.39152777194976807
0.0,0.5045353770256042
1.0,0.27770617604255676
1.0,0.7292938232421875
0.0,0.2706230878829956
0.0,0.2702981233596802
0.0,0.3248447775840759
0.0,0.26971834897994995
1.0,0.7274631857872009
1.0,0.5309845805168152
1.0,0.2697104811668396
0.0,0.687810480594635
1.0,0.27101820707321167
0.0,0.2736101746559143
1.0,0.7294406294822693
0.0,0.277980774641037
1.0,0.7204060554504395
0.0,0.28203579783439636
1.0,0.7283335328102112
1.0,0.7303079962730408
1.0,0.2702212631702423
1.0,0.5970582962036133
1.0,0.6881750822067261
0.0,0.7260161638259888
0.0,0.28593143820762634
1.0,0.6878950595855713
0.0,0.7297564744949341
1.0,0.7207617163658142
1.0,0.555708646774292
0.0,0.27813422679901123
0.0,0.2714378833770752
1.0,0.27698516845703125
1.0,0.7021952271461487
1.0,0.6972388625144958
1.0,0.7288680672645569
1.0,0.7178727388381958
1.0,0.7279609441757202
1.0,0.29993298649787903
0.0,0.2714548408985138
0.0,0.27615344524383545
1.0,0.26974403858184814
0.0,0.30518779158592224
0.0,0.27031415700912476
0.0,0.27155283093452454
0.0,0.26990777254104614
1.0,0.7267988324165344
1.0,0.7264700531959534
0.0,0.270784854888916
0.0,0.29467344284057617
1.0,0.6809055805206299
0.0,0.2707779109477997
1.0,0.2830614149570465
0.0,0.6667326092720032
0.0,0.26963523030281067
1.0,0.7242339849472046
0.0,0.7116227149963379
0.0,0.27192187309265137
1.0,0.7265634536743164
0.0,0.6864998936653137
1.0,0.6915569305419922
0.0,0.7299586534500122
1.0,0.45935195684432983
1.0,0.7163061499595642
0.0,0.2954236567020416
0.0,0.2719714641571045
0.0,0.28180190920829773
0.0,0.27058523893356323
0.0,0.28573739528656006
1.0,0.7241518497467041
1.0,0.7137296795845032
0.0,0.31002306938171387
0.0,0.28807586431503296
0.0,0.7237381935119629
1.0,0.2743091285228729
1.0,0.7219457030296326
0.0,0.26985588669776917
0.0,0.2742190361022949
0.0,0.29660356044769287
0.0,0.27158161997795105
1.0,0.7296571731567383
1.0,0.4457854926586151
1.0,0.2988864481449127
1.0,0.7063148021697998
1.0,0.728341281414032
1.0,0.7046664953231812
1.0,0.7280018925666809
1.0,0.7277780175209045
0.0,0.2794317901134491
0.0,0.583200991153717
0.0,0.28146088123321533
0.0,0.2730630338191986
1.0,0.7278563976287842
1.0,0.28289249539375305
0.0,0.2933034896850586
1.0,0.2751840054988861
1.0,0.7168909311294556
0.0,0.5798503756523132
1.0,0.7274550795555115
1.0,0.7297273278236389
0.0,0.3066102862358093
0.0,0.26959049701690674
0.0,0.2707083523273468
0.0,0.2739699184894562
0.0,0.27031004428863525
0.0,0.7247592806816101
0.0,0.2741228938102722
1.0,0.7070184350013733
1.0,0.7293887138366699
0.0,0.2697540521621704
0.0,0.2716245949268341
1.0,0.7270962595939636
0.0,0.29309332370758057
0.0,0.2698146402835846
1.0,0.5936924815177917
1.0,0.7299884557723999
1.0,0.7262104749679565
1.0,0.27522772550582886
1.0,0.44879910349845886
1.0,0.7255914807319641
1.0,0.7295063138008118
1.0,0.7288451194763184
0.0,0.4924047887325287
1.0,0.701587438583374
1.0,0.7296299338340759
1.0,0.6024945974349976
1.0,0.269892156124115
1.0,0.7278273701667786
0.0,0.28400853276252747
0.0,0.7269092202186584
1.0,0.7302019596099854
1.0,0.7233148217201233
1.0,0.719862699508667
0.0,0.6025969386100769
0.0,0.3097655177116394
0.0,0.27505603432655334
1.0,0.2719821631908417
0.0,0.2707708179950714
0.0,0.27799904346466064
0.0,0.28457868099212646
0.0,0.2706089913845062
0.0,0.2708255648612976
0.0,0.27098026871681213
0.0,0.2716354429721832
1.0,0.4175665080547333
0.0,0.2704142928123474
1.0,0.2722064256668091
0.0,0.2702839970588684
0.0,0.27216917276382446
1.0,0.7206573486328125
1.0,0.7022457718849182
0.0,0.2902766466140747
1.0,0.7298344373703003
0.0,0.27101799845695496
0.0,0.2808748781681061
1.0,0.722732663154602
1.0,0.705582320690155
1.0,0.7267594337463379
1.0,0.724452018737793
0.0,0.6196058988571167
0.0,0.7292026877403259
0.0,0.2697230279445648
0.0,0.2833167016506195
1.0,0.716453492641449
1.0,0.7292090654373169
0.0,0.3076232671737671
1.0,0.7225311994552612
1.0,0.7259764075279236
0.0,0.2726746201515198
0.0,0.30544939637184143
0.0,0.27674734592437744
1.0,0.2708761394023895
0.0,0.2792108654975891
0.0,0.28690746426582336
1.0,0.27706488966941833
0.0,0.27461984753608704
1.0,0.33408936858177185
0.0,0.271507203578949
0.0,0.27000847458839417
0.0,0.2832028269767761
0.0,0.2728141248226166
1.0,0.7286062836647034
1.0,0.7255083918571472
1.0,0.6070740222930908
1.0,0.6865963935852051
0.0,0.7097491025924683
1.0,0.2712576985359192
0.0,0.7078256607055664
1.0,0.7295987606048584
1.0,0.7084143161773682
1.0,0.2749878466129303
0.0,0.27588796615600586
1.0,0.7275883555412292
1.0,0.27042436599731445
1.0,0.516952395439148
0.0,0.278644323348999
0.0,0.2713767886161804
0.0,0.27886974811553955
1.0,0.3177807331085205
1.0,0.7284944653511047
1.0,0.27526670694351196
0.0,0.27183085680007935
0.0,0.7139102816581726
0.0,0.2848412096500397
1.0,0.270944207906723
0.0,0.27079063653945923
0.0,0.27261412143707275
0.0,0.2797231078147888
0.0,0.29572147130966187
0.0,0.7076262831687927
0.0,0.2710440158843994
0.0,0.3221406638622284
0.0,0.27722057700157166
0.0,0.2696489095687866
1.0,0.26952335238456726
1.0,0.2776748836040497
1.0,0.7248035073280334
1.0,0.27643725275993347
0.0,0.2712796926498413
0.0,0.6998381614685059
0.0,0.27404648065567017
1.0,0.5807676911354065
1.0,0.27085432410240173
0.0,0.2752591669559479
1.0,0.2956123948097229
1.0,0.7254773378372192
1.0,0.7265781760215759
0.0,0.3081779181957245
0.0,0.27390068769454956
0.0,0.2733933627605438
1.0,0.2878263592720032
1.0,0.6945915222167969
1.0,0.727733314037323
1.0,0.7303376197814941
1.0,0.2704593241214752
0.0,0.2703872323036194
1.0,0.6868160367012024
1.0,0.26982149481773376
0.0,0.2851621210575104
1.0,0.7281154990196228
0.0,0.2786127030849457
0.0,0.27156442403793335
1.0,0.7297984957695007
1.0,0.7258027195930481
1.0,0.4150654077529907
1.0,0.7302740216255188
0.0,0.2957041263580322
1.0,0.27672937512397766
0.0,0.6241257190704346
1.0,0.728820264339447
0.0,0.2716827094554901
0.0,0.3504249155521393
1.0,0.7192493677139282
0.0,0.273511677980423
0.0,0.2730819284915924
0.0,0.705285370349884
0.0,0.7227974534034729
1.0,0.6816520690917969
1.0,0.5038867592811584
1.0,0.6428041458129883
1.0,0.7280100584030151
0.0,0.2772369682788849
1.0,0.5866796970367432
0.0,0.692666232585907
0.0,0.27327102422714233
1.0,0.7279930710792542
1.0,0.3301505446434021
1.0,0.4868304133415222
0.0,0.27277591824531555
1.0,0.7251711487770081
0.0,0.2874109447002411
0.0,0.27864113450050354
1.0,0.7274889349937439
1.0,0.7290691137313843
0.0,0.27476978302001953
0.0,0.30680567026138306
1.0,0.28151389956474304
0.0,0.2945622503757477
0.0,0.2748169004917145
1.0,0.2756887972354889
0.0,0.2718501091003418
1.0,0.365489661693573
1.0,0.7283670902252197
0.0,0.28499123454093933
0.0,0.4354521632194519
1.0,0.2712526023387909
0.0,0.2738495171070099
0.0,0.30939286947250366
0.0,0.2735211253166199
0.0,0.2791852056980133
1.0,0.7294968366622925
1.0,0.7252078652381897
1.0,0.28008654713630676
1.0,0.7296664714813232
0.0,0.27854496240615845
0.0,0.5346055626869202
0.0,0.7297314405441284
0.0,0.27114614844322205
1.0,0.6007462739944458
1.0,0.27061280608177185
1.0,0.5368587970733643
0.0,0.2722829580307007
1.0,0.3077165484428406
1.0,0.7288427948951721
1.0,0.722792387008667
1.0,0.7298380136489868
1.0,0.7276799082756042
1.0,0.3018644452095032
0.0,0.7180151343345642
0.0,0.2878812551498413
0.0,0.27031734585762024
0.0,0.2695710062980652
1.0,0.5924491882324219
0.0,0.2760157883167267
1.0,0.7240860462188721
1.0,0.7295833826065063
0.0,0.2743211090564728
1.0,0.7285313606262207
0.0,0.2757064998149872
0.0,0.2713239789009094
0.0,0.2723562717437744
1.0,0.6887716054916382
1.0,0.703639805316925
0.0,0.27089905738830566
0.0,0.28674840927124023
0.0,0.2733372151851654
0.0,0.2696964740753174
0.0,0.2753686010837555
0.0,0.274445116519928
0.0,0.2790115475654602
1.0,0.7278481125831604
0.0,0.2841685116291046
0.0,0.2866208553314209
1.0,0.7268058061599731
1.0,0.2719517648220062
0.0,0.3751755356788635
1.0,0.7269583940505981
0.0,0.28363609313964844
1.0,0.7281666398048401
0.0,0.7247145175933838
0.0,0.39799246191978455
0.0,0.27147072553634644
1.0,0.7274793982505798
0.0,0.2718690037727356
1.0,0.6147623062133789
0.0,0.7063041925430298
1.0,0.7288976907730103
0.0,0.27040228247642517
0.0,0.2824295461177826
1.0,0.6530427932739258
1.0,0.2853949964046478
1.0,0.2734936475753784
1.0,0.705814778804779
1.0,0.5942885279655457
0.0,0.3206574618816376
0.0,0.2858048379421234
1.0,0.7288811206817627
1.0,0.7184512615203857
1.0,0.27137383818626404
1.0,0.7256893515586853
0.0,0.28266844153404236
1.0,0.7292956709861755
0.0,0.3302754759788513
1.0,0.7272061109542847
0.0,0.26980847120285034
0.0,0.2888907194137573
0.0,0.28169435262680054
0.0,0.42912641167640686
0.0,0.27993083000183105
0.0,0.5049627423286438
0.0,0.287754088640213
1.0,0.6660408973693848
1.0,0.730254590511322
0.0,0.2709525227546692
1.0,0.708846926689148
0.0,0.2697702646255493
1.0,0.7068083882331848
1.0,0.2760780155658722
1.0,0.32601937651634216
0.0,0.36543866991996765
0.0,0.27053800225257874
1.0,0.2788882255554199
1.0,0.2711462378501892
1.0,0.729751706123352
0.0,0.28144317865371704
1.0,0.7233883738517761
1.0,0.7031357884407043
1.0,0.7263113856315613
1.0,0.7295912504196167
1.0,0.7273061871528625
1.0,0.6180528402328491
1.0,0.7279025316238403
0.0,0.31366366147994995
1.0,0.27563977241516113
1.0,0.26979804039001465
1.0,0.7122735381126404
1.0,0.7272206544876099
0.0,0.28087183833122253
0.0,0.27151158452033997
0.0,0.27219367027282715
0.0,0.27294182777404785
1.0,0.7279219031333923
1.0,0.7301363348960876
1.0,0.27155402302742004
0.0,0.3344455063343048
1.0,0.28748682141304016
1.0,0.7287041544914246
1.0,0.2954599857330322
1.0,0.2756190598011017
1.0,0.2702849805355072
0.0,0.27410778403282166
0.0,0.27230188250541687
1.0,0.7278742790222168
1.0,0.7292275428771973
0.0,0.2716478705406189
0.0,0.2709788680076599
0.0,0.2705632448196411
1.0,0.7269256114959717
1.0,0.7092639207839966
1.0,0.2767014503479004
0.0,0.48816874623298645
0.0,0.2743147611618042
1.0,0.27378949522972107
0.0,0.3325360417366028
1.0,0.7224736213684082
1.0,0.7297571897506714
1.0,0.7300485372543335
0.0,0.5915054082870483
0.0,0.27137836813926697
1.0,0.27118635177612305
1.0,0.6946355700492859
0.0,0.7283580303192139
0.0,0.7295430302619934
0.0,0.2701916992664337
1.0,0.2700340449810028
1.0,0.7224724888801575
0.0,0.3375437259674072
0.0,0.27158358693122864
1.0,0.2708522081375122
0.0,0.26990726590156555
1.0,0.4399251937866211
1.0,0.5816850662231445
1.0,0.7159264087677002
1.0,0.3348841369152069
0.0,0.27607429027557373
0.0,0.2706092596054077
0.0,0.7204930782318115
1.0,0.7228633761405945
0.0,0.6809008121490479
0.0,0.277768611907959
1.0,0.7248098850250244
0.0,0.2774337828159332
0.0,0.27077415585517883
1.0,0.5770332217216492
1.0,0.7279702425003052
0.0,0.27040645480155945
0.0,0.510759711265564
0.0,0.2834330201148987
0.0,0.2849220633506775
1.0,0.7232351899147034
1.0,0.7274088263511658
0.0,0.2884511947631836
0.0,0.2898476719856262
1.0,0.66154944896698
0.0,0.270861953496933
1.0,0.5233379602432251
0.0,0.27694541215896606
0.0,0.5850774049758911
0.0,0.2709212303161621
1.0,0.270397424697876
0.0,0.2715182304382324
0.0,0.41878512501716614
0.0,0.7288933396339417
0.0,0.33421024680137634
0.0,0.7050203084945679
1.0,0.6752641201019287
0.0,0.2798890769481659
0.0,0.2814719080924988
1.0,0.7297810316085815
0.0,0.274856299161911
0.0,0.27461889386177063
0.0,0.5427067875862122
1.0,0.7252990007400513
1.0,0.7296308279037476
0.0,0.2725963592529297
0.0,0.2702937424182892
0.0,0.27464887499809265
0.0,0.29147958755493164
1.0,0.7286188006401062
0.0,0.2756146192550659
1.0,0.7003783583641052
0.0,0.2985072731971741
1.0,0.7266618609428406
1.0,0.4252718389034271
1.0,0.6320362091064453
0.0,0.35768887400627136
1.0,0.7262330651283264
0.0,0.27211663126945496
0.0,0.29864975810050964
0.0,0.2719896137714386
1.0,0.7271604537963867
0.0,0.37136775255203247
1.0,0.2714073061943054
1.0,0.6120529770851135
0.0,0.29630258679389954
1.0,0.7296620607376099
0.0,0.2717752158641815
0.0,0.28237995505332947
0.0,0.2772127091884613
0.0,0.2781599462032318
0.0,0.29852738976478577
0.0,0.2712683379650116
1.0,0.7297523021697998
0.0,0.4035550355911255
0.0,0.27349671721458435
0.0,0.2812483608722687
0.0,0.34772562980651855
1.0,0.7161540985107422
1.0,0.6096654534339905
1.0,0.7264887690544128
1.0,0.27658411860466003
0.0,0.2716051936149597
1.0,0.27274930477142334
0.0,0.2698855400085449
1.0,0.6833869814872742
0.0,0.2722763419151306
0.0,0.27227210998535156
0.0,0.2746281027793884
1.0,0.7277693748474121
1.0,0.27135777473449707
1.0,0.4109877347946167
0.0,0.27281129360198975
1.0,0.2702282667160034
1.0,0.27068260312080383
0.0,0.2726965844631195
0.0,0.27060267329216003
1.0,0.7268877029418945
1.0,0.5452892780303955
1.0,0.7291126251220703
0.0,0.292717307806015
0.0,0.27579939365386963
1.0,0.7246888875961304
0.0,0.27726414799690247
0.0,0.31529590487480164
0.0,0.2698279321193695
1.0,0.727576494216919
1.0,0.35561659932136536
0.0,0.2718524932861328
0.0,0.7125115990638733
1.0,0.7301478981971741
0.0,0.2777908146381378
0.0,0.27016568183898926
0.0,0.287394255399704
1.0,0.7204428315162659
0.0,0.2701624929904938
1.0,0.6890013813972473
0.0,0.2702185809612274
1.0,0.5366163849830627
0.0,0.2711929976940155
1.0,0.7252147197723389
0.0,0.2706204056739807
1.0,0.7221501469612122
0.0,0.7275587320327759
0.0,0.271025687456131
0.0,0.3299851417541504
1.0,0.7289894223213196
0.0,0.31359782814979553
1.0,0.7053683400154114
0.0,0.31871718168258667
0.0,0.2927809953689575
0.0,0.27247154712677
1.0,0.6867702007293701
0.0,0.28512898087501526
1.0,0.727051854133606
1.0,0.7226524949073792
1.0,0.7163411378860474
0.0,0.3554999828338623
0.0,0.278641015291214
0.0,0.26988351345062256
0.0,0.6844049692153931
1.0,0.543631374835968
1.0,0.2723350524902344
0.0,0.2738185524940491
1.0,0.7282071113586426
0.0,0.27098506689071655
1.0,0.7233700156211853
0.0,0.702197790145874
0.0,0.27169111371040344
1.0,0.7265395522117615
1.0,0.40454086661338806
0.0,0.28204146027565
1.0,0.7289809584617615
1.0,0.7292304039001465
1.0,0.7289530634880066
0.0,0.2901943624019623
1.0,0.27175629138946533
0.0,0.2970828711986542
0.0,0.7278018593788147
1.0,0.47544312477111816
0.0,0.2770765423774719
0.0,0.26975592970848083
0.0,0.27809661626815796
1.0,0.7273740768432617
0.0,0.27717313170433044
1.0,0.7213312387466431
1.0,0.2722192108631134
0.0,0.2711649537086487
0.0,0.36960726976394653
1.0,0.27100470662117004
0.0,0.2712997496128082
0.0,0.28181296586990356
1.0,0.7273556590080261
0.0,0.2698579430580139
0.0,0.27270638942718506
0.0,0.2769401967525482
0.0,0.27488645911216736
1.0,0.6930481791496277
1.0,0.27036282420158386
0.0,0.7288095951080322
0.0,0.28188684582710266
0.0,0.32737594842910767
1.0,0.2720150351524353
1.0,0.7221593856811523
0.0,0.2707141041755676
0.0,0.3368322253227234
1.0,0.7275650501251221
0.0,0.2726474106311798
0.0,0.2698248028755188
0.0,0.275818407535553
1.0,0.7272961735725403
0.0,0.2757991850376129
0.0,0.2890181243419647
0.0,0.2758183777332306
0.0,0.26990529894828796
0.0,0.28961580991744995
1.0,0.7158124446868896
1.0,0.7203168272972107
0.0,0.2701025605201721
1.0,0.2696834206581116
0.0,0.7175217270851135
0.0,0.2696506679058075
0.0,0.2693946659564972
0.0,0.48209425806999207
0.0,0.27164968848228455
0.0,0.2706974446773529
1.0,0.5121860504150391
0.0,0.2702104449272156
0.0,0.7221684455871582
0.0,0.2703525424003601
0.0,0.2693944275379181
1.0,0.27232664823532104
0.0,0.27060189843177795
1.0,0.7294901013374329
1.0,0.7294514775276184
1.0,0.725898027420044
0.0,0.5119450092315674
0.0,0.2905360460281372
0.0,0.27331575751304626
1.0,0.7290135622024536
0.0,0.27084794640541077
0.0,0.2870555520057678
0.0,0.27316614985466003
1.0,0.321259081363678
0.0,0.36156222224235535
0.0,0.27162274718284607
1.0,0.7224267721176147
0.0,0.2747321128845215
0.0,0.28594449162483215
1.0,0.5974037647247314
0.0,0.27616649866104126
0.0,0.3014012575149536
0.0,0.2727337181568146
0.0,0.27350085973739624
1.0,0.6774885654449463
0.0,0.27332526445388794
0.0,0.29013675451278687
0.0,0.2775932848453522
0.0,0.28683575987815857
1.0,0.720995306968689
0.0,0.2752925157546997
1.0,0.5648517608642578
1.0,0.7225180268287659
0.0,0.2819352447986603
1.0,0.7048138380050659
1.0,0.270504355430603
0.0,0.2749011814594269
1.0,0.2844855487346649
0.0,0.4135352075099945
0.0,0.7241557240486145
1.0,0.729952335357666
0.0,0.34038642048835754
0.0,0.27662724256515503
0.0,0.28183868527412415
0.0,0.2746984362602234
0.0,0.27032873034477234
1.0,0.6040627360343933
0.0,0.3187054693698883
0.0,0.722295343875885
0.0,0.7291303277015686
0.0,0.27106037735939026
1.0,0.7171281576156616
0.0,0.27022865414619446
0.0,0.3422117829322815
0.0,0.27506786584854126
0.0,0.2715643048286438
0.0,0.2701329290866852
1.0,0.7224111557006836
0.0,0.27183741331100464
0.0,0.6766113042831421
1.0,0.6598131060600281
0.0,0.26987147331237793
1.0,0.6618478298187256
1.0,0.28264838457107544
1.0,0.7285818457603455
1.0,0.7270753383636475
0.0,0.28221848607063293
0.0,0.2801116704940796
0.0,0.27308231592178345
1.0,0.2715882956981659
0.0,0.7083238959312439
0.0,0.3086414635181427
0.0,0.27066779136657715
1.0,0.27382296323776245
1.0,0.2926064431667328
0.0,0.27062007784843445
0.0,0.2754961848258972
1.0,0.6925537586212158
1.0,0.7302167415618896
1.0,0.32628875970840454
0.0,0.2740035057067871
0.0,0.2827836871147156
1.0,0.7218193411827087
0.0,0.28563645482063293
0.0,0.7295815944671631
0.0,0.28387683629989624
0.0,0.2762346565723419
1.0,0.272481769323349
0.0,0.30286362767219543
1.0,0.27120935916900635
1.0,0.2814207375049591
1.0,0.7072065472602844
1.0,0.3460637927055359
0.0,0.2730877101421356
1.0,0.7239120602607727
0.0,0.28187599778175354
1.0,0.27112260460853577
1.0,0.7296441793441772
0.0,0.6593694090843201
0.0,0.7225418090820312
0.0,0.2738373875617981
1.0,0.7295688986778259
1.0,0.7206084728240967
0.0,0.3075201213359833
0.0,0.27038854360580444
1.0,0.7280641794204712
1.0,0.7301284670829773
1.0,0.2754818797111511
1.0,0.7244104743003845
0.0,0.2699751555919647
1.0,0.72853684425354
0.0,0.3576483726501465
1.0,0.42596423625946045
0.0,0.2867547869682312
0.0,0.2706075608730316
1.0,0.7264063358306885
1.0,0.7306050062179565
1.0,0.7304365038871765
1.0,0.7285849452018738
1.0,0.7174180150032043
1.0,0.7287538647651672
0.0,0.27084672451019287
0.0,0.7228469252586365
0.0,0.6127135753631592
0.0,0.2719504237174988
1.0,0.7281181812286377
0.0,0.27022284269332886
0.0,0.2811415195465088
0.0,0.27569979429244995
1.0,0.7286582589149475
0.0,0.3552128076553345
0.0,0.2892894744873047
1.0,0.5078083872795105
1.0,0.7283381223678589
1.0,0.7285836935043335
0.0,0.47422030568122864
1.0,0.7218101620674133
0.0,0.278665691614151
0.0,0.5968654751777649
0.0,0.2703486382961273
0.0,0.27727070450782776
0.0,0.4975709915161133
0.0,0.32123449444770813
0.0,0.27079087495803833
1.0,0.7297396063804626
1.0,0.2740645110607147
0.0,0.322322279214859
0.0,0.27022987604141235
1.0,0.7236348390579224
1.0,0.2953217625617981
0.0,0.7276712656021118
1.0,0.27485430240631104
0.0,0.39650264382362366
1.0,0.7259764075279236
0.0,0.2798500657081604
0.0,0.26970845460891724
1.0,0.27261003851890564
1.0,0.7302413582801819
0.0,0.27049827575683594
0.0,0.3314807116985321
0.0,0.7216364145278931
0.0,0.7199257612228394
0.0,0.2729424834251404
0.0,0.2794713079929352
1.0,0.7295824885368347
1.0,0.7251882553100586
1.0,0.27824869751930237
0.0,0.7289210557937622
1.0,0.7089338302612305
0.0,0.2732071876525879
1.0,0.6478601694107056
0.0,0.2710455656051636
1.0,0.7284541130065918
1.0,0.6702257394790649
0.0,0.2716124951839447
0.0,0.2724355161190033
0.0,0.2961618900299072
0.0,0.2744074761867523
0.0,0.2778659760951996
0.0,0.5588024854660034
1.0,0.6356654167175293
1.0,0.7007951736450195
1.0,0.7179448008537292
1.0,0.27570515871047974
0.0,0.2702236473560333
0.0,0.2806936502456665
0.0,0.34697869420051575
0.0,0.2776522934436798
0.0,0.7285426259040833
0.0,0.27049705386161804
0.0,0.5107637643814087
1.0,0.5070465207099915
1.0,0.2828196883201599
1.0,0.7202820777893066
0.0,0.2704632580280304
1.0,0.36889100074768066
0.0,0.7260550856590271
1.0,0.7205365896224976
0.0,0.716113269329071
0.0,0.7256432771682739
0.0,0.27298614382743835
0.0,0.28285375237464905
0.0,0.2699640393257141
0.0,0.2706873416900635
0.0,0.2699756622314453
1.0,0.28032997250556946
0.0,0.28051167726516724
1.0,0.7064334750175476
0.0,0.2702949643135071
0.0,0.2717287838459015
1.0,0.2735491096973419
1.0,0.7300772666931152
0.0,0.7281161546707153
0.0,0.2816607654094696
0.0,0.33834099769592285
1.0,0.26978403329849243
1.0,0.724746584892273
1.0,0.29102906584739685
0.0,0.27003514766693115
1.0,0.7173656821250916
1.0,0.7296754121780396
0.0,0.2791479229927063
0.0,0.3869304060935974
1.0,0.7175763845443726
0.0,0.27462801337242126
1.0,0.50044846534729
0.0,0.27613964676856995
1.0,0.698235809803009
1.0,0.2715214788913727
1.0,0.6163660883903503
0.0,0.7107710242271423
0.0,0.2695644199848175
1.0,0.7292406558990479
1.0,0.7256411910057068
0.0,0.3480537533760071
0.0,0.27279937267303467
0.0,0.27315855026245117
1.0,0.37186694145202637
0.0,0.5303479433059692
0.0,0.48225224018096924
0.0,0.27514877915382385
1.0,0.2727367579936981
0.0,0.7247142195701599
1.0,0.7280120849609375
1.0,0.471585214138031
1.0,0.7022724747657776
0.0,0.28314897418022156
0.0,0.2720146179199219
0.0,0.2721188962459564
0.0,0.3077627420425415
1.0,0.7157087922096252
1.0,0.7253207564353943
0.0,0.3502653241157532
0.0,0.2809271514415741
0.0,0.29869645833969116
1.0,0.32239970564842224
1.0,0.7257612347602844
1.0,0.7111924886703491
0.0,0.7264896631240845
0.0,0.29863327741622925
0.0,0.2709254324436188
0.0,0.2707309126853943
0.0,0.3205244541168213
0.0,0.2741047739982605
1.0,0.728222131729126
0.0,0.27426761388778687
1.0,0.2832077443599701
0.0,0.4085647463798523
0.0,0.27210307121276855
1.0,0.6372277140617371
0.0,0.3033718466758728
1.0,0.29928213357925415
0.0,0.2780938148498535
0.0,0.2698272168636322
1.0,0.5756922364234924
1.0,0.7255873084068298
1.0,0.34881752729415894
0.0,0.2742156684398651
1.0,0.7183215618133545
1.0,0.7291637063026428
1.0,0.3234102129936218
1.0,0.2711057960987091
1.0,0.7286731600761414
1.0,0.7290659546852112
0.0,0.27305513620376587
0.0,0.7186385989189148
0.0,0.35723793506622314
0.0,0.2971934676170349
1.0,0.7296087741851807
0.0,0.3204163908958435
0.0,0.35095784068107605
1.0,0.7278174161911011
1.0,0.3059948980808258
0.0,0.27320319414138794
1.0,0.6185391545295715
1.0,0.2712012231349945
0.0,0.269953191280365
0.0,0.27348074316978455
1.0,0.7288961410522461
0.0,0.27187034487724304
0.0,0.2911209464073181
1.0,0.2711077928543091
0.0,0.26991233229637146
0.0,0.270331472158432
0.0,0.2779774069786072
0.0,0.26987597346305847
1.0,0.7287417054176331
0.0,0.2702365517616272
1.0,0.27072498202323914
0.0,0.2782773971557617
0.0,0.28552061319351196
1.0,0.6438019275665283
0.0,0.2718421518802643
0.0,0.2716628313064575
0.0,0.33207088708877563
1.0,0.6715865731239319
1.0,0.7296996712684631
0.0,0.27294713258743286
1.0,0.7284391522407532
1.0,0.7138748168945312
1.0,0.7302723526954651
1.0,0.728746235370636
0.0,0.559248685836792
0.0,0.3471766710281372
0.0,0.2761619985103607
1.0,0.27069827914237976
0.0,0.33141466975212097
0.0,0.7232490181922913
0.0,0.3081045150756836
1.0,0.7250813245773315
1.0,0.7282129526138306
0.0,0.27462852001190186
1.0,0.7209967970848083
1.0,0.7244521975517273
1.0,0.7300715446472168
1.0,0.7239438891410828
1.0,0.27059489488601685
1.0,0.7265875935554504
1.0,0.6981786489486694
0.0,0.27092552185058594
1.0,0.7061102986335754
1.0,0.7045199275016785
1.0,0.7156243324279785
1.0,0.728155791759491
1.0,0.6582084894180298
1.0,0.7290717959403992
0.0,0.276111364364624
1.0,0.6700038313865662
1.0,0.7275344133377075
1.0,0.3082084655761719
1.0,0.29012128710746765
1.0,0.6859188675880432
1.0,0.2702358365058899
0.0,0.27779367566108704
0.0,0.271156370639801
1.0,0.7196412086486816
1.0,0.7277963161468506
1.0,0.7280786633491516
1.0,0.2713436484336853
0.0,0.289019912481308
0.0,0.2700973451137543
1.0,0.7136412262916565
1.0,0.28257596492767334
1.0,0.7288253903388977
1.0,0.6611493229866028
1.0,0.7302089333534241
1.0,0.699265718460083
1.0,0.36597946286201477
1.0,0.279595285654068
0.0,0.27691102027893066
1.0,0.3474542200565338
1.0,0.7237806916236877
1.0,0.724894106388092
0.0,0.2730514705181122
1.0,0.598795473575592
1.0,0.6856991648674011
1.0,0.681675910949707
1.0,0.7266178131103516
0.0,0.27124035358428955
1.0,0.6684545278549194
1.0,0.7221605181694031
1.0,0.720337986946106
1.0,0.27149274945259094
0.0,0.301139771938324
0.0,0.2959064245223999
1.0,0.7236288189888
0.0,0.2733170688152313
1.0,0.7288025617599487
0.0,0.6837472915649414
0.0,0.2761595845222473
1.0,0.7286086678504944
0.0,0.2710795998573303
1.0,0.724936842918396
0.0,0.27141064405441284
1.0,0.2828364670276642
1.0,0.7117329835891724
0.0,0.2749876379966736
1.0,0.7172335386276245
0.0,0.270469069480896
1.0,0.7285080552101135
0.0,0.2881966829299927
0.0,0.3023662567138672
0.0,0.26958155632019043
1.0,0.28129273653030396
0.0,0.6675946116447449
1.0,0.7274094223976135
1.0,0.7258357405662537
0.0,0.27068251371383667
1.0,0.6614880561828613
0.0,0.2806617021560669
0.0,0.270717054605484
1.0,0.721883237361908
0.0,0.27098238468170166
0.0,0.48107728362083435
0.0,0.7082496285438538
1.0,0.7292757630348206
0.0,0.4785664677619934
1.0,0.7269477844238281
0.0,0.28267040848731995
1.0,0.2753809094429016
1.0,0.27650389075279236
0.0,0.2824239730834961
1.0,0.27173423767089844
1.0,0.7292847633361816
0.0,0.7199333906173706
1.0,0.27259108424186707
1.0,0.7175118923187256
0.0,0.2710934579372406
0.0,0.4461767375469208
1.0,0.7269776463508606
0.0,0.2717002332210541
1.0,0.46314939856529236
0.0,0.2764419615268707
0.0,0.7273664474487305
1.0,0.48709240555763245
1.0,0.2737273871898651
0.0,0.3339764475822449
1.0,0.6829171180725098
1.0,0.27263686060905457
1.0,0.7205389142036438
1.0,0.35461777448654175
0.0,0.27099329233169556
1.0,0.7275404930114746
1.0,0.692385196685791
1.0,0.7204410433769226
0.0,0.2787346839904785
0.0,0.2701810300350189
1.0,0.7096017599105835
1.0,0.27155062556266785
0.0,0.2723865211009979
0.0,0.28299611806869507
0.0,0.3242485523223877
1.0,0.4852904677391052
0.0,0.5139903426170349
0.0,0.27152830362319946
0.0,0.2715475559234619
1.0,0.29629242420196533
0.0,0.3709661364555359
0.0,0.27646729350090027
0.0,0.2710733115673065
0.0,0.6010233759880066
1.0,0.7284284830093384
0.0,0.26982516050338745
1.0,0.46531325578689575
0.0,0.2713973820209503
0.0,0.2781273126602173
0.0,0.2777054011821747
0.0,0.2722635865211487
1.0,0.7259912490844727
1.0,0.7233240008354187
0.0,0.28666356205940247
1.0,0.6797764301300049
1.0,0.7287681102752686
0.0,0.2723448574542999
1.0,0.2743183672428131
1.0,0.2715664803981781
1.0,0.7167676687240601
1.0,0.7084869146347046
1.0,0.7292878031730652
1.0,0.30752983689308167
1.0,0.26983898878097534
1.0,0.7274776101112366
0.0,0.27022719383239746
1.0,0.3579951524734497
1.0,0.28751081228256226
0.0,0.2779906392097473
1.0,0.7096498608589172
0.0,0.27003589272499084
1.0,0.7217856645584106
1.0,0.2711355686187744
0.0,0.29071658849716187
1.0,0.7202128171920776
0.0,0.2759881019592285
1.0,0.7269912958145142
0.0,0.68128502368927
0.0,0.28374409675598145
0.0,0.27270931005477905
0.0,0.27274584770202637
0.0,0.2788769006729126
1.0,0.33380064368247986
1.0,0.728729248046875
0.0,0.2707422971725464
0.0,0.28440460562705994
0.0,0.270711749792099
0.0,0.27122849225997925
1.0,0.7269781231880188
0.0,0.7283156514167786
0.0,0.27109742164611816
0.0,0.3126993179321289
1.0,0.7275602221488953
1.0,0.7249029278755188
0.0,0.27134883403778076
0.0,0.2695261538028717
1.0,0.27066805958747864
0.0,0.2732906639575958
0.0,0.27064594626426697
0.0,0.2704482674598694
1.0,0.3153291642665863
1.0,0.72897869348526
0.0,0.2962464392185211
0.0,0.2796226441860199
0.0,0.2732805907726288
0.0,0.27094149589538574
1.0,0.7032155990600586
1.0,0.7274016737937927
1.0,0.4766835868358612
1.0,0.2693425118923187
1.0,0.27554649114608765
1.0,0.7267667651176453
0.0,0.4774751365184784
0.0,0.27053138613700867
1.0,0.7235458493232727
0.0,0.33545446395874023
1.0,0.2702801525592804
1.0,0.5418392419815063
0.0,0.27081671357154846
1.0,0.34090763330459595
1.0,0.713418185710907
1.0,0.7115700840950012
0.0,0.2697889506816864
0.0,0.27460670471191406
0.0,0.730079174041748
1.0,0.7274988889694214
0.0,0.2762880027294159
0.0,0.27346527576446533
1.0,0.270476371049881
1.0,0.2895306348800659
1.0,0.7305352687835693
1.0,0.7265008687973022
0.0,0.272361695766449
1.0,0.7283878326416016
0.0,0.27884790301322937
1.0,0.7265013456344604
1.0,0.7304083108901978
1.0,0.3031598627567291
1.0,0.6499632000923157
1.0,0.7230320572853088
1.0,0.7227546572685242
1.0,0.7288371324539185
0.0,0.2719840705394745
1.0,0.7275493741035461
0.0,0.27270248532295227
1.0,0.7301706075668335
1.0,0.7285336256027222
0.0,0.2710903286933899
1.0,0.7062215805053711
0.0,0.27853062748908997
0.0,0.27097976207733154
1.0,0.7249382138252258
0.0,0.2713264226913452
0.0,0.693101704120636
1.0,0.7301496863365173
0.0,0.2702707052230835
0.0,0.2699119746685028
0.0,0.27548786997795105
1.0,0.7262495756149292
1.0,0.7284827828407288
1.0,0.27311769127845764
1.0,0.7305231690406799
1.0,0.7089145183563232
1.0,0.270903617143631
1.0,0.2699107229709625
1.0,0.6755264401435852
0.0,0.2926729619503021
0.0,0.271320104598999
1.0,0.6475886106491089
0.0,0.2719937860965729
0.0,0.269984632730484
0.0,0.2965964078903198
0.0,0.27065372467041016
0.0,0.3068959414958954
0.0,0.27024006843566895
1.0,0.6490962505340576
0.0,0.3381458818912506
0.0,0.27063772082328796
0.0,0.32447463274002075
1.0,0.2754095494747162
0.0,0.7224357724189758
0.0,0.2698433995246887
1.0,0.2898344397544861
0.0,0.2711022198200226
0.0,0.271646648645401
1.0,0.7238662242889404
0.0,0.4934538006782532
0.0,0.6100465059280396
1.0,0.2701401114463806
1.0,0.7286030054092407
0.0,0.6760391592979431
0.0,0.2788807451725006
0.0,0.29809463024139404
0.0,0.30033573508262634
0.0,0.27484914660453796
1.0,0.7281674146652222
0.0,0.44276928901672363
0.0,0.274176687002182
1.0,0.7284456491470337
1.0,0.2745320796966553
0.0,0.31570807099342346
0.0,0.28622061014175415
0.0,0.39813607931137085
1.0,0.7292940616607666
0.0,0.6976364850997925
1.0,0.27956756949424744
1.0,0.2707114815711975
1.0,0.7239071130752563
1.0,0.7295212149620056
1.0,0.5616666674613953
0.0,0.3339225649833679
0.0,0.2710112929344177
0.0,0.28297048807144165
1.0,0.72305828332901
1.0,0.7161936163902283
0.0,0.6667402386665344
1.0,0.7246094942092896
1.0,0.7221063375473022
0.0,0.27704280614852905
0.0,0.6701615452766418
1.0,0.505942702293396
1.0,0.27111729979515076
1.0,0.2704242467880249
1.0,0.7228428721427917
1.0,0.6011609435081482
0.0,0.27702292799949646
0.0,0.332143634557724
0.0,0.27455273270606995
1.0,0.681206464767456
1.0,0.6998025178909302
0.0,0.273206502199173
1.0,0.7223585247993469
0.0,0.27142903208732605
0.0,0.2723018229007721
0.0,0.2706643044948578
1.0,0.7225930094718933
1.0,0.7102589011192322
1.0,0.7175806164741516
0.0,0.2854065001010895
1.0,0.7274520397186279
1.0,0.27254071831703186
1.0,0.7092339396476746
1.0,0.7262116074562073
0.0,0.2777675986289978
1.0,0.7249698638916016
1.0,0.6375498175621033
0.0,0.6941493153572083
1.0,0.5284669399261475
0.0,0.4901740252971649
1.0,0.7279908061027527
1.0,0.6767168641090393
0.0,0.5309785008430481
0.0,0.27940526604652405
1.0,0.7197487354278564
1.0,0.6469231247901917
0.0,0.27920597791671753
0.0,0.2694987654685974
0.0,0.2705489993095398
1.0,0.7272592782974243
0.0,0.27157601714134216
1.0,0.7292982935905457
1.0,0.2745364010334015
1.0,0.7287310361862183
0.0,0.7056944370269775
1.0,0.7189794778823853
0.0,0.27219322323799133
1.0,0.7294324040412903
1.0,0.7278122901916504
1.0,0.4089716970920563
0.0,0.4673726558685303
0.0,0.7276689410209656
1.0,0.2755219042301178
0.0,0.27357256412506104
1.0,0.2806541919708252
1.0,0.7027406096458435
0.0,0.47225823998451233
1.0,0.7291820049285889
1.0,0.277131050825119
1.0,0.7218285202980042
1.0,0.7280294895172119
1.0,0.26980653405189514
0.0,0.2724089026451111
1.0,0.7292260527610779
0.0,0.27066829800605774
1.0,0.7231922149658203
0.0,0.29051727056503296
0.0,0.7283928990364075
1.0,0.5120534896850586
0.0,0.6832050681114197
0.0,0.4027549624443054
1.0,0.7271554470062256
0.0,0.27442821860313416
0.0,0.27417248487472534
0.0,0.7146637439727783
1.0,0.7239554524421692
1.0,0.7220939993858337
0.0,0.2730526924133301
1.0,0.2727690041065216
0.0,0.27423179149627686
0.0,0.2703202962875366
1.0,0.5672776699066162
1.0,0.2749590575695038
0.0,0.27222582697868347
0.0,0.634954035282135
0.0,0.2970183789730072
0.0,0.38176918029785156
1.0,0.2728304862976074
1.0,0.34565719962120056
1.0,0.7203201651573181
1.0,0.2751946449279785
1.0,0.2702423930168152
0.0,0.2712548077106476
1.0,0.2723842263221741
0.0,0.29098865389823914
0.0,0.27082914113998413
0.0,0.27140751481056213
0.0,0.2724177837371826
1.0,0.2706797420978546
1.0,0.7266018390655518
0.0,0.27100124955177307
0.0,0.2909840941429138
0.0,0.2749382555484772
1.0,0.7292767763137817
0.0,0.27002638578414917
1.0,0.7277759909629822
0.0,0.2699563801288605
1.0,0.2706650197505951
0.0,0.275419145822525
1.0,0.7294737696647644
0.0,0.2741113603115082
0.0,0.2773686945438385
0.0,0.2704184949398041
0.0,0.29958730936050415
0.0,0.2867715060710907
1.0,0.2713589370250702
1.0,0.7294548153877258
1.0,0.7242075204849243
0.0,0.28743380308151245
1.0,0.7251256704330444
1.0,0.6998608112335205
0.0,0.2936440110206604
1.0,0.7244535684585571
0.0,0.3203416168689728
0.0,0.27463096380233765
0.0,0.27079346776008606
0.0,0.49732136726379395
1.0,0.7233946919441223
1.0,0.27375125885009766
0.0,0.2748897671699524
0.0,0.2826065123081207
0.0,0.2890309691429138
1.0,0.48375457525253296
0.0,0.2777097225189209
1.0,0.719512403011322
1.0,0.7124399542808533
1.0,0.7267458438873291
1.0,0.708405613899231
0.0,0.27026569843292236
1.0,0.7154760956764221
1.0,0.7294266223907471
1.0,0.6716243028640747
0.0,0.27045536041259766
0.0,0.2749063968658447
1.0,0.2701150178909302
1.0,0.7292929887771606
1.0,0.7277235388755798
1.0,0.7253184914588928
1.0,0.7276377081871033
0.0,0.3197040259838104
1.0,0.27382805943489075
0.0,0.3455697000026703
0.0,0.4851001501083374
1.0,0.7233502864837646
1.0,0.7290186882019043
1.0,0.7277045845985413
0.0,0.2723642587661743
0.0,0.27187949419021606
1.0,0.2720116376876831
1.0,0.336696594953537
0.0,0.2703119218349457
0.0,0.2734297513961792
0.0,0.2937394678592682
1.0,0.6697126626968384
0.0,0.2773256003856659
1.0,0.729171872138977
0.0,0.4122067987918854
1.0,0.7253602743148804
1.0,0.7292356491088867
1.0,0.7295875549316406
0.0,0.2714059054851532
1.0,0.7300668954849243
0.0,0.27727705240249634
0.0,0.30610352754592896
1.0,0.6977231502532959
0.0,0.27166470885276794
0.0,0.27752941846847534
1.0,0.726611316204071
1.0,0.2806050181388855
1.0,0.720312774181366
0.0,0.3934970796108246
1.0,0.7194395661354065
0.0,0.4950239658355713
0.0,0.2821497917175293
0.0,0.27109387516975403
1.0,0.270648717880249
1.0,0.7276173830032349
1.0,0.7198939919471741
0.0,0.2853316366672516
0.0,0.37262094020843506
0.0,0.27794212102890015
0.0,0.5662815570831299
0.0,0.3085838556289673
0.0,0.42244258522987366
1.0,0.724145233631134
1.0,0.7266200184822083
1.0,0.7262260913848877
1.0,0.4723522663116455
0.0,0.2716935873031616
0.0,0.2740522623062134
0.0,0.27054405212402344
1.0,0.7229890823364258
0.0,0.27032142877578735
1.0,0.27063456177711487
1.0,0.6174010038375854
1.0,0.7277588844299316
1.0,0.7297362089157104
1.0,0.2854325771331787
0.0,0.7152729630470276
0.0,0.27049413323402405
0.0,0.28265324234962463
0.0,0.2710248529911041
0.0,0.3532620072364807
0.0,0.370489239692688
1.0,0.2807123064994812
0.0,0.5297536849975586
0.0,0.37163087725639343
1.0,0.29581838846206665
0.0,0.27278295159339905
0.0,0.2773257791996002
1.0,0.27712106704711914
0.0,0.7186809778213501
0.0,0.2739582657814026
0.0,0.2929028272628784
1.0,0.2761975824832916
1.0,0.27078577876091003
0.0,0.2702828347682953
0.0,0.2760373651981354
1.0,0.29966047406196594
1.0,0.7294008731842041
0.0,0.33173084259033203
0.0,0.27029213309288025
1.0,0.7298150062561035
1.0,0.7271658182144165
0.0,0.5374805927276611
1.0,0.3050838112831116
1.0,0.2707478404045105
0.0,0.2723810076713562
0.0,0.3055666983127594
1.0,0.4932478368282318
1.0,0.7258570790290833
0.0,0.270493745803833
1.0,0.27132147550582886
0.0,0.2848423719406128
1.0,0.7292541861534119
0.0,0.7248916029930115
0.0,0.6091539859771729
1.0,0.7300043702125549
0.0,0.2865062355995178
0.0,0.2742356061935425
0.0,0.2788788676261902
1.0,0.2710643708705902
1.0,0.6256846785545349
0.0,0.28181636333465576
0.0,0.27142971754074097
1.0,0.7296473383903503
0.0,0.2704537808895111
1.0,0.27135100960731506
1.0,0.7303741574287415
0.0,0.28144654631614685
0.0,0.2700004577636719
0.0,0.27101466059684753
0.0,0.27900418639183044
1.0,0.7227888703346252
0.0,0.28696852922439575
0.0,0.32698044180870056
1.0,0.7244976162910461
1.0,0.728376030921936
1.0,0.37328365445137024
1.0,0.6432920694351196
0.0,0.5054728388786316
0.0,0.2702641487121582
1.0,0.7215057015419006
1.0,0.7187642455101013
0.0,0.2731025218963623
0.0,0.27312391996383667
1.0,0.27144235372543335
1.0,0.7235100865364075
0.0,0.2755582332611084
1.0,0.7171530723571777
1.0,0.5697391629219055
0.0,0.2725730836391449
1.0,0.7286615967750549
1.0,0.7262375950813293
1.0,0.7283350825309753
0.0,0.277069091796875
0.0,0.37158095836639404
0.0,0.40909531712532043
0.0,0.2911372482776642
0.0,0.6110798716545105
1.0,0.7291885018348694
1.0,0.727593183517456
0.0,0.2806401252746582
1.0,0.7296798825263977
0.0,0.279670774936676
0.0,0.2761789560317993
0.0,0.2714516818523407
0.0,0.27445271611213684
1.0,0.28041815757751465
1.0,0.3065187633037567
0.0,0.5377895832061768
0.0,0.2866010069847107
0.0,0.2715173661708832
0.0,0.2710033059120178
1.0,0.4723738729953766
1.0,0.716277539730072
0.0,0.2968243360519409
0.0,0.7103031873703003
0.0,0.2945462763309479
0.0,0.2758052945137024
0.0,0.2759707272052765
1.0,0.35050857067108154
1.0,0.729124128818512
0.0,0.7291890978813171
0.0,0.720766544342041
0.0,0.6934649348258972
0.0,0.2807868421077728
1.0,0.7281986474990845
0.0,0.2863766849040985
0.0,0.26964953541755676
1.0,0.724895715713501
1.0,0.28555721044540405
1.0,0.7250663638114929
0.0,0.27187976241111755
0.0,0.27094027400016785
0.0,0.2707982063293457
1.0,0.7024134397506714
0.0,0.2847557067871094
1.0,0.29314494132995605
0.0,0.29015517234802246
1.0,0.7200884222984314
1.0,0.2846551835536957
0.0,0.27229878306388855
0.0,0.27577871084213257
0.0,0.294100821018219
1.0,0.30702945590019226
0.0,0.270332396030426
0.0,0.270530641078949
1.0,0.2735554873943329
0.0,0.2727833688259125
0.0,0.27753475308418274
0.0,0.27347204089164734
0.0,0.2703699469566345
0.0,0.29266688227653503
1.0,0.7277371287345886
1.0,0.728929877281189
0.0,0.272335410118103
1.0,0.7278831005096436
0.0,0.26968422532081604
1.0,0.6640720367431641
0.0,0.27265530824661255
1.0,0.7286340594291687
0.0,0.2849324643611908
0.0,0.2805078625679016
0.0,0.27777212858200073
0.0,0.27965089678764343
0.0,0.2817508280277252
1.0,0.32010418176651
0.0,0.2980431616306305
1.0,0.3165664076805115
1.0,0.7191422581672668
0.0,0.2701149880886078
0.0,0.27471038699150085
1.0,0.7261547446250916
1.0,0.6531168818473816
0.0,0.2777121067047119
1.0,0.7270618081092834
1.0,0.27076753973960876
0.0,0.2720600664615631
1.0,0.7246188521385193
1.0,0.7218381762504578
1.0,0.340770423412323
0.0,0.2701466679573059
0.0,0.2740018367767334
0.0,0.39797917008399963
0.0,0.2706183195114136
0.0,0.27812469005584717
1.0,0.701415479183197
0.0,0.27101007103919983
0.0,0.2863262891769409
0.0,0.2705508768558502
1.0,0.7278066873550415
1.0,0.7297173142433167
0.0,0.2716708481311798
0.0,0.2723251283168793
1.0,0.2841135561466217
1.0,0.7171608805656433
1.0,0.7238615155220032
0.0,0.2698881924152374
0.0,0.2915355861186981
1.0,0.728911280632019
0.0,0.3341691493988037
0.0,0.2768610119819641
1.0,0.7254881858825684
1.0,0.6875027418136597
1.0,0.32527950406074524
1.0,0.7226709723472595
1.0,0.7290400862693787
0.0,0.35368114709854126
0.0,0.2809978425502777
1.0,0.7215552926063538
1.0,0.7257682681083679
1.0,0.7278066873550415
1.0,0.27122730016708374
1.0,0.7302297949790955
0.0,0.6777763962745667
1.0,0.7112918496131897
0.0,0.27005618810653687
0.0,0.2884962558746338
1.0,0.7249283194541931
0.0,0.27091753482818604
0.0,0.270090788602829
0.0,0.27147531509399414
1.0,0.593346357345581
0.0,0.2741398811340332
0.0,0.27930259704589844
1.0,0.7167145609855652
1.0,0.7299498915672302
0.0,0.5684801340103149
0.0,0.27841535210609436
0.0,0.28623995184898376
0.0,0.2727372646331787
1.0,0.6566827893257141
0.0,0.27087223529815674
0.0,0.380407452583313
0.0,0.26987168192863464
1.0,0.7192573547363281
1.0,0.7161367535591125
1.0,0.7244613766670227
0.0,0.2707737386226654
1.0,0.31193798780441284
1.0,0.2725614607334137
0.0,0.41186633706092834
0.0,0.27893778681755066
0.0,0.27788862586021423
1.0,0.7240360379219055
0.0,0.2973685562610626
1.0,0.729175865650177
1.0,0.7195258140563965
1.0,0.7203652262687683
0.0,0.7150875926017761
1.0,0.7277258038520813
1.0,0.37437209486961365
1.0,0.7289431095123291
1.0,0.5574924349784851
0.0,0.2700195908546448
1.0,0.728175699710846
0.0,0.32055407762527466
1.0,0.7289743423461914
0.0,0.7205286622047424
1.0,0.6711158156394958
0.0,0.29108959436416626
1.0,0.701076328754425
1.0,0.6919350624084473
1.0,0.7243016958236694
1.0,0.6926771998405457
0.0,0.6152411103248596
1.0,0.27181267738342285
0.0,0.6831167936325073
1.0,0.7290747761726379
1.0,0.7204675674438477
0.0,0.2726019024848938
0.0,0.2721070945262909
1.0,0.2724531590938568
0.0,0.30390816926956177
0.0,0.2822936773300171
1.0,0.702042281627655
1.0,0.7282652854919434
0.0,0.291133314371109
0.0,0.3159511387348175
1.0,0.2906684875488281
1.0,0.6986200213432312
1.0,0.34611034393310547
1.0,0.7164004445075989
0.0,0.27100256085395813
0.0,0.270876944065094
0.0,0.2728021442890167
0.0,0.2703748047351837
0.0,0.3084699809551239
1.0,0.7270885705947876
0.0,0.27190276980400085
1.0,0.5201990604400635
1.0,0.7164903879165649
0.0,0.42519235610961914
0.0,0.6777948141098022
1.0,0.2748270034790039
0.0,0.27188369631767273
1.0,0.2699624001979828
1.0,0.27022892236709595
1.0,0.727319061756134
0.0,0.269967257976532
0.0,0.5052599906921387
0.0,0.2756049633026123
0.0,0.2718673348426819
0.0,0.27127763628959656
0.0,0.2695172429084778
1.0,0.27008292078971863
1.0,0.7231356501579285
1.0,0.27646154165267944
0.0,0.353480726480484
0.0,0.27297088503837585
0.0,0.27374717593193054
0.0,0.2862202823162079
0.0,0.7183685898780823
0.0,0.3103649914264679
0.0,0.271175742149353
0.0,0.2721972167491913
0.0,0.3032231032848358
0.0,0.6722530722618103
0.0,0.3034818172454834
0.0,0.2800154685974121
1.0,0.7294705510139465
0.0,0.27047964930534363
1.0,0.7176264524459839
1.0,0.7139097452163696
0.0,0.39828354120254517
1.0,0.7282102704048157
1.0,0.7265180349349976
0.0,0.27291932702064514
1.0,0.7277483940124512
1.0,0.7289555072784424
1.0,0.7268503904342651
1.0,0.46764516830444336
0.0,0.2708393931388855
0.0,0.2756843566894531
0.0,0.3490983247756958
1.0,0.5570186376571655
1.0,0.381022185087204
0.0,0.2721220552921295
1.0,0.7250460386276245
1.0,0.7262869477272034
1.0,0.7287582755088806
0.0,0.27097517251968384
1.0,0.27451661229133606
1.0,0.7296497225761414
0.0,0.7022637724876404
0.0,0.27709779143333435
0.0,0.27225959300994873
1.0,0.7251619696617126
0.0,0.708466649055481
1.0,0.4852050244808197
0.0,0.2706111669540405
0.0,0.5438921451568604
1.0,0.7202122211456299
1.0,0.7228942513465881
0.0,0.2705419659614563
1.0,0.271746426820755
1.0,0.7285365462303162
0.0,0.29061514139175415
1.0,0.27906787395477295
1.0,0.28947708010673523
1.0,0.32394319772720337
0.0,0.27398115396499634
1.0,0.7296153903007507
0.0,0.2711772620677948
0.0,0.40734222531318665
0.0,0.7278042435646057
1.0,0.27085912227630615
0.0,0.30185797810554504
1.0,0.2778177261352539
1.0,0.7267122268676758
1.0,0.44905298948287964
1.0,0.6912553906440735
0.0,0.2720055878162384
1.0,0.3037083148956299
0.0,0.2716499865055084
0.0,0.2717340290546417
0.0,0.26985037326812744
1.0,0.7255006432533264
0.0,0.2700076103210449
1.0,0.7274082899093628
1.0,0.7278743982315063
0.0,0.28382307291030884
1.0,0.7220848798751831
0.0,0.5043696761131287
0.0,0.2928212881088257
1.0,0.7061951756477356
0.0,0.5459665060043335
1.0,0.2970793843269348
1.0,0.7302011847496033
0.0,0.2711673974990845
1.0,0.2735254168510437
0.0,0.2757585346698761
0.0,0.2833833396434784
1.0,0.4398937225341797
1.0,0.26959845423698425
0.0,0.29014649987220764
0.0,0.2733137607574463
1.0,0.6933941841125488
1.0,0.3747524917125702
1.0,0.27618685364723206
1.0,0.7210105061531067
1.0,0.6694399118423462
0.0,0.7124523520469666
0.0,0.2761300802230835
0.0,0.2701454758644104
1.0,0.7223158478736877
0.0,0.27295634150505066
1.0,0.711911678314209
1.0,0.2936374247074127
0.0,0.27263399958610535
0.0,0.28128501772880554
1.0,0.2714972198009491
1.0,0.6962680220603943
1.0,0.27472519874572754
0.0,0.2807467579841614
1.0,0.2708340287208557
0.0,0.28255704045295715
0.0,0.2696967124938965
1.0,0.7216267585754395
0.0,0.274480938911438
0.0,0.2801276445388794
0.0,0.2714743912220001
1.0,0.2991372048854828
1.0,0.7205969095230103
0.0,0.352618932723999
0.0,0.294125497341156
1.0,0.7246617674827576
0.0,0.2698734998703003
1.0,0.2697947025299072
1.0,0.6887490153312683
0.0,0.2907313406467438
0.0,0.27065756916999817
1.0,0.730006217956543
1.0,0.7206746935844421
0.0,0.3401325047016144
1.0,0.5396221280097961
0.0,0.2717236876487732
0.0,0.7123479247093201
1.0,0.7281492352485657
1.0,0.7300089597702026
0.0,0.2708698511123657
1.0,0.7279320359230042
0.0,0.5101351737976074
0.0,0.26962000131607056
0.0,0.2704846262931824
1.0,0.6740322709083557
0.0,0.272476464509964
1.0,0.5249044895172119
1.0,0.7167667746543884
1.0,0.689927339553833
0.0,0.34190598130226135
1.0,0.7267070412635803
1.0,0.2713005542755127
0.0,0.7287900447845459
0.0,0.27534401416778564
0.0,0.2850002646446228
1.0,0.2803838849067688
1.0,0.7269783616065979
0.0,0.2746776342391968
0.0,0.5298082232475281
0.0,0.27168819308280945
0.0,0.2721467614173889
1.0,0.7290042638778687
0.0,0.27009066939353943
0.0,0.2797631025314331
1.0,0.4295993745326996
1.0,0.7243285179138184
0.0,0.270221471786499
1.0,0.7254610657691956
1.0,0.5304718017578125
0.0,0.6351309418678284
0.0,0.2737031877040863
1.0,0.2720177173614502
1.0,0.7291775941848755
1.0,0.35853976011276245
0.0,0.2709318995475769
0.0,0.270709365606308
0.0,0.2729469835758209
0.0,0.2707173228263855
1.0,0.28600645065307617
1.0,0.29046452045440674
0.0,0.27758169174194336
0.0,0.7152307629585266
1.0,0.6756319999694824
1.0,0.7212178111076355
0.0,0.2706834077835083
0.0,0.2701256275177002
0.0,0.2699832320213318
1.0,0.28686022758483887
0.0,0.26947280764579773
1.0,0.2781430184841156
0.0,0.2732965350151062
1.0,0.7291378378868103
0.0,0.27755409479141235
0.0,0.7261417508125305
1.0,0.2903732359409332
0.0,0.27689746022224426
1.0,0.729880690574646
0.0,0.27858495712280273
1.0,0.2800998389720917
1.0,0.7271343469619751
0.0,0.27142125368118286
1.0,0.7175235152244568
0.0,0.39709657430648804
1.0,0.28500938415527344
0.0,0.39515575766563416
0.0,0.3541867434978485
0.0,0.6952067613601685
0.0,0.27027255296707153
1.0,0.7272939085960388
1.0,0.7281672954559326
0.0,0.2712334990501404
1.0,0.7121241092681885
0.0,0.6277942657470703
1.0,0.7096601724624634
1.0,0.7274881601333618
0.0,0.28301137685775757
1.0,0.2714560031890869
1.0,0.270253449678421
0.0,0.36865198612213135
0.0,0.27541837096214294
1.0,0.7236018180847168
0.0,0.41421934962272644
1.0,0.7285633087158203
1.0,0.7283903360366821
1.0,0.2926187217235565
0.0,0.2709401845932007
1.0,0.7289639711380005
1.0,0.4653737246990204
0.0,0.27347421646118164
0.0,0.27112388610839844
1.0,0.729953408241272
1.0,0.7304258942604065
1.0,0.47460126876831055
0.0,0.27518805861473083
0.0,0.2729836404323578
1.0,0.7194345593452454
1.0,0.7218347787857056
0.0,0.29281604290008545
1.0,0.6476205587387085
1.0,0.7267079949378967
1.0,0.28047534823417664
0.0,0.28900811076164246
0.0,0.2763611972332001
1.0,0.7272603511810303
1.0,0.2718137800693512
1.0,0.36732780933380127
0.0,0.276640385389328
1.0,0.7253524661064148
0.0,0.2710748016834259
0.0,0.3350348472595215
1.0,0.501885712146759
1.0,0.6762099266052246
0.0,0.2966032028198242
1.0,0.7302932739257812
0.0,0.2746995985507965
1.0,0.7292822003364563
1.0,0.7188190221786499
1.0,0.708263099193573
1.0,0.7190650701522827
1.0,0.6470714211463928
1.0,0.7285570502281189
0.0,0.2941873371601105
1.0,0.47081685066223145
1.0,0.2742595076560974
0.0,0.3122189939022064
1.0,0.7225857377052307
0.0,0.7141683101654053
1.0,0.7163044214248657
0.0,0.27232351899147034
1.0,0.7272968888282776
1.0,0.7256169319152832
0.0,0.7218219637870789
0.0,0.43193599581718445
1.0,0.2710614502429962
1.0,0.38501787185668945
0.0,0.271308034658432
0.0,0.6773943305015564
0.0,0.2705438435077667
0.0,0.2702869176864624
0.0,0.5712642669677734
0.0,0.3069056272506714
1.0,0.7261411547660828
1.0,0.6652941107749939
1.0,0.7293883562088013
1.0,0.7298211455345154
0.0,0.27125051617622375
0.0,0.2707473635673523
0.0,0.28061434626579285
0.0,0.27084583044052124
0.0,0.2707856595516205
1.0,0.7153705358505249
1.0,0.7293223738670349
1.0,0.2871333658695221
0.0,0.3606456518173218
1.0,0.5318198204040527
0.0,0.2703259587287903
1.0,0.7272858619689941
0.0,0.27019569277763367
0.0,0.3217821717262268
0.0,0.2773698568344116
1.0,0.7238604426383972
1.0,0.32612740993499756
1.0,0.7189355492591858
0.0,0.2710236608982086
1.0,0.27936044335365295
1.0,0.27188533544540405
1.0,0.6955428123474121
0.0,0.2702825963497162
0.0,0.2809646725654602
1.0,0.7182133793830872
1.0,0.34037578105926514
1.0,0.7271488308906555
0.0,0.2695162892341614
0.0,0.2753811478614807
0.0,0.27126747369766235
0.0,0.27731195092201233
0.0,0.2736136019229889
1.0,0.2969343364238739
0.0,0.2709960341453552
0.0,0.27158454060554504
1.0,0.6830953359603882
0.0,0.2807345986366272
0.0,0.2771507203578949
0.0,0.27954623103141785
1.0,0.7190793752670288
0.0,0.27028384804725647
0.0,0.40351930260658264
1.0,0.27407971024513245
0.0,0.269805908203125
1.0,0.728868305683136
0.0,0.28496435284614563
0.0,0.6776716709136963
1.0,0.28457462787628174
1.0,0.7214728593826294
0.0,0.726974606513977
1.0,0.7287726998329163
1.0,0.7284764647483826
1.0,0.7305369973182678
0.0,0.2728770971298218
1.0,0.7300307154655457
0.0,0.3186573088169098
0.0,0.26964235305786133
0.0,0.3561629056930542
0.0,0.269824355840683
1.0,0.2762625515460968
0.0,0.3615936040878296
0.0,0.2867158353328705
0.0,0.3224335014820099
0.0,0.27246543765068054
1.0,0.7199153900146484
0.0,0.2715906798839569
1.0,0.7063743472099304
1.0,0.7106726765632629
0.0,0.6353312730789185
0.0,0.2763327956199646
0.0,0.27538222074508667
0.0,0.2952628433704376
1.0,0.7294484972953796
1.0,0.7161170840263367
1.0,0.3150497376918793
0.0,0.27093350887298584
0.0,0.2762899696826935
1.0,0.7231152057647705
1.0,0.7225158214569092
0.0,0.6955020427703857
1.0,0.7298470139503479
1.0,0.7296786308288574
0.0,0.3798190951347351
1.0,0.7243427634239197
0.0,0.27044862508773804
0.0,0.2714434564113617
0.0,0.2708369493484497
1.0,0.27128398418426514
0.0,0.4841917157173157
0.0,0.2724647521972656
0.0,0.27128633856773376
1.0,0.7289478778839111
1.0,0.6953485012054443
1.0,0.6523922085762024
1.0,0.668977677822113
1.0,0.7231236100196838
0.0,0.2861233651638031
1.0,0.6448237895965576
0.0,0.27405425906181335
1.0,0.4270630478858948
1.0,0.724616527557373
1.0,0.7246244549751282
1.0,0.26967141032218933
0.0,0.2732120156288147
1.0,0.27088648080825806
0.0,0.27400389313697815
1.0,0.7289817929267883
0.0,0.38782569766044617
0.0,0.7301004528999329
0.0,0.2865413427352905
1.0,0.6171396374702454
1.0,0.7291373610496521
1.0,0.7295086979866028
0.0,0.6008716225624084
1.0,0.273873895406723
1.0,0.71930330991745
0.0,0.2713794410228729
0.0,0.27214276790618896
1.0,0.5546871423721313
1.0,0.5231733918190002
0.0,0.2717747986316681
0.0,0.45919090509414673
1.0,0.7244634628295898
0.0,0.27753499150276184
0.0,0.27110061049461365
1.0,0.3483828008174896
1.0,0.4112766683101654
1.0,0.3018631637096405
1.0,0.7173767685890198
0.0,0.27038276195526123
1.0,0.7261713743209839
0.0,0.27798157930374146
1.0,0.7295492887496948
1.0,0.7249771356582642
0.0,0.2729640603065491
0.0,0.26989883184432983
1.0,0.7154201865196228
0.0,0.2705065906047821
1.0,0.2824438512325287
1.0,0.7268136143684387
1.0,0.6636915802955627
0.0,0.2724463939666748
0.0,0.7224098443984985
1.0,0.7283416390419006
1.0,0.7221217751502991
1.0,0.7267616987228394
0.0,0.2767251133918762
0.0,0.27162036299705505
0.0,0.7242967486381531
0.0,0.27393171191215515
0.0,0.2720457911491394
0.0,0.2721572518348694
0.0,0.2696242928504944
0.0,0.7221339344978333
0.0,0.3769152760505676
1.0,0.7185707688331604
0.0,0.2703365683555603
1.0,0.2720789611339569
1.0,0.5208399891853333
1.0,0.7180755734443665
0.0,0.7174718379974365
0.0,0.272156298160553
1.0,0.7272803783416748
1.0,0.7260521650314331
1.0,0.7175575494766235
0.0,0.27145397663116455
1.0,0.7292090654373169
0.0,0.2998267412185669
0.0,0.2701568603515625
1.0,0.7270739078521729
0.0,0.673923909664154
1.0,0.7274720072746277
0.0,0.691752552986145
0.0,0.2714976966381073
1.0,0.45560458302497864
1.0,0.6900366544723511
1.0,0.27109575271606445
1.0,0.7232150435447693
0.0,0.27079668641090393
1.0,0.42802077531814575
1.0,0.6561012268066406
0.0,0.27257251739501953
1.0,0.729019045829773
0.0,0.26940861344337463
0.0,0.270647257566452
0.0,0.2735433876514435
1.0,0.36128026247024536
0.0,0.2807919681072235
0.0,0.27362900972366333
0.0,0.2756827175617218
1.0,0.42403826117515564
1.0,0.7279372811317444
0.0,0.27829697728157043
1.0,0.7211106419563293
1.0,0.36861225962638855
1.0,0.7225872874259949
1.0,0.6587765216827393
0.0,0.2722927927970886
0.0,0.37385401129722595
0.0,0.27335551381111145
0.0,0.27417638897895813
1.0,0.7244967222213745
1.0,0.3001382648944855
1.0,0.7097073793411255
0.0,0.2702677845954895
1.0,0.70737624168396
0.0,0.5232086181640625
1.0,0.7299788594245911
1.0,0.7263891696929932
1.0,0.728729248046875
1.0,0.7285357117652893
0.0,0.26981016993522644
1.0,0.7275205850601196
0.0,0.27522170543670654
1.0,0.28039413690567017
1.0,0.7113891243934631
0.0,0.4156106114387512
1.0,0.7258769869804382
1.0,0.271165132522583
0.0,0.2857099771499634
1.0,0.2811112105846405
1.0,0.7224925756454468
1.0,0.2712765634059906
1.0,0.2860136926174164
1.0,0.726666271686554
0.0,0.41376832127571106
0.0,0.2715984880924225
0.0,0.2729056179523468
0.0,0.7225732207298279
0.0,0.6322149038314819
0.0,0.47499847412109375
1.0,0.7290772199630737
0.0,0.4641685485839844
1.0,0.7303264737129211
1.0,0.2702387571334839
1.0,0.7297062873840332
0.0,0.2770029306411743
1.0,0.5304361581802368
0.0,0.27888283133506775
0.0,0.4772169888019562
0.0,0.2715126872062683
1.0,0.7279284596443176
1.0,0.7264795303344727
1.0,0.7302722930908203
1.0,0.7132917046546936
1.0,0.26988908648490906
1.0,0.7248409986495972
0.0,0.3594931662082672
0.0,0.2729378342628479
0.0,0.27100783586502075
1.0,0.7241891026496887
1.0,0.27052879333496094
1.0,0.5090445876121521
0.0,0.27166688442230225
0.0,0.28115522861480713
0.0,0.36799952387809753
1.0,0.650507390499115
0.0,0.27426761388778687
1.0,0.7254977226257324
1.0,0.7280160188674927
0.0,0.29627472162246704
1.0,0.7196699976921082
0.0,0.27970775961875916
1.0,0.6757314205169678
1.0,0.2756376266479492
0.0,0.5148001909255981
1.0,0.7243984341621399
0.0,0.29063811898231506
1.0,0.7280828952789307
0.0,0.27154043316841125
1.0,0.3234454095363617
1.0,0.7256889939308167
1.0,0.7300284504890442
1.0,0.2710793912410736
1.0,0.7278860211372375
1.0,0.31063413619995117
1.0,0.7246518731117249
0.0,0.27110424637794495
0.0,0.7153877019882202
1.0,0.7206754684448242
0.0,0.7265411019325256
1.0,0.6965595483779907
0.0,0.7300130724906921
0.0,0.32939285039901733
0.0,0.2705896496772766
0.0,0.28411903977394104
1.0,0.5429080724716187
1.0,0.7281312942504883
0.0,0.2763773798942566
0.0,0.27126726508140564
0.0,0.5754489302635193
0.0,0.2716921865940094
0.0,0.27130788564682007
0.0,0.27068832516670227
1.0,0.2712319493293762
1.0,0.7276023626327515
1.0,0.2779054641723633
0.0,0.2902700901031494
1.0,0.7297527194023132
0.0,0.3523605465888977
1.0,0.7289086580276489
0.0,0.5476829409599304
0.0,0.2762056589126587
1.0,0.2775537371635437
1.0,0.27357205748558044
1.0,0.5408943891525269
1.0,0.7278509140014648
1.0,0.6777127385139465
0.0,0.27097323536872864
0.0,0.2773379981517792
0.0,0.28629136085510254
0.0,0.27024751901626587
1.0,0.719599187374115
1.0,0.7018726468086243
0.0,0.7246610522270203
0.0,0.272451251745224
1.0,0.5010108351707458
1.0,0.7299500703811646
1.0,0.6997182369232178
1.0,0.7256345152854919
0.0,0.2711476683616638
1.0,0.728196918964386
1.0,0.7213533520698547
0.0,0.2709364593029022
0.0,0.3300519287586212
1.0,0.7283150553703308
0.0,0.2709328830242157
1.0,0.7252938151359558
1.0,0.2720720171928406
1.0,0.7219614386558533
0.0,0.2712286710739136
0.0,0.2833646535873413
1.0,0.7137441039085388
1.0,0.7284201979637146
0.0,0.4614189863204956
0.0,0.27179640531539917
1.0,0.6680099964141846
1.0,0.7269200086593628
1.0,0.7269160151481628
0.0,0.7285977602005005
1.0,0.718368411064148
0.0,0.5766746401786804
0.0,0.277483195066452
1.0,0.7274099588394165
1.0,0.2701634466648102
0.0,0.6088530421257019
0.0,0.2741362750530243
0.0,0.3143722414970398
1.0,0.7137395739555359
0.0,0.4535607695579529
0.0,0.5610321760177612
1.0,0.6976962089538574
1.0,0.7232179641723633
0.0,0.6937864422798157
0.0,0.5155414938926697
0.0,0.30994683504104614
1.0,0.7206485867500305
0.0,0.3020196259021759
0.0,0.2929033935070038
1.0,0.7300483584403992
0.0,0.2751379609107971
1.0,0.6650025248527527
1.0,0.5553968548774719
0.0,0.27112051844596863
0.0,0.4097317159175873
0.0,0.2778622806072235
0.0,0.2701815366744995
1.0,0.7228620052337646
1.0,0.7277551293373108
0.0,0.5542203783988953
0.0,0.299814909696579
0.0,0.2788829803466797
0.0,0.635124146938324
0.0,0.27330753207206726
0.0,0.27188044786453247
1.0,0.7160210609436035
0.0,0.2703695297241211
0.0,0.34982794523239136
0.0,0.2698506712913513
1.0,0.2697557806968689
1.0,0.7095544338226318
0.0,0.27055370807647705
1.0,0.7097151875495911
1.0,0.7280698418617249
1.0,0.3395058512687683
0.0,0.27078068256378174
1.0,0.270966112613678
1.0,0.29815518856048584
0.0,0.32557761669158936
0.0,0.27155959606170654
1.0,0.29292619228363037
0.0,0.2707950472831726
0.0,0.27311068773269653
1.0,0.7286772727966309
1.0,0.7014574408531189
1.0,0.30620935559272766
1.0,0.7291639447212219
1.0,0.7238361239433289
1.0,0.7224911451339722
1.0,0.7171295285224915
1.0,0.29325777292251587
1.0,0.7239671945571899
1.0,0.33685940504074097
0.0,0.27313074469566345
1.0,0.7023435831069946
0.0,0.2727452218532562
0.0,0.28558945655822754
1.0,0.7246542572975159
0.0,0.27253255248069763
1.0,0.7184716463088989
0.0,0.2898261249065399
0.0,0.2708824872970581
0.0,0.2728767395019531
1.0,0.7241339683532715
0.0,0.29005053639411926
1.0,0.6970915794372559
1.0,0.7299894690513611
1.0,0.7281919121742249
1.0,0.2733776569366455
0.0,0.29371771216392517
0.0,0.2773585617542267
0.0,0.6285329461097717
1.0,0.6517435908317566
1.0,0.7290244698524475
1.0,0.6961491107940674
0.0,0.2727541923522949
1.0,0.5602253079414368
1.0,0.6187009215354919
1.0,0.2693295478820801
1.0,0.6631143093109131
1.0,0.27064821124076843
1.0,0.7177139520645142
1.0,0.5513730049133301
1.0,0.7272678017616272
1.0,0.7295125126838684
0.0,0.27063581347465515
1.0,0.7277719378471375
1.0,0.7242265939712524
0.0,0.5565217137336731
1.0,0.7292121052742004
1.0,0.7298869490623474
0.0,0.27295351028442383
1.0,0.7237962484359741
0.0,0.2762634754180908
0.0,0.27087846398353577
0.0,0.27860942482948303
0.0,0.4727570116519928
1.0,0.727923572063446
1.0,0.7277575731277466
1.0,0.2775171995162964
1.0,0.7244895696640015
1.0,0.5174489617347717
1.0,0.6335409283638
0.0,0.2705606520175934
1.0,0.7254223227500916
0.0,0.27567777037620544
1.0,0.7241604328155518
0.0,0.2711876928806305
1.0,0.7271390557289124
0.0,0.2712475657463074
1.0,0.2801473140716553
1.0,0.725598931312561
0.0,0.27470043301582336
1.0,0.7133246660232544
0.0,0.26987534761428833
1.0,0.5598044991493225
1.0,0.2915355861186981
1.0,0.7294090986251831
0.0,0.5266892910003662
0.0,0.27018868923187256
1.0,0.5344774127006531
1.0,0.7272664308547974
0.0,0.28695258498191833
1.0,0.6936348080635071
1.0,0.7274037599563599
0.0,0.29196733236312866
0.0,0.27322858572006226
0.0,0.2884780764579773
1.0,0.6378492712974548
0.0,0.27084583044052124
1.0,0.270324170589447
0.0,0.27358007431030273
0.0,0.27063989639282227
1.0,0.7296785116195679
0.0,0.27855706214904785
0.0,0.6468350291252136
0.0,0.27190953493118286
1.0,0.28915977478027344
1.0,0.7280948162078857
0.0,0.2695733308792114
1.0,0.700438916683197
1.0,0.2715827226638794
1.0,0.7181061506271362
0.0,0.2708640694618225
0.0,0.3277212977409363
1.0,0.727903425693512
1.0,0.3215481638908386
0.0,0.4372044801712036
0.0,0.6652782559394836
0.0,0.26997363567352295
1.0,0.727246105670929
0.0,0.27203479409217834
1.0,0.2728217542171478
0.0,0.27073827385902405
1.0,0.6973990797996521
0.0,0.3098292946815491
0.0,0.27295422554016113
0.0,0.2739425003528595
0.0,0.7227059006690979
0.0,0.278141051530838
1.0,0.7286524176597595
0.0,0.2712000906467438
0.0,0.5568169951438904
1.0,0.2741813659667969
0.0,0.27122095227241516
0.0,0.27216631174087524
1.0,0.720065176486969
1.0,0.7022889256477356
1.0,0.7266443371772766
1.0,0.27041447162628174
0.0,0.304117888212204
0.0,0.7096132040023804
1.0,0.27501344680786133
1.0,0.723899245262146
1.0,0.6895638704299927
1.0,0.7282507419586182
1.0,0.7239505648612976
1.0,0.7230287194252014
1.0,0.569215714931488
1.0,0.7271878719329834
0.0,0.2713461220264435
1.0,0.7215627431869507
1.0,0.7241187691688538
1.0,0.34430763125419617
0.0,0.31419679522514343
0.0,0.39695873856544495
0.0,0.3003758490085602
0.0,0.28184014558792114
0.0,0.27341365814208984
1.0,0.7300655841827393
0.0,0.27084627747535706
0.0,0.27032002806663513
0.0,0.2721242308616638
0.0,0.2713274657726288
0.0,0.28572285175323486
1.0,0.35539019107818604
1.0,0.2932977080345154
1.0,0.716629683971405
0.0,0.28963491320610046
0.0,0.430437296628952
0.0,0.27247071266174316
0.0,0.2715384364128113
1.0,0.7275600433349609
0.0,0.2887673079967499
0.0,0.3185206353664398
1.0,0.27837491035461426
0.0,0.2703562378883362
1.0,0.7293106317520142
1.0,0.42480969429016113
0.0,0.2716690003871918
1.0,0.7297412157058716
1.0,0.7297753095626831
0.0,0.2828618884086609
1.0,0.6862068176269531
1.0,0.28109869360923767
0.0,0.279837042093277
0.0,0.28702470660209656
0.0,0.27879706025123596
0.0,0.2760337293148041
1.0,0.7294114828109741
0.0,0.284824013710022
1.0,0.7283758521080017
1.0,0.4772171378135681
0.0,0.2735687792301178
1.0,0.6986912488937378
0.0,0.29048874974250793
0.0,0.28804120421409607
0.0,0.2769007682800293
0.0,0.2705765664577484
1.0,0.7127562761306763
0.0,0.33603960275650024
0.0,0.27381932735443115
0.0,0.6499443650245667
1.0,0.7291188836097717
0.0,0.27027127146720886
0.0,0.726904034614563
0.0,0.6836485266685486
0.0,0.2719831168651581
0.0,0.27855217456817627
0.0,0.2795412540435791
1.0,0.7293990254402161
0.0,0.725102424621582
1.0,0.7266026735305786
0.0,0.27207130193710327
1.0,0.7247545719146729
0.0,0.27198877930641174
0.0,0.35931479930877686
0.0,0.2710937261581421
0.0,0.32901731133461
0.0,0.2706235945224762
0.0,0.2744198739528656
1.0,0.7232799530029297
0.0,0.29601311683654785
1.0,0.7288733720779419
0.0,0.3135283291339874
0.0,0.2712794542312622
0.0,0.7246856689453125
0.0,0.2720109522342682
1.0,0.7211617827415466
0.0,0.27269092202186584
1.0,0.7287068367004395
1.0,0.29558345675468445
0.0,0.3239661455154419
0.0,0.2743854224681854
0.0,0.2788720428943634
0.0,0.27027249336242676
1.0,0.38453105092048645
1.0,0.7287588715553284
0.0,0.39328113198280334
0.0,0.7285382747650146
1.0,0.7126035690307617
1.0,0.7301449775695801
0.0,0.272045761346817
1.0,0.6796684265136719
0.0,0.5179742574691772
1.0,0.7214765548706055
0.0,0.5378197431564331
0.0,0.2770024836063385
1.0,0.5623182654380798
1.0,0.3358321189880371
0.0,0.7252607941627502
1.0,0.2703576385974884
1.0,0.7180448770523071
0.0,0.42342934012413025
0.0,0.2762821912765503
0.0,0.2837008535861969
1.0,0.48302939534187317
0.0,0.27068275213241577
0.0,0.2699633240699768
0.0,0.27015557885169983
0.0,0.2717307507991791
0.0,0.4605141580104828
0.0,0.2716934382915497
0.0,0.27626833319664
1.0,0.7286792993545532
1.0,0.7286732196807861
0.0,0.26969945430755615
0.0,0.2727396488189697
0.0,0.2719047963619232
0.0,0.2708401381969452
1.0,0.2722173035144806
1.0,0.5942942500114441
0.0,0.7243602275848389
0.0,0.31409594416618347
0.0,0.27657127380371094
0.0,0.36892104148864746
1.0,0.7068082094192505
1.0,0.31603753566741943
1.0,0.7190160751342773
1.0,0.7213162779808044
0.0,0.27085360884666443
0.0,0.2843966782093048
0.0,0.2791995108127594
0.0,0.2706949710845947
0.0,0.28834274411201477
0.0,0.2884405851364136
0.0,0.7235540151596069
0.0,0.27014219760894775
1.0,0.7157694697380066
1.0,0.47302573919296265
1.0,0.7297033071517944
0.0,0.7207576036453247
0.0,0.27506059408187866
1.0,0.2819702923297882
1.0,0.48627638816833496
1.0,0.7266635298728943
1.0,0.7214471101760864
0.0,0.26995399594306946
0.0,0.28350967168807983
0.0,0.2728927433490753
0.0,0.27087992429733276
0.0,0.7223838567733765
0.0,0.2715294063091278
0.0,0.7022997140884399
1.0,0.716740071773529
0.0,0.32726913690567017
0.0,0.27008843421936035
1.0,0.728143572807312
0.0,0.4965288043022156
1.0,0.7282335162162781
1.0,0.29786965250968933
0.0,0.2698969542980194
0.0,0.27221062779426575
1.0,0.477071076631546
0.0,0.2698402404785156
0.0,0.5696036219596863
1.0,0.7295551896095276
0.0,0.28252777457237244
0.0,0.27322888374328613
1.0,0.7134274840354919
1.0,0.7231452465057373
0.0,0.7246310114860535
0.0,0.27727657556533813
0.0,0.3519287109375
0.0,0.27664586901664734
0.0,0.2939271628856659
0.0,0.2719178795814514
1.0,0.7272206544876099
0.0,0.7254920601844788
1.0,0.7244113683700562
0.0,0.28449493646621704
1.0,0.7254963517189026
1.0,0.6898372173309326
1.0,0.7250575423240662
0.0,0.2698902487754822
0.0,0.27088621258735657
0.0,0.29109737277030945
0.0,0.48693791031837463
0.0,0.2723997235298157
0.0,0.27207228541374207
1.0,0.7248633503913879
1.0,0.7217023968696594
1.0,0.7292577624320984
0.0,0.7080445885658264
0.0,0.2799157500267029
1.0,0.2742518484592438
0.0,0.27202877402305603
0.0,0.2824747562408447
0.0,0.2813369333744049
1.0,0.7233690023422241
0.0,0.2898589074611664
0.0,0.4408824145793915
0.0,0.7213596701622009
1.0,0.5265180468559265
1.0,0.72575443983078
1.0,0.7283939719200134
1.0,0.4889567196369171
1.0,0.715060830116272
1.0,0.7292469143867493
0.0,0.27044761180877686
1.0,0.7099981904029846
0.0,0.28249821066856384
0.0,0.27789339423179626
0.0,0.27602317929267883
1.0,0.6969614028930664
0.0,0.44211849570274353
1.0,0.6653697490692139
0.0,0.27968457341194153
1.0,0.4903141260147095
0.0,0.2729048430919647
0.0,0.2886574864387512
1.0,0.5406938791275024
1.0,0.726926863193512
1.0,0.2699546813964844
1.0,0.2704780101776123
0.0,0.2750285863876343
1.0,0.7226276993751526
1.0,0.7120151519775391
1.0,0.27148380875587463
0.0,0.27047300338745117
1.0,0.7200832366943359
1.0,0.7169229388237
0.0,0.578262209892273
0.0,0.27005714178085327
0.0,0.27208617329597473
0.0,0.6256231665611267
1.0,0.7302973866462708
1.0,0.7021449208259583
1.0,0.7291695475578308
1.0,0.7215016484260559
0.0,0.2703853249549866
0.0,0.2702852189540863
0.0,0.27471408247947693
1.0,0.7031304836273193
1.0,0.7296708226203918
1.0,0.7288950085639954
1.0,0.2974209785461426
0.0,0.6857451796531677
1.0,0.271253764629364
1.0,0.7113972306251526
0.0,0.7273590564727783
1.0,0.29286959767341614
0.0,0.4989832043647766
0.0,0.6805881261825562
0.0,0.2725450396537781
0.0,0.27435967326164246
1.0,0.7224304676055908
0.0,0.2734280824661255
1.0,0.7235920429229736
0.0,0.2705656886100769
0.0,0.277706116437912
1.0,0.7286466956138611
0.0,0.2724612355232239
1.0,0.5070876479148865
0.0,0.2939044237136841
0.0,0.2761898636817932
0.0,0.2750557065010071
0.0,0.27170735597610474
1.0,0.3113292157649994
0.0,0.2745837867259979
0.0,0.2750157415866852
0.0,0.2698599100112915
1.0,0.27123844623565674
0.0,0.6242611408233643
0.0,0.269848108291626
0.0,0.2717823088169098
1.0,0.269290953874588
1.0,0.7291913032531738
1.0,0.5946307182312012
0.0,0.272501140832901
0.0,0.4204992353916168
0.0,0.2714553475379944
0.0,0.2957681715488434
1.0,0.7299584746360779
1.0,0.7262054085731506
0.0,0.2724844515323639
0.0,0.27010390162467957
1.0,0.7265321016311646
1.0,0.726960301399231
0.0,0.7163299322128296
1.0,0.27066969871520996
0.0,0.274813711643219
1.0,0.27117180824279785
0.0,0.2826927602291107
1.0,0.7233486175537109
0.0,0.5752996206283569
0.0,0.31316107511520386
0.0,0.329196035861969
1.0,0.7291145920753479
0.0,0.2709011733531952
1.0,0.7212617993354797
0.0,0.27054497599601746
0.0,0.4485093653202057
0.0,0.2717362344264984
1.0,0.7270341515541077
1.0,0.7287213206291199
0.0,0.27018192410469055
1.0,0.3534470498561859
0.0,0.2781852185726166
0.0,0.5296117663383484
0.0,0.26971641182899475
0.0,0.26993528008461
1.0,0.5087306499481201
0.0,0.2704971432685852
1.0,0.7294493913650513
1.0,0.609041154384613
1.0,0.7270652055740356
1.0,0.29534730315208435
0.0,0.2704089879989624
1.0,0.7288621664047241
0.0,0.2708735167980194
0.0,0.5234573483467102
1.0,0.5790781378746033
1.0,0.4824633300304413
1.0,0.3068826496601105
0.0,0.28024178743362427
0.0,0.27798452973365784
0.0,0.27900198101997375
0.0,0.2770038843154907
1.0,0.7294514179229736
0.0,0.3352566361427307
1.0,0.721147894859314
0.0,0.6690818667411804
1.0,0.7262131571769714
0.0,0.276502788066864
1.0,0.27999693155288696
1.0,0.27775394916534424
0.0,0.27842316031455994
1.0,0.7185679078102112
1.0,0.7254530191421509
0.0,0.30387648940086365
1.0,0.7285237908363342
1.0,0.7280740737915039
0.0,0.27355480194091797
1.0,0.27221596240997314
1.0,0.7180099487304688
0.0,0.27677029371261597
1.0,0.7218593955039978
0.0,0.27586713433265686
0.0,0.3234989047050476
0.0,0.5675742030143738
0.0,0.3135506808757782
0.0,0.27963945269584656
1.0,0.7265708446502686
1.0,0.7296499013900757
1.0,0.7295013070106506
1.0,0.27127957344055176
0.0,0.27051493525505066
0.0,0.2703123092651367
0.0,0.273955762386322
0.0,0.3703271746635437
1.0,0.6306190490722656
0.0,0.2941948473453522
1.0,0.7290419936180115
0.0,0.26984256505966187
0.0,0.33536019921302795
1.0,0.7292422652244568
0.0,0.2701007127761841
0.0,0.38998907804489136
0.0,0.4234001040458679
0.0,0.282748818397522
1.0,0.6744720339775085
0.0,0.27341902256011963
0.0,0.28024911880493164
1.0,0.2714535593986511
0.0,0.33718883991241455
0.0,0.27945247292518616
1.0,0.2756614685058594
0.0,0.28632593154907227
1.0,0.7288302183151245
1.0,0.3986515998840332
1.0,0.2749268114566803
0.0,0.5160537958145142
0.0,0.5045202374458313
0.0,0.27099815011024475
0.0,0.2708129286766052
1.0,0.7289350032806396
0.0,0.6576422452926636
1.0,0.7274799346923828
0.0,0.7184478044509888
1.0,0.27239763736724854
1.0,0.6338146328926086
0.0,0.2785170376300812
1.0,0.728044331073761
1.0,0.7254297137260437
0.0,0.269835889339447
0.0,0.27463462948799133
0.0,0.2762255370616913
0.0,0.2702650725841522
1.0,0.7262678742408752
1.0,0.7149564623832703
0.0,0.2975967228412628
1.0,0.7187501192092896
0.0,0.27768003940582275
1.0,0.7257420420646667
0.0,0.2881256341934204
1.0,0.6116628050804138
1.0,0.7032667994499207
1.0,0.7289271950721741
1.0,0.7246338725090027
1.0,0.7244178056716919
1.0,0.6961000561714172
1.0,0.7284994125366211
0.0,0.4079284965991974
1.0,0.4632560908794403
1.0,0.2714477479457855
1.0,0.724472165107727
0.0,0.4514903724193573
0.0,0.2705397307872772
1.0,0.27417969703674316
1.0,0.7258245944976807
0.0,0.31725412607192993
0.0,0.2874661684036255
1.0,0.720350444316864
1.0,0.7258592247962952
0.0,0.27378353476524353
0.0,0.30354368686676025
1.0,0.7277241945266724
0.0,0.7235018610954285
0.0,0.2820011377334595
0.0,0.32162877917289734
0.0,0.2860260307788849
1.0,0.7292715311050415
0.0,0.7128922939300537
1.0,0.7247673869132996
0.0,0.2713824212551117
1.0,0.27037176489830017
0.0,0.29462555050849915
1.0,0.728315532207489
0.0,0.27336570620536804
0.0,0.2704830467700958
0.0,0.2699721157550812
1.0,0.27107664942741394
0.0,0.6547395586967468
0.0,0.6917148232460022
0.0,0.2952212691307068
1.0,0.36272308230400085
1.0,0.6826382279396057
0.0,0.7040522694587708
1.0,0.7164040803909302
1.0,0.7244160771369934
0.0,0.27002137899398804
1.0,0.30652666091918945
1.0,0.5958925485610962
1.0,0.7241419553756714
1.0,0.718620240688324
0.0,0.7045271396636963
0.0,0.2700069546699524
0.0,0.272894024848938
1.0,0.27469757199287415
1.0,0.2699492573738098
0.0,0.2747466564178467
1.0,0.28210750222206116
0.0,0.2716822326183319
0.0,0.4135660231113434
0.0,0.36935731768608093
0.0,0.289409875869751
0.0,0.27523982524871826
1.0,0.7208452224731445
1.0,0.7299315333366394
0.0,0.2831033766269684
1.0,0.7178204655647278
0.0,0.27133145928382874
0.0,0.2710368037223816
1.0,0.5632286667823792
1.0,0.2710162401199341
0.0,0.2696072459220886
0.0,0.2701735496520996
0.0,0.274335652589798
1.0,0.7166938185691833
0.0,0.30603334307670593
1.0,0.7281651496887207
0.0,0.28237590193748474
1.0,0.729050874710083
0.0,0.27058130502700806
1.0,0.4763354957103729
1.0,0.7210219502449036
0.0,0.27165865898132324
1.0,0.27549511194229126
1.0,0.7262738347053528
0.0,0.27456557750701904
0.0,0.27319321036338806
0.0,0.36649850010871887
1.0,0.6931840777397156
1.0,0.7296152114868164
1.0,0.2973053455352783
1.0,0.7273800373077393
0.0,0.6226257681846619
0.0,0.28478914499282837
1.0,0.7209796905517578
0.0,0.46748125553131104
1.0,0.27387169003486633
0.0,0.4817003905773163
0.0,0.271244615316391
0.0,0.279141366481781
0.0,0.285758912563324
1.0,0.4847097396850586
0.0,0.2698834240436554
0.0,0.2808804512023926
1.0,0.7264980673789978
1.0,0.3238389790058136
1.0,0.7259689569473267
1.0,0.7279923558235168
0.0,0.4471115171909332
1.0,0.7179822325706482
1.0,0.7228719592094421
0.0,0.2755018472671509
0.0,0.37171661853790283
1.0,0.7186786532402039
0.0,0.2764967679977417
0.0,0.27079418301582336
0.0,0.717761218547821
0.0,0.2721041142940521
0.0,0.6252765655517578
0.0,0.27272114157676697
0.0,0.2712808847427368
1.0,0.7244409322738647
0.0,0.27039581537246704
1.0,0.26991456747055054
0.0,0.27129384875297546
0.0,0.27265799045562744
0.0,0.6870049834251404
1.0,0.7038172483444214
0.0,0.5248692035675049
1.0,0.7258299589157104
1.0,0.7100557088851929
0.0,0.38948607444763184
1.0,0.27806541323661804
0.0,0.29199349880218506
1.0,0.6480640172958374
1.0,0.7290976643562317
0.0,0.6641385555267334
1.0,0.2802201807498932
0.0,0.45221656560897827
0.0,0.2702982425689697
1.0,0.7282724380493164
1.0,0.7298756837844849
1.0,0.7180120348930359
0.0,0.282529354095459
0.0,0.280790239572525
0.0,0.27209708094596863
0.0,0.27111685276031494
1.0,0.2718723714351654
1.0,0.5134809017181396
0.0,0.2813718616962433
1.0,0.27043285965919495
0.0,0.2875317931175232
1.0,0.27030906081199646
0.0,0.27132299542427063
0.0,0.2709585130214691
0.0,0.3284953236579895
1.0,0.7292198538780212
1.0,0.7173859477043152
0.0,0.7273828387260437
0.0,0.2776082754135132
0.0,0.27192404866218567
1.0,0.6370798945426941
0.0,0.3979467749595642
1.0,0.5046641230583191
1.0,0.72055584192276
0.0,0.5324751138687134
0.0,0.719798743724823
1.0,0.7154752612113953
0.0,0.27087661623954773
0.0,0.5984885096549988
1.0,0.7287726402282715
1.0,0.7261906266212463
0.0,0.3012278974056244
0.0,0.2732427716255188
1.0,0.28432977199554443
1.0,0.2710361182689667
1.0,0.6995145082473755
1.0,0.7251565456390381
1.0,0.7208054065704346
0.0,0.4940603971481323
0.0,0.2712807059288025
0.0,0.2893925905227661
1.0,0.7266706824302673
1.0,0.7222415804862976
1.0,0.270887166261673
0.0,0.2771184742450714
1.0,0.27508559823036194
1.0,0.7248494029045105
0.0,0.2770223319530487
1.0,0.7165431380271912
0.0,0.278706818819046
1.0,0.7298368811607361
0.0,0.7075085639953613
0.0,0.652790904045105
1.0,0.7284616827964783
1.0,0.28248000144958496
1.0,0.6850677728652954
0.0,0.2913132607936859
1.0,0.729402482509613
1.0,0.7176274657249451
1.0,0.7277061939239502
0.0,0.27022355794906616
0.0,0.27730780839920044
1.0,0.29275786876678467
0.0,0.27057749032974243
1.0,0.7278899550437927
1.0,0.44595950841903687
1.0,0.727560818195343
1.0,0.7268993854522705
1.0,0.6978164911270142
0.0,0.2707973122596741
0.0,0.2737700343132019
0.0,0.4305611848831177
0.0,0.29885855317115784
1.0,0.2743481993675232
1.0,0.7294930815696716
1.0,0.729884922504425
0.0,0.2777104377746582
0.0,0.27647778391838074
0.0,0.3008978068828583
1.0,0.6888225674629211
1.0,0.720363199710846
0.0,0.27210718393325806
0.0,0.3038175702095032
1.0,0.5912037491798401
0.0,0.7068802118301392
0.0,0.2709830701351166
1.0,0.7299096584320068
1.0,0.27104854583740234
1.0,0.6638314127922058
0.0,0.2714007794857025
0.0,0.5371595025062561
0.0,0.6979796886444092
0.0,0.26961952447891235
0.0,0.2712342441082001
1.0,0.7275694012641907
1.0,0.5513943433761597
0.0,0.27955371141433716
0.0,0.40245291590690613
0.0,0.2920394539833069
1.0,0.27138906717300415
0.0,0.7207319140434265
0.0,0.2698008120059967
1.0,0.7274244427680969
1.0,0.7158421874046326
1.0,0.7251807451248169
0.0,0.29164376854896545
0.0,0.2702387571334839
1.0,0.7112576961517334
0.0,0.27045074105262756
1.0,0.39759695529937744
0.0,0.3398473262786865
1.0,0.7203803658485413
1.0,0.31917905807495117
1.0,0.7219176292419434
0.0,0.2706546187400818
0.0,0.2755129635334015
0.0,0.6430286169052124
0.0,0.2697324752807617
0.0,0.729652464389801
1.0,0.2751282751560211
1.0,0.7077051997184753
1.0,0.7298350930213928
0.0,0.6519984602928162
1.0,0.7229752540588379
0.0,0.541603684425354
1.0,0.30421721935272217
1.0,0.7287871241569519
1.0,0.2713419497013092
1.0,0.36507293581962585
0.0,0.5229931473731995
0.0,0.6483164429664612
0.0,0.7289379835128784
1.0,0.3401217460632324
1.0,0.7288002371788025
1.0,0.727425217628479
0.0,0.27140191197395325
1.0,0.7240482568740845
0.0,0.7127718925476074
0.0,0.2771886885166168
1.0,0.728512167930603
1.0,0.3476886749267578
0.0,0.30703258514404297
1.0,0.7299286723136902
1.0,0.7290009260177612
0.0,0.2706594467163086
1.0,0.2775422930717468
1.0,0.7163330316543579
0.0,0.5440367460250854
0.0,0.2709083557128906
1.0,0.7291976809501648
1.0,0.7295104265213013
1.0,0.48758333921432495
0.0,0.29970261454582214
0.0,0.3485524356365204
1.0,0.7212635278701782
0.0,0.2714492082595825
1.0,0.2828606367111206
1.0,0.711147665977478
0.0,0.27294090390205383
0.0,0.27063509821891785
0.0,0.271802693605423
1.0,0.7280855178833008
1.0,0.3271365165710449
1.0,0.2697928845882416
0.0,0.2729029655456543
0.0,0.27332186698913574
1.0,0.334337055683136
1.0,0.2851041555404663
0.0,0.27270227670669556
1.0,0.7302201986312866
0.0,0.27589938044548035
1.0,0.2711508572101593
0.0,0.27375149726867676
0.0,0.2739165723323822
1.0,0.3429104685783386
0.0,0.272569864988327
1.0,0.707046627998352
1.0,0.72979336977005
1.0,0.7164815068244934
0.0,0.27140578627586365
0.0,0.2727367579936981
0.0,0.2782318890094757
0.0,0.27294987440109253
0.0,0.2696038782596588
0.0,0.2705034017562866
1.0,0.27345871925354004
0.0,0.7100337147712708
0.0,0.5085762143135071
1.0,0.707431435585022
1.0,0.7234336137771606
0.0,0.27433398365974426
1.0,0.7280944585800171
0.0,0.27190902829170227
1.0,0.46771496534347534
0.0,0.275716096162796
0.0,0.2731859087944031
0.0,0.7184159159660339
1.0,0.7291816473007202
1.0,0.7278438806533813
1.0,0.7230589389801025
1.0,0.7278444766998291
0.0,0.2727257013320923
0.0,0.2698945999145508
1.0,0.5381152033805847
0.0,0.725726306438446
1.0,0.7274472117424011
1.0,0.2914005517959595
1.0,0.7244718670845032
0.0,0.7129465937614441
1.0,0.7272200584411621
0.0,0.2707802355289459
0.0,0.2703184187412262
1.0,0.7291663885116577
1.0,0.7227312922477722
0.0,0.288949191570282
1.0,0.718044102191925
1.0,0.7139303088188171
1.0,0.7214702367782593
0.0,0.2754850387573242
0.0,0.7240728139877319
0.0,0.27404624223709106
0.0,0.35807088017463684
0.0,0.28128862380981445
0.0,0.2871561348438263
0.0,0.6190202236175537
1.0,0.7272132635116577
0.0,0.2698618173599243
1.0,0.726049542427063
0.0,0.2893313467502594
1.0,0.6858605146408081
0.0,0.3322995901107788
0.0,0.27920565009117126
1.0,0.6865841150283813
0.0,0.2708602547645569
0.0,0.41490375995635986
0.0,0.3483477532863617
1.0,0.3000795245170593
0.0,0.2736811637878418
1.0,0.7266355156898499
1.0,0.7271865010261536
1.0,0.7280855178833008
1.0,0.7174201607704163
1.0,0.7240475416183472
1.0,0.7295393943786621
1.0,0.41578274965286255
0.0,0.2758074402809143
1.0,0.7290573120117188
0.0,0.27462396025657654
0.0,0.2799244225025177
0.0,0.329478919506073
0.0,0.27337101101875305
1.0,0.7185977697372437
1.0,0.7292524576187134
1.0,0.7260189056396484
1.0,0.3239738345146179
0.0,0.32409974932670593
1.0,0.7239295840263367
1.0,0.7253459692001343
1.0,0.7251030802726746
0.0,0.2716495990753174
1.0,0.7297682166099548
1.0,0.7285889983177185
0.0,0.27212485671043396
1.0,0.7202365398406982
1.0,0.7082327008247375
0.0,0.6506653428077698
1.0,0.7289817929267883
1.0,0.7228465676307678
0.0,0.2696916460990906
1.0,0.7283124327659607
1.0,0.716896116733551
1.0,0.7274976968765259
1.0,0.7226860523223877
0.0,0.27175769209861755
0.0,0.2916286587715149
1.0,0.7215995192527771
0.0,0.2742515206336975
1.0,0.7288534641265869
0.0,0.27226701378822327
1.0,0.7279013991355896
0.0,0.2816298007965088
1.0,0.727230966091156
1.0,0.36515727639198303
0.0,0.27139919996261597
0.0,0.3741130530834198
0.0,0.2715643048286438
0.0,0.2707119882106781
0.0,0.28061753511428833
1.0,0.7300093770027161
0.0,0.2846468389034271
0.0,0.27057933807373047
1.0,0.6734839677810669
1.0,0.7207759618759155
0.0,0.2724832594394684
0.0,0.2715856730937958
0.0,0.34963804483413696
0.0,0.30746370553970337
0.0,0.6751958131790161
0.0,0.7220094799995422
1.0,0.7271124720573425
1.0,0.7303650975227356
0.0,0.26984336972236633
1.0,0.6345182657241821
1.0,0.7193383574485779
1.0,0.4790138900279999
1.0,0.7229052782058716
0.0,0.2810957729816437
0.0,0.2719627320766449
0.0,0.32256194949150085
1.0,0.7003939151763916
0.0,0.27176162600517273
0.0,0.2734910547733307
1.0,0.7286177277565002
0.0,0.6570712327957153
1.0,0.721644401550293
1.0,0.7275509238243103
1.0,0.724385142326355
0.0,0.26970380544662476
1.0,0.7247402667999268
0.0,0.3042820990085602
0.0,0.2711416482925415
0.0,0.2849186062812805
1.0,0.7287284731864929
0.0,0.27982330322265625
0.0,0.2799852788448334
1.0,0.45113441348075867
0.0,0.4704437255859375
0.0,0.2731579840183258
0.0,0.3142492175102234
1.0,0.7164018154144287
1.0,0.7258709073066711
0.0,0.27136364579200745
1.0,0.7281318306922913
1.0,0.4340746998786926
1.0,0.7089926600456238
0.0,0.2796262204647064
1.0,0.2909259498119354
0.0,0.2711098790168762
0.0,0.27138665318489075
0.0,0.2838643491268158
0.0,0.6935034990310669
0.0,0.27004125714302063
0.0,0.27256229519844055
0.0,0.27435389161109924
0.0,0.2752392590045929
0.0,0.2708706259727478
1.0,0.7209487557411194
0.0,0.2707437574863434
0.0,0.2723497152328491
0.0,0.587099015712738
1.0,0.7269254922866821
1.0,0.7213394641876221
1.0,0.7291673421859741
1.0,0.2710321843624115
0.0,0.5440220832824707
1.0,0.40667471289634705
1.0,0.7258516550064087
0.0,0.3529730439186096
0.0,0.7296848893165588
0.0,0.2838004231452942
0.0,0.27050161361694336
1.0,0.2700269818305969
0.0,0.29228919744491577
1.0,0.5469480752944946
0.0,0.27150848507881165
1.0,0.5106773376464844
0.0,0.2739201486110687
1.0,0.3151390850543976
1.0,0.7303032875061035
1.0,0.7287869453430176
0.0,0.7223880290985107
1.0,0.32174810767173767
0.0,0.40371134877204895
1.0,0.7255610823631287
0.0,0.2703787684440613
1.0,0.728141725063324
0.0,0.27756357192993164
0.0,0.2720046639442444
1.0,0.7273333668708801
0.0,0.2834751009941101
1.0,0.7280216813087463
1.0,0.7296786904335022
0.0,0.2744501531124115
0.0,0.2990994453430176
0.0,0.7258761525154114
0.0,0.3543413579463959
0.0,0.35544389486312866
0.0,0.2704119384288788
0.0,0.2707238495349884
0.0,0.27335619926452637
0.0,0.4678751230239868
1.0,0.28264960646629333
1.0,0.7272074222564697
0.0,0.4000389277935028
1.0,0.6029049754142761
1.0,0.7251110076904297
1.0,0.7289258241653442
1.0,0.7014606595039368
1.0,0.7277526259422302
0.0,0.3113389313220978
0.0,0.2708905041217804
0.0,0.7285184860229492
0.0,0.2776094377040863
0.0,0.2703620195388794
0.0,0.7216432690620422
0.0,0.27204230427742004
0.0,0.27046018838882446
0.0,0.7051157355308533
1.0,0.7287255525588989
1.0,0.2705942690372467
0.0,0.38822805881500244
0.0,0.2796995937824249
0.0,0.2748684585094452
1.0,0.2698228359222412
1.0,0.7285870313644409
1.0,0.7234889268875122
0.0,0.28599271178245544
0.0,0.32660138607025146
1.0,0.2710820138454437
1.0,0.27038997411727905
1.0,0.7286796569824219
1.0,0.7270241975784302
0.0,0.6764371991157532
0.0,0.2740657329559326
0.0,0.2723948061466217
1.0,0.7119618058204651
1.0,0.7295608520507812
0.0,0.28190648555755615
1.0,0.7224719524383545
1.0,0.7235470414161682
1.0,0.2707478106021881
0.0,0.2734414041042328
1.0,0.7278240323066711
1.0,0.7247194647789001
1.0,0.7231740951538086
1.0,0.7003754377365112
1.0,0.7085238695144653
0.0,0.7195276021957397
1.0,0.6711903214454651
1.0,0.7298349738121033
0.0,0.2749187648296356
1.0,0.7000992894172668
1.0,0.270744264125824
1.0,0.7038547992706299
1.0,0.7195937037467957
1.0,0.7227662801742554
0.0,0.6872535943984985
0.0,0.27495694160461426
0.0,0.27125805616378784
0.0,0.653598427772522
1.0,0.43552443385124207
0.0,0.6494391560554504
1.0,0.6836667656898499
1.0,0.7284172773361206
0.0,0.2744218707084656
0.0,0.7048834562301636
0.0,0.7246710658073425
0.0,0.27202165126800537
1.0,0.7298611402511597
0.0,0.271145761013031
0.0,0.2753599286079407
0.0,0.2715405523777008
1.0,0.729328453540802
0.0,0.28893348574638367
0.0,0.28211039304733276
1.0,0.6858793497085571
1.0,0.7233922481536865
0.0,0.554762065410614
1.0,0.7289453148841858
0.0,0.2740941643714905
1.0,0.26966696977615356
0.0,0.5510560870170593
0.0,0.3646394610404968
0.0,0.41159921884536743
0.0,0.7206240296363831
1.0,0.6636255383491516
0.0,0.4191054403781891
1.0,0.7276518940925598
0.0,0.27161628007888794
0.0,0.2768552005290985
1.0,0.7283982038497925
1.0,0.28585538268089294
0.0,0.7296831011772156
1.0,0.7057123184204102
1.0,0.2802007496356964
0.0,0.2705330550670624
1.0,0.27109992504119873
1.0,0.7301518321037292
1.0,0.27347055077552795
0.0,0.6889675855636597
1.0,0.7296255230903625
0.0,0.27183395624160767
0.0,0.27404293417930603
1.0,0.2744101881980896
0.0,0.2713455259799957
0.0,0.2989298105239868
1.0,0.7285590171813965
0.0,0.4083133339881897
1.0,0.28465554118156433
0.0,0.26973235607147217
1.0,0.7289583086967468
0.0,0.272368460893631
0.0,0.27365872263908386
1.0,0.6729084849357605
0.0,0.27309074997901917
1.0,0.42830777168273926
1.0,0.7289215922355652
0.0,0.2705058455467224
1.0,0.7273802757263184
1.0,0.7286827564239502
1.0,0.7232691049575806
0.0,0.27282479405403137
1.0,0.5885371565818787
1.0,0.5217533707618713
1.0,0.6132268905639648
1.0,0.7227331399917603
1.0,0.729133129119873
0.0,0.6608395576477051
1.0,0.27684563398361206
1.0,0.7254288196563721
0.0,0.2707415819168091
1.0,0.6651098132133484
1.0,0.7302599549293518
1.0,0.7236897945404053
0.0,0.29670727252960205
1.0,0.5824270248413086
1.0,0.7200795412063599
0.0,0.3028431832790375
0.0,0.27722686529159546
0.0,0.2727239727973938
0.0,0.2823629379272461
0.0,0.273562490940094
0.0,0.2706882655620575
1.0,0.7273526787757874
0.0,0.27280473709106445
0.0,0.2942407429218292
0.0,0.28113552927970886
0.0,0.29586127400398254
1.0,0.4811776280403137
0.0,0.2701720893383026
1.0,0.5470463633537292
0.0,0.27057427167892456
1.0,0.7220414280891418
0.0,0.27034077048301697
1.0,0.7252616882324219
0.0,0.2776491343975067
0.0,0.27826038002967834
1.0,0.7271090745925903
1.0,0.7267218232154846
1.0,0.609040379524231
1.0,0.7294158339500427
0.0,0.6718199849128723
0.0,0.27026134729385376
1.0,0.7201892733573914
1.0,0.3107331693172455
0.0,0.2713034152984619
0.0,0.7236492037773132
1.0,0.5105534195899963
1.0,0.2995416522026062
0.0,0.2820584774017334
1.0,0.7179840803146362
1.0,0.2703430950641632
0.0,0.2699977159500122
1.0,0.7284783124923706
1.0,0.7100321650505066
1.0,0.7223531603813171
0.0,0.27213478088378906
1.0,0.35043177008628845
0.0,0.292092889547348
0.0,0.27582481503486633
0.0,0.32728707790374756
0.0,0.6725365519523621
1.0,0.7274124622344971
1.0,0.28056564927101135
1.0,0.6633608341217041
0.0,0.3048495948314667
0.0,0.27967554330825806
0.0,0.5570892691612244
0.0,0.2694343030452728
0.0,0.5691303610801697
1.0,0.7222096920013428
0.0,0.2788099944591522
1.0,0.7279400825500488
1.0,0.7141475677490234
1.0,0.5110507011413574
1.0,0.27047595381736755
0.0,0.7135301232337952
1.0,0.6821828484535217
1.0,0.7283609509468079
0.0,0.5367668867111206
0.0,0.30420464277267456
1.0,0.2780885696411133
0.0,0.27044862508773804
1.0,0.2773778438568115
0.0,0.2740247845649719
0.0,0.27133452892303467
0.0,0.27341407537460327
1.0,0.721341609954834
0.0,0.29410892724990845
0.0,0.7257329821586609
0.0,0.2840051054954529
1.0,0.728728175163269
0.0,0.27402737736701965
1.0,0.6882768273353577
0.0,0.2852994501590729
0.0,0.3433665931224823
1.0,0.7279231548309326
1.0,0.6879300475120544
0.0,0.3532329201698303
0.0,0.4773062765598297
0.0,0.271573930978775
1.0,0.721724271774292
1.0,0.7261803150177002
0.0,0.26997750997543335
1.0,0.2927858233451843
0.0,0.2711236774921417
0.0,0.27166590094566345
0.0,0.27933862805366516
0.0,0.2738189399242401
0.0,0.27191266417503357
1.0,0.7082337141036987
1.0,0.27449744939804077
0.0,0.27256181836128235
1.0,0.7218829989433289
1.0,0.7270619869232178
0.0,0.27895110845565796
0.0,0.452901154756546
1.0,0.7216233611106873
0.0,0.28357934951782227
0.0,0.27185216546058655
0.0,0.2722739279270172
1.0,0.7238790392875671
0.0,0.27619901299476624
1.0,0.5240387916564941
0.0,0.2819454073905945
0.0,0.7257269620895386
1.0,0.7212932705879211
0.0,0.2746344208717346
0.0,0.3918914198875427
1.0,0.7274391651153564
1.0,0.7284552454948425
0.0,0.28703370690345764
1.0,0.7234348654747009
1.0,0.3752443194389343
0.0,0.27044108510017395
1.0,0.7212638854980469
1.0,0.7293863892555237
1.0,0.7297409772872925
1.0,0.7240004539489746
1.0,0.7257000803947449
1.0,0.3780654966831207
0.0,0.2707131803035736
1.0,0.7272307276725769
1.0,0.7289566993713379
1.0,0.7289959192276001
0.0,0.44238075613975525
1.0,0.7241745591163635
0.0,0.6956157088279724
1.0,0.7302076816558838
0.0,0.26954394578933716
0.0,0.27238574624061584
0.0,0.42645391821861267
0.0,0.4147302508354187
1.0,0.729510486125946
1.0,0.6407345533370972
0.0,0.2724418044090271
0.0,0.27456986904144287
0.0,0.27232494950294495
1.0,0.7302296757698059
0.0,0.27675244212150574
1.0,0.7150970697402954
1.0,0.7230092883110046
0.0,0.2743602991104126
0.0,0.7270022034645081
0.0,0.283825546503067
0.0,0.27022507786750793
0.0,0.7167327404022217
1.0,0.7221628427505493
0.0,0.2711533010005951
1.0,0.2718370258808136
0.0,0.27088338136672974
1.0,0.7278587222099304
1.0,0.724613606929779
0.0,0.2703933119773865
0.0,0.2705599367618561
1.0,0.2696335017681122
1.0,0.7144307494163513
1.0,0.5589048266410828
0.0,0.2708331346511841
1.0,0.7296156287193298
0.0,0.2988887131214142
1.0,0.27128443121910095
0.0,0.4015626609325409
0.0,0.2705140709877014
0.0,0.2744426429271698
0.0,0.2721675634384155
0.0,0.29921653866767883
1.0,0.6999585032463074
1.0,0.71858149766922
0.0,0.27937957644462585
1.0,0.7216855883598328
0.0,0.2760035991668701
0.0,0.2817395329475403
0.0,0.27026259899139404
1.0,0.7203909158706665
1.0,0.7200967669487
1.0,0.2698957026004791
1.0,0.2746050953865051
1.0,0.7304442524909973
1.0,0.3499791622161865
1.0,0.7270898818969727
0.0,0.2719426155090332
1.0,0.5046508312225342
1.0,0.7258684039115906
0.0,0.2696104645729065
0.0,0.30118340253829956
0.0,0.28870826959609985
0.0,0.26990440487861633
1.0,0.2915479242801666
0.0,0.26949548721313477
0.0,0.27901986241340637
0.0,0.5742000341415405
1.0,0.27190062403678894
1.0,0.7290334701538086
1.0,0.723778247833252
1.0,0.7282238006591797
1.0,0.7266449332237244
0.0,0.2720259428024292
0.0,0.7277927994728088
0.0,0.42154690623283386
1.0,0.7266359925270081
1.0,0.7264834642410278
0.0,0.2705456614494324
0.0,0.28258493542671204
0.0,0.2779873311519623
1.0,0.7290090918540955
1.0,0.7296691536903381
1.0,0.724396288394928
1.0,0.5688993334770203
1.0,0.2731170952320099
0.0,0.2930159270763397
0.0,0.2969307005405426
0.0,0.27883586287498474
0.0,0.32354646921157837
0.0,0.27085885405540466
1.0,0.7224427461624146
1.0,0.28665000200271606
0.0,0.29652148485183716
0.0,0.7278653979301453
1.0,0.7281672358512878
1.0,0.3268754780292511
1.0,0.7274636626243591
1.0,0.7206119894981384
1.0,0.7235233783721924
0.0,0.37027132511138916
1.0,0.7291392683982849
0.0,0.2801983654499054
0.0,0.2888871133327484
1.0,0.6762504577636719
0.0,0.2737652063369751
0.0,0.27138733863830566
1.0,0.7290564775466919
0.0,0.27102598547935486
0.0,0.27240684628486633
0.0,0.2829333543777466
0.0,0.26993289589881897
1.0,0.7262798547744751
0.0,0.27306175231933594
1.0,0.28750595450401306
0.0,0.2721984386444092
0.0,0.48732438683509827
1.0,0.5629792809486389
0.0,0.2804693579673767
0.0,0.27575749158859253
1.0,0.7085585594177246
1.0,0.7279963493347168
0.0,0.32155612111091614
1.0,0.27140048146247864
1.0,0.27259561419487
1.0,0.7195589542388916
0.0,0.2854659855365753
1.0,0.39454910159111023
1.0,0.7104753255844116
0.0,0.34766682982444763
0.0,0.27156969904899597
0.0,0.27074775099754333
1.0,0.7002930641174316
0.0,0.2695147693157196
1.0,0.6602312922477722
1.0,0.7253034710884094
1.0,0.2765827476978302
1.0,0.7193626761436462
1.0,0.7260404229164124
1.0,0.7214760780334473
0.0,0.30633094906806946
0.0,0.2881762385368347
1.0,0.7287622690200806
1.0,0.7274543642997742
0.0,0.2702483534812927
0.0,0.3013315796852112
1.0,0.7290222644805908
1.0,0.7284436225891113
1.0,0.6953016519546509
0.0,0.2700282633304596
1.0,0.3037564754486084
0.0,0.2894096374511719
0.0,0.27220651507377625
1.0,0.7269794344902039
1.0,0.6930971741676331
1.0,0.7296472787857056
1.0,0.7233322262763977
0.0,0.27765920758247375
1.0,0.7236840724945068
1.0,0.2904354929924011
1.0,0.27033841609954834
1.0,0.2703733444213867
1.0,0.6881637573242188
0.0,0.6085157990455627
0.0,0.2735615074634552
0.0,0.27018338441848755
1.0,0.3112342357635498
0.0,0.7057952284812927
0.0,0.7028085589408875
1.0,0.6576063632965088
1.0,0.7205511331558228
1.0,0.27407336235046387
0.0,0.3474028706550598
1.0,0.7262151837348938
1.0,0.29276394844055176
1.0,0.7282972931861877
1.0,0.7184622883796692
1.0,0.7245604991912842
0.0,0.27625933289527893
0.0,0.35348305106163025
0.0,0.27125898003578186
0.0,0.5760456919670105
0.0,0.2826593816280365
0.0,0.6850409507751465
0.0,0.27142879366874695
0.0,0.272345632314682
1.0,0.7258580923080444
0.0,0.311615914106369
0.0,0.2719302177429199
1.0,0.7096319198608398
0.0,0.27129065990448
1.0,0.7294984459877014
0.0,0.3601665496826172
0.0,0.2701132893562317
0.0,0.48864027857780457
0.0,0.4039513170719147
0.0,0.274580180644989
1.0,0.725013256072998
0.0,0.7145073413848877
1.0,0.45182517170906067
0.0,0.2787471413612366
1.0,0.7280919551849365
0.0,0.2704279124736786
1.0,0.728335976600647
0.0,0.2750035226345062
0.0,0.2744447588920593
1.0,0.7301350831985474
0.0,0.2888212502002716
1.0,0.7044146060943604
1.0,0.27173441648483276
1.0,0.38099774718284607
1.0,0.7256486415863037
0.0,0.27200567722320557
0.0,0.27056920528411865
1.0,0.728172242641449
0.0,0.27032774686813354
1.0,0.5550066232681274
1.0,0.7096834182739258
0.0,0.27047431468963623
1.0,0.7293748259544373
1.0,0.7284107208251953
1.0,0.7289858460426331
1.0,0.7292200922966003
1.0,0.7293316125869751
0.0,0.27386683225631714
1.0,0.7101384401321411
0.0,0.31009340286254883
1.0,0.7284078001976013
0.0,0.2699618637561798
1.0,0.2864706516265869
1.0,0.7212221622467041
0.0,0.5561211109161377
1.0,0.7284693121910095
1.0,0.6867315173149109
1.0,0.27929234504699707
0.0,0.27612975239753723
0.0,0.540283739566803
0.0,0.2867898941040039
1.0,0.27038827538490295
0.0,0.27090388536453247
1.0,0.7024755477905273
0.0,0.28718820214271545
0.0,0.2946610152721405
1.0,0.27462872862815857
0.0,0.27503469586372375
1.0,0.6327728629112244
1.0,0.723334550857544
0.0,0.7247616052627563
0.0,0.2734999656677246
1.0,0.4703752398490906
1.0,0.2716456651687622
0.0,0.27192404866218567
0.0,0.27016595005989075
1.0,0.6671594977378845
1.0,0.7274050116539001
0.0,0.27664047479629517
0.0,0.30928248167037964
0.0,0.2699629068374634
0.0,0.3852252960205078
0.0,0.2701842486858368
1.0,0.7009568810462952
0.0,0.37940698862075806
0.0,0.27164730429649353
0.0,0.270568311214447
0.0,0.27292120456695557
1.0,0.2783176004886627
0.0,0.2793165147304535
1.0,0.7217305898666382
1.0,0.27120721340179443
0.0,0.2721513509750366
1.0,0.5129099488258362
0.0,0.6807878017425537
1.0,0.729762613773346
1.0,0.7271941900253296
0.0,0.27494555711746216
1.0,0.27123355865478516
0.0,0.7092791795730591
0.0,0.27792367339134216
1.0,0.7290093302726746
0.0,0.2708940804004669
1.0,0.5280736088752747
0.0,0.28972411155700684
1.0,0.7259615659713745
1.0,0.2711188495159149
1.0,0.7278766632080078
1.0,0.7301478981971741
0.0,0.2709874212741852
1.0,0.5189172029495239
1.0,0.30185627937316895
0.0,0.28744977712631226
0.0,0.2719060778617859
1.0,0.7286845445632935
0.0,0.27019476890563965
1.0,0.7299878001213074
1.0,0.7296088337898254
0.0,0.275759756565094
1.0,0.7055754065513611
0.0,0.2750212550163269
1.0,0.7241955399513245
1.0,0.7283639311790466
1.0,0.7275814414024353
0.0,0.7194666862487793
0.0,0.271011084318161
1.0,0.7265418171882629
1.0,0.2733089029788971
0.0,0.2941778302192688
1.0,0.7255758047103882
0.0,0.31301286816596985
0.0,0.2713889479637146
1.0,0.7304537296295166
0.0,0.2700648307800293
0.0,0.270150750875473
1.0,0.6628897190093994
0.0,0.287399560213089
1.0,0.4886375963687897
1.0,0.2726830244064331
0.0,0.3080768287181854
0.0,0.5763126015663147
1.0,0.3211442828178406
1.0,0.2732452154159546
0.0,0.27314239740371704
0.0,0.270014226436615
1.0,0.716631293296814
0.0,0.2902595102787018
1.0,0.7215007543563843
1.0,0.2737758159637451
0.0,0.2787477970123291
1.0,0.7261142134666443
0.0,0.2715097963809967
1.0,0.5452611446380615
0.0,0.2745729982852936
1.0,0.7228097915649414
1.0,0.2941943109035492
1.0,0.29590940475463867
0.0,0.26951488852500916
0.0,0.2725576162338257
0.0,0.29801610112190247
1.0,0.31330767273902893
0.0,0.2783617675304413
1.0,0.7063263654708862
1.0,0.6101507544517517
1.0,0.7274714708328247
0.0,0.7007039189338684
0.0,0.2705281972885132
0.0,0.2706506550312042
0.0,0.2926788330078125
0.0,0.7167187929153442
1.0,0.7253537178039551
1.0,0.7251503467559814
1.0,0.7266146540641785
1.0,0.2737572193145752
0.0,0.2723895013332367
1.0,0.5581527948379517
0.0,0.7267881035804749
0.0,0.28522101044654846
0.0,0.2726286053657532
0.0,0.27132487297058105
1.0,0.719332754611969
1.0,0.7286774516105652
0.0,0.4364508390426636
0.0,0.2712893784046173
0.0,0.7265157699584961
0.0,0.27821922302246094
0.0,0.3602260947227478
1.0,0.2715495228767395
1.0,0.7277674078941345
0.0,0.282779723405838
0.0,0.274624764919281
0.0,0.26961037516593933
1.0,0.7287900447845459
0.0,0.728532612323761
1.0,0.7267643213272095
1.0,0.727394163608551
0.0,0.2713943123817444
1.0,0.7290881872177124
1.0,0.6796025633811951
1.0,0.519197940826416
1.0,0.2696150839328766
0.0,0.27963876724243164
1.0,0.7289866209030151
0.0,0.2731802463531494
0.0,0.2711944282054901
0.0,0.2803267538547516
1.0,0.27504533529281616
1.0,0.7102495431900024
1.0,0.277889221906662
0.0,0.285850465297699
0.0,0.27138862013816833
0.0,0.36342015862464905
1.0,0.27854782342910767
1.0,0.7270855903625488
1.0,0.272806316614151
1.0,0.27147310972213745
0.0,0.2741338014602661
0.0,0.600688636302948
1.0,0.7200132608413696
1.0,0.7057161331176758
0.0,0.7241844534873962
0.0,0.6932281255722046
0.0,0.27538764476776123
0.0,0.28799474239349365
1.0,0.7268117666244507
0.0,0.7226744890213013
1.0,0.7251535058021545
1.0,0.7300741672515869
0.0,0.34820395708084106
1.0,0.5666004419326782
0.0,0.7204232215881348
1.0,0.3467044234275818
0.0,0.6326614618301392
1.0,0.32584550976753235
1.0,0.32780903577804565
1.0,0.27100154757499695
0.0,0.30324292182922363
1.0,0.560102641582489
1.0,0.7283520102500916
0.0,0.2722669839859009
0.0,0.27124646306037903
1.0,0.7181515097618103
1.0,0.7296574711799622
1.0,0.7276730537414551
0.0,0.2745465636253357
1.0,0.46421363949775696
1.0,0.728320837020874
1.0,0.7184647917747498
0.0,0.293184757232666
1.0,0.29868799448013306
0.0,0.7109756469726562
1.0,0.7267763614654541
1.0,0.2761910855770111
0.0,0.2701301574707031
0.0,0.2794214189052582
1.0,0.5976698398590088
1.0,0.28819480538368225
0.0,0.7252880334854126
1.0,0.7251972556114197
1.0,0.7272483706474304
0.0,0.7137923836708069
1.0,0.27920809388160706
1.0,0.4840037524700165
1.0,0.7282357811927795
1.0,0.6956712603569031
1.0,0.2726286053657532
0.0,0.2719394564628601
0.0,0.2731740474700928
1.0,0.7266703248023987
0.0,0.5064535737037659
1.0,0.7207204699516296
0.0,0.27454742789268494
1.0,0.7255443930625916
0.0,0.36238792538642883
1.0,0.6770644783973694
1.0,0.7264139652252197
1.0,0.7276185750961304
0.0,0.27116432785987854
0.0,0.38868069648742676
0.0,0.7204747796058655
1.0,0.6442639827728271
0.0,0.30133137106895447
1.0,0.3566509783267975
0.0,0.29643508791923523
0.0,0.7265650629997253
0.0,0.28417545557022095
1.0,0.36394599080085754
0.0,0.29363876581192017
0.0,0.27506205439567566
1.0,0.2929360270500183
0.0,0.287036269903183
0.0,0.2712039351463318
1.0,0.724595308303833
0.0,0.3596956133842468
0.0,0.27343854308128357
1.0,0.7279811501502991
0.0,0.2705836892127991
1.0,0.7258208394050598
0.0,0.6713153123855591
1.0,0.7265790104866028
1.0,0.7275730967521667
1.0,0.7288551330566406
0.0,0.30339667201042175
0.0,0.27145642042160034
1.0,0.2772306799888611
0.0,0.27355247735977173
1.0,0.45583751797676086
1.0,0.7286030650138855
1.0,0.7278900742530823
0.0,0.2841068506240845
1.0,0.3553425371646881
0.0,0.27830347418785095
0.0,0.2724730968475342
0.0,0.2715141177177429
0.0,0.27025577425956726
0.0,0.275669127702713
0.0,0.27103686332702637
0.0,0.279064416885376
0.0,0.2813907563686371
1.0,0.6752058863639832
0.0,0.29526692628860474
1.0,0.7279977202415466
1.0,0.5726211071014404
1.0,0.2747163474559784
0.0,0.27518174052238464
1.0,0.7268020510673523
0.0,0.26981502771377563
1.0,0.7289465665817261
1.0,0.6018276214599609
1.0,0.7245502471923828
0.0,0.2801148295402527
1.0,0.5152266621589661
1.0,0.3505403399467468
1.0,0.3749988079071045
0.0,0.27049869298934937
1.0,0.7232694625854492
1.0,0.27556073665618896
0.0,0.27242785692214966
0.0,0.36610984802246094
0.0,0.7289662957191467
1.0,0.7166089415550232
1.0,0.7216322422027588
1.0,0.7279574871063232
0.0,0.2815077602863312
1.0,0.5508624315261841
0.0,0.7074730396270752
1.0,0.2700664699077606
1.0,0.729974627494812
0.0,0.6834394335746765
1.0,0.7186058759689331
1.0,0.7264456748962402
1.0,0.27197420597076416
0.0,0.27110135555267334
1.0,0.7190086245536804
1.0,0.27290111780166626
0.0,0.2794990837574005
0.0,0.2739405632019043
1.0,0.46088680624961853
1.0,0.27140524983406067
0.0,0.270251989364624
1.0,0.6772029995918274
0.0,0.7248349785804749
1.0,0.7258878946304321
0.0,0.2716149091720581
0.0,0.39533430337905884
1.0,0.7096923589706421
1.0,0.6763278245925903
0.0,0.27339673042297363
1.0,0.3018173575401306
1.0,0.7287380695343018
0.0,0.2702587842941284
1.0,0.48631325364112854
1.0,0.2722102105617523
1.0,0.7269775867462158
1.0,0.7294762134552002
1.0,0.31598734855651855
1.0,0.7288957834243774
0.0,0.27824440598487854
1.0,0.7282382249832153
0.0,0.27612534165382385
0.0,0.4533329904079437
0.0,0.2744491696357727
1.0,0.7270268797874451
0.0,0.3662274479866028
1.0,0.7205590009689331
1.0,0.27048495411872864
1.0,0.6756981015205383
0.0,0.2812155485153198
0.0,0.27141624689102173
1.0,0.723328709602356
0.0,0.5197150111198425
0.0,0.5129386782646179
0.0,0.2950747311115265
0.0,0.550870954990387
1.0,0.7288143038749695
0.0,0.271294504404068
0.0,0.2716618776321411
1.0,0.718447208404541
1.0,0.7289267182350159
0.0,0.7144875526428223
0.0,0.27105841040611267
1.0,0.7277469038963318
1.0,0.28282830119132996
1.0,0.7259297966957092
1.0,0.2754457890987396
1.0,0.7239235043525696
0.0,0.2704434096813202
1.0,0.2706100344657898
0.0,0.2806903123855591
0.0,0.27667707204818726
1.0,0.7065185904502869
0.0,0.28643640875816345
1.0,0.7073719501495361
0.0,0.27310416102409363
0.0,0.2732473909854889
0.0,0.2716463804244995
1.0,0.7282080054283142
1.0,0.7156679630279541
1.0,0.276061475276947
1.0,0.2712816596031189
0.0,0.2834470570087433
1.0,0.2989851236343384
1.0,0.7117508053779602
0.0,0.2927139103412628
1.0,0.7292120456695557
0.0,0.6764556169509888
1.0,0.5451880693435669
1.0,0.3075482249259949
0.0,0.7247964143753052
1.0,0.2705499231815338
0.0,0.2698638439178467
1.0,0.2727198600769043
1.0,0.6956672668457031
0.0,0.2777937352657318
1.0,0.2731263339519501
1.0,0.395618736743927
0.0,0.271190345287323
1.0,0.7261874675750732
1.0,0.7177040576934814
0.0,0.27147528529167175
1.0,0.728367030620575
0.0,0.7266340851783752
0.0,0.27429041266441345
0.0,0.27201342582702637
1.0,0.7280173301696777
0.0,0.7134974002838135
0.0,0.2708887755870819
0.0,0.7266301512718201
0.0,0.2704988420009613
0.0,0.2729842960834503
0.0,0.3008183538913727
1.0,0.616069495677948
1.0,0.6504753232002258
0.0,0.27350229024887085
1.0,0.7057291269302368
1.0,0.7279865741729736
1.0,0.2817678153514862
1.0,0.7274361252784729
1.0,0.6179452538490295
1.0,0.40030840039253235
0.0,0.7200902700424194
1.0,0.2701186537742615
1.0,0.728417694568634
1.0,0.7113958597183228
1.0,0.7269420623779297
1.0,0.72113436460495
1.0,0.2728772759437561
0.0,0.28140994906425476
1.0,0.7236005663871765
0.0,0.27203401923179626
0.0,0.27353203296661377
0.0,0.5791133642196655
1.0,0.2764112651348114
1.0,0.3547341823577881
1.0,0.5359698534011841
1.0,0.28205880522727966
1.0,0.7129033207893372
1.0,0.7290659546852112
1.0,0.5097931027412415
0.0,0.2716348469257355
0.0,0.6461916565895081
1.0,0.7302870154380798
0.0,0.27773162722587585
1.0,0.6772526502609253
0.0,0.29272088408470154
1.0,0.7292308211326599
0.0,0.272333025932312
1.0,0.7283409237861633
0.0,0.3085787892341614
1.0,0.7102663516998291
1.0,0.7292523980140686
1.0,0.7290576100349426
1.0,0.5888309478759766
1.0,0.7276831269264221
0.0,0.6333764791488647
0.0,0.47967565059661865
1.0,0.721052348613739
1.0,0.27075937390327454
0.0,0.5717305541038513
1.0,0.5601031184196472
1.0,0.27543967962265015
1.0,0.7206274271011353
0.0,0.27012717723846436
0.0,0.27177274227142334
1.0,0.7226694226264954
1.0,0.7131974101066589
0.0,0.27589085698127747
0.0,0.37993577122688293
0.0,0.2710365951061249
1.0,0.2871130108833313
1.0,0.271943598985672
1.0,0.723088800907135
1.0,0.6904268264770508
1.0,0.7251592874526978
0.0,0.27038344740867615
0.0,0.7295846343040466
1.0,0.7281016707420349
0.0,0.2717320919036865
0.0,0.713079571723938
0.0,0.2770950198173523
0.0,0.270121306180954
0.0,0.2744574546813965
0.0,0.29447072744369507
0.0,0.26976296305656433
0.0,0.45647820830345154
0.0,0.5556496977806091
1.0,0.6750304102897644
0.0,0.2724846601486206
0.0,0.40913572907447815
1.0,0.27004414796829224
0.0,0.6445755362510681
0.0,0.27231764793395996
0.0,0.7153570055961609
0.0,0.5541054010391235
0.0,0.2806144952774048
1.0,0.543614387512207
0.0,0.7288141846656799
1.0,0.7273837327957153
1.0,0.2726919949054718
1.0,0.27002260088920593
0.0,0.2985125780105591
0.0,0.27061930298805237
1.0,0.6101142764091492
1.0,0.7204525470733643
0.0,0.2758171260356903
1.0,0.7263332009315491
1.0,0.7159397006034851
1.0,0.7123185992240906
0.0,0.2710028290748596
0.0,0.6895738244056702
1.0,0.7272745966911316
0.0,0.44774129986763
1.0,0.29963552951812744
1.0,0.7249453067779541
1.0,0.7268491387367249
1.0,0.27729302644729614
0.0,0.34850937128067017
1.0,0.6495041251182556
0.0,0.2726028561592102
0.0,0.270487904548645
0.0,0.27104902267456055
0.0,0.2712240517139435
0.0,0.2783683240413666
1.0,0.7287136316299438
1.0,0.716644287109375
1.0,0.7299664616584778
1.0,0.728814423084259
0.0,0.3187829554080963
0.0,0.3476114571094513
1.0,0.7303771376609802
1.0,0.271531879901886
0.0,0.27182525396347046
0.0,0.5203055143356323
1.0,0.7246484160423279
0.0,0.33531972765922546
0.0,0.2702525854110718
1.0,0.37352806329727173
0.0,0.273517906665802
1.0,0.7202472686767578
0.0,0.6780338883399963
1.0,0.3016929626464844
0.0,0.2706482708454132
1.0,0.7217698693275452
1.0,0.273244172334671
1.0,0.7200376987457275
1.0,0.2885037660598755
1.0,0.7182824015617371
0.0,0.6405259966850281
0.0,0.2786186635494232
1.0,0.7252721190452576
1.0,0.7212264537811279
1.0,0.7283889651298523
1.0,0.2722325921058655
0.0,0.2700943052768707
0.0,0.2738547623157501
0.0,0.272567480802536
1.0,0.36932724714279175
1.0,0.7276313304901123
1.0,0.6958720088005066
1.0,0.2855331003665924
0.0,0.3443763852119446
0.0,0.2763441801071167
0.0,0.28068992495536804
1.0,0.5841226577758789
0.0,0.3597823679447174
1.0,0.6240906119346619
1.0,0.729026734828949
1.0,0.42800670862197876
1.0,0.3966207504272461
0.0,0.27378565073013306
0.0,0.7049018740653992
0.0,0.2702261209487915
0.0,0.27914196252822876
0.0,0.2721683979034424
0.0,0.7293594479560852
0.0,0.3165198266506195
0.0,0.27170491218566895
0.0,0.3472388982772827
1.0,0.7301011085510254
1.0,0.7294632196426392
0.0,0.2738063335418701
1.0,0.7259714007377625
1.0,0.6953071355819702
1.0,0.7213729619979858
1.0,0.2792108654975891
0.0,0.43875744938850403
1.0,0.7259641289710999
0.0,0.2765740156173706
0.0,0.2707539200782776
1.0,0.7246532440185547
0.0,0.2727188467979431
0.0,0.27457258105278015
1.0,0.7284401655197144
1.0,0.726198136806488
0.0,0.27600687742233276
1.0,0.4259374141693115
0.0,0.2751862406730652
0.0,0.28248366713523865
0.0,0.2706713378429413
0.0,0.2722911238670349
0.0,0.27006784081459045
0.0,0.28224098682403564
0.0,0.27270665764808655
0.0,0.2705596685409546
0.0,0.28206688165664673
1.0,0.7267158031463623
0.0,0.42484790086746216
1.0,0.2723023593425751
0.0,0.2702639400959015
1.0,0.7255780696868896
1.0,0.7031986713409424
1.0,0.7303021550178528
0.0,0.2737419903278351
1.0,0.7297996878623962
1.0,0.27038994431495667
1.0,0.27191683650016785
0.0,0.27035486698150635
1.0,0.7275494337081909
1.0,0.6619120240211487
0.0,0.2770698070526123
1.0,0.7303596138954163
1.0,0.34543144702911377
1.0,0.7256532311439514
1.0,0.27637824416160583
0.0,0.2907785475254059
1.0,0.7270551919937134
1.0,0.5854031443595886
0.0,0.27417248487472534
0.0,0.26997512578964233
1.0,0.28260159492492676
0.0,0.6574695706367493
1.0,0.7276045083999634
1.0,0.647637128829956
0.0,0.27648958563804626
0.0,0.7232449054718018
0.0,0.27179399132728577
1.0,0.7082522511482239
0.0,0.2754044532775879
0.0,0.27291905879974365
0.0,0.2755449116230011
0.0,0.27470555901527405
1.0,0.2761925458908081
0.0,0.6514264345169067
0.0,0.2925547957420349
0.0,0.27008822560310364
1.0,0.6606805324554443
1.0,0.7213346362113953
1.0,0.7292804718017578
1.0,0.29257482290267944
0.0,0.7162488698959351
1.0,0.7298049926757812
1.0,0.653889536857605
0.0,0.2741919457912445
1.0,0.674557089805603
1.0,0.7296732664108276
1.0,0.417106956243515
1.0,0.7298036813735962
0.0,0.2710094451904297
0.0,0.27441731095314026
0.0,0.27006855607032776
1.0,0.32494038343429565
0.0,0.27229228615760803
0.0,0.2725715637207031
0.0,0.48661476373672485
0.0,0.2697948217391968
0.0,0.3599143326282501
1.0,0.35348448157310486
1.0,0.3404708504676819
1.0,0.28415554761886597
1.0,0.7210977077484131
1.0,0.7289524078369141
0.0,0.2808759808540344
1.0,0.7214452624320984
1.0,0.726821780204773
0.0,0.41141027212142944
0.0,0.28361037373542786
0.0,0.27859750390052795
0.0,0.2763948440551758
1.0,0.364968478679657
0.0,0.3117831349372864
0.0,0.27937495708465576
1.0,0.7233385443687439
0.0,0.275753915309906
1.0,0.27184757590293884
0.0,0.2718234360218048
1.0,0.7186194062232971
1.0,0.27454090118408203
1.0,0.5888139009475708
1.0,0.2701947093009949
0.0,0.27112188935279846
0.0,0.2713642716407776
1.0,0.28441959619522095
1.0,0.4514935314655304
0.0,0.7224392294883728
1.0,0.7130736112594604
1.0,0.7265053987503052
1.0,0.2789856791496277
1.0,0.7284895181655884
1.0,0.7277427911758423
1.0,0.725994348526001
0.0,0.7180238366127014
1.0,0.7295711636543274
0.0,0.6795149445533752
1.0,0.33229461312294006
1.0,0.7300910353660583
1.0,0.36487749218940735
0.0,0.7114945650100708
1.0,0.2725474536418915
1.0,0.728715181350708
1.0,0.7156767249107361
0.0,0.27064260840415955
0.0,0.3376319706439972
0.0,0.31506285071372986
0.0,0.6858990788459778
1.0,0.2700955867767334
0.0,0.2744655907154083
0.0,0.2733926773071289
0.0,0.3168722689151764
1.0,0.7036951780319214
0.0,0.27082207798957825
0.0,0.2948160171508789
0.0,0.29845187067985535
0.0,0.28027239441871643
0.0,0.718840479850769
0.0,0.27242836356163025
1.0,0.7298777103424072
1.0,0.7200790047645569
0.0,0.2745630741119385
1.0,0.7279772162437439
0.0,0.27060970664024353
1.0,0.7297460436820984
1.0,0.27429819107055664
1.0,0.7225279808044434
0.0,0.274556428194046
1.0,0.6976986527442932
0.0,0.27911946177482605
0.0,0.7010638117790222
1.0,0.7270076274871826
1.0,0.29818862676620483
0.0,0.275195449590683
0.0,0.6309813857078552
0.0,0.28078415989875793
1.0,0.7256126999855042
0.0,0.31494376063346863
0.0,0.3460403084754944
1.0,0.7266470789909363
0.0,0.5495316386222839
0.0,0.2727477550506592
1.0,0.6820090413093567
1.0,0.7217164039611816
1.0,0.585279643535614
0.0,0.27017226815223694
1.0,0.7237199544906616
0.0,0.27977457642555237
0.0,0.27520135045051575
0.0,0.2805013358592987
0.0,0.2747662663459778
1.0,0.4451165497303009
0.0,0.2863050401210785
0.0,0.2700057625770569
1.0,0.2882699966430664
1.0,0.6290754675865173
1.0,0.5463036298751831
1.0,0.7299217581748962
1.0,0.7259293794631958
0.0,0.2704179286956787
0.0,0.30642256140708923
1.0,0.7074016332626343
1.0,0.7229871153831482
1.0,0.7283730506896973
0.0,0.35606229305267334
1.0,0.6748947501182556
0.0,0.2714803218841553
1.0,0.3603426516056061
0.0,0.5148179531097412
1.0,0.7302126288414001
0.0,0.27112749218940735
0.0,0.43596792221069336
1.0,0.6844989061355591
1.0,0.7181298136711121
0.0,0.4130675792694092
0.0,0.35791534185409546
0.0,0.27233460545539856
0.0,0.2774425745010376
1.0,0.2720666825771332
1.0,0.270587682723999
0.0,0.3177517354488373
0.0,0.27694547176361084
0.0,0.646563708782196
1.0,0.7290698885917664
1.0,0.2756147086620331
0.0,0.27348989248275757
1.0,0.6882595419883728
0.0,0.2714579105377197
0.0,0.7266197204589844
1.0,0.711448609828949
1.0,0.7282335758209229
1.0,0.7289116978645325
0.0,0.2758015990257263
1.0,0.7227122187614441
0.0,0.27087393403053284
1.0,0.7237468361854553
0.0,0.27195560932159424
0.0,0.34635064005851746
1.0,0.7294243574142456
0.0,0.271385133266449
0.0,0.27770909667015076
0.0,0.2759413719177246
1.0,0.725414514541626
1.0,0.2777874171733856
1.0,0.6263957619667053
0.0,0.4298163950443268
1.0,0.27421316504478455
1.0,0.7239153981208801
1.0,0.7033579349517822
0.0,0.27178069949150085
1.0,0.6829800605773926
0.0,0.2875254452228546
0.0,0.27343153953552246
1.0,0.7224423885345459
1.0,0.5742387175559998
0.0,0.2710992097854614
1.0,0.5482932329177856
1.0,0.7167201042175293
0.0,0.728469967842102
0.0,0.27026885747909546
0.0,0.2729978561401367
0.0,0.2765617072582245
0.0,0.2701793611049652
0.0,0.27152878046035767
0.0,0.5499287843704224
1.0,0.7276135087013245
0.0,0.6818634271621704
1.0,0.6344910264015198
0.0,0.27169927954673767
0.0,0.2722506821155548
0.0,0.2716417610645294
0.0,0.34399300813674927
0.0,0.27269476652145386
0.0,0.2706565260887146
1.0,0.2849191129207611
1.0,0.7213394641876221
0.0,0.2718767821788788
0.0,0.5403862595558167
0.0,0.27458277344703674
0.0,0.26980599761009216
1.0,0.6359679698944092
0.0,0.2740837335586548
0.0,0.27632051706314087
1.0,0.27104946970939636
1.0,0.7259225845336914
0.0,0.27215614914894104
0.0,0.29284608364105225
1.0,0.7230502963066101
0.0,0.27088454365730286
0.0,0.2732618749141693
0.0,0.3195422291755676
1.0,0.7260768413543701
1.0,0.7274190783500671
1.0,0.7208126187324524
0.0,0.7299732565879822
1.0,0.7131252884864807
1.0,0.5553697347640991
0.0,0.271802693605423
1.0,0.7206156253814697
0.0,0.3228038251399994
1.0,0.7201600670814514
0.0,0.27388453483581543
1.0,0.27243342995643616
1.0,0.7296705842018127
1.0,0.4780319631099701
0.0,0.28900647163391113
1.0,0.7283249497413635
0.0,0.2948930561542511
0.0,0.2728453576564789
0.0,0.3226316571235657
0.0,0.270724356174469
0.0,0.28751274943351746
1.0,0.3487709164619446
1.0,0.27124637365341187
1.0,0.7168676853179932
1.0,0.7198995351791382
0.0,0.2697007656097412
0.0,0.2979789078235626
1.0,0.5868974924087524
0.0,0.27222999930381775
1.0,0.2974637448787689
0.0,0.5125767588615417
0.0,0.27162712812423706
0.0,0.2717534601688385
0.0,0.2730458974838257
0.0,0.27573853731155396
0.0,0.26977479457855225
0.0,0.27021849155426025
0.0,0.2802506685256958
1.0,0.7294288277626038
1.0,0.7171414494514465
0.0,0.27161577343940735
0.0,0.27371788024902344
0.0,0.27151763439178467
1.0,0.27431270480155945
0.0,0.2804381847381592
0.0,0.2733386754989624
0.0,0.28367775678634644
0.0,0.27048125863075256
1.0,0.2704589068889618
0.0,0.27753502130508423
0.0,0.28146129846572876
0.0,0.7254362106323242
1.0,0.7210550904273987
1.0,0.7261805534362793
1.0,0.7275373935699463
1.0,0.6815111637115479
0.0,0.274741530418396
0.0,0.275747150182724
0.0,0.27193328738212585
0.0,0.2913539707660675
0.0,0.29589176177978516
1.0,0.7242996692657471
1.0,0.7287163734436035
1.0,0.27116698026657104
1.0,0.7292200922966003
0.0,0.2701314091682434
1.0,0.6903772950172424
1.0,0.31210803985595703
1.0,0.7277129888534546
0.0,0.27805784344673157
0.0,0.2714063227176666
1.0,0.7251715660095215
1.0,0.7286874651908875
1.0,0.274397075176239
1.0,0.27555036544799805
0.0,0.2824851870536804
0.0,0.27610325813293457
0.0,0.7186446785926819
0.0,0.2700086534023285
0.0,0.27235147356987
0.0,0.2788420617580414
0.0,0.7219575643539429
1.0,0.7290919423103333
1.0,0.6415147185325623
1.0,0.3847498595714569
1.0,0.7141359448432922
1.0,0.7288928627967834
0.0,0.542413055896759
1.0,0.41341879963874817
0.0,0.711296021938324
1.0,0.7266089916229248
1.0,0.4539216458797455
1.0,0.7287170886993408
0.0,0.39041396975517273
0.0,0.4670807719230652
0.0,0.27244335412979126
1.0,0.7297735214233398
1.0,0.27014288306236267
1.0,0.7232183218002319
0.0,0.272310733795166
0.0,0.27135932445526123
1.0,0.4403197467327118
0.0,0.6023551225662231
0.0,0.2852177917957306
1.0,0.6849620938301086
0.0,0.280671626329422
1.0,0.7215453386306763
1.0,0.7257121205329895
0.0,0.26962271332740784
0.0,0.2712485194206238
1.0,0.6707832217216492
1.0,0.7251062393188477
1.0,0.6450968980789185
0.0,0.27721935510635376
1.0,0.2702837288379669
1.0,0.3000384569168091
0.0,0.27004462480545044
1.0,0.27547377347946167
1.0,0.6680025458335876
1.0,0.7280374765396118
0.0,0.2893957495689392
1.0,0.7281433343887329
1.0,0.5555828213691711
0.0,0.2734958231449127
1.0,0.7226080894470215
1.0,0.7264497876167297
0.0,0.2701883912086487
0.0,0.2708759903907776
1.0,0.7273618578910828
0.0,0.28314730525016785
0.0,0.2778489291667938
1.0,0.2694929540157318
1.0,0.5607616901397705
0.0,0.37444615364074707
0.0,0.29240334033966064
0.0,0.5361046195030212
0.0,0.3617277443408966
0.0,0.27116286754608154
0.0,0.27173975110054016
0.0,0.27000558376312256
0.0,0.7279952168464661
1.0,0.7291598916053772
0.0,0.723255455493927
1.0,0.7279635667800903
0.0,0.2711050510406494
1.0,0.641066312789917
0.0,0.3804933726787567
0.0,0.2730521857738495
0.0,0.27437877655029297
0.0,0.27296552062034607
0.0,0.273029088973999
0.0,0.27010247111320496
0.0,0.6841694116592407
1.0,0.7292605042457581
0.0,0.27081558108329773
1.0,0.5981699228286743
1.0,0.7179371118545532
0.0,0.2901580333709717
1.0,0.27084892988204956
1.0,0.28235334157943726
1.0,0.7216965556144714
1.0,0.2768673002719879
0.0,0.27022674679756165
0.0,0.2776574492454529
0.0,0.2708357870578766
0.0,0.2730639576911926
1.0,0.7280754446983337
0.0,0.2847493886947632
0.0,0.27058252692222595
0.0,0.273664653301239
0.0,0.6790018081665039
1.0,0.7294533848762512
1.0,0.26954084634780884
0.0,0.27073919773101807
1.0,0.728642463684082
0.0,0.7292393445968628
0.0,0.2724352777004242
0.0,0.273450642824173
1.0,0.2757534384727478
0.0,0.30214640498161316
0.0,0.2723899185657501
0.0,0.6207176446914673
0.0,0.2734949588775635
1.0,0.7214201092720032
1.0,0.7200736403465271
1.0,0.7298519015312195
0.0,0.6102532148361206
1.0,0.7287319898605347
0.0,0.2969014644622803
1.0,0.5827187895774841
0.0,0.34613555669784546
0.0,0.2766125202178955
0.0,0.2720256447792053
1.0,0.7239664793014526
1.0,0.269867479801178
0.0,0.27231189608573914
1.0,0.27039170265197754
0.0,0.7173333764076233
1.0,0.6826444268226624
0.0,0.32101747393608093
1.0,0.7276725172996521
0.0,0.7272805571556091
0.0,0.2783513069152832
0.0,0.7238146066665649
0.0,0.7261029481887817
0.0,0.27404409646987915
1.0,0.26993250846862793
0.0,0.27139216661453247
1.0,0.6790658831596375
0.0,0.2711580693721771
0.0,0.27602967619895935
0.0,0.27474844455718994
1.0,0.27296096086502075
1.0,0.710972249507904
0.0,0.7245822548866272
0.0,0.2772916555404663
0.0,0.27404293417930603
1.0,0.7274293303489685
1.0,0.7283805012702942
0.0,0.5655902624130249
0.0,0.27147653698921204
1.0,0.7275770306587219
1.0,0.7295856475830078
0.0,0.27156198024749756
1.0,0.7236104607582092
0.0,0.27125048637390137
1.0,0.7248255014419556
0.0,0.7230938673019409
0.0,0.7268370985984802
0.0,0.27085641026496887
0.0,0.7265172600746155
1.0,0.4924602806568146
1.0,0.7288605570793152
1.0,0.27437254786491394
1.0,0.2906888425350189
1.0,0.7261928915977478
1.0,0.7237088680267334
1.0,0.6739842891693115
1.0,0.7191270589828491
1.0,0.29204490780830383
1.0,0.7249998450279236
0.0,0.7251302003860474
0.0,0.2918630838394165
1.0,0.7262903451919556
1.0,0.6884542107582092
0.0,0.6010938286781311
1.0,0.7217884659767151
1.0,0.28119540214538574
0.0,0.6435412764549255
1.0,0.6533174514770508
0.0,0.30769091844558716
0.0,0.28767699003219604
1.0,0.7276018261909485
0.0,0.2698173224925995
1.0,0.7177517414093018
0.0,0.2749696373939514
0.0,0.2732129395008087
0.0,0.286209374666214
0.0,0.614600658416748
1.0,0.7278038859367371
1.0,0.7177930474281311
1.0,0.2723463773727417
1.0,0.38915592432022095
0.0,0.3314957916736603
0.0,0.27481213212013245
1.0,0.727368950843811
0.0,0.2698100805282593
1.0,0.6906358599662781
0.0,0.319649338722229
0.0,0.27919116616249084
1.0,0.7252640128135681
1.0,0.27088066935539246
0.0,0.2943044602870941
0.0,0.5467256903648376
1.0,0.3614867031574249
1.0,0.717759907245636
1.0,0.6500118970870972
0.0,0.2821251153945923
0.0,0.26976463198661804
0.0,0.2862042188644409
1.0,0.6004993915557861
1.0,0.7289829254150391
0.0,0.549900233745575
1.0,0.7266374826431274
1.0,0.27281153202056885
0.0,0.281318724155426
1.0,0.7207345962524414
1.0,0.7199893593788147
1.0,0.7151920199394226
1.0,0.718428909778595
1.0,0.7162462472915649
0.0,0.2819843888282776
1.0,0.7295593619346619
1.0,0.27707409858703613
0.0,0.7276184558868408
1.0,0.7158137559890747
1.0,0.2840636968612671
1.0,0.7273638844490051
1.0,0.7250198125839233
1.0,0.7133123874664307
0.0,0.28254956007003784
1.0,0.7209784984588623
0.0,0.27338695526123047
0.0,0.2775491178035736
0.0,0.2701975107192993
1.0,0.7284129858016968
1.0,0.7272627353668213
1.0,0.7184916138648987
1.0,0.7242757678031921
0.0,0.29531508684158325
1.0,0.7284167408943176
0.0,0.269709974527359
0.0,0.27783334255218506
1.0,0.7273116111755371
0.0,0.30120107531547546
1.0,0.5953269600868225
0.0,0.2723270654678345
0.0,0.30480602383613586
0.0,0.2699764668941498
1.0,0.27030885219573975
0.0,0.27553749084472656
0.0,0.3132062256336212
1.0,0.29824844002723694
1.0,0.7254116535186768
1.0,0.7289394736289978
1.0,0.7288169860839844
1.0,0.30259162187576294
0.0,0.2776811122894287
1.0,0.7152644395828247
1.0,0.7285280227661133
0.0,0.4900180995464325
0.0,0.2729416787624359
1.0,0.27109840512275696
1.0,0.27001792192459106
0.0,0.72743821144104
1.0,0.4549601376056671
0.0,0.27189400792121887
0.0,0.2811545729637146
0.0,0.5400592684745789
0.0,0.523749053478241
0.0,0.2820192277431488
0.0,0.29572129249572754
1.0,0.27151215076446533
0.0,0.6717600226402283
0.0,0.2698759436607361
1.0,0.7144540548324585
0.0,0.2746466100215912
1.0,0.2704121768474579
0.0,0.3276945650577545
0.0,0.28910380601882935
0.0,0.27033302187919617
0.0,0.26959285140037537
0.0,0.5180548429489136
1.0,0.30514416098594666
0.0,0.27082037925720215
1.0,0.7226830124855042
0.0,0.5327019095420837
1.0,0.713871955871582
1.0,0.2702440619468689
1.0,0.7154728174209595
0.0,0.36099374294281006
0.0,0.7134625315666199
0.0,0.4703294634819031
0.0,0.27764639258384705
1.0,0.28217068314552307
1.0,0.687217652797699
0.0,0.7298098206520081
0.0,0.2714828848838806
0.0,0.2701427638530731
1.0,0.7273165583610535
1.0,0.7296985983848572
0.0,0.26991963386535645
0.0,0.2716776430606842
1.0,0.2703690826892853
1.0,0.7291525602340698
0.0,0.27206137776374817
0.0,0.29096654057502747
1.0,0.2829405665397644
0.0,0.5721964836120605
0.0,0.7026016116142273
0.0,0.2825380265712738
1.0,0.7265282273292542
0.0,0.2713435888290405
1.0,0.7285104990005493
0.0,0.27705541253089905
1.0,0.7273833155632019
0.0,0.34629327058792114
0.0,0.27449825406074524
1.0,0.7279273271560669
1.0,0.7247183918952942
0.0,0.6356388926506042
0.0,0.561830997467041
0.0,0.26984503865242004
0.0,0.27148085832595825
1.0,0.6141591668128967
0.0,0.27026259899139404
1.0,0.70453941822052
1.0,0.7160356044769287
0.0,0.4340730607509613
1.0,0.7286019325256348
0.0,0.273556649684906
0.0,0.29724976420402527
0.0,0.28013211488723755
1.0,0.2723744809627533
0.0,0.2699134051799774
1.0,0.7296046614646912
0.0,0.27269330620765686
0.0,0.26991158723831177
0.0,0.29167234897613525
0.0,0.2755427360534668
0.0,0.3505512773990631
1.0,0.721153736114502
1.0,0.7266451120376587
0.0,0.34741130471229553
0.0,0.5378015637397766
0.0,0.2829158306121826
1.0,0.7104184031486511
1.0,0.33248719573020935
1.0,0.2711576223373413
0.0,0.27861088514328003
0.0,0.2721603810787201
1.0,0.7222490906715393
0.0,0.7156747579574585
0.0,0.38744738698005676
0.0,0.3219992518424988
1.0,0.7233297824859619
1.0,0.3548048436641693
0.0,0.31203046441078186
0.0,0.26944079995155334
1.0,0.7281480431556702
1.0,0.2790667712688446
0.0,0.27574947476387024
1.0,0.7210735082626343
1.0,0.7068844437599182
0.0,0.70328688621521
0.0,0.27321162819862366
1.0,0.6987264752388
1.0,0.7267858982086182
1.0,0.47062239050865173
0.0,0.2814144790172577
1.0,0.274397075176239
1.0,0.7282965183258057
1.0,0.6160231828689575
1.0,0.7120875716209412
1.0,0.721221387386322
0.0,0.2747541069984436
1.0,0.7263875007629395
0.0,0.26974165439605713
0.0,0.7230390906333923
0.0,0.2700325548648834
0.0,0.26993831992149353
0.0,0.2700890600681305
1.0,0.7238410711288452
1.0,0.3224162757396698
0.0,0.2696457803249359
0.0,0.27319690585136414
1.0,0.40031930804252625
1.0,0.7284276485443115
0.0,0.32414764165878296
0.0,0.7124801874160767
1.0,0.7281103730201721
0.0,0.2697981595993042
1.0,0.7245675921440125
1.0,0.3990614712238312
0.0,0.28220266103744507
1.0,0.687488853931427
1.0,0.7192208170890808
0.0,0.2828235924243927
0.0,0.2707420885562897
0.0,0.6642057299613953
1.0,0.3604051172733307
0.0,0.2777780294418335
1.0,0.7285042405128479
0.0,0.69154292345047
1.0,0.7279751300811768
1.0,0.7289552688598633
0.0,0.7220284938812256
0.0,0.27300429344177246
1.0,0.5820335745811462
1.0,0.7277393937110901
0.0,0.2723643481731415
0.0,0.27428704500198364
1.0,0.7289392352104187
0.0,0.27485835552215576
0.0,0.2746255099773407
1.0,0.7274470329284668
1.0,0.7150439620018005
1.0,0.7245905995368958
0.0,0.2735070288181305
0.0,0.2736787497997284
1.0,0.6972788572311401
1.0,0.7222167253494263
1.0,0.2884801924228668
0.0,0.5173858404159546
1.0,0.2808726727962494
1.0,0.6819279193878174
1.0,0.26990723609924316
0.0,0.7261894345283508
0.0,0.3854518234729767
0.0,0.7227084636688232
1.0,0.7210227251052856
1.0,0.5277969837188721
0.0,0.27094796299934387
0.0,0.2851710617542267
1.0,0.540524423122406
0.0,0.42813026905059814
0.0,0.2761644124984741
0.0,0.27265530824661255
1.0,0.3431437313556671
1.0,0.5287268757820129
0.0,0.2745627164840698
0.0,0.33596768975257874
1.0,0.2705242931842804
0.0,0.28034329414367676
0.0,0.2780264616012573
1.0,0.7128740549087524
1.0,0.27137991786003113
0.0,0.2709868848323822
0.0,0.2768166661262512
0.0,0.27180948853492737
1.0,0.7210990190505981
1.0,0.724449872970581
0.0,0.27224037051200867
1.0,0.72438645362854
0.0,0.270330011844635
0.0,0.2740585505962372
0.0,0.27069059014320374
0.0,0.7182236313819885
1.0,0.7260262966156006
0.0,0.2706029415130615
1.0,0.729100227355957
0.0,0.27002832293510437
1.0,0.7245848774909973
0.0,0.7067033052444458
0.0,0.7150901556015015
0.0,0.2845064699649811
0.0,0.2974606454372406
1.0,0.7229783535003662
0.0,0.27221378684043884
1.0,0.2851217985153198
1.0,0.7117739319801331
1.0,0.7289839386940002
1.0,0.7282375693321228
0.0,0.7282602190971375
1.0,0.26960909366607666
0.0,0.26969194412231445
0.0,0.2795555293560028
0.0,0.2852590084075928
0.0,0.618454098701477
1.0,0.3299526870250702
0.0,0.29301515221595764
1.0,0.2846441864967346
1.0,0.7197659611701965
1.0,0.27041006088256836
0.0,0.29370155930519104
1.0,0.2708587348461151
1.0,0.727945864200592
1.0,0.7281729578971863
1.0,0.27645906805992126
1.0,0.6969347596168518
1.0,0.7259384393692017
1.0,0.7284274101257324
1.0,0.7133277058601379
0.0,0.289151668548584
1.0,0.6634461879730225
1.0,0.6096041798591614
1.0,0.5283512473106384
1.0,0.7299736142158508
1.0,0.7041271924972534
1.0,0.3309021294116974
0.0,0.6724033355712891
1.0,0.7277345657348633
1.0,0.725926399230957
0.0,0.27189159393310547
0.0,0.3474000096321106
1.0,0.27203649282455444
0.0,0.27150610089302063
1.0,0.7285446524620056
0.0,0.3352610766887665
1.0,0.7263228297233582
0.0,0.7017728686332703
1.0,0.5159241557121277
0.0,0.27217888832092285
1.0,0.7277248501777649
1.0,0.7271875143051147
0.0,0.2913476228713989
0.0,0.299895316362381
1.0,0.7085999846458435
0.0,0.27000823616981506
0.0,0.27884170413017273
1.0,0.6208942532539368
0.0,0.2713161110877991
1.0,0.7051881551742554
1.0,0.27405327558517456
1.0,0.7287163734436035
1.0,0.44503581523895264
1.0,0.727330207824707
1.0,0.729836106300354
1.0,0.7249335646629333
1.0,0.7272811532020569
1.0,0.7277431488037109
0.0,0.7172647714614868
1.0,0.7302548885345459
1.0,0.7277095913887024
1.0,0.7283893823623657
0.0,0.2748625576496124
1.0,0.7221304178237915
0.0,0.2783606946468353
1.0,0.40308886766433716
1.0,0.6298518180847168
1.0,0.7229776382446289
1.0,0.2880570888519287
0.0,0.5300442576408386
0.0,0.2804314196109772
1.0,0.7231732606887817
1.0,0.3440951704978943
0.0,0.2826651334762573
1.0,0.7238981127738953
0.0,0.27027809619903564
1.0,0.6902066469192505
0.0,0.2702796757221222
0.0,0.281933069229126
1.0,0.7181620597839355
1.0,0.7295809388160706
0.0,0.5608018040657043
0.0,0.27081531286239624
0.0,0.7269477248191833
1.0,0.7277768850326538
0.0,0.30112212896347046
0.0,0.27027007937431335
1.0,0.7279419898986816
0.0,0.2709379196166992
1.0,0.72896409034729
1.0,0.7221185564994812
1.0,0.7282914519309998
1.0,0.6389830708503723
1.0,0.7128646373748779
1.0,0.27251821756362915
1.0,0.7270081043243408
0.0,0.2859129309654236
1.0,0.2702323794364929
0.0,0.6244598031044006
1.0,0.722637414932251
0.0,0.27084532380104065
0.0,0.2700900137424469
1.0,0.7274128198623657
0.0,0.2698514461517334
0.0,0.27075672149658203
0.0,0.3515240550041199
1.0,0.7230320572853088
1.0,0.7277166843414307
1.0,0.2719639837741852
1.0,0.2704978585243225
1.0,0.2790660560131073
1.0,0.6276880502700806
0.0,0.2867583632469177
1.0,0.28106021881103516
1.0,0.28268173336982727
0.0,0.31838521361351013
1.0,0.7300921082496643
1.0,0.5262380242347717
1.0,0.7282570004463196
0.0,0.27010074257850647
1.0,0.730354905128479
0.0,0.27035975456237793
0.0,0.7207526564598083
0.0,0.710404098033905
0.0,0.6241275072097778
0.0,0.27352792024612427
1.0,0.7267603278160095
1.0,0.7283161282539368
0.0,0.2782467007637024
1.0,0.720151960849762
1.0,0.27997732162475586
0.0,0.2710893452167511
1.0,0.7290058732032776
1.0,0.26995402574539185
0.0,0.5357269048690796
1.0,0.726742684841156
1.0,0.2717501223087311
1.0,0.7264661192893982
0.0,0.40547582507133484
1.0,0.6623436808586121
1.0,0.7290441393852234
1.0,0.2703521251678467
0.0,0.31081023812294006
0.0,0.27955612540245056
1.0,0.27968087792396545
0.0,0.3526744842529297
0.0,0.2709347903728485
0.0,0.2706685960292816
0.0,0.2699737250804901
1.0,0.727559506893158
1.0,0.2726801633834839
0.0,0.2802491784095764
1.0,0.2727968990802765
0.0,0.3271082639694214
1.0,0.7235397696495056
1.0,0.6345741152763367
0.0,0.27850231528282166
0.0,0.26954415440559387
0.0,0.2727011740207672
1.0,0.7290658354759216
0.0,0.2729441821575165
0.0,0.6762651801109314
0.0,0.7216125726699829
1.0,0.7269333600997925
1.0,0.7181583046913147
1.0,0.6834263801574707
0.0,0.2720099985599518
1.0,0.7270460724830627
1.0,0.6740394234657288
1.0,0.7215450406074524
0.0,0.2890751361846924
0.0,0.27101555466651917
1.0,0.6761614084243774
1.0,0.47460225224494934
0.0,0.2703687846660614
0.0,0.27193737030029297
0.0,0.28814956545829773
1.0,0.27325639128685
1.0,0.46955734491348267
0.0,0.2722458839416504
0.0,0.5426775217056274
0.0,0.27475497126579285
1.0,0.7232905030250549
1.0,0.5976398587226868
0.0,0.2933533787727356
1.0,0.3675600290298462
0.0,0.31709855794906616
0.0,0.2697584927082062
1.0,0.27823111414909363
0.0,0.43608537316322327
1.0,0.7275590896606445
0.0,0.28561100363731384
0.0,0.27134251594543457
1.0,0.7018982768058777
0.0,0.27129408717155457
1.0,0.7269710302352905
1.0,0.7260754704475403
0.0,0.27317333221435547
0.0,0.27042895555496216
1.0,0.7201248407363892
0.0,0.2700720727443695
1.0,0.7282966375350952
0.0,0.2894791066646576
0.0,0.27315250039100647
0.0,0.27493101358413696
1.0,0.27030450105667114
1.0,0.2796691656112671
1.0,0.7100532650947571
0.0,0.27012667059898376
1.0,0.5864245295524597
0.0,0.2782372832298279
1.0,0.6393381357192993
1.0,0.276020348072052
1.0,0.7097587585449219
1.0,0.7262601852416992
0.0,0.5772193074226379
0.0,0.5684118866920471
1.0,0.7290865182876587
1.0,0.7258736491203308
1.0,0.7134523987770081
1.0,0.7039201259613037
0.0,0.7281628847122192
1.0,0.7187409400939941
1.0,0.722599983215332
1.0,0.29049280285835266
0.0,0.2714264392852783
1.0,0.7205102443695068
1.0,0.7284393310546875
0.0,0.2744545638561249
0.0,0.2832554280757904
0.0,0.7188336253166199
0.0,0.27054905891418457
1.0,0.7245475053787231
1.0,0.7160978317260742
1.0,0.7260885834693909
0.0,0.27073192596435547
1.0,0.7222365140914917
0.0,0.31441858410835266
1.0,0.729259729385376
1.0,0.27375707030296326
1.0,0.27936652302742004
1.0,0.2726384103298187
0.0,0.2713368535041809
1.0,0.7258114814758301
0.0,0.6561044454574585
0.0,0.7254019975662231
0.0,0.7117177844047546
0.0,0.7084124684333801
1.0,0.7289958596229553
0.0,0.2715868055820465
0.0,0.269864946603775
1.0,0.7277795672416687
0.0,0.2817460298538208
1.0,0.27044570446014404
1.0,0.7055858969688416
1.0,0.7272258400917053
0.0,0.2709342837333679
1.0,0.7296930551528931
0.0,0.26997584104537964
0.0,0.2730545699596405
1.0,0.3666384816169739
1.0,0.7281830310821533
0.0,0.26954731345176697
1.0,0.2845503091812134
0.0,0.2718812823295593
0.0,0.28544381260871887
0.0,0.2705639898777008
1.0,0.7295740842819214
1.0,0.6209862232208252
0.0,0.27016493678092957
1.0,0.723533570766449
1.0,0.7231390476226807
1.0,0.27261531352996826
0.0,0.27010247111320496
0.0,0.2796363830566406
1.0,0.28957661986351013
0.0,0.2702803313732147
1.0,0.7292118668556213
0.0,0.2703198492527008
0.0,0.26971080899238586
0.0,0.3075817823410034
0.0,0.4213092625141144
0.0,0.3234841823577881
1.0,0.27144283056259155
1.0,0.6455106139183044
1.0,0.31360408663749695
0.0,0.7038640379905701
0.0,0.27425768971443176
0.0,0.2711196839809418
1.0,0.728184163570404
1.0,0.7295141220092773
0.0,0.27311861515045166
0.0,0.2731642425060272
0.0,0.28063052892684937
1.0,0.3309021294116974
0.0,0.7219865918159485
1.0,0.28312793374061584
0.0,0.27424630522727966
0.0,0.46497446298599243
1.0,0.7189182639122009
1.0,0.7115001082420349
0.0,0.6444705128669739
1.0,0.6862909197807312
0.0,0.27015677094459534
1.0,0.29991626739501953
0.0,0.27526184916496277
0.0,0.2732492685317993
1.0,0.269817054271698
0.0,0.2877237796783447
0.0,0.27755892276763916
0.0,0.5315205454826355
0.0,0.7286890149116516
0.0,0.27039819955825806
1.0,0.5755300521850586
1.0,0.721747636795044
1.0,0.5858811140060425
0.0,0.272123783826828
1.0,0.7244526743888855
1.0,0.27119511365890503
0.0,0.7173032760620117
1.0,0.7232505083084106
0.0,0.3636501729488373
1.0,0.7284843325614929
1.0,0.37505924701690674
1.0,0.6564960479736328
0.0,0.7015627026557922
0.0,0.2787594497203827
1.0,0.7267577648162842
1.0,0.6021194458007812
1.0,0.5358465909957886
1.0,0.5089059472084045
1.0,0.7273385524749756
1.0,0.4292333126068115
1.0,0.68443763256073
0.0,0.29823872447013855
1.0,0.27080973982810974
0.0,0.2725067734718323
0.0,0.3010169267654419
0.0,0.2697831988334656
0.0,0.2731742560863495
1.0,0.29157617688179016
1.0,0.714572012424469
0.0,0.2743149697780609
0.0,0.6885297894477844
1.0,0.27059251070022583
1.0,0.7146806120872498
0.0,0.2717410624027252
0.0,0.2854584753513336
1.0,0.7258142828941345
1.0,0.2773437798023224
1.0,0.7302002310752869
1.0,0.7173221111297607
0.0,0.2714906632900238
0.0,0.2726779878139496
0.0,0.273346871137619
0.0,0.2700199782848358
1.0,0.6030163764953613
0.0,0.7004128098487854
0.0,0.6864442825317383
0.0,0.2701665759086609
1.0,0.7284533381462097
1.0,0.7293441295623779
1.0,0.3490884304046631
1.0,0.2766156792640686
1.0,0.3213779330253601
1.0,0.46015897393226624
0.0,0.32648465037345886
1.0,0.32867440581321716
1.0,0.2762755751609802
1.0,0.7303313612937927
1.0,0.6240874528884888
0.0,0.273397833108902
1.0,0.27105578780174255
1.0,0.7286520600318909
1.0,0.6158737540245056
1.0,0.721436619758606
0.0,0.2706228792667389
1.0,0.7193597555160522
0.0,0.48240920901298523
0.0,0.3326592445373535
1.0,0.722034215927124
1.0,0.7275822758674622
0.0,0.6919853687286377
1.0,0.33657127618789673
1.0,0.7271121740341187
1.0,0.7221029996871948
0.0,0.5079165697097778
0.0,0.3947221338748932
1.0,0.7292622327804565
1.0,0.27134934067726135
0.0,0.28619423508644104
1.0,0.6332250237464905
1.0,0.7295202612876892
0.0,0.2803420424461365
1.0,0.6960502862930298
1.0,0.72975754737854
1.0,0.2729523181915283
1.0,0.27357572317123413
0.0,0.27092263102531433
0.0,0.3258652985095978
0.0,0.27063271403312683
1.0,0.7106598615646362
1.0,0.3087522089481354
0.0,0.3168591856956482
1.0,0.6637752652168274
1.0,0.2698884904384613
0.0,0.27050623297691345
1.0,0.3395971953868866
1.0,0.6003665924072266
0.0,0.292022705078125
1.0,0.27004551887512207
0.0,0.27179983258247375
0.0,0.2708793580532074
0.0,0.30405324697494507
0.0,0.2841513752937317
1.0,0.2944802939891815
1.0,0.7249426245689392
0.0,0.2715998589992523
0.0,0.27005520462989807
1.0,0.7303122878074646
1.0,0.3133227527141571
0.0,0.2881387174129486
0.0,0.301812082529068
0.0,0.2704353928565979
1.0,0.7228851914405823
0.0,0.30648016929626465
0.0,0.7189434766769409
1.0,0.7217786312103271
1.0,0.6986651420593262
1.0,0.724628746509552
1.0,0.6434254050254822
1.0,0.2771730422973633
0.0,0.2699616551399231
1.0,0.7130357623100281
0.0,0.2703666090965271
1.0,0.7230567336082458
0.0,0.6899556517601013
0.0,0.6626271605491638
1.0,0.2919928729534149
1.0,0.6620789766311646
0.0,0.2742324471473694
0.0,0.27083897590637207
0.0,0.2726847529411316
0.0,0.2712325155735016
0.0,0.4682643711566925
1.0,0.4017769694328308
0.0,0.3654670715332031
1.0,0.2759421467781067
1.0,0.7275465130805969
0.0,0.28211838006973267
1.0,0.7267921566963196
1.0,0.7292401790618896
1.0,0.7208130359649658
1.0,0.4352565407752991
1.0,0.7296324968338013
1.0,0.7231189608573914
1.0,0.2887115478515625
1.0,0.7290114760398865
0.0,0.2702048122882843
0.0,0.2720269560813904
0.0,0.7268782258033752
1.0,0.7293576598167419
0.0,0.27509209513664246
1.0,0.7229525446891785
1.0,0.7231540679931641
1.0,0.30194219946861267
0.0,0.2703360319137573
1.0,0.6423731446266174
1.0,0.32545727491378784
1.0,0.7303921580314636
1.0,0.7289876341819763
1.0,0.7296113967895508
0.0,0.47757992148399353
1.0,0.29020750522613525
1.0,0.5679285526275635
1.0,0.2896205484867096
1.0,0.27404168248176575
0.0,0.48484137654304504
1.0,0.7287205457687378
1.0,0.5483272671699524
0.0,0.2709062695503235
1.0,0.2701485753059387
1.0,0.721405565738678
1.0,0.7265598177909851
1.0,0.4785105586051941
0.0,0.26987025141716003
0.0,0.27077338099479675
1.0,0.2748063802719116
0.0,0.2779858112335205
0.0,0.2726310193538666
1.0,0.30608609318733215
1.0,0.3493245244026184
1.0,0.7138289213180542
0.0,0.27440330386161804
1.0,0.36919277906417847
1.0,0.6868862509727478
0.0,0.2705051898956299
1.0,0.7299336791038513
0.0,0.4249423146247864
0.0,0.27369824051856995
0.0,0.27083730697631836
1.0,0.642153263092041
1.0,0.2737080156803131
0.0,0.2751462757587433
0.0,0.27411794662475586
1.0,0.7241135239601135
1.0,0.7299284934997559
1.0,0.7283661365509033
0.0,0.2773226499557495
1.0,0.7280844449996948
0.0,0.2733851969242096
1.0,0.7256430387496948
1.0,0.7033988833427429
0.0,0.28314128518104553
0.0,0.27131718397140503
0.0,0.3343724012374878
1.0,0.7301355600357056
0.0,0.6760270595550537
0.0,0.5456490516662598
1.0,0.7082592248916626
1.0,0.2700757682323456
1.0,0.7089908123016357
1.0,0.723871111869812
0.0,0.275978147983551
1.0,0.7291935086250305
0.0,0.2729058861732483
1.0,0.7239087820053101
0.0,0.27011069655418396
0.0,0.29583168029785156
0.0,0.2748298943042755
0.0,0.2700910270214081
0.0,0.27072563767433167
1.0,0.6778517961502075
0.0,0.28540870547294617
0.0,0.6146974563598633
0.0,0.26994970440864563
1.0,0.7216573357582092
0.0,0.2725529968738556
0.0,0.4820305407047272
1.0,0.7295328378677368
1.0,0.7220824360847473
0.0,0.4134674668312073
0.0,0.27040985226631165
1.0,0.6328200101852417
0.0,0.27908074855804443
1.0,0.2718978524208069
1.0,0.7231376767158508
0.0,0.3277929127216339
0.0,0.2699831426143646
1.0,0.7207884192466736
0.0,0.29070574045181274
0.0,0.27429795265197754
1.0,0.47607266902923584
1.0,0.34329351782798767
0.0,0.27276235818862915
0.0,0.2708422541618347
1.0,0.6811073422431946
1.0,0.7290709018707275
1.0,0.7286247611045837
0.0,0.2993439733982086
0.0,0.6945722103118896
1.0,0.2767842710018158
0.0,0.2705090641975403
0.0,0.34173110127449036
0.0,0.27764207124710083
0.0,0.2871289551258087
1.0,0.6790971159934998
0.0,0.594202995300293
0.0,0.27059289813041687
1.0,0.7287039160728455
1.0,0.5679017305374146
1.0,0.573529839515686
1.0,0.7285645008087158
0.0,0.2732768952846527
0.0,0.6079730987548828
1.0,0.717958390712738
1.0,0.7208203077316284
1.0,0.7284359335899353
1.0,0.7274471521377563
0.0,0.7165089845657349
0.0,0.7226714491844177
0.0,0.28305038809776306
0.0,0.2745199501514435
0.0,0.7063581943511963
1.0,0.43420371413230896
1.0,0.7193421125411987
1.0,0.7171769142150879
0.0,0.7279421091079712
1.0,0.30947741866111755
1.0,0.274625301361084
1.0,0.7290639281272888
0.0,0.2851327359676361
1.0,0.7292860150337219
0.0,0.27684256434440613
1.0,0.726195752620697
1.0,0.41564807295799255
0.0,0.27182960510253906
1.0,0.722798228263855
0.0,0.7238947153091431
0.0,0.26946592330932617
0.0,0.405068576335907
1.0,0.7262154221534729
1.0,0.7283761501312256
1.0,0.7148304581642151
1.0,0.7261726260185242
0.0,0.29076623916625977
0.0,0.6503432393074036
1.0,0.7279457449913025
1.0,0.7167342305183411
1.0,0.5708181858062744
0.0,0.2712201178073883
0.0,0.2703457772731781
0.0,0.2719486355781555
0.0,0.2711162269115448
0.0,0.38203108310699463
0.0,0.2701525092124939
0.0,0.27219146490097046
1.0,0.5939958095550537
1.0,0.7182629108428955
0.0,0.36048540472984314
0.0,0.7275042533874512
1.0,0.729636549949646
1.0,0.7294977307319641
1.0,0.7285683155059814
1.0,0.728155791759491
1.0,0.7258118391036987
1.0,0.270150750875473
1.0,0.5342617034912109
0.0,0.2713707983493805
1.0,0.6854311227798462
0.0,0.27375251054763794
1.0,0.3548503816127777
0.0,0.27209267020225525
0.0,0.2723667621612549
0.0,0.3039243817329407
1.0,0.271318644285202
0.0,0.2780251204967499
0.0,0.726272463798523
0.0,0.2737554609775543
0.0,0.27878886461257935
0.0,0.2855898439884186
0.0,0.2793061137199402
1.0,0.278533935546875
1.0,0.7219880819320679
1.0,0.7277719378471375
0.0,0.2740347981452942
0.0,0.3291090726852417
1.0,0.7293512225151062
0.0,0.2698921263217926
0.0,0.2738610506057739
0.0,0.6673523187637329
1.0,0.730238676071167
1.0,0.7234864830970764
1.0,0.5394540429115295
1.0,0.719171941280365
1.0,0.7293716669082642
1.0,0.7243934869766235
0.0,0.27081984281539917
0.0,0.27583804726600647
0.0,0.27650612592697144
0.0,0.28518736362457275
1.0,0.3254568874835968
0.0,0.27855384349823
0.0,0.288321852684021
1.0,0.7274509072303772
1.0,0.728674590587616
0.0,0.28835681080818176
1.0,0.2884928584098816
1.0,0.6724908947944641
1.0,0.7299318909645081
0.0,0.7174605131149292
1.0,0.29294273257255554
0.0,0.6393764019012451
1.0,0.6344559192657471
0.0,0.7196201682090759
1.0,0.7268030643463135
1.0,0.4707076847553253
0.0,0.2710598111152649
1.0,0.2714158296585083
1.0,0.7129662036895752
0.0,0.2743544578552246
1.0,0.27084746956825256
1.0,0.5366163849830627
0.0,0.6350782513618469
0.0,0.27108436822891235
1.0,0.2852042317390442
1.0,0.7245230674743652
0.0,0.27149268984794617
0.0,0.668342113494873
1.0,0.7245349884033203
0.0,0.28555187582969666
1.0,0.6321708559989929
0.0,0.27043616771698
0.0,0.30005478858947754
0.0,0.270850270986557
1.0,0.33356475830078125
0.0,0.2696742117404938
0.0,0.2756268382072449
0.0,0.27798646688461304
0.0,0.2723256051540375
1.0,0.7202430963516235
0.0,0.5569027066230774
1.0,0.690147876739502
0.0,0.26970723271369934
1.0,0.7262905836105347
1.0,0.7244664430618286
1.0,0.47933757305145264
0.0,0.3085852563381195
1.0,0.2719276249408722
1.0,0.7193153500556946
1.0,0.7219670414924622
1.0,0.7293541431427002
0.0,0.3389012813568115
1.0,0.7230431437492371
0.0,0.272529661655426
0.0,0.3867332637310028
0.0,0.7253298163414001
0.0,0.714459240436554
0.0,0.2779218256473541
0.0,0.28305551409721375
1.0,0.2802715301513672
0.0,0.27047958970069885
0.0,0.2805668115615845
0.0,0.28207722306251526
1.0,0.7299314141273499
0.0,0.28257572650909424
0.0,0.27089765667915344
0.0,0.39276835322380066
1.0,0.7138610482215881
1.0,0.27298703789711
0.0,0.26975753903388977
0.0,0.27002981305122375
0.0,0.2751810848712921
0.0,0.27047061920166016
0.0,0.27302730083465576
0.0,0.27138203382492065
1.0,0.7291244268417358
0.0,0.26976507902145386
0.0,0.5147920250892639
0.0,0.2851073741912842
0.0,0.2697009742259979
0.0,0.2698940336704254
1.0,0.27282655239105225
0.0,0.27741092443466187
1.0,0.6775265336036682
0.0,0.6784219741821289
0.0,0.2732941806316376
1.0,0.7296617031097412
1.0,0.7252947092056274
1.0,0.29997560381889343
0.0,0.29374024271965027
1.0,0.7258122563362122
1.0,0.27540576457977295
0.0,0.7265825867652893
0.0,0.2724790573120117
1.0,0.2959478795528412
1.0,0.3301704525947571
0.0,0.2727716565132141
0.0,0.2748950719833374
0.0,0.27655571699142456
0.0,0.2729041278362274
0.0,0.2709968686103821
1.0,0.7298792004585266
0.0,0.27355849742889404
1.0,0.7279497385025024
0.0,0.27166610956192017
0.0,0.2954470217227936
1.0,0.48549365997314453
0.0,0.7167565822601318
0.0,0.28343266248703003
1.0,0.7201181054115295
1.0,0.7286710143089294
0.0,0.2807786762714386
0.0,0.2742462754249573
1.0,0.27157360315322876
1.0,0.7264609336853027
1.0,0.6937822699546814
0.0,0.33947715163230896
1.0,0.7241120934486389
1.0,0.7298400402069092
1.0,0.7119808793067932
1.0,0.27916476130485535
0.0,0.6917382478713989
0.0,0.2730068862438202
1.0,0.27719712257385254
1.0,0.7297616600990295
1.0,0.7303884625434875
1.0,0.7261294722557068
1.0,0.38005027174949646
0.0,0.42010632157325745
1.0,0.6660105586051941
1.0,0.7276433110237122
1.0,0.33143770694732666
0.0,0.2706584334373474
0.0,0.2708199918270111
1.0,0.4421483278274536
0.0,0.6728910803794861
0.0,0.7224937677383423
0.0,0.7267946004867554
0.0,0.2963712811470032
1.0,0.7288250923156738
1.0,0.27587565779685974
1.0,0.7282770276069641
1.0,0.7275855541229248
1.0,0.7291443943977356
1.0,0.7285416722297668
1.0,0.714175283908844
1.0,0.7290993332862854
0.0,0.2707388997077942
0.0,0.27015677094459534
1.0,0.728303849697113
0.0,0.2707979679107666
0.0,0.27121278643608093
1.0,0.7244745492935181
0.0,0.729173481464386
1.0,0.7222988605499268
1.0,0.7244164943695068
1.0,0.7195171117782593
0.0,0.2712792754173279
1.0,0.7283784747123718
0.0,0.37003234028816223
1.0,0.726229190826416
1.0,0.7294083833694458
0.0,0.27086955308914185
0.0,0.27988484501838684
1.0,0.3063603639602661
0.0,0.2884271740913391
1.0,0.7252882719039917
1.0,0.6864864826202393
0.0,0.2795049846172333
1.0,0.27112841606140137
1.0,0.7303805947303772
0.0,0.27107319235801697
1.0,0.6532688140869141
0.0,0.44031479954719543
1.0,0.588744580745697
0.0,0.2785995900630951
1.0,0.7281739115715027
1.0,0.4839700758457184
0.0,0.27070796489715576
1.0,0.7285597920417786
1.0,0.26989245414733887
1.0,0.3740845322608948
0.0,0.27085572481155396
1.0,0.5348402857780457
0.0,0.2715301811695099
0.0,0.27199822664260864
1.0,0.7275115847587585
1.0,0.7220121026039124
1.0,0.6152318716049194
0.0,0.2703724503517151
0.0,0.7017741203308105
1.0,0.27187925577163696
0.0,0.27389195561408997
1.0,0.2786688804626465
0.0,0.4866178333759308
1.0,0.7028414011001587
1.0,0.5940856337547302
0.0,0.2697663903236389
1.0,0.729975163936615
0.0,0.270277202129364
0.0,0.2771732807159424
0.0,0.29020893573760986
1.0,0.2892603278160095
1.0,0.7298116683959961
0.0,0.2931232452392578
0.0,0.2735266089439392
1.0,0.42784640192985535
0.0,0.3876402676105499
1.0,0.7293577790260315
0.0,0.31328898668289185
1.0,0.7245625257492065
1.0,0.3173394799232483
0.0,0.2865195572376251
0.0,0.7077104449272156
0.0,0.27227768301963806
0.0,0.2729852795600891
1.0,0.6557819843292236
1.0,0.6687914133071899
0.0,0.6800749897956848
0.0,0.28469088673591614
0.0,0.7037485837936401
0.0,0.2706720232963562
0.0,0.27269116044044495
1.0,0.7274485230445862
1.0,0.729371190071106
0.0,0.639145016670227
1.0,0.7292125821113586
1.0,0.7182736396789551
1.0,0.724940836429596
1.0,0.7209469079971313
1.0,0.7298538684844971
0.0,0.27161988615989685
1.0,0.709747850894928
0.0,0.2711958587169647
0.0,0.7275466322898865
1.0,0.447388619184494
0.0,0.2760176956653595
1.0,0.7229042649269104
0.0,0.27209141850471497
0.0,0.27565670013427734
1.0,0.7260116934776306
1.0,0.7121963500976562
0.0,0.6764552593231201
1.0,0.7206894159317017
1.0,0.2703620195388794
1.0,0.7293928265571594
1.0,0.7255183458328247
0.0,0.32979616522789
1.0,0.7288178205490112
0.0,0.2694357633590698
1.0,0.27272072434425354
1.0,0.7194894552230835
0.0,0.27894094586372375
0.0,0.2800208032131195
0.0,0.33148863911628723
1.0,0.7218779921531677
0.0,0.6885428428649902
1.0,0.7276322245597839
1.0,0.7280827164649963
0.0,0.27009543776512146
0.0,0.5192859768867493
0.0,0.27081188559532166
0.0,0.591346263885498
0.0,0.29914048314094543
0.0,0.27479612827301025
1.0,0.2702712118625641
0.0,0.4700317084789276
0.0,0.27058422565460205
1.0,0.685113251209259
1.0,0.7165893912315369
0.0,0.46566346287727356
1.0,0.3946632444858551
0.0,0.2788071036338806
0.0,0.270466148853302
0.0,0.31847068667411804
1.0,0.69607013463974
1.0,0.7272950410842896
1.0,0.7133557200431824
0.0,0.271051287651062
1.0,0.7205449342727661
0.0,0.2732561230659485
1.0,0.3075510859489441
0.0,0.2802135944366455
1.0,0.7189911007881165
1.0,0.7269476056098938
1.0,0.3413417637348175
0.0,0.32942506670951843
0.0,0.2950865924358368
1.0,0.726748526096344
0.0,0.2868150472640991
0.0,0.27162450551986694
0.0,0.7287564277648926
0.0,0.3079531490802765
0.0,0.7093798518180847
0.0,0.2793406844139099
0.0,0.27197685837745667
0.0,0.7115322947502136
1.0,0.29039278626441956
1.0,0.7297404408454895
0.0,0.2705283463001251
0.0,0.2749801278114319
1.0,0.285582572221756
1.0,0.2763480544090271
1.0,0.27118203043937683
0.0,0.6834572553634644
0.0,0.2799599766731262
0.0,0.27659234404563904
0.0,0.2707962393760681
0.0,0.3694989085197449
1.0,0.5020835399627686
1.0,0.7043755054473877
1.0,0.5136228203773499
1.0,0.28772616386413574
1.0,0.27043744921684265
0.0,0.7245603799819946
0.0,0.2698381245136261
0.0,0.2803632616996765
1.0,0.4438798427581787
1.0,0.27391931414604187
0.0,0.7143042087554932
1.0,0.7265612483024597
0.0,0.286886066198349
1.0,0.2794342339038849
0.0,0.2758513391017914
1.0,0.7290799617767334
0.0,0.271502286195755
1.0,0.27041104435920715
0.0,0.2827536165714264
1.0,0.3031817376613617
0.0,0.726999044418335
1.0,0.7071836590766907
1.0,0.5168567895889282
1.0,0.7171743512153625
1.0,0.7061136960983276
1.0,0.7199013829231262
0.0,0.28967729210853577
0.0,0.27347567677497864
0.0,0.4721973240375519
0.0,0.2712831497192383
1.0,0.31408458948135376
0.0,0.27231359481811523
1.0,0.7153692245483398
1.0,0.2878398299217224
1.0,0.7175384759902954
0.0,0.2702057361602783
1.0,0.72725909948349
1.0,0.26956820487976074
0.0,0.292809396982193
1.0,0.7292089462280273
1.0,0.5559664964675903
1.0,0.7247129082679749
0.0,0.2731495797634125
0.0,0.27924036979675293
1.0,0.7171201705932617
1.0,0.4964028298854828
1.0,0.7250139713287354
1.0,0.7262930274009705
0.0,0.7284165620803833
1.0,0.2723437547683716
1.0,0.7252986431121826
0.0,0.27019834518432617
0.0,0.37758302688598633
0.0,0.27089056372642517
1.0,0.2716096043586731
1.0,0.3812173306941986
0.0,0.27319154143333435
1.0,0.2717527449131012
0.0,0.289387047290802
0.0,0.35127851366996765
1.0,0.3670245110988617
1.0,0.2731632590293884
1.0,0.2778698205947876
0.0,0.27571767568588257
0.0,0.2709859013557434
1.0,0.7283449769020081
0.0,0.292417973279953
0.0,0.28160011768341064
0.0,0.27082768082618713
0.0,0.2947823703289032
0.0,0.2786862850189209
1.0,0.71954745054245
0.0,0.2734985053539276
0.0,0.2699098587036133
0.0,0.4353134334087372
0.0,0.27169129252433777
1.0,0.715719997882843
1.0,0.3177765905857086
1.0,0.7219658493995667
0.0,0.2745099663734436
1.0,0.7102169394493103
1.0,0.6794787049293518
0.0,0.27254369854927063
0.0,0.27015364170074463
1.0,0.7022978067398071
1.0,0.27191758155822754
0.0,0.26982831954956055
0.0,0.271030068397522
1.0,0.5889290571212769
1.0,0.6708328723907471
0.0,0.48356181383132935
1.0,0.36561182141304016
1.0,0.7227186560630798
0.0,0.2874971330165863
1.0,0.2730722427368164
0.0,0.2735454738140106
0.0,0.7223100662231445
1.0,0.6557742357254028
0.0,0.3351653218269348
1.0,0.2726491093635559
1.0,0.7255273461341858
1.0,0.7265921831130981
1.0,0.7295161485671997
0.0,0.7115293741226196
0.0,0.27731725573539734
1.0,0.7142510414123535
1.0,0.7287142276763916
1.0,0.5212705731391907
1.0,0.7298393845558167
1.0,0.7301813364028931
0.0,0.2712310254573822
1.0,0.6047899723052979
1.0,0.7268711924552917
1.0,0.26990219950675964
0.0,0.40549537539482117
1.0,0.2732824981212616
0.0,0.2733761668205261
0.0,0.2706559896469116
1.0,0.7185365557670593
1.0,0.7273274660110474
0.0,0.29332128167152405
0.0,0.2749054431915283
1.0,0.2944536507129669
1.0,0.27092134952545166
0.0,0.2926042675971985
1.0,0.27148690819740295
0.0,0.6817395687103271
0.0,0.29607895016670227
0.0,0.4291646182537079
1.0,0.27141323685646057
0.0,0.28739750385284424
1.0,0.2748049199581146
0.0,0.2723432779312134
1.0,0.7268058061599731
1.0,0.29060354828834534
1.0,0.7291062474250793
1.0,0.5104959607124329
0.0,0.27974334359169006
0.0,0.27205994725227356
1.0,0.725631833076477
1.0,0.3542235195636749
1.0,0.7238943576812744
0.0,0.27490663528442383
0.0,0.729281485080719
0.0,0.27801090478897095
0.0,0.27059444785118103
1.0,0.39269354939460754
0.0,0.2943035364151001
1.0,0.7068567872047424
1.0,0.6385437250137329
1.0,0.7280442118644714
0.0,0.2704365849494934
1.0,0.41309136152267456
1.0,0.27094337344169617
0.0,0.7148028612136841
1.0,0.2760278284549713
1.0,0.7297738790512085
1.0,0.7283920049667358
0.0,0.27514907717704773
0.0,0.6924394965171814
1.0,0.7200546860694885
1.0,0.6748265027999878
0.0,0.2792598605155945
0.0,0.2730458378791809
0.0,0.27194511890411377
1.0,0.27691587805747986
1.0,0.275470107793808
1.0,0.27377521991729736
0.0,0.27202799916267395
1.0,0.7114913463592529
0.0,0.27450796961784363
0.0,0.5348398685455322
0.0,0.2876967489719391
0.0,0.2871420681476593
1.0,0.7287290096282959
1.0,0.720211923122406
1.0,0.7225885391235352
1.0,0.690476655960083
1.0,0.7285109758377075
1.0,0.26976916193962097
0.0,0.2770594656467438
1.0,0.7272393107414246
1.0,0.2701471149921417
0.0,0.2848724126815796
0.0,0.2706650495529175
1.0,0.7270265221595764
0.0,0.3362012207508087
1.0,0.728782594203949
1.0,0.7229639291763306
0.0,0.6975815296173096
0.0,0.2736034095287323
1.0,0.7180655002593994
1.0,0.2760092318058014
0.0,0.2700800895690918
0.0,0.27975472807884216
0.0,0.2735399603843689
1.0,0.7262848615646362
1.0,0.7226091623306274
1.0,0.7295651435852051
1.0,0.7040206789970398
0.0,0.2710319459438324
0.0,0.687576174736023
1.0,0.6753957271575928
1.0,0.7303100824356079
1.0,0.7162201404571533
0.0,0.6083465814590454
1.0,0.7187830805778503
0.0,0.2775350511074066
1.0,0.2701716721057892
1.0,0.7112522125244141
1.0,0.7292134761810303
1.0,0.6357654929161072
1.0,0.7295364737510681
1.0,0.7218601107597351
1.0,0.28324010968208313
1.0,0.7285078763961792
0.0,0.27684837579727173
0.0,0.26963913440704346
1.0,0.27163028717041016
1.0,0.7294009327888489
1.0,0.728676974773407
1.0,0.2964957058429718
0.0,0.27886998653411865
1.0,0.7285577058792114
1.0,0.276571124792099
1.0,0.2726952135562897
0.0,0.5929288268089294
0.0,0.2711635231971741
0.0,0.2716452181339264
1.0,0.5143558979034424
1.0,0.7280237078666687
1.0,0.7260057926177979
1.0,0.727897584438324
1.0,0.2757139205932617
1.0,0.7254790663719177
1.0,0.7288990616798401
0.0,0.273485004901886
1.0,0.691480815410614
0.0,0.2702251374721527
1.0,0.28294411301612854
1.0,0.7285169363021851
1.0,0.7302098274230957
0.0,0.6534151434898376
0.0,0.27113157510757446
1.0,0.5357111692428589
1.0,0.27039411664009094
1.0,0.27099868655204773
0.0,0.2712182402610779
1.0,0.7122433185577393
1.0,0.27173006534576416
1.0,0.2763616442680359
1.0,0.7147350311279297
1.0,0.7295357584953308
0.0,0.2709513306617737
0.0,0.3232937157154083
0.0,0.2779817581176758
1.0,0.6693037152290344
1.0,0.7092170119285583
1.0,0.7288629412651062
1.0,0.642935574054718
1.0,0.7236946821212769
0.0,0.2799833416938782
0.0,0.27124935388565063
1.0,0.7276884317398071
1.0,0.6011044383049011
0.0,0.27545350790023804
0.0,0.27398377656936646
0.0,0.27101850509643555
1.0,0.7190693616867065
0.0,0.27669766545295715
0.0,0.29632049798965454
0.0,0.3252788484096527
0.0,0.2701374292373657
1.0,0.2776448130607605
1.0,0.2743518352508545
1.0,0.6339738965034485
0.0,0.2872454524040222
1.0,0.7191168665885925
1.0,0.7195485830307007
1.0,0.7189427614212036
0.0,0.2702910006046295
0.0,0.6316441297531128
1.0,0.7277022004127502
1.0,0.7202277183532715
0.0,0.27225232124328613
1.0,0.7300200462341309
0.0,0.2718336582183838
0.0,0.270606130361557
0.0,0.2716350853443146
0.0,0.2931152880191803
1.0,0.7230517864227295
1.0,0.7270715236663818
0.0,0.2748236656188965
1.0,0.7148050665855408
1.0,0.726436197757721
0.0,0.27599242329597473
0.0,0.2746615707874298
1.0,0.32278093695640564
1.0,0.40395915508270264
0.0,0.2701168954372406
1.0,0.48357251286506653
1.0,0.7269337773323059
1.0,0.7231890559196472
1.0,0.7297237515449524
0.0,0.27382752299308777
1.0,0.5906825065612793
0.0,0.4679202139377594
0.0,0.26982447504997253
1.0,0.2709035873413086
1.0,0.7134181261062622
0.0,0.32530835270881653
1.0,0.2716427445411682
0.0,0.6507295370101929
1.0,0.7303691506385803
0.0,0.28452447056770325
1.0,0.7279687523841858
0.0,0.6246472597122192
0.0,0.27857857942581177
1.0,0.718205988407135
0.0,0.2710633873939514
1.0,0.29980307817459106
1.0,0.6997329592704773
1.0,0.6715642809867859
1.0,0.7280672788619995
0.0,0.2710363268852234
1.0,0.729541540145874
0.0,0.4642087519168854
0.0,0.2709614932537079
0.0,0.35382533073425293
1.0,0.7280144691467285
0.0,0.2880483567714691
1.0,0.7131498456001282
1.0,0.26970532536506653
0.0,0.27410274744033813
0.0,0.2883347272872925
0.0,0.3928556740283966
1.0,0.7266207337379456
0.0,0.2763619124889374
1.0,0.7031089067459106
0.0,0.2715466320514679
1.0,0.27048003673553467
0.0,0.2799031138420105
0.0,0.2760871350765228
1.0,0.7287032008171082
0.0,0.26989683508872986
0.0,0.275066077709198
0.0,0.27991539239883423
0.0,0.27384522557258606
1.0,0.30671241879463196
1.0,0.7271144390106201
0.0,0.271695077419281
0.0,0.2745833992958069
1.0,0.6611102819442749
0.0,0.2722876965999603
0.0,0.6492407321929932
1.0,0.7292335033416748
0.0,0.27125000953674316
1.0,0.27565470337867737
0.0,0.2733423709869385
0.0,0.27502545714378357
0.0,0.2751733958721161
1.0,0.7272176146507263
0.0,0.2828444838523865
0.0,0.27497121691703796
1.0,0.7242897748947144
1.0,0.7299831509590149
0.0,0.3035338819026947
1.0,0.730234682559967
0.0,0.650560200214386
0.0,0.27095621824264526
0.0,0.5470520853996277
1.0,0.2713261842727661
0.0,0.2736155092716217
1.0,0.2705978453159332
1.0,0.2704581320285797
0.0,0.36489245295524597
0.0,0.27042487263679504
1.0,0.7174807190895081
0.0,0.33191120624542236
0.0,0.2758070230484009
1.0,0.7284069657325745
0.0,0.7281136512756348
1.0,0.7195775508880615
1.0,0.7153806686401367
0.0,0.28675171732902527
1.0,0.7296823263168335
0.0,0.7241454720497131
0.0,0.27186286449432373
1.0,0.701485276222229
1.0,0.725946307182312
0.0,0.26998910307884216
0.0,0.29038628935813904
0.0,0.27082526683807373
1.0,0.6829171180725098
1.0,0.7294477224349976
0.0,0.2780463695526123
0.0,0.31712934374809265
0.0,0.2710896134376526
1.0,0.726616621017456
1.0,0.7278218269348145
0.0,0.27122774720191956
1.0,0.27569276094436646
1.0,0.7233191728591919
0.0,0.31524255871772766
1.0,0.663814902305603
1.0,0.7274014949798584
0.0,0.2699780762195587
0.0,0.27581512928009033
0.0,0.27209803462028503
1.0,0.729218065738678
1.0,0.6739110946655273
0.0,0.2791077792644501
1.0,0.5650593042373657
1.0,0.7238093018531799
0.0,0.2841871380805969
0.0,0.2704477310180664
1.0,0.7279899716377258
0.0,0.27907800674438477
0.0,0.2924385666847229
1.0,0.728584885597229
1.0,0.7289115190505981
0.0,0.2714760899543762
0.0,0.7288107872009277
1.0,0.7285980582237244
1.0,0.7214322090148926
1.0,0.7273474931716919
0.0,0.284105509519577
1.0,0.7231864929199219
1.0,0.7188133597373962
0.0,0.2710130512714386
0.0,0.6562296152114868
0.0,0.2712204158306122
0.0,0.7219480872154236
1.0,0.7236757874488831
1.0,0.7156633734703064
1.0,0.7215671539306641
1.0,0.7285074591636658
0.0,0.276740700006485
1.0,0.7251701951026917
0.0,0.3074546158313751
1.0,0.6828956604003906
0.0,0.28227344155311584
0.0,0.27396416664123535
1.0,0.722394585609436
0.0,0.27039602398872375
0.0,0.2784804701805115
1.0,0.2772466242313385
0.0,0.28609129786491394
0.0,0.2699282169342041
1.0,0.5084981918334961
0.0,0.27283576130867004
