protein,drug,True Label,Predicted Probability
1.0,0.6240609288215637
1.0,0.7030320763587952
0.0,0.5602983236312866
0.0,0.5715130567550659
1.0,0.6490258574485779
1.0,0.6866114139556885
0.0,0.5928899049758911
0.0,0.5072077512741089
0.0,0.46937012672424316
0.0,0.47133690118789673
0.0,0.7101589441299438
1.0,0.47092121839523315
0.0,0.2796482741832733
1.0,0.7011072635650635
1.0,0.7271279692649841
1.0,0.6517893075942993
0.0,0.44681450724601746
1.0,0.6548541188240051
1.0,0.7002841234207153
0.0,0.2825027108192444
1.0,0.41293415427207947
0.0,0.592535138130188
0.0,0.615997850894928
1.0,0.6222724914550781
1.0,0.719852864742279
0.0,0.6590331196784973
1.0,0.5847306847572327
1.0,0.5657970309257507
1.0,0.7278823256492615
1.0,0.7178819179534912
1.0,0.543317437171936
1.0,0.7258703112602234
1.0,0.6751998066902161
0.0,0.46384239196777344
1.0,0.6883912682533264
0.0,0.7203868627548218
1.0,0.7126517295837402
1.0,0.7276053428649902
0.0,0.31261131167411804
1.0,0.6921709775924683
1.0,0.6994114518165588
1.0,0.4690643548965454
0.0,0.5385890603065491
1.0,0.5070231556892395
0.0,0.3948882222175598
0.0,0.5034648180007935
1.0,0.5375604629516602
1.0,0.6421501636505127
1.0,0.7040598392486572
0.0,0.724017322063446
1.0,0.7030077576637268
1.0,0.3219466507434845
0.0,0.4118030369281769
1.0,0.6934570074081421
1.0,0.6829299926757812
1.0,0.7267361879348755
1.0,0.6882998943328857
1.0,0.6946561336517334
0.0,0.3498968780040741
0.0,0.5319421887397766
1.0,0.7203095555305481
1.0,0.7260149717330933
0.0,0.5130522847175598
0.0,0.4750666916370392
1.0,0.690811812877655
1.0,0.5044684410095215
0.0,0.4642999768257141
0.0,0.3003506362438202
0.0,0.3886684477329254
1.0,0.5229969024658203
0.0,0.6493317484855652
0.0,0.7118166089057922
0.0,0.3838638663291931
0.0,0.47693926095962524
0.0,0.4128895699977875
0.0,0.5584242939949036
1.0,0.3034677803516388
1.0,0.3912985324859619
1.0,0.33583688735961914
1.0,0.5039825439453125
1.0,0.3781231641769409
0.0,0.5646373629570007
1.0,0.6587440371513367
0.0,0.5793658494949341
0.0,0.3310624063014984
1.0,0.7206548452377319
1.0,0.6249781250953674
1.0,0.6803308725357056
1.0,0.7285704612731934
1.0,0.6977059841156006
1.0,0.40734460949897766
1.0,0.7264789938926697
0.0,0.6305006742477417
1.0,0.7265196442604065
0.0,0.5466568470001221
0.0,0.6790607571601868
1.0,0.6560543775558472
0.0,0.34342268109321594
1.0,0.711875319480896
1.0,0.7045981884002686
1.0,0.41842225193977356
1.0,0.7070646286010742
0.0,0.602336585521698
0.0,0.3640531897544861
1.0,0.6882693767547607
1.0,0.4719151556491852
0.0,0.6818501353263855
0.0,0.3633856475353241
0.0,0.3089745044708252
0.0,0.7250285148620605
1.0,0.6122684478759766
1.0,0.4072195887565613
0.0,0.575825035572052
0.0,0.711378276348114
1.0,0.6980473399162292
1.0,0.7052129507064819
0.0,0.6916897892951965
1.0,0.42345884442329407
0.0,0.4923364818096161
1.0,0.5180859565734863
1.0,0.679963231086731
0.0,0.4954373240470886
0.0,0.6360056400299072
0.0,0.5055277943611145
1.0,0.6930174231529236
1.0,0.48296958208084106
0.0,0.4483604431152344
0.0,0.5587085485458374
1.0,0.7112030982971191
1.0,0.4933847188949585
0.0,0.4300612509250641
0.0,0.4042228162288666
0.0,0.2822068929672241
0.0,0.46543776988983154
0.0,0.329590767621994
1.0,0.3633761405944824
1.0,0.5954400897026062
0.0,0.5484338402748108
0.0,0.5741714239120483
1.0,0.4830548167228699
1.0,0.6577225923538208
0.0,0.6285762190818787
0.0,0.2861192226409912
1.0,0.7147547602653503
1.0,0.6516682505607605
0.0,0.6589272618293762
1.0,0.7257469296455383
0.0,0.5309851765632629
0.0,0.5792426466941833
0.0,0.5231193900108337
1.0,0.7252146601676941
0.0,0.3540555238723755
0.0,0.31049054861068726
0.0,0.5794942378997803
0.0,0.6485561728477478
0.0,0.4054713249206543
1.0,0.5764929056167603
0.0,0.45931491255760193
1.0,0.7093019485473633
0.0,0.6512194871902466
1.0,0.7272512912750244
1.0,0.7005335092544556
1.0,0.7167864441871643
0.0,0.3662733733654022
0.0,0.4661349952220917
1.0,0.7047874927520752
1.0,0.640002429485321
1.0,0.64621502161026
1.0,0.6528226733207703
1.0,0.6010555028915405
1.0,0.6477928757667542
0.0,0.4771817922592163
1.0,0.7131521701812744
0.0,0.4408493638038635
0.0,0.6675864458084106
1.0,0.520154595375061
1.0,0.47813183069229126
1.0,0.5341094732284546
0.0,0.6648447513580322
1.0,0.5992841124534607
1.0,0.7272990942001343
0.0,0.6236925721168518
0.0,0.5921288132667542
1.0,0.6955986022949219
1.0,0.638350248336792
1.0,0.6794737577438354
1.0,0.37677231431007385
1.0,0.7245951890945435
0.0,0.30815252661705017
0.0,0.38413625955581665
1.0,0.6149038672447205
0.0,0.30784672498703003
1.0,0.5921376347541809
1.0,0.7248388528823853
0.0,0.5118266344070435
1.0,0.7230984568595886
0.0,0.3695063591003418
1.0,0.6792665123939514
0.0,0.2908772826194763
1.0,0.5932260751724243
1.0,0.4290422201156616
1.0,0.7202518582344055
0.0,0.5174971222877502
1.0,0.6018394827842712
1.0,0.3122877776622772
1.0,0.7142759561538696
1.0,0.36321598291397095
0.0,0.31230369210243225
1.0,0.610979437828064
1.0,0.40064653754234314
0.0,0.4556187391281128
0.0,0.6726848483085632
1.0,0.6819131374359131
0.0,0.6379910111427307
0.0,0.47381576895713806
0.0,0.5584595799446106
1.0,0.582901120185852
1.0,0.694038987159729
1.0,0.6886889934539795
1.0,0.4294048845767975
0.0,0.5368143916130066
0.0,0.5607181191444397
1.0,0.630342423915863
1.0,0.5957756638526917
0.0,0.6999924778938293
1.0,0.7200075387954712
0.0,0.3432183563709259
1.0,0.5848250985145569
0.0,0.3593471944332123
0.0,0.4152151346206665
0.0,0.6373076438903809
0.0,0.3906557857990265
1.0,0.5122914910316467
0.0,0.2923370897769928
1.0,0.7244862914085388
0.0,0.6015844345092773
0.0,0.34725481271743774
1.0,0.5449495315551758
1.0,0.4493243098258972
1.0,0.679228663444519
1.0,0.7013552784919739
0.0,0.31965765357017517
0.0,0.33989518880844116
0.0,0.4814123213291168
1.0,0.4475216567516327
0.0,0.5640356540679932
0.0,0.3130279779434204
0.0,0.346888929605484
0.0,0.3036876916885376
0.0,0.35366201400756836
1.0,0.726412296295166
0.0,0.46961864829063416
0.0,0.5092450976371765
0.0,0.4439060389995575
0.0,0.5615002512931824
0.0,0.6848663687705994
1.0,0.3844124376773834
0.0,0.4953410029411316
1.0,0.6130551695823669
0.0,0.6226797699928284
0.0,0.5000903606414795
0.0,0.4096866548061371
1.0,0.7190253138542175
1.0,0.43818598985671997
0.0,0.42865121364593506
0.0,0.5435117483139038
0.0,0.3766292333602905
1.0,0.7193039059638977
0.0,0.44785159826278687
0.0,0.4066043794155121
1.0,0.5799938440322876
0.0,0.6631079912185669
1.0,0.2830919623374939
0.0,0.7206491231918335
1.0,0.7263155579566956
1.0,0.4611714482307434
0.0,0.31323614716529846
1.0,0.6693482398986816
1.0,0.6930007934570312
1.0,0.6932744383811951
0.0,0.6891698837280273
1.0,0.6433889269828796
1.0,0.6744549870491028
0.0,0.48622462153434753
1.0,0.7097125053405762
1.0,0.7025613784790039
0.0,0.4912637770175934
0.0,0.40822920203208923
0.0,0.6423101425170898
1.0,0.6073874235153198
0.0,0.4492398500442505
0.0,0.5673630833625793
0.0,0.35382965207099915
1.0,0.7264285683631897
0.0,0.2823391854763031
0.0,0.7188217639923096
1.0,0.6779367327690125
0.0,0.6724175214767456
1.0,0.6824930310249329
1.0,0.7029441595077515
1.0,0.4935084879398346
1.0,0.44799143075942993
1.0,0.7111712694168091
1.0,0.7272516489028931
1.0,0.7188026309013367
1.0,0.556890070438385
1.0,0.5432620644569397
1.0,0.6523267030715942
1.0,0.7165358066558838
1.0,0.7180349230766296
0.0,0.585218608379364
1.0,0.7191879153251648
1.0,0.5499602556228638
1.0,0.569709062576294
0.0,0.3967205286026001
0.0,0.35417792201042175
1.0,0.6940844058990479
1.0,0.41453999280929565
1.0,0.6972625255584717
1.0,0.72267085313797
1.0,0.2768179774284363
1.0,0.700355052947998
1.0,0.6404650807380676
1.0,0.6892613768577576
0.0,0.279341459274292
0.0,0.5870375633239746
1.0,0.5130429267883301
0.0,0.4531407058238983
0.0,0.3712810277938843
0.0,0.3903053402900696
0.0,0.45368894934654236
1.0,0.6270662546157837
0.0,0.39714646339416504
1.0,0.6823228597640991
1.0,0.7003819346427917
1.0,0.7211694121360779
1.0,0.6930493712425232
0.0,0.5163671374320984
0.0,0.48891329765319824
1.0,0.4188612401485443
1.0,0.7118871212005615
0.0,0.6506252884864807
0.0,0.36428970098495483
0.0,0.3742924928665161
0.0,0.3752206265926361
1.0,0.6204471588134766
0.0,0.6423569917678833
1.0,0.7224773168563843
0.0,0.6496995687484741
0.0,0.666327953338623
1.0,0.34578269720077515
1.0,0.7170987725257874
1.0,0.6678604483604431
0.0,0.6502636671066284
1.0,0.7241861820220947
0.0,0.7121631503105164
1.0,0.4154013395309448
0.0,0.5900232195854187
1.0,0.5776374936103821
1.0,0.6813604235649109
1.0,0.6607718467712402
0.0,0.3947920501232147
0.0,0.47405168414115906
1.0,0.6499020457267761
1.0,0.4051930904388428
0.0,0.5912641286849976
1.0,0.6366668343544006
1.0,0.6734588146209717
1.0,0.5974587798118591
1.0,0.7045242786407471
1.0,0.6526203155517578
1.0,0.6422635316848755
1.0,0.7250931859016418
1.0,0.711327075958252
1.0,0.5737738013267517
1.0,0.6413477659225464
1.0,0.7233568429946899
1.0,0.7098939418792725
1.0,0.7050675749778748
1.0,0.7119665741920471
0.0,0.5015655755996704
0.0,0.5099889636039734
1.0,0.36033493280410767
0.0,0.5221702456474304
1.0,0.6010095477104187
0.0,0.5066534280776978
0.0,0.5111688375473022
0.0,0.4887818396091461
1.0,0.7124225497245789
0.0,0.371004194021225
0.0,0.34872955083847046
1.0,0.7065297365188599
0.0,0.42225202918052673
0.0,0.31518250703811646
1.0,0.7141346335411072
0.0,0.46844998002052307
1.0,0.7268822193145752
0.0,0.37971287965774536
1.0,0.7144551873207092
0.0,0.6855452656745911
0.0,0.39827850461006165
0.0,0.36006590723991394
1.0,0.5464668869972229
1.0,0.7006323933601379
1.0,0.46878910064697266
0.0,0.5507248044013977
0.0,0.3068768084049225
0.0,0.7127907872200012
0.0,0.58228999376297
0.0,0.5982953310012817
1.0,0.3328085243701935
1.0,0.4138278365135193
0.0,0.5257360935211182
0.0,0.40857994556427
0.0,0.47166725993156433
1.0,0.5439789295196533
0.0,0.3801829516887665
0.0,0.6149431467056274
0.0,0.6842800378799438
0.0,0.6306991577148438
0.0,0.5034997463226318
1.0,0.48277080059051514
0.0,0.7198621034622192
0.0,0.7108453512191772
1.0,0.41589421033859253
1.0,0.29542991518974304
1.0,0.7075561285018921
1.0,0.6053443551063538
0.0,0.464270681142807
1.0,0.3887779712677002
0.0,0.39937999844551086
1.0,0.6908689141273499
1.0,0.6747076511383057
0.0,0.45626524090766907
0.0,0.5038895606994629
0.0,0.41590583324432373
0.0,0.5064031481742859
0.0,0.3523646891117096
1.0,0.7268670797348022
0.0,0.32535386085510254
1.0,0.717166543006897
0.0,0.33570170402526855
1.0,0.6250394582748413
1.0,0.6439874768257141
1.0,0.7290105819702148
1.0,0.4145474433898926
1.0,0.7269385457038879
0.0,0.3596363961696625
0.0,0.4605742394924164
0.0,0.3176511526107788
1.0,0.6625538468360901
0.0,0.3083828389644623
1.0,0.7063654065132141
0.0,0.7194910049438477
1.0,0.6330947279930115
1.0,0.7266285419464111
1.0,0.7163674831390381
0.0,0.5409332513809204
0.0,0.5753366351127625
0.0,0.30561593174934387
0.0,0.604167640209198
1.0,0.7005406022071838
0.0,0.7209615111351013
0.0,0.3311174511909485
0.0,0.32010188698768616
1.0,0.6882925033569336
1.0,0.28906601667404175
0.0,0.28581497073173523
0.0,0.7151450514793396
0.0,0.49783065915107727
1.0,0.587594211101532
1.0,0.5080910921096802
1.0,0.7285057306289673
1.0,0.4829554557800293
1.0,0.34976184368133545
0.0,0.3108440637588501
0.0,0.37945783138275146
0.0,0.3604571223258972
1.0,0.5154097676277161
1.0,0.6917560696601868
0.0,0.3524978756904602
1.0,0.6924894452095032
1.0,0.7142444252967834
0.0,0.6753002405166626
1.0,0.6652123928070068
0.0,0.35086938738822937
1.0,0.7110090255737305
1.0,0.658456027507782
0.0,0.38076403737068176
1.0,0.7290362119674683
0.0,0.3745275139808655
1.0,0.6803549528121948
1.0,0.699010968208313
1.0,0.646008312702179
1.0,0.711103618144989
0.0,0.4070341885089874
1.0,0.6877844929695129
0.0,0.33624374866485596
1.0,0.7228773236274719
1.0,0.7182363867759705
0.0,0.48198556900024414
1.0,0.5511825680732727
1.0,0.5553262829780579
0.0,0.30589768290519714
1.0,0.7257863879203796
0.0,0.5384736657142639
0.0,0.6623269319534302
1.0,0.6200700402259827
1.0,0.5446285605430603
0.0,0.3293212354183197
1.0,0.6727142333984375
0.0,0.44932854175567627
0.0,0.4542463719844818
1.0,0.5047451257705688
1.0,0.4762471616268158
0.0,0.5624322295188904
1.0,0.6524607539176941
0.0,0.48257461190223694
1.0,0.6002941131591797
0.0,0.558061420917511
1.0,0.7229096293449402
0.0,0.45276564359664917
1.0,0.7097261548042297
0.0,0.36477556824684143
1.0,0.4311290979385376
0.0,0.3717365860939026
1.0,0.5002479553222656
1.0,0.5394152402877808
1.0,0.6620979905128479
1.0,0.6303420066833496
1.0,0.7224715352058411
0.0,0.4520581364631653
1.0,0.5906237363815308
0.0,0.6716111302375793
0.0,0.36341047286987305
1.0,0.7259560227394104
0.0,0.40245428681373596
0.0,0.5036396384239197
1.0,0.6843762993812561
1.0,0.7233909368515015
1.0,0.7267927527427673
1.0,0.7268990278244019
1.0,0.7246183156967163
0.0,0.44093239307403564
1.0,0.4428376853466034
0.0,0.38734909892082214
0.0,0.32979679107666016
0.0,0.5045046806335449
0.0,0.44670313596725464
0.0,0.7148487567901611
1.0,0.5211648941040039
0.0,0.5817939043045044
0.0,0.38715702295303345
1.0,0.6229616403579712
1.0,0.7264957427978516
1.0,0.44857335090637207
1.0,0.5835910439491272
0.0,0.5042364597320557
1.0,0.7026804685592651
1.0,0.7031081318855286
0.0,0.5657469034194946
1.0,0.716606855392456
1.0,0.372771680355072
0.0,0.579990804195404
1.0,0.587096631526947
1.0,0.42666831612586975
1.0,0.5569984912872314
1.0,0.6870519518852234
0.0,0.4650137424468994
0.0,0.32796967029571533
0.0,0.5550007224082947
0.0,0.6865096688270569
1.0,0.7283923625946045
1.0,0.45795688033103943
0.0,0.7147397994995117
0.0,0.6295992136001587
0.0,0.38210758566856384
1.0,0.7064414024353027
1.0,0.6728172302246094
0.0,0.3143879473209381
1.0,0.6579660773277283
0.0,0.5175647735595703
1.0,0.6422666907310486
0.0,0.7043647766113281
0.0,0.5775032043457031
0.0,0.7087353467941284
1.0,0.7051247358322144
1.0,0.7264237403869629
1.0,0.6168428063392639
1.0,0.7203284502029419
0.0,0.6604650020599365
0.0,0.4046027362346649
0.0,0.4293019473552704
1.0,0.6214853525161743
1.0,0.7282754778862
1.0,0.7178819179534912
0.0,0.33297303318977356
0.0,0.51642245054245
1.0,0.6033077239990234
0.0,0.580703616142273
1.0,0.7021297812461853
0.0,0.3098423182964325
0.0,0.4113045334815979
0.0,0.6472437381744385
1.0,0.6301641464233398
0.0,0.47312667965888977
1.0,0.6932079195976257
0.0,0.3721867501735687
0.0,0.4357399642467499
1.0,0.7216446399688721
0.0,0.4293517768383026
1.0,0.6900902390480042
0.0,0.6500368118286133
1.0,0.5380900502204895
1.0,0.7225778102874756
1.0,0.6265051364898682
0.0,0.5356147885322571
1.0,0.4248420000076294
1.0,0.6847197413444519
0.0,0.712216317653656
0.0,0.6006349921226501
0.0,0.6069121956825256
1.0,0.5889437794685364
1.0,0.5973149538040161
0.0,0.4295279085636139
0.0,0.33887121081352234
0.0,0.4598011076450348
0.0,0.44708389043807983
1.0,0.409467875957489
0.0,0.28357821702957153
1.0,0.7243475317955017
0.0,0.31671589612960815
1.0,0.7125717997550964
0.0,0.7074972987174988
0.0,0.47893500328063965
1.0,0.7288360595703125
0.0,0.67685866355896
0.0,0.383361279964447
1.0,0.6297615766525269
0.0,0.5238085985183716
0.0,0.3186716139316559
0.0,0.3192651867866516
1.0,0.49014735221862793
0.0,0.7175049185752869
0.0,0.27967727184295654
0.0,0.6734200716018677
1.0,0.5920746326446533
0.0,0.5952105522155762
0.0,0.6924678087234497
0.0,0.38600441813468933
1.0,0.7271779179573059
0.0,0.3443624675273895
0.0,0.5162146091461182
1.0,0.6447877883911133
1.0,0.6192227602005005
1.0,0.6464285254478455
1.0,0.6929171681404114
1.0,0.3472006320953369
1.0,0.3530223071575165
1.0,0.7258844375610352
0.0,0.3717598021030426
0.0,0.40404558181762695
0.0,0.6221007704734802
0.0,0.5289044380187988
1.0,0.5441058874130249
0.0,0.440719336271286
1.0,0.6727263927459717
0.0,0.3705900311470032
0.0,0.5071618556976318
0.0,0.5865094661712646
0.0,0.6062116026878357
1.0,0.6508735418319702
0.0,0.6343514323234558
1.0,0.714711606502533
1.0,0.6944848895072937
1.0,0.7164728045463562
0.0,0.44590142369270325
1.0,0.7004336714744568
0.0,0.28104743361473083
1.0,0.6794001460075378
1.0,0.6109616756439209
0.0,0.37745383381843567
1.0,0.6666860580444336
1.0,0.7143908739089966
1.0,0.7173119783401489
0.0,0.33598464727401733
1.0,0.7194355726242065
1.0,0.7244824767112732
1.0,0.7221954464912415
1.0,0.3600749969482422
0.0,0.46315521001815796
0.0,0.3026406168937683
0.0,0.27185532450675964
0.0,0.4900558292865753
0.0,0.38877782225608826
1.0,0.7234247326850891
1.0,0.7262651324272156
1.0,0.7171475887298584
1.0,0.698334276676178
0.0,0.39229297637939453
0.0,0.5821753740310669
0.0,0.28796473145484924
1.0,0.6778415441513062
1.0,0.7238412499427795
1.0,0.7256326675415039
1.0,0.7208415865898132
1.0,0.5858384370803833
0.0,0.3411776125431061
0.0,0.351728618144989
0.0,0.29267624020576477
0.0,0.6516610383987427
0.0,0.5820760726928711
0.0,0.34243544936180115
1.0,0.7122244834899902
0.0,0.41200175881385803
1.0,0.6424874663352966
0.0,0.6645582318305969
1.0,0.5354835391044617
1.0,0.7123718857765198
1.0,0.6948437094688416
1.0,0.7140522003173828
0.0,0.5077109932899475
1.0,0.6810636520385742
1.0,0.6827682256698608
0.0,0.4361765384674072
1.0,0.43853673338890076
0.0,0.5975126624107361
0.0,0.6998194456100464
1.0,0.43245720863342285
0.0,0.44857215881347656
1.0,0.2900732159614563
0.0,0.48753833770751953
1.0,0.7199201583862305
1.0,0.7015005946159363
1.0,0.6932730674743652
1.0,0.6941683888435364
0.0,0.6720178723335266
1.0,0.6507952809333801
1.0,0.6599527597427368
1.0,0.6857643127441406
1.0,0.7242296934127808
0.0,0.4334745407104492
0.0,0.38173675537109375
1.0,0.7223612666130066
0.0,0.30527183413505554
1.0,0.6836500763893127
1.0,0.6701424717903137
1.0,0.7203843593597412
1.0,0.29734718799591064
1.0,0.7190940380096436
0.0,0.2801196575164795
0.0,0.4416850209236145
1.0,0.5624986290931702
0.0,0.6800072193145752
0.0,0.6869188547134399
0.0,0.34780481457710266
1.0,0.721502423286438
1.0,0.30515730381011963
1.0,0.28380414843559265
1.0,0.6273372173309326
1.0,0.6782966256141663
1.0,0.7029155492782593
1.0,0.6181666254997253
1.0,0.7209568619728088
0.0,0.4873674809932709
0.0,0.40316301584243774
0.0,0.42811480164527893
1.0,0.6140606999397278
0.0,0.6985712647438049
1.0,0.49283942580223083
0.0,0.6375305652618408
0.0,0.383314311504364
0.0,0.3749314844608307
0.0,0.38946986198425293
1.0,0.5210257768630981
1.0,0.7138366103172302
1.0,0.7213002443313599
0.0,0.6441632509231567
0.0,0.32401686906814575
0.0,0.5989126563072205
0.0,0.3017287254333496
0.0,0.6498667001724243
1.0,0.7261915802955627
1.0,0.5782746076583862
1.0,0.5117731094360352
0.0,0.5871468186378479
0.0,0.5756270885467529
0.0,0.6795576214790344
0.0,0.6769899725914001
0.0,0.4711390435695648
1.0,0.6210107207298279
1.0,0.5939128398895264
1.0,0.7132748961448669
0.0,0.29062971472740173
1.0,0.4975352883338928
0.0,0.6585302352905273
1.0,0.7179746627807617
1.0,0.7140222787857056
0.0,0.5048123002052307
0.0,0.5097111463546753
0.0,0.44536110758781433
0.0,0.4685443341732025
0.0,0.3331289291381836
0.0,0.4730733335018158
0.0,0.45481076836586
0.0,0.3424067497253418
1.0,0.710349440574646
0.0,0.5649586915969849
0.0,0.591605544090271
0.0,0.5615178346633911
0.0,0.4073464572429657
0.0,0.6426529288291931
1.0,0.6720223426818848
1.0,0.5849901437759399
1.0,0.3474988341331482
1.0,0.5067302584648132
0.0,0.4286101162433624
1.0,0.6193797588348389
0.0,0.2934580445289612
0.0,0.31747061014175415
0.0,0.4276078939437866
0.0,0.31583914160728455
0.0,0.7138444781303406
0.0,0.7049484252929688
1.0,0.6160691976547241
1.0,0.6997997760772705
0.0,0.5577427744865417
0.0,0.426938533782959
1.0,0.6786041259765625
1.0,0.727009117603302
0.0,0.4321783781051636
1.0,0.5676881074905396
0.0,0.28321129083633423
0.0,0.3105192184448242
0.0,0.3414444923400879
0.0,0.5659186244010925
1.0,0.5754585266113281
1.0,0.5964246988296509
0.0,0.45933640003204346
0.0,0.7158271670341492
1.0,0.6592682003974915
1.0,0.6449635028839111
0.0,0.3784220814704895
1.0,0.5555709600448608
1.0,0.6182414293289185
0.0,0.540594756603241
0.0,0.547693133354187
1.0,0.7199673056602478
1.0,0.7205798029899597
1.0,0.7135157585144043
1.0,0.7144037485122681
0.0,0.3052878975868225
0.0,0.7093876600265503
0.0,0.6253754496574402
0.0,0.6626830101013184
1.0,0.30917832255363464
1.0,0.7182489633560181
0.0,0.6209077835083008
0.0,0.7011598944664001
1.0,0.716740608215332
1.0,0.5478082299232483
1.0,0.6087343096733093
1.0,0.6587978005409241
0.0,0.6013023853302002
1.0,0.7083216905593872
0.0,0.3335857391357422
0.0,0.5477383732795715
0.0,0.3618811070919037
1.0,0.6229313611984253
0.0,0.6810550093650818
0.0,0.42357900738716125
0.0,0.32648566365242004
0.0,0.4758000075817108
1.0,0.7106693983078003
1.0,0.39984655380249023
1.0,0.5130405426025391
0.0,0.6477068662643433
0.0,0.6073824167251587
1.0,0.7137553095817566
0.0,0.45153990387916565
0.0,0.4696596562862396
0.0,0.28276243805885315
0.0,0.49859756231307983
1.0,0.7220723628997803
0.0,0.5693898797035217
1.0,0.7049816250801086
0.0,0.5716527700424194
1.0,0.6903149485588074
1.0,0.4789559543132782
0.0,0.3182389438152313
0.0,0.5535592436790466
0.0,0.30681848526000977
0.0,0.5842919945716858
0.0,0.4448818266391754
0.0,0.5547264218330383
1.0,0.7226924300193787
1.0,0.6981834769248962
0.0,0.396389365196228
0.0,0.3760260045528412
1.0,0.7108920812606812
0.0,0.40858951210975647
0.0,0.34017887711524963
1.0,0.6183603405952454
1.0,0.7139917612075806
0.0,0.7107157707214355
1.0,0.7189867496490479
1.0,0.7153938412666321
0.0,0.32942259311676025
0.0,0.45082709193229675
1.0,0.6571710109710693
0.0,0.3993980288505554
1.0,0.7279521822929382
0.0,0.36045682430267334
0.0,0.6900266408920288
0.0,0.4579801559448242
0.0,0.598786473274231
1.0,0.627669095993042
1.0,0.6218258738517761
0.0,0.33677151799201965
0.0,0.5470046401023865
0.0,0.5196694731712341
1.0,0.6994763016700745
0.0,0.46237602829933167
0.0,0.6288170218467712
0.0,0.5909594297409058
1.0,0.6873131394386292
0.0,0.5295224785804749
0.0,0.7207469344139099
1.0,0.7211593985557556
0.0,0.33653658628463745
0.0,0.3027327060699463
0.0,0.607252836227417
1.0,0.5144842863082886
1.0,0.6821874380111694
1.0,0.6826162338256836
1.0,0.4362330436706543
1.0,0.651586651802063
1.0,0.7221910953521729
1.0,0.43272870779037476
1.0,0.5791053175926208
1.0,0.7233732342720032
1.0,0.2813064754009247
0.0,0.42060330510139465
0.0,0.2794092297554016
0.0,0.48194169998168945
0.0,0.6413854956626892
0.0,0.7272936701774597
0.0,0.503274142742157
1.0,0.6955481767654419
0.0,0.721024751663208
0.0,0.2940600514411926
1.0,0.697186291217804
0.0,0.4736168086528778
0.0,0.6245056986808777
0.0,0.34254130721092224
0.0,0.495259553194046
1.0,0.6776968836784363
1.0,0.5423197746276855
0.0,0.49703195691108704
0.0,0.7158679366111755
1.0,0.48938924074172974
0.0,0.3705032169818878
1.0,0.5537372827529907
1.0,0.6733744740486145
0.0,0.6233503818511963
0.0,0.5757706761360168
1.0,0.4198862612247467
0.0,0.704250156879425
0.0,0.37918931245803833
1.0,0.7004585862159729
1.0,0.6460964679718018
0.0,0.3569185435771942
0.0,0.5554572939872742
0.0,0.43309471011161804
1.0,0.7151427268981934
1.0,0.4458127021789551
0.0,0.5712287425994873
0.0,0.2836262285709381
0.0,0.7127144932746887
1.0,0.7228142619132996
1.0,0.7282769083976746
1.0,0.7073954939842224
1.0,0.6589806079864502
0.0,0.6843973994255066
0.0,0.6091049313545227
0.0,0.7052401900291443
0.0,0.3950769007205963
1.0,0.7247151732444763
0.0,0.3987988531589508
0.0,0.7217072248458862
1.0,0.48879170417785645
0.0,0.47174695134162903
0.0,0.2796490490436554
1.0,0.6815809607505798
0.0,0.33244794607162476
1.0,0.7122381329536438
0.0,0.6128668189048767
0.0,0.49278905987739563
0.0,0.45895326137542725
0.0,0.6565329432487488
0.0,0.5883239507675171
1.0,0.7241307497024536
1.0,0.627390444278717
0.0,0.7121280431747437
1.0,0.6847678422927856
0.0,0.5456061363220215
1.0,0.6261062622070312
0.0,0.5503786206245422
1.0,0.6837345361709595
0.0,0.6946868896484375
1.0,0.28101325035095215
1.0,0.5968472361564636
0.0,0.357075959444046
0.0,0.6405784487724304
0.0,0.3778906762599945
0.0,0.5644112229347229
1.0,0.647148072719574
1.0,0.7234843969345093
0.0,0.670762300491333
1.0,0.5058501958847046
1.0,0.6652544736862183
1.0,0.7007789611816406
1.0,0.3065040707588196
1.0,0.5469270944595337
1.0,0.7250921130180359
0.0,0.3809332847595215
1.0,0.6377989053726196
1.0,0.7269299030303955
0.0,0.48280858993530273
1.0,0.7058666348457336
1.0,0.527148962020874
0.0,0.7008309960365295
1.0,0.7155085206031799
1.0,0.7004297971725464
0.0,0.5642753839492798
1.0,0.7126635313034058
1.0,0.5452865958213806
0.0,0.5747792720794678
1.0,0.35652342438697815
1.0,0.7096819281578064
0.0,0.35384535789489746
1.0,0.725397527217865
0.0,0.5431443452835083
1.0,0.7295679450035095
1.0,0.6482807993888855
1.0,0.6627424359321594
0.0,0.684853732585907
1.0,0.6514793038368225
1.0,0.6348942518234253
0.0,0.39123526215553284
0.0,0.7106004953384399
0.0,0.6918044090270996
0.0,0.4741671681404114
1.0,0.7175369262695312
1.0,0.6008779406547546
0.0,0.5408446788787842
1.0,0.6103851199150085
1.0,0.7252187728881836
1.0,0.46786510944366455
1.0,0.4712042510509491
0.0,0.4045066833496094
1.0,0.7294999957084656
0.0,0.549936056137085
0.0,0.33881640434265137
0.0,0.4022234082221985
1.0,0.6232771277427673
0.0,0.6731945276260376
1.0,0.7144896984100342
0.0,0.3083363175392151
1.0,0.5580613613128662
1.0,0.6320054531097412
1.0,0.6362394094467163
0.0,0.34345489740371704
1.0,0.34144097566604614
1.0,0.6895074248313904
1.0,0.7216179966926575
1.0,0.511888861656189
1.0,0.29348358511924744
1.0,0.6989136934280396
0.0,0.3967737555503845
1.0,0.6639331579208374
0.0,0.4273862838745117
1.0,0.6993224620819092
0.0,0.520957350730896
1.0,0.7245151996612549
1.0,0.5554398894309998
0.0,0.5295259356498718
0.0,0.28407537937164307
1.0,0.7104747891426086
0.0,0.7145130038261414
0.0,0.3177647590637207
0.0,0.6623359322547913
0.0,0.3169754445552826
0.0,0.7156737446784973
0.0,0.5929051041603088
1.0,0.4722747206687927
1.0,0.6871404051780701
1.0,0.7041857242584229
1.0,0.5591461658477783
0.0,0.40519222617149353
1.0,0.7089045643806458
0.0,0.32497984170913696
0.0,0.5254165530204773
1.0,0.7040019035339355
0.0,0.6531698107719421
0.0,0.5581561326980591
1.0,0.6262779831886292
1.0,0.615142285823822
0.0,0.6527758240699768
0.0,0.3263428509235382
1.0,0.5988773703575134
1.0,0.71131831407547
1.0,0.7236024141311646
1.0,0.5478443503379822
1.0,0.585899293422699
1.0,0.6470262408256531
1.0,0.7173735499382019
0.0,0.6245627403259277
1.0,0.6044426560401917
0.0,0.5251903533935547
1.0,0.7247602343559265
0.0,0.46741023659706116
0.0,0.4536201059818268
0.0,0.5015096068382263
0.0,0.5591902136802673
1.0,0.7275663018226624
0.0,0.34844914078712463
1.0,0.7024919390678406
1.0,0.7053077816963196
1.0,0.7232142686843872
1.0,0.5290181636810303
0.0,0.385023295879364
0.0,0.3359909951686859
1.0,0.7274737358093262
0.0,0.36652871966362
0.0,0.43979114294052124
1.0,0.7255650162696838
1.0,0.7192126512527466
1.0,0.728163480758667
0.0,0.281584233045578
1.0,0.35980647802352905
1.0,0.47653600573539734
1.0,0.6060304641723633
1.0,0.7134411334991455
0.0,0.46055734157562256
1.0,0.6089890003204346
1.0,0.6719841957092285
1.0,0.6926496624946594
0.0,0.7128616571426392
1.0,0.7175153493881226
0.0,0.5444737672805786
1.0,0.7234155535697937
0.0,0.5372416377067566
0.0,0.6843436360359192
1.0,0.607655942440033
1.0,0.6614587306976318
0.0,0.3364267349243164
1.0,0.7187527418136597
1.0,0.41046902537345886
0.0,0.39858511090278625
0.0,0.3908628523349762
1.0,0.6440680623054504
0.0,0.5908278226852417
0.0,0.5705294609069824
1.0,0.721200168132782
1.0,0.5713539719581604
0.0,0.439041405916214
0.0,0.28490737080574036
1.0,0.7149226665496826
0.0,0.34666678309440613
0.0,0.6253916025161743
1.0,0.6011805534362793
0.0,0.374066025018692
0.0,0.3767435550689697
1.0,0.7159839868545532
1.0,0.7219316363334656
1.0,0.4338392913341522
1.0,0.6550032496452332
1.0,0.6903957724571228
0.0,0.3665202558040619
1.0,0.7222512364387512
1.0,0.7247801423072815
0.0,0.6203600168228149
0.0,0.4635967016220093
1.0,0.6420959234237671
1.0,0.5230655074119568
0.0,0.41360995173454285
1.0,0.4116165041923523
0.0,0.3608172535896301
1.0,0.4123477041721344
0.0,0.34778979420661926
0.0,0.6000279784202576
1.0,0.6725311875343323
0.0,0.47497642040252686
0.0,0.48850977420806885
0.0,0.6783149242401123
1.0,0.7107109427452087
0.0,0.6122077703475952
0.0,0.37521180510520935
1.0,0.7238679528236389
1.0,0.5557470917701721
0.0,0.5565085411071777
0.0,0.39864587783813477
0.0,0.5154248476028442
0.0,0.5583977699279785
0.0,0.4972166121006012
0.0,0.4099196791648865
1.0,0.663320779800415
1.0,0.5885413289070129
0.0,0.45552846789360046
1.0,0.6805739402770996
0.0,0.40015727281570435
1.0,0.7205746173858643
1.0,0.6302063465118408
0.0,0.6621385216712952
1.0,0.72747403383255
1.0,0.430477499961853
1.0,0.6479749083518982
1.0,0.7256195545196533
1.0,0.7142883539199829
1.0,0.5094510316848755
1.0,0.6519060134887695
1.0,0.4009441137313843
0.0,0.7192700505256653
0.0,0.400064617395401
0.0,0.38953372836112976
0.0,0.4796661138534546
0.0,0.3170664608478546
0.0,0.4044690430164337
0.0,0.36607566475868225
1.0,0.7113317847251892
0.0,0.6521251797676086
0.0,0.5132554173469543
0.0,0.5478176474571228
0.0,0.7007615566253662
1.0,0.722402811050415
0.0,0.6745564937591553
0.0,0.3661137521266937
1.0,0.5835150480270386
1.0,0.5187245607376099
1.0,0.6714591979980469
0.0,0.5633974075317383
0.0,0.5689696669578552
0.0,0.3630230724811554
1.0,0.6965776085853577
0.0,0.5393712520599365
0.0,0.6565848588943481
1.0,0.6980747580528259
0.0,0.3903096318244934
0.0,0.6091914772987366
1.0,0.3084818720817566
1.0,0.7201132774353027
1.0,0.7157411575317383
1.0,0.6597623229026794
0.0,0.5841362476348877
0.0,0.36846065521240234
1.0,0.6696093678474426
0.0,0.699745237827301
0.0,0.7048082947731018
0.0,0.5409038662910461
0.0,0.5607313513755798
1.0,0.6882374882698059
1.0,0.70550137758255
1.0,0.5784764885902405
0.0,0.32521092891693115
1.0,0.6561986207962036
0.0,0.3959316909313202
0.0,0.5183229446411133
1.0,0.7270342111587524
1.0,0.5428757071495056
0.0,0.5619106292724609
0.0,0.5376328825950623
0.0,0.35790690779685974
1.0,0.7120435833930969
0.0,0.58628910779953
1.0,0.4378731846809387
0.0,0.7219460010528564
1.0,0.2808361053466797
1.0,0.49192988872528076
1.0,0.7284054160118103
1.0,0.684237539768219
1.0,0.4389967620372772
1.0,0.708321213722229
0.0,0.6637399792671204
0.0,0.6360448598861694
1.0,0.6991300582885742
0.0,0.41982629895210266
1.0,0.5781624913215637
1.0,0.5068482160568237
0.0,0.30760419368743896
1.0,0.7148584127426147
0.0,0.4294518828392029
0.0,0.3224230706691742
0.0,0.6208041310310364
0.0,0.6404668092727661
1.0,0.5415819883346558
1.0,0.7151893377304077
0.0,0.6189155578613281
0.0,0.6029228568077087
0.0,0.5251778364181519
0.0,0.3773312568664551
1.0,0.6570801138877869
0.0,0.31690874695777893
0.0,0.3172464370727539
1.0,0.724462628364563
1.0,0.6298391222953796
0.0,0.3923666775226593
0.0,0.5535596013069153
0.0,0.7247269153594971
1.0,0.7042697072029114
0.0,0.4597782492637634
0.0,0.4335101246833801
0.0,0.32311373949050903
0.0,0.4115355908870697
1.0,0.7271113395690918
1.0,0.32738879323005676
1.0,0.6728085279464722
1.0,0.620164692401886
1.0,0.7033727169036865
1.0,0.7154706716537476
1.0,0.5875403881072998
1.0,0.6930661797523499
0.0,0.589392900466919
1.0,0.6492412090301514
1.0,0.6416613459587097
1.0,0.4599020183086395
0.0,0.3477843403816223
0.0,0.43272581696510315
0.0,0.6605299711227417
0.0,0.5698675513267517
1.0,0.7103308439254761
1.0,0.5678761601448059
1.0,0.6843242645263672
1.0,0.36545276641845703
0.0,0.6386961936950684
0.0,0.6143600344657898
1.0,0.5955480337142944
1.0,0.7159167528152466
1.0,0.6736369132995605
1.0,0.6604259014129639
1.0,0.28326624631881714
1.0,0.7087081074714661
0.0,0.6060639023780823
0.0,0.3289213478565216
0.0,0.5061699748039246
0.0,0.7235211730003357
0.0,0.35270175337791443
1.0,0.6987962126731873
1.0,0.67201167345047
1.0,0.45806702971458435
0.0,0.6242220997810364
0.0,0.6703386902809143
0.0,0.6851361393928528
1.0,0.7255540490150452
1.0,0.7038523554801941
1.0,0.7052516937255859
0.0,0.6420294642448425
0.0,0.7064024209976196
1.0,0.5107875466346741
1.0,0.6463363766670227
1.0,0.6176961660385132
0.0,0.5516194105148315
0.0,0.3686201572418213
0.0,0.4481750428676605
0.0,0.5883939862251282
0.0,0.4759731590747833
1.0,0.4723043143749237
1.0,0.7088531255722046
0.0,0.574114203453064
1.0,0.6711958050727844
0.0,0.42098984122276306
1.0,0.3527567684650421
0.0,0.6846339106559753
1.0,0.5413533449172974
0.0,0.6849310398101807
1.0,0.7257261276245117
1.0,0.6805841326713562
1.0,0.7215030193328857
1.0,0.6873021125793457
1.0,0.3682762384414673
0.0,0.3329453468322754
1.0,0.5553849935531616
0.0,0.7128993272781372
1.0,0.5820132493972778
1.0,0.7057281136512756
0.0,0.584846019744873
1.0,0.7265477180480957
0.0,0.5453095436096191
1.0,0.7205951809883118
1.0,0.551211416721344
1.0,0.5967508554458618
0.0,0.324966698884964
1.0,0.7232415080070496
0.0,0.362263023853302
1.0,0.5250453352928162
0.0,0.5185006260871887
1.0,0.6957119107246399
1.0,0.6788776516914368
1.0,0.7268709540367126
0.0,0.2869288921356201
0.0,0.4334173798561096
1.0,0.6642577648162842
1.0,0.5385915637016296
0.0,0.3677803874015808
0.0,0.5997231602668762
1.0,0.7244244813919067
0.0,0.4244694411754608
1.0,0.6193858981132507
0.0,0.32438555359840393
1.0,0.48435667157173157
0.0,0.5129567980766296
0.0,0.7139037251472473
0.0,0.5678362846374512
1.0,0.30851295590400696
0.0,0.32607072591781616
1.0,0.7256103754043579
1.0,0.7082899808883667
1.0,0.7010434865951538
0.0,0.643183708190918
0.0,0.36733347177505493
1.0,0.6993802785873413
0.0,0.34230509400367737
1.0,0.7071139812469482
0.0,0.45845356583595276
1.0,0.7070804834365845
1.0,0.4999242424964905
0.0,0.45771685242652893
0.0,0.5238814949989319
0.0,0.6333234310150146
0.0,0.6262916326522827
1.0,0.7259365916252136
1.0,0.5119980573654175
1.0,0.7250493764877319
0.0,0.5324215292930603
0.0,0.7204508185386658
0.0,0.7272303700447083
1.0,0.3661367893218994
1.0,0.725178062915802
0.0,0.7066245079040527
0.0,0.47913771867752075
0.0,0.5196221470832825
1.0,0.6780916452407837
0.0,0.3875220715999603
0.0,0.40443071722984314
0.0,0.5492343902587891
1.0,0.699812114238739
0.0,0.34159836173057556
1.0,0.6298648118972778
1.0,0.38932108879089355
0.0,0.417862206697464
0.0,0.5689952969551086
1.0,0.5938555002212524
0.0,0.6608442068099976
0.0,0.33844953775405884
1.0,0.34817400574684143
1.0,0.7289066910743713
1.0,0.5945342779159546
0.0,0.31838008761405945
0.0,0.535224437713623
1.0,0.7284699082374573
0.0,0.7080545425415039
0.0,0.3266468644142151
1.0,0.7133092880249023
0.0,0.4924822747707367
0.0,0.4150072932243347
0.0,0.44614318013191223
0.0,0.5337199568748474
0.0,0.36791449785232544
1.0,0.6319647431373596
0.0,0.45137396454811096
0.0,0.4259209632873535
1.0,0.7043895125389099
0.0,0.6712254881858826
1.0,0.6704167723655701
1.0,0.7250363230705261
0.0,0.4567916691303253
0.0,0.7072283029556274
1.0,0.5263197422027588
1.0,0.7127655744552612
0.0,0.3571508228778839
0.0,0.4535553753376007
0.0,0.4671178162097931
1.0,0.7185796499252319
1.0,0.5112571716308594
1.0,0.634591817855835
0.0,0.5145576596260071
1.0,0.709271252155304
1.0,0.4524722695350647
1.0,0.6997923254966736
1.0,0.614097535610199
0.0,0.716195285320282
0.0,0.534896194934845
1.0,0.6814476251602173
0.0,0.489193856716156
1.0,0.7166444063186646
0.0,0.39042526483535767
0.0,0.28379330039024353
0.0,0.4485498070716858
1.0,0.7234222888946533
0.0,0.33211785554885864
0.0,0.44365793466567993
1.0,0.7268782258033752
0.0,0.6767627000808716
1.0,0.6549845337867737
1.0,0.722150981426239
0.0,0.5030897259712219
1.0,0.6692197322845459
1.0,0.5114649534225464
1.0,0.6388900279998779
1.0,0.7180650234222412
1.0,0.680911123752594
0.0,0.6092477440834045
1.0,0.6868125200271606
0.0,0.6631613373756409
0.0,0.43226054310798645
0.0,0.4937923848628998
0.0,0.3688371479511261
0.0,0.48697835206985474
1.0,0.6438765525817871
1.0,0.7235347628593445
1.0,0.7067524790763855
1.0,0.7160252332687378
1.0,0.6851451992988586
1.0,0.6725655198097229
1.0,0.49783268570899963
1.0,0.5993263125419617
1.0,0.5488073825836182
0.0,0.6096478700637817
1.0,0.5763263702392578
1.0,0.7062673568725586
1.0,0.7011837959289551
0.0,0.3591213822364807
1.0,0.7279195785522461
0.0,0.34416690468788147
0.0,0.7186112999916077
1.0,0.6931557059288025
0.0,0.37285923957824707
1.0,0.7150852680206299
1.0,0.3451390862464905
1.0,0.727595865726471
0.0,0.38707780838012695
1.0,0.7223852872848511
0.0,0.5270349383354187
1.0,0.710216224193573
0.0,0.36944279074668884
1.0,0.6104456782341003
1.0,0.5712970495223999
0.0,0.30168741941452026
1.0,0.699958086013794
1.0,0.6341387629508972
0.0,0.5476402640342712
1.0,0.7023472785949707
1.0,0.6170181632041931
0.0,0.326410174369812
1.0,0.7175376415252686
1.0,0.7176727056503296
1.0,0.7233869433403015
0.0,0.33500927686691284
0.0,0.33357754349708557
1.0,0.5907577276229858
1.0,0.36516624689102173
0.0,0.7219414710998535
1.0,0.6996132731437683
0.0,0.671793520450592
0.0,0.3057921528816223
0.0,0.5161978006362915
0.0,0.5687495470046997
0.0,0.6201447248458862
1.0,0.6721986532211304
1.0,0.5508947968482971
0.0,0.6019489169120789
0.0,0.3895076513290405
1.0,0.6791793704032898
1.0,0.6807700991630554
0.0,0.37686052918434143
1.0,0.6620587110519409
0.0,0.31642770767211914
1.0,0.7143892049789429
0.0,0.5230789184570312
1.0,0.7206836938858032
0.0,0.5015106797218323
1.0,0.3188730776309967
1.0,0.7264588475227356
0.0,0.7217525243759155
0.0,0.3495344817638397
1.0,0.3439367115497589
0.0,0.7278391122817993
1.0,0.7281358242034912
1.0,0.6952300071716309
1.0,0.6136151552200317
0.0,0.33022341132164
1.0,0.6251322031021118
1.0,0.7156710624694824
1.0,0.7266361713409424
1.0,0.7094064354896545
0.0,0.394254207611084
1.0,0.5114366412162781
1.0,0.6573625802993774
1.0,0.6539523601531982
0.0,0.5452843308448792
1.0,0.4986104369163513
1.0,0.4282214343547821
1.0,0.7225189805030823
0.0,0.6199401617050171
1.0,0.6823241710662842
1.0,0.5878475308418274
0.0,0.6118327975273132
1.0,0.40338456630706787
1.0,0.5021608471870422
0.0,0.6963139176368713
1.0,0.5831032991409302
0.0,0.3221265971660614
1.0,0.40378081798553467
0.0,0.4127959907054901
0.0,0.4210019111633301
1.0,0.7202184200286865
1.0,0.7232730984687805
0.0,0.5649195313453674
1.0,0.7162954807281494
0.0,0.5420755743980408
0.0,0.28068047761917114
0.0,0.292816698551178
0.0,0.35326969623565674
1.0,0.44304773211479187
1.0,0.6673557162284851
1.0,0.6882989406585693
1.0,0.7256867289543152
1.0,0.3087606132030487
1.0,0.7096007466316223
1.0,0.7151068449020386
0.0,0.3640941381454468
1.0,0.7001367807388306
1.0,0.7151968479156494
1.0,0.7025013566017151
0.0,0.329853892326355
0.0,0.32742083072662354
1.0,0.7251976728439331
1.0,0.7218393683433533
0.0,0.40887296199798584
1.0,0.7271493077278137
0.0,0.6021387577056885
1.0,0.5313249230384827
0.0,0.35533013939857483
1.0,0.5829315185546875
1.0,0.719899594783783
1.0,0.5476202368736267
1.0,0.6972672939300537
1.0,0.6697084903717041
1.0,0.5929257869720459
0.0,0.5182080864906311
0.0,0.32501134276390076
0.0,0.7121167182922363
1.0,0.7142287492752075
0.0,0.2956613004207611
0.0,0.632005512714386
0.0,0.706310510635376
0.0,0.3676346242427826
1.0,0.677069902420044
0.0,0.7096006274223328
1.0,0.6535549759864807
1.0,0.7089400887489319
1.0,0.6889780759811401
1.0,0.3211268186569214
0.0,0.5285292863845825
0.0,0.3474941551685333
0.0,0.29381299018859863
0.0,0.64751797914505
1.0,0.7201755046844482
0.0,0.4896922707557678
0.0,0.6872338056564331
0.0,0.6004608869552612
1.0,0.7246236205101013
1.0,0.6266481280326843
1.0,0.7239025831222534
1.0,0.552711546421051
0.0,0.7169700264930725
1.0,0.6504438519477844
1.0,0.7117609977722168
1.0,0.7113460898399353
1.0,0.5199882388114929
1.0,0.7143346071243286
0.0,0.37623992562294006
0.0,0.3569025993347168
1.0,0.635282039642334
1.0,0.6411940455436707
1.0,0.7198694944381714
0.0,0.38232022523880005
0.0,0.49764129519462585
0.0,0.3999767303466797
0.0,0.6428035497665405
1.0,0.666605532169342
0.0,0.4983944296836853
0.0,0.6329132914543152
0.0,0.49662017822265625
1.0,0.6753737330436707
1.0,0.7244150042533875
1.0,0.49197641015052795
1.0,0.5099208354949951
0.0,0.27998727560043335
1.0,0.6025336384773254
1.0,0.5401131510734558
1.0,0.5131640434265137
0.0,0.3134622573852539
0.0,0.4739667773246765
0.0,0.2972056269645691
1.0,0.7275925278663635
1.0,0.7237192392349243
0.0,0.34455955028533936
1.0,0.7249081134796143
0.0,0.41848263144493103
0.0,0.5924862027168274
0.0,0.38920339941978455
1.0,0.7097712755203247
1.0,0.6411610245704651
1.0,0.7234241962432861
0.0,0.7102611064910889
0.0,0.45823171734809875
0.0,0.6326977610588074
1.0,0.7015489339828491
0.0,0.5960937142372131
1.0,0.7213311791419983
1.0,0.7159356474876404
1.0,0.6371415257453918
1.0,0.6931053400039673
1.0,0.7198911309242249
0.0,0.3976821303367615
0.0,0.6383795738220215
1.0,0.500250518321991
0.0,0.38012364506721497
0.0,0.7067916393280029
1.0,0.7038187980651855
1.0,0.6459140181541443
0.0,0.6929460763931274
0.0,0.6658033132553101
1.0,0.593736469745636
1.0,0.6982501149177551
0.0,0.4297280013561249
1.0,0.43647414445877075
0.0,0.6636158227920532
0.0,0.7193453311920166
0.0,0.33566752076148987
0.0,0.5835959315299988
0.0,0.39103132486343384
0.0,0.6987157464027405
0.0,0.7136362195014954
1.0,0.6856946349143982
0.0,0.4767512381076813
1.0,0.47335734963417053
1.0,0.7067607045173645
0.0,0.597908616065979
0.0,0.411314994096756
1.0,0.5790704488754272
1.0,0.3391883075237274
1.0,0.5922393202781677
1.0,0.6673274040222168
0.0,0.44049903750419617
0.0,0.41514819860458374
0.0,0.46130722761154175
1.0,0.6976541876792908
1.0,0.7023375034332275
0.0,0.47951802611351013
1.0,0.6897653937339783
0.0,0.5446624159812927
0.0,0.5954675078392029
0.0,0.3784942030906677
1.0,0.6744217872619629
0.0,0.6915025115013123
1.0,0.6228626370429993
0.0,0.7265616655349731
0.0,0.43769899010658264
0.0,0.32010945677757263
1.0,0.590955376625061
1.0,0.6472834944725037
0.0,0.3834778964519501
0.0,0.5771555304527283
0.0,0.4817747473716736
1.0,0.4849551022052765
1.0,0.7016129493713379
0.0,0.5306224226951599
0.0,0.5967720150947571
1.0,0.7112230062484741
0.0,0.3558726906776428
0.0,0.49505582451820374
0.0,0.29726070165634155
1.0,0.4555796980857849
1.0,0.689083993434906
0.0,0.40151968598365784
1.0,0.7113022804260254
1.0,0.7257255911827087
1.0,0.37968844175338745
0.0,0.31370994448661804
0.0,0.6441758871078491
1.0,0.6200475096702576
1.0,0.7179415822029114
1.0,0.32272106409072876
1.0,0.7105814814567566
0.0,0.4435598850250244
1.0,0.4773833453655243
0.0,0.5183761119842529
0.0,0.3435112535953522
1.0,0.7032651305198669
1.0,0.7102611064910889
1.0,0.5040187835693359
0.0,0.3785744607448578
0.0,0.37363091111183167
0.0,0.4712204039096832
0.0,0.7135523557662964
0.0,0.6991129517555237
0.0,0.48977017402648926
1.0,0.3999290466308594
1.0,0.4458313286304474
1.0,0.5734580755233765
1.0,0.6985321044921875
1.0,0.7145698666572571
1.0,0.7243955731391907
0.0,0.6505863666534424
0.0,0.33899688720703125
0.0,0.46659186482429504
0.0,0.6726931929588318
0.0,0.7217040061950684
0.0,0.3142879903316498
0.0,0.39549773931503296
0.0,0.6937009692192078
1.0,0.6921684741973877
0.0,0.4228115379810333
0.0,0.3853438198566437
1.0,0.6853041052818298
1.0,0.7206506133079529
1.0,0.6657965779304504
1.0,0.7192803025245667
1.0,0.7052305340766907
1.0,0.5685520768165588
0.0,0.6447343826293945
1.0,0.3465225398540497
0.0,0.5267303586006165
0.0,0.6113011240959167
1.0,0.5100498795509338
0.0,0.6701375246047974
0.0,0.5077294111251831
1.0,0.701664924621582
1.0,0.6286495923995972
0.0,0.5822242498397827
0.0,0.32439693808555603
0.0,0.5484426021575928
1.0,0.6370842456817627
0.0,0.48167526721954346
0.0,0.7151385545730591
0.0,0.3382224440574646
1.0,0.3438742756843567
0.0,0.32406654953956604
0.0,0.7116501331329346
0.0,0.6644343137741089
1.0,0.722946047782898
0.0,0.7020384073257446
0.0,0.5173426270484924
0.0,0.3796044886112213
1.0,0.6411764621734619
1.0,0.6891834139823914
0.0,0.3016241490840912
1.0,0.715050995349884
1.0,0.5658814907073975
1.0,0.6354456543922424
0.0,0.7067648768424988
0.0,0.4921317994594574
0.0,0.468504935503006
0.0,0.638852059841156
0.0,0.34051430225372314
0.0,0.3690236806869507
0.0,0.6679232120513916
1.0,0.6979224681854248
0.0,0.5011519193649292
0.0,0.6143552660942078
1.0,0.647921085357666
1.0,0.6703336834907532
1.0,0.6909580230712891
0.0,0.6849062442779541
0.0,0.28672829270362854
0.0,0.3899402320384979
1.0,0.7249005436897278
0.0,0.30655476450920105
1.0,0.6638560891151428
1.0,0.5743011832237244
1.0,0.5599876046180725
1.0,0.6736549735069275
1.0,0.4565503001213074
0.0,0.4287782907485962
1.0,0.7083424925804138
0.0,0.46547701954841614
1.0,0.5964246988296509
1.0,0.6815078854560852
1.0,0.7254766225814819
0.0,0.38753312826156616
0.0,0.7151855826377869
0.0,0.6682482361793518
0.0,0.6395083665847778
0.0,0.6814374327659607
1.0,0.6348323225975037
1.0,0.2996158301830292
0.0,0.31417205929756165
1.0,0.6978573203086853
0.0,0.3465486764907837
1.0,0.6135405898094177
1.0,0.5851966738700867
1.0,0.41935819387435913
1.0,0.354533851146698
0.0,0.3394256830215454
0.0,0.3633599281311035
0.0,0.6433213353157043
0.0,0.28891798853874207
1.0,0.7244590520858765
1.0,0.6514440178871155
1.0,0.5915036201477051
0.0,0.41629651188850403
1.0,0.6544499397277832
0.0,0.30163151025772095
0.0,0.374053418636322
1.0,0.2824765741825104
0.0,0.2998763620853424
0.0,0.592042863368988
0.0,0.4798267185688019
1.0,0.434154212474823
0.0,0.35946306586265564
0.0,0.7075055837631226
1.0,0.6256637573242188
0.0,0.43348628282546997
1.0,0.6357729434967041
1.0,0.6905856132507324
1.0,0.6075698137283325
1.0,0.5631693005561829
1.0,0.7263288497924805
0.0,0.4050968587398529
0.0,0.597095787525177
1.0,0.6453238725662231
0.0,0.487595796585083
0.0,0.2754250764846802
1.0,0.4946230947971344
0.0,0.36352986097335815
1.0,0.6891249418258667
0.0,0.38594844937324524
0.0,0.2998504936695099
1.0,0.6565401554107666
0.0,0.7053689956665039
1.0,0.547860860824585
1.0,0.45654991269111633
1.0,0.5899099707603455
0.0,0.6144439578056335
0.0,0.6273298263549805
1.0,0.7071714401245117
1.0,0.6445687413215637
1.0,0.6504683494567871
0.0,0.5282567739486694
1.0,0.7144537568092346
0.0,0.4027937948703766
0.0,0.3636322021484375
0.0,0.5572909116744995
0.0,0.3334798216819763
1.0,0.675404965877533
0.0,0.5151110887527466
0.0,0.5737287402153015
0.0,0.37155213952064514
0.0,0.4980333149433136
0.0,0.6460001468658447
0.0,0.7263172268867493
0.0,0.5484708547592163
1.0,0.38362380862236023
0.0,0.6551485061645508
1.0,0.7244343757629395
1.0,0.3132965564727783
1.0,0.7223745584487915
1.0,0.7253063917160034
1.0,0.6908816695213318
0.0,0.7125405073165894
0.0,0.6225094199180603
1.0,0.715122640132904
1.0,0.6388903856277466
1.0,0.6686564683914185
1.0,0.7149156332015991
1.0,0.6982722282409668
0.0,0.6140514612197876
1.0,0.43678537011146545
1.0,0.46670323610305786
1.0,0.3612481951713562
1.0,0.7132031917572021
1.0,0.7224889397621155
0.0,0.6539737582206726
1.0,0.677312970161438
0.0,0.6371122002601624
1.0,0.6760696172714233
1.0,0.5579756498336792
1.0,0.6874589920043945
1.0,0.7042909264564514
1.0,0.6709858179092407
1.0,0.6188145279884338
1.0,0.7242082357406616
0.0,0.2879578173160553
1.0,0.7125211954116821
1.0,0.5798239707946777
0.0,0.4414425790309906
1.0,0.7211171984672546
0.0,0.5268195271492004
1.0,0.47196489572525024
1.0,0.4154042899608612
0.0,0.6477310657501221
1.0,0.7256337404251099
1.0,0.6059859395027161
1.0,0.2736009657382965
1.0,0.43329688906669617
0.0,0.6725639700889587
1.0,0.5965989828109741
0.0,0.3643225431442261
1.0,0.5351691842079163
0.0,0.35817596316337585
0.0,0.5776029825210571
0.0,0.6027336120605469
0.0,0.7054680585861206
0.0,0.7182487845420837
0.0,0.5787574052810669
1.0,0.4876309633255005
1.0,0.6080701947212219
1.0,0.30839553475379944
1.0,0.7165361046791077
1.0,0.6662406325340271
0.0,0.7149085402488708
1.0,0.7129938006401062
0.0,0.5270726680755615
1.0,0.6879861354827881
0.0,0.5758857727050781
0.0,0.37739670276641846
1.0,0.5668675303459167
1.0,0.72657310962677
1.0,0.6782605051994324
1.0,0.7227614521980286
0.0,0.3937835395336151
0.0,0.35195741057395935
0.0,0.35539892315864563
1.0,0.681199848651886
0.0,0.3194551467895508
1.0,0.6466636657714844
0.0,0.40069878101348877
1.0,0.6487367153167725
1.0,0.7031915187835693
1.0,0.7138679623603821
1.0,0.6804184317588806
1.0,0.6529595851898193
0.0,0.6656768321990967
0.0,0.6843869686126709
0.0,0.34589409828186035
1.0,0.7153385281562805
1.0,0.6924681663513184
1.0,0.6864683032035828
1.0,0.421814501285553
0.0,0.5469083189964294
1.0,0.6983437538146973
0.0,0.49124962091445923
0.0,0.7110128402709961
1.0,0.7246179580688477
1.0,0.7265019416809082
0.0,0.5166747570037842
1.0,0.6086314916610718
0.0,0.6031467318534851
1.0,0.7117618322372437
0.0,0.4501159191131592
0.0,0.4161953628063202
1.0,0.6966109871864319
0.0,0.657085657119751
0.0,0.46735867857933044
1.0,0.7175511121749878
1.0,0.700370192527771
1.0,0.7246719002723694
0.0,0.5101870894432068
0.0,0.636418879032135
0.0,0.4166186451911926
0.0,0.3406960368156433
1.0,0.7116992473602295
0.0,0.29347220063209534
0.0,0.7126275300979614
1.0,0.6973122954368591
1.0,0.6854496002197266
1.0,0.7135912775993347
0.0,0.3981349468231201
1.0,0.6884211897850037
0.0,0.49261343479156494
1.0,0.6319441199302673
0.0,0.3168449401855469
0.0,0.4145409166812897
0.0,0.6071888208389282
1.0,0.5630680918693542
0.0,0.515256404876709
0.0,0.6294349431991577
1.0,0.6946778893470764
1.0,0.7273144125938416
1.0,0.6785892844200134
0.0,0.5354968309402466
1.0,0.337830513715744
0.0,0.675879716873169
0.0,0.5193711519241333
1.0,0.7073739767074585
0.0,0.42374274134635925
1.0,0.5135760307312012
0.0,0.49831727147102356
0.0,0.7246819138526917
0.0,0.7136036157608032
1.0,0.5192586183547974
0.0,0.2927873432636261
1.0,0.5949559807777405
1.0,0.5722503066062927
1.0,0.7222174406051636
1.0,0.31752809882164
1.0,0.6932048201560974
0.0,0.46286869049072266
0.0,0.7087554335594177
1.0,0.7121113538742065
0.0,0.4190617799758911
1.0,0.6164809465408325
1.0,0.6804302334785461
0.0,0.3379015326499939
1.0,0.6569995284080505
1.0,0.7120674848556519
1.0,0.6795557141304016
1.0,0.7081644535064697
0.0,0.7083027362823486
1.0,0.7260907292366028
0.0,0.28643110394477844
0.0,0.4127492308616638
1.0,0.5070717334747314
1.0,0.32118716835975647
1.0,0.606902539730072
0.0,0.5636746883392334
1.0,0.543315052986145
0.0,0.2852770984172821
0.0,0.38837218284606934
0.0,0.587213933467865
0.0,0.6106804013252258
0.0,0.395652711391449
1.0,0.45471251010894775
1.0,0.7123522162437439
1.0,0.6682887673377991
1.0,0.7172761559486389
1.0,0.530875027179718
1.0,0.6557537317276001
0.0,0.34346428513526917
1.0,0.6865637898445129
0.0,0.5344637036323547
0.0,0.38107413053512573
0.0,0.4464898407459259
1.0,0.5703719258308411
0.0,0.610048234462738
1.0,0.7159877419471741
0.0,0.6470511555671692
1.0,0.6590288281440735
1.0,0.7116619348526001
1.0,0.7186706066131592
0.0,0.6472093462944031
0.0,0.5266768336296082
1.0,0.6802103519439697
0.0,0.5536495447158813
1.0,0.6979474425315857
1.0,0.6555082201957703
0.0,0.5700348019599915
0.0,0.4260270595550537
0.0,0.47022193670272827
1.0,0.6549220681190491
0.0,0.6744059324264526
1.0,0.52042156457901
0.0,0.40149036049842834
1.0,0.6238327026367188
1.0,0.7192807793617249
0.0,0.29022347927093506
0.0,0.342948853969574
1.0,0.5951637625694275
1.0,0.36475449800491333
0.0,0.6210232973098755
1.0,0.7078526020050049
0.0,0.42604687809944153
1.0,0.7048171162605286
0.0,0.46356236934661865
0.0,0.3900477886199951
0.0,0.42158177495002747
0.0,0.4612017273902893
0.0,0.3160986304283142
0.0,0.6928420066833496
0.0,0.5890546441078186
1.0,0.7265516519546509
1.0,0.4662453532218933
0.0,0.6011766195297241
1.0,0.6566861271858215
1.0,0.7191091179847717
1.0,0.7116924524307251
0.0,0.46982720494270325
0.0,0.3361808955669403
0.0,0.7250312566757202
0.0,0.7020342350006104
1.0,0.4578166902065277
0.0,0.6490604281425476
0.0,0.6644101738929749
0.0,0.7145689725875854
1.0,0.5192434191703796
1.0,0.6442493200302124
0.0,0.721428632736206
1.0,0.6737250089645386
0.0,0.6676530838012695
0.0,0.48653337359428406
0.0,0.6749087572097778
1.0,0.693157434463501
1.0,0.7167507410049438
0.0,0.5939098000526428
0.0,0.32758116722106934
0.0,0.582368016242981
0.0,0.7095073461532593
1.0,0.4066723585128784
0.0,0.7242932319641113
0.0,0.7004672288894653
1.0,0.7003258466720581
0.0,0.5273942351341248
0.0,0.29500019550323486
1.0,0.6560977101325989
0.0,0.6333248615264893
0.0,0.7159587144851685
0.0,0.6948754787445068
1.0,0.6262825131416321
1.0,0.7265055179595947
0.0,0.7163815498352051
0.0,0.6688627600669861
0.0,0.6592311263084412
0.0,0.46379324793815613
0.0,0.3068818151950836
0.0,0.6637612581253052
1.0,0.7154138684272766
1.0,0.39095810055732727
1.0,0.7264657616615295
1.0,0.616494357585907
0.0,0.36768317222595215
0.0,0.4356693625450134
1.0,0.6393083930015564
1.0,0.6486188173294067
0.0,0.373075008392334
1.0,0.7011612057685852
1.0,0.7291184663772583
0.0,0.41761189699172974
0.0,0.3067589998245239
0.0,0.5918200016021729
0.0,0.3588736951351166
0.0,0.5366517305374146
0.0,0.7026683688163757
0.0,0.4903118312358856
1.0,0.7056354284286499
1.0,0.5573394298553467
0.0,0.5796316266059875
0.0,0.5279116630554199
1.0,0.6532263159751892
1.0,0.7105621099472046
0.0,0.5033813118934631
1.0,0.690756618976593
0.0,0.28182169795036316
1.0,0.6835762858390808
0.0,0.6814629435539246
1.0,0.660010576248169
1.0,0.7274139523506165
1.0,0.6498669981956482
0.0,0.46934065222740173
0.0,0.3309674859046936
0.0,0.3245292007923126
1.0,0.6437130570411682
1.0,0.6948569416999817
0.0,0.4028621017932892
0.0,0.5463846921920776
1.0,0.7205732464790344
1.0,0.6973333954811096
1.0,0.6362776160240173
0.0,0.6239953637123108
1.0,0.6831030249595642
0.0,0.6225441694259644
1.0,0.6458982825279236
0.0,0.6117895245552063
1.0,0.5085480213165283
1.0,0.39099207520484924
0.0,0.6042037010192871
1.0,0.7290002107620239
1.0,0.7051420211791992
0.0,0.3186725676059723
1.0,0.7178929448127747
1.0,0.6887549757957458
1.0,0.4984205365180969
0.0,0.4876768887042999
0.0,0.37801072001457214
1.0,0.6770840287208557
1.0,0.4672325551509857
1.0,0.49300673604011536
0.0,0.3845100998878479
1.0,0.7260496020317078
0.0,0.3895353674888611
0.0,0.43273696303367615
0.0,0.6366888880729675
0.0,0.4384295642375946
1.0,0.7261048555374146
1.0,0.516940712928772
0.0,0.5821118354797363
1.0,0.3873840570449829
0.0,0.2946989834308624
0.0,0.5661378502845764
1.0,0.353737473487854
0.0,0.6334666013717651
1.0,0.6987332701683044
1.0,0.5072965621948242
1.0,0.6827449798583984
0.0,0.4451645016670227
1.0,0.42524200677871704
1.0,0.6619407534599304
0.0,0.4269368350505829
0.0,0.5514309406280518
0.0,0.5204670429229736
0.0,0.37105032801628113
0.0,0.34334543347358704
1.0,0.725178062915802
0.0,0.547101616859436
0.0,0.4348922073841095
1.0,0.7049327492713928
1.0,0.6725918054580688
1.0,0.612797737121582
1.0,0.660868227481842
1.0,0.5093527436256409
0.0,0.3906938433647156
1.0,0.6784387230873108
1.0,0.6825411319732666
1.0,0.7241817116737366
0.0,0.3299907147884369
1.0,0.3703773021697998
0.0,0.3692023456096649
0.0,0.536339521408081
0.0,0.2860761880874634
1.0,0.584347128868103
0.0,0.483568400144577
1.0,0.7207998037338257
0.0,0.3730252981185913
1.0,0.6933536529541016
0.0,0.49663251638412476
1.0,0.6838743686676025
1.0,0.5835263729095459
0.0,0.661379337310791
1.0,0.7264558672904968
1.0,0.6841049194335938
0.0,0.5697023272514343
1.0,0.704176664352417
1.0,0.5604449510574341
1.0,0.7156755328178406
0.0,0.41493290662765503
0.0,0.45199763774871826
0.0,0.46186625957489014
1.0,0.6106853485107422
0.0,0.6400108337402344
1.0,0.6185701489448547
0.0,0.5702640414237976
1.0,0.6861076354980469
0.0,0.5096760988235474
1.0,0.6820223331451416
0.0,0.7124278545379639
0.0,0.6803282499313354
1.0,0.5622680187225342
0.0,0.6432385444641113
0.0,0.5730960965156555
0.0,0.4105261564254761
1.0,0.6675493121147156
0.0,0.44738173484802246
1.0,0.6935173869132996
0.0,0.30044493079185486
0.0,0.3429136574268341
0.0,0.284321129322052
0.0,0.48838600516319275
0.0,0.5372419357299805
0.0,0.49355554580688477
0.0,0.5048123598098755
0.0,0.6281315088272095
1.0,0.3187811076641083
0.0,0.7252143621444702
1.0,0.7182748317718506
1.0,0.7111875414848328
1.0,0.3225201368331909
0.0,0.5152809619903564
1.0,0.5267539620399475
0.0,0.5921975374221802
1.0,0.6748514175415039
0.0,0.6211384534835815
1.0,0.629294216632843
0.0,0.339094877243042
0.0,0.7160786390304565
1.0,0.5056016445159912
0.0,0.4378458559513092
0.0,0.27515605092048645
0.0,0.7108429074287415
0.0,0.7146972417831421
1.0,0.5094962120056152
1.0,0.6929972767829895
0.0,0.33529213070869446
1.0,0.7156487703323364
0.0,0.35772785544395447
0.0,0.3997746706008911
0.0,0.3930986821651459
1.0,0.7270430326461792
1.0,0.4338584840297699
1.0,0.6418909430503845
1.0,0.7280951142311096
0.0,0.5947191715240479
1.0,0.668025016784668
1.0,0.42793798446655273
0.0,0.5187556147575378
0.0,0.31740280985832214
1.0,0.7244976162910461
1.0,0.61679607629776
0.0,0.5991406440734863
0.0,0.7063454389572144
0.0,0.5782068967819214
0.0,0.4839131832122803
1.0,0.3417249023914337
1.0,0.4252704679965973
1.0,0.7068814039230347
1.0,0.7169236540794373
0.0,0.6069437265396118
1.0,0.7239292860031128
0.0,0.4357568919658661
0.0,0.5389813184738159
0.0,0.30509454011917114
1.0,0.3044374883174896
1.0,0.6863202452659607
1.0,0.6734319925308228
1.0,0.6037907004356384
0.0,0.35061192512512207
1.0,0.7236694097518921
1.0,0.3344239294528961
1.0,0.7232422828674316
0.0,0.5364400148391724
1.0,0.7202181220054626
1.0,0.727096676826477
1.0,0.7253196835517883
0.0,0.3657771646976471
0.0,0.39169466495513916
1.0,0.671376645565033
0.0,0.7277626991271973
1.0,0.46106061339378357
0.0,0.2952784299850464
0.0,0.47285380959510803
1.0,0.7014658451080322
0.0,0.6743358969688416
0.0,0.6675788164138794
0.0,0.61653071641922
1.0,0.6188478469848633
1.0,0.7236059904098511
1.0,0.3514997661113739
1.0,0.6433128714561462
1.0,0.37245872616767883
1.0,0.7233496308326721
1.0,0.7146108150482178
1.0,0.6818651556968689
0.0,0.33320561051368713
1.0,0.6400212049484253
1.0,0.3711608648300171
0.0,0.5092406272888184
1.0,0.7150396704673767
1.0,0.6861093640327454
0.0,0.42384791374206543
0.0,0.7228345274925232
0.0,0.7077755331993103
0.0,0.5498397946357727
1.0,0.7048640847206116
1.0,0.6046832203865051
1.0,0.7204480171203613
1.0,0.4857404828071594
1.0,0.6563937067985535
0.0,0.34015873074531555
0.0,0.34449806809425354
1.0,0.7160761952400208
0.0,0.5525636672973633
1.0,0.6028704047203064
1.0,0.6085709929466248
1.0,0.5413533449172974
0.0,0.28394025564193726
1.0,0.708641767501831
1.0,0.724370539188385
0.0,0.6607931852340698
1.0,0.6345404386520386
0.0,0.6775519251823425
1.0,0.7134885787963867
1.0,0.6320993304252625
0.0,0.3806563913822174
1.0,0.6992886662483215
1.0,0.6837176084518433
0.0,0.33603131771087646
1.0,0.5461684465408325
1.0,0.30649372935295105
0.0,0.45037639141082764
0.0,0.5672100782394409
1.0,0.7038058638572693
0.0,0.31166762113571167
0.0,0.4836721122264862
1.0,0.7093228697776794
1.0,0.6906494498252869
0.0,0.2870434820652008
0.0,0.5353111028671265
0.0,0.7257882952690125
1.0,0.7215943336486816
0.0,0.30206888914108276
1.0,0.7235707640647888
1.0,0.7068997025489807
0.0,0.4968664348125458
0.0,0.5327073335647583
0.0,0.36654236912727356
0.0,0.43641430139541626
0.0,0.6327627301216125
1.0,0.5747849941253662
0.0,0.335184246301651
1.0,0.6977784037590027
0.0,0.47071805596351624
1.0,0.7215176820755005
1.0,0.7202233076095581
0.0,0.457250714302063
1.0,0.38021183013916016
0.0,0.5106776356697083
1.0,0.6948875784873962
1.0,0.7219111919403076
0.0,0.312458872795105
1.0,0.6260373592376709
1.0,0.7169809341430664
1.0,0.7067979574203491
0.0,0.7069122195243835
0.0,0.45483967661857605
0.0,0.4378036558628082
0.0,0.3649703860282898
0.0,0.3003748655319214
1.0,0.5866765975952148
1.0,0.7201634645462036
0.0,0.28683263063430786
1.0,0.7219882607460022
1.0,0.6245288252830505
1.0,0.5942939519882202
1.0,0.7250844836235046
0.0,0.7065761685371399
0.0,0.32628780603408813
0.0,0.6256505846977234
0.0,0.6366211771965027
1.0,0.6880074739456177
1.0,0.5991966724395752
1.0,0.5408295392990112
0.0,0.6258620619773865
0.0,0.45821279287338257
1.0,0.5623388886451721
1.0,0.643060028553009
1.0,0.5624241232872009
1.0,0.6624547839164734
1.0,0.6512904763221741
0.0,0.7244244813919067
1.0,0.3277897536754608
0.0,0.5057879090309143
1.0,0.7149326205253601
0.0,0.3934917449951172
0.0,0.37959155440330505
1.0,0.7130666971206665
1.0,0.7195550799369812
0.0,0.4524575471878052
0.0,0.3528541624546051
0.0,0.6841000318527222
0.0,0.4653266966342926
1.0,0.6958826780319214
1.0,0.4592116177082062
0.0,0.33157479763031006
0.0,0.4593427777290344
1.0,0.7076078653335571
0.0,0.6585985422134399
0.0,0.5563773512840271
0.0,0.35022175312042236
1.0,0.7274993658065796
1.0,0.7198764085769653
1.0,0.7273101806640625
1.0,0.6153080463409424
1.0,0.6696219444274902
0.0,0.6570765972137451
1.0,0.5794399380683899
1.0,0.7229004502296448
0.0,0.4135432839393616
0.0,0.4185798466205597
1.0,0.6315644979476929
1.0,0.6009512543678284
1.0,0.6934828162193298
0.0,0.360563188791275
1.0,0.6351022720336914
0.0,0.33553367853164673
0.0,0.6601132154464722
0.0,0.6215397119522095
1.0,0.7220271229743958
1.0,0.727032482624054
0.0,0.6857770085334778
0.0,0.31875109672546387
1.0,0.6469945311546326
1.0,0.7101043462753296
0.0,0.6172083020210266
0.0,0.4191858470439911
0.0,0.5594086647033691
0.0,0.6446453928947449
0.0,0.39363136887550354
0.0,0.6333103179931641
0.0,0.36074554920196533
0.0,0.7048051953315735
1.0,0.38358500599861145
0.0,0.3502459228038788
1.0,0.7040491104125977
1.0,0.5270488262176514
0.0,0.4806588292121887
0.0,0.34955886006355286
1.0,0.6954648494720459
1.0,0.7278984785079956
0.0,0.3932075500488281
0.0,0.5638970136642456
1.0,0.32395946979522705
0.0,0.5632268786430359
1.0,0.6516019105911255
0.0,0.5099189877510071
1.0,0.7111572623252869
1.0,0.7158792614936829
1.0,0.6047884225845337
1.0,0.39082905650138855
1.0,0.6236670017242432
1.0,0.7170702219009399
1.0,0.7211946845054626
0.0,0.7069003582000732
1.0,0.48502811789512634
0.0,0.38423988223075867
0.0,0.5512245297431946
0.0,0.40960097312927246
1.0,0.6732089519500732
1.0,0.7047619223594666
0.0,0.48304322361946106
1.0,0.7100151181221008
0.0,0.3779350817203522
0.0,0.718191921710968
1.0,0.7233069539070129
1.0,0.5740374326705933
0.0,0.6819298267364502
1.0,0.5069230794906616
1.0,0.46897581219673157
0.0,0.3817099332809448
0.0,0.3483140468597412
1.0,0.5620883703231812
0.0,0.6874488592147827
1.0,0.6905834078788757
0.0,0.5827403664588928
1.0,0.7094710469245911
1.0,0.6712077856063843
1.0,0.6154956817626953
1.0,0.693758487701416
1.0,0.7222551107406616
0.0,0.3323948085308075
1.0,0.7097444534301758
1.0,0.728509783744812
0.0,0.29567021131515503
0.0,0.4194815754890442
0.0,0.37302064895629883
0.0,0.5265283584594727
1.0,0.687558114528656
0.0,0.4779973030090332
0.0,0.298875093460083
1.0,0.706007182598114
1.0,0.7029351592063904
1.0,0.397381454706192
0.0,0.3355940282344818
1.0,0.4543437063694
1.0,0.5436575412750244
0.0,0.38344094157218933
1.0,0.6741872429847717
0.0,0.664094090461731
1.0,0.5237695574760437
1.0,0.39015352725982666
0.0,0.5836277008056641
0.0,0.41714245080947876
1.0,0.644867479801178
1.0,0.7238796949386597
1.0,0.7111973166465759
0.0,0.32724928855895996
1.0,0.46551990509033203
1.0,0.6915494203567505
1.0,0.7255037426948547
0.0,0.7251572608947754
1.0,0.5520935654640198
0.0,0.7117441296577454
1.0,0.7272792458534241
0.0,0.503805935382843
1.0,0.49987509846687317
1.0,0.7201250195503235
0.0,0.7121402621269226
0.0,0.667441189289093
1.0,0.6348472237586975
1.0,0.70574551820755
0.0,0.6464677453041077
0.0,0.39483487606048584
1.0,0.708842396736145
1.0,0.7269009351730347
1.0,0.678845226764679
0.0,0.5583081245422363
1.0,0.7136293053627014
1.0,0.6750423908233643
1.0,0.7138183116912842
1.0,0.6546167731285095
0.0,0.445569783449173
0.0,0.582726776599884
0.0,0.4995165467262268
1.0,0.7015256285667419
0.0,0.30365318059921265
0.0,0.5987098813056946
0.0,0.44448819756507874
1.0,0.7124464511871338
1.0,0.7056915760040283
0.0,0.5532602071762085
0.0,0.2925513982772827
0.0,0.48015454411506653
0.0,0.38447296619415283
0.0,0.4799391031265259
1.0,0.4899822473526001
1.0,0.685762345790863
0.0,0.7023270726203918
1.0,0.6871349215507507
1.0,0.5113614797592163
0.0,0.5894169807434082
1.0,0.6585652828216553
1.0,0.6447815299034119
1.0,0.724898636341095
0.0,0.3274712562561035
0.0,0.3190319538116455
1.0,0.5246515870094299
0.0,0.6370590925216675
0.0,0.3937326967716217
0.0,0.4305526912212372
0.0,0.3148821294307709
0.0,0.31498581171035767
1.0,0.4404076635837555
1.0,0.5986233949661255
0.0,0.4155285954475403
1.0,0.7114483118057251
0.0,0.3153630495071411
0.0,0.5784215331077576
0.0,0.6599729061126709
1.0,0.7169918417930603
0.0,0.5073028802871704
0.0,0.4482327699661255
1.0,0.7028521299362183
1.0,0.7256981730461121
1.0,0.7001667618751526
0.0,0.36443331837654114
1.0,0.652860164642334
1.0,0.4833605885505676
0.0,0.3540802299976349
1.0,0.46537986397743225
1.0,0.39822205901145935
1.0,0.7192973494529724
1.0,0.7167555093765259
0.0,0.43598672747612
1.0,0.5322599411010742
0.0,0.3187200129032135
1.0,0.7179680466651917
1.0,0.6876891851425171
0.0,0.5098234415054321
0.0,0.6077080368995667
0.0,0.7050979137420654
0.0,0.7113848924636841
0.0,0.41325318813323975
0.0,0.41677430272102356
1.0,0.5933764576911926
0.0,0.44458529353141785
1.0,0.6488014459609985
0.0,0.2987860441207886
1.0,0.4042402505874634
1.0,0.7217146754264832
0.0,0.6793354749679565
1.0,0.5559867024421692
0.0,0.40984824299812317
1.0,0.3859809935092926
0.0,0.6807329654693604
1.0,0.7197421789169312
0.0,0.4814891517162323
0.0,0.6789222359657288
0.0,0.7242681384086609
1.0,0.6786091923713684
0.0,0.33910617232322693
1.0,0.7261810898780823
1.0,0.68991619348526
1.0,0.686974823474884
1.0,0.7174475193023682
0.0,0.3791638910770416
0.0,0.6585791110992432
1.0,0.6614791750907898
0.0,0.7255384922027588
0.0,0.4113975465297699
1.0,0.5173338055610657
0.0,0.5462890863418579
0.0,0.4582864046096802
0.0,0.36882203817367554
0.0,0.31142571568489075
1.0,0.7288294434547424
0.0,0.6388236284255981
1.0,0.6954209804534912
1.0,0.7204152941703796
1.0,0.3813016414642334
0.0,0.6924890875816345
0.0,0.5165752172470093
0.0,0.5807071924209595
0.0,0.3292253911495209
1.0,0.699361264705658
0.0,0.6315134763717651
0.0,0.2975303530693054
0.0,0.5629841089248657
0.0,0.47172126173973083
1.0,0.684224009513855
0.0,0.7084755301475525
1.0,0.7258902192115784
0.0,0.3906437158584595
0.0,0.5170449018478394
0.0,0.6021251082420349
0.0,0.3076937794685364
0.0,0.3764883577823639
0.0,0.6719547510147095
1.0,0.6291260123252869
0.0,0.5096370577812195
1.0,0.7292368412017822
0.0,0.4504064619541168
0.0,0.4880659282207489
0.0,0.5595892667770386
0.0,0.6991319060325623
0.0,0.6825522184371948
0.0,0.39365342259407043
1.0,0.6664749383926392
0.0,0.6315346360206604
1.0,0.7041463255882263
1.0,0.5580710172653198
1.0,0.5757986307144165
0.0,0.3922264277935028
0.0,0.4246560335159302
1.0,0.5129220485687256
0.0,0.7171539664268494
1.0,0.6931537985801697
0.0,0.43212687969207764
1.0,0.6975911259651184
1.0,0.5784772038459778
1.0,0.3062134385108948
1.0,0.6507993936538696
0.0,0.7175875902175903
1.0,0.7147753238677979
1.0,0.726672887802124
1.0,0.5771734118461609
1.0,0.6241140961647034
0.0,0.6870591044425964
1.0,0.6852220892906189
0.0,0.48727384209632874
0.0,0.3205784261226654
1.0,0.7144944667816162
0.0,0.302673876285553
0.0,0.6453675627708435
0.0,0.36631834506988525
0.0,0.4578894376754761
0.0,0.32351154088974
0.0,0.29367372393608093
0.0,0.4678884744644165
0.0,0.7176029682159424
1.0,0.32470548152923584
1.0,0.7129456996917725
0.0,0.7049943804740906
0.0,0.5767727494239807
1.0,0.7204194068908691
0.0,0.6839416027069092
1.0,0.5226748585700989
1.0,0.6853039264678955
1.0,0.6828064918518066
1.0,0.692427396774292
1.0,0.5249474048614502
1.0,0.6494589447975159
0.0,0.7199558019638062
0.0,0.5075281262397766
1.0,0.6849644184112549
0.0,0.4969886541366577
0.0,0.28005194664001465
0.0,0.40016114711761475
1.0,0.7017413377761841
1.0,0.6872295141220093
0.0,0.5140004754066467
1.0,0.415998250246048
0.0,0.3300977051258087
1.0,0.603276789188385
1.0,0.7232431769371033
0.0,0.5888535976409912
0.0,0.7115985155105591
0.0,0.7026272416114807
1.0,0.7043302655220032
0.0,0.4052565097808838
1.0,0.6086716651916504
0.0,0.4125748872756958
0.0,0.2906465530395508
0.0,0.3389248847961426
0.0,0.7158696055412292
0.0,0.2915096580982208
1.0,0.4077005386352539
1.0,0.7020342350006104
1.0,0.43583235144615173
1.0,0.7256057858467102
1.0,0.7110978364944458
1.0,0.6243342757225037
0.0,0.7075506448745728
0.0,0.5591670274734497
1.0,0.7077649831771851
0.0,0.3268719017505646
1.0,0.7116758823394775
1.0,0.6917086839675903
1.0,0.5217655301094055
1.0,0.718950629234314
0.0,0.38271766901016235
0.0,0.5905666947364807
1.0,0.7210439443588257
0.0,0.5017284154891968
1.0,0.7087874412536621
1.0,0.6912667751312256
1.0,0.612324595451355
1.0,0.5481097102165222
0.0,0.587812066078186
0.0,0.5028848052024841
0.0,0.3278158903121948
1.0,0.6460983753204346
0.0,0.40006890892982483
1.0,0.7276703119277954
1.0,0.7268289923667908
1.0,0.7002622485160828
1.0,0.7272317409515381
0.0,0.5938243865966797
0.0,0.6778532862663269
1.0,0.6831942200660706
0.0,0.4080030620098114
1.0,0.35761764645576477
1.0,0.4071655869483948
0.0,0.7139520645141602
1.0,0.7263699173927307
1.0,0.7217130064964294
1.0,0.7280084490776062
1.0,0.5849400162696838
1.0,0.27671292424201965
1.0,0.6949929594993591
1.0,0.7228237986564636
1.0,0.6576908826828003
0.0,0.3089228570461273
0.0,0.4401918649673462
1.0,0.543121337890625
1.0,0.6807128190994263
0.0,0.5746825933456421
0.0,0.3849759101867676
1.0,0.6306071877479553
0.0,0.5787330865859985
0.0,0.4709744155406952
1.0,0.7057472467422485
0.0,0.6269388794898987
1.0,0.41115444898605347
0.0,0.42672422528266907
1.0,0.7217163443565369
0.0,0.5642412900924683
0.0,0.38871628046035767
0.0,0.5581910610198975
0.0,0.27422255277633667
0.0,0.6113921403884888
1.0,0.4461306929588318
0.0,0.28167277574539185
0.0,0.4371922016143799
1.0,0.6831541657447815
1.0,0.6877502799034119
0.0,0.34278005361557007
0.0,0.3864296078681946
0.0,0.5010409951210022
1.0,0.6587324738502502
1.0,0.4653933346271515
0.0,0.3226267695426941
0.0,0.41715142130851746
0.0,0.6091112494468689
0.0,0.29453641176223755
1.0,0.5180083513259888
0.0,0.6844704747200012
1.0,0.7069270014762878
0.0,0.45652177929878235
0.0,0.6733735203742981
1.0,0.7101920247077942
0.0,0.4751426875591278
1.0,0.6748453974723816
1.0,0.47841113805770874
0.0,0.5436139106750488
0.0,0.48513394594192505
1.0,0.5942485332489014
0.0,0.46818649768829346
0.0,0.33035412430763245
1.0,0.7216381430625916
0.0,0.47016316652297974
0.0,0.43280038237571716
0.0,0.315674364566803
1.0,0.5723575353622437
0.0,0.2840047776699066
1.0,0.3891950845718384
0.0,0.6579703092575073
0.0,0.45708686113357544
0.0,0.2968122065067291
1.0,0.47779834270477295
1.0,0.7225596904754639
1.0,0.6406370997428894
0.0,0.42775434255599976
1.0,0.7018213868141174
1.0,0.6160025596618652
0.0,0.4074487090110779
1.0,0.7254894375801086
0.0,0.5668318271636963
1.0,0.7223760485649109
0.0,0.2979778051376343
1.0,0.7168190479278564
0.0,0.6384177207946777
1.0,0.7261568903923035
0.0,0.5253614187240601
0.0,0.46940135955810547
0.0,0.5893887877464294
1.0,0.5785958170890808
1.0,0.7187880873680115
0.0,0.7200847268104553
1.0,0.6628344058990479
1.0,0.7120325565338135
1.0,0.6998767256736755
1.0,0.36677244305610657
1.0,0.7262003421783447
0.0,0.6921383738517761
0.0,0.7256038784980774
0.0,0.7236582040786743
0.0,0.5937533974647522
1.0,0.6807128190994263
1.0,0.6661025881767273
0.0,0.4423157274723053
0.0,0.30371326208114624
1.0,0.6616452932357788
1.0,0.7132250666618347
0.0,0.45884832739830017
1.0,0.6861386895179749
1.0,0.6850542426109314
1.0,0.7272108197212219
1.0,0.5348262786865234
0.0,0.2910762429237366
0.0,0.3698521852493286
0.0,0.5624189972877502
1.0,0.7232916951179504
0.0,0.6534972190856934
1.0,0.48807793855667114
0.0,0.49271684885025024
0.0,0.310270220041275
1.0,0.6921716928482056
0.0,0.7212705016136169
0.0,0.3545697331428528
1.0,0.6250051856040955
1.0,0.3539542555809021
0.0,0.5948741436004639
0.0,0.5504488945007324
0.0,0.47626832127571106
0.0,0.35547906160354614
1.0,0.5503402352333069
1.0,0.6281082630157471
1.0,0.5855307579040527
0.0,0.5631975531578064
1.0,0.7186169624328613
1.0,0.7271461486816406
1.0,0.6335489153862
0.0,0.46538466215133667
1.0,0.48850661516189575
0.0,0.7160671353340149
1.0,0.6748860478401184
1.0,0.6381769180297852
1.0,0.36230629682540894
0.0,0.34788742661476135
0.0,0.3873574435710907
1.0,0.7175799012184143
0.0,0.5755813717842102
0.0,0.40999725461006165
1.0,0.6615813374519348
0.0,0.4770451486110687
0.0,0.41351035237312317
0.0,0.3199313282966614
0.0,0.42573338747024536
1.0,0.6624271273612976
0.0,0.4466148614883423
0.0,0.38213127851486206
1.0,0.7215307950973511
0.0,0.3394114375114441
1.0,0.2888905704021454
0.0,0.6866891384124756
0.0,0.30901387333869934
1.0,0.5070534348487854
1.0,0.6836381554603577
0.0,0.2966262996196747
1.0,0.5244545936584473
1.0,0.6118351817131042
1.0,0.7064355611801147
1.0,0.6984184980392456
0.0,0.3441157639026642
0.0,0.7211254239082336
0.0,0.6713553667068481
1.0,0.727044939994812
1.0,0.6677614450454712
1.0,0.4949745535850525
1.0,0.7235905528068542
0.0,0.3473866879940033
1.0,0.7230229377746582
0.0,0.3338598906993866
0.0,0.45008736848831177
1.0,0.37900668382644653
0.0,0.3715808093547821
0.0,0.6285735368728638
0.0,0.6945382952690125
0.0,0.6944616436958313
0.0,0.3225940465927124
1.0,0.40579381585121155
1.0,0.5352646112442017
0.0,0.6766907572746277
0.0,0.3963155448436737
1.0,0.6877120733261108
0.0,0.6847501993179321
0.0,0.509027898311615
0.0,0.57757169008255
1.0,0.7249448299407959
1.0,0.6900326609611511
1.0,0.5812090039253235
0.0,0.6125971078872681
1.0,0.5405290126800537
0.0,0.4701555669307709
0.0,0.5576103329658508
1.0,0.7265681028366089
0.0,0.4644920825958252
1.0,0.6648116111755371
0.0,0.6873870491981506
0.0,0.6172653436660767
0.0,0.3819214403629303
0.0,0.49086901545524597
0.0,0.7087112665176392
1.0,0.6390312314033508
1.0,0.6760511994361877
1.0,0.6861668825149536
1.0,0.6581650376319885
0.0,0.2990119159221649
1.0,0.6701692938804626
1.0,0.42059236764907837
0.0,0.6241981983184814
1.0,0.7071075439453125
0.0,0.4199973940849304
1.0,0.5301170945167542
0.0,0.36702436208724976
0.0,0.6500932574272156
1.0,0.45724281668663025
1.0,0.7151812314987183
0.0,0.47936272621154785
1.0,0.5943058729171753
0.0,0.6474971771240234
0.0,0.48564639687538147
1.0,0.5077043175697327
1.0,0.6564993262290955
0.0,0.5934040546417236
1.0,0.5049288272857666
0.0,0.40183892846107483
1.0,0.6883735060691833
1.0,0.6165379285812378
0.0,0.6297109127044678
1.0,0.7255932092666626
1.0,0.6324838399887085
1.0,0.7193500399589539
0.0,0.32268956303596497
1.0,0.7192766070365906
1.0,0.7164640426635742
0.0,0.7149766683578491
1.0,0.7249492406845093
0.0,0.3259357213973999
0.0,0.4202415645122528
1.0,0.7252976298332214
1.0,0.719636857509613
1.0,0.7246802449226379
0.0,0.3850085437297821
1.0,0.7002027034759521
1.0,0.5042517185211182
1.0,0.7171469926834106
1.0,0.4137352406978607
1.0,0.7213060855865479
0.0,0.5820472240447998
1.0,0.350525438785553
0.0,0.37409868836402893
0.0,0.6175594925880432
0.0,0.5153231024742126
1.0,0.5796492099761963
0.0,0.34207817912101746
1.0,0.6066257953643799
1.0,0.5207818746566772
1.0,0.6883441805839539
0.0,0.6401203274726868
0.0,0.6129913926124573
0.0,0.4481537342071533
0.0,0.7124732136726379
1.0,0.633756697177887
0.0,0.6528653502464294
0.0,0.2933378219604492
0.0,0.5371997356414795
1.0,0.670497477054596
0.0,0.6433493494987488
0.0,0.6607643365859985
1.0,0.33004072308540344
1.0,0.6772199273109436
1.0,0.6796274185180664
1.0,0.7244016528129578
0.0,0.6635985970497131
1.0,0.4645238220691681
1.0,0.6433023810386658
0.0,0.583478569984436
1.0,0.6444966197013855
0.0,0.48012781143188477
1.0,0.6388900279998779
0.0,0.3423086106777191
1.0,0.7105922698974609
1.0,0.6279834508895874
0.0,0.4709519147872925
1.0,0.7040871977806091
0.0,0.33728861808776855
0.0,0.4056159257888794
1.0,0.7260545492172241
1.0,0.7270205616950989
1.0,0.36504584550857544
1.0,0.3831917643547058
1.0,0.7110470533370972
1.0,0.6217416524887085
1.0,0.6520509719848633
1.0,0.7201335430145264
1.0,0.5842368602752686
1.0,0.5197411179542542
0.0,0.7039564847946167
1.0,0.5949805378913879
0.0,0.4076900780200958
1.0,0.6352550983428955
0.0,0.3063785135746002
0.0,0.7169336080551147
1.0,0.43701955676078796
1.0,0.5215643048286438
1.0,0.5653794407844543
0.0,0.36983782052993774
0.0,0.5710315704345703
0.0,0.5243984460830688
1.0,0.6851141452789307
1.0,0.5401301980018616
0.0,0.4827732443809509
1.0,0.7135559916496277
1.0,0.43736782670021057
0.0,0.4888823330402374
1.0,0.5909286737442017
0.0,0.5873486995697021
0.0,0.6533677577972412
1.0,0.6073606610298157
1.0,0.7190895080566406
1.0,0.6801573038101196
0.0,0.585615873336792
0.0,0.6755847930908203
0.0,0.5183940529823303
1.0,0.6574480533599854
0.0,0.3986158072948456
0.0,0.36189115047454834
1.0,0.7285336256027222
0.0,0.46596527099609375
0.0,0.5474199652671814
1.0,0.6197708249092102
1.0,0.6142747402191162
1.0,0.5132659077644348
0.0,0.4224007725715637
0.0,0.6682446002960205
1.0,0.6483070254325867
0.0,0.7231480479240417
1.0,0.71861332654953
0.0,0.4007052779197693
1.0,0.7286145687103271
1.0,0.42061856389045715
0.0,0.3274531662464142
1.0,0.3527678847312927
1.0,0.6918430328369141
0.0,0.49252575635910034
1.0,0.4071526825428009
1.0,0.5496068596839905
1.0,0.5678104758262634
1.0,0.716623842716217
0.0,0.32179856300354004
0.0,0.3513086140155792
0.0,0.5465520620346069
1.0,0.6558902263641357
0.0,0.2886727452278137
1.0,0.7231036424636841
1.0,0.7007677555084229
1.0,0.5532614588737488
0.0,0.33183974027633667
1.0,0.5212221145629883
0.0,0.6145546436309814
0.0,0.4742729663848877
1.0,0.7202082872390747
0.0,0.47358471155166626
1.0,0.7115132212638855
1.0,0.6925878524780273
1.0,0.7245714068412781
1.0,0.7052156329154968
1.0,0.7240400314331055
0.0,0.48986735939979553
0.0,0.6226546764373779
1.0,0.7076916694641113
0.0,0.5742301344871521
0.0,0.4828631579875946
1.0,0.4566654860973358
1.0,0.7212747931480408
1.0,0.6387957334518433
1.0,0.6723288893699646
1.0,0.6403945088386536
0.0,0.6823835968971252
1.0,0.7202216386795044
1.0,0.686772346496582
0.0,0.6483446359634399
0.0,0.5254629850387573
1.0,0.6284498572349548
0.0,0.4289053976535797
1.0,0.7280292510986328
1.0,0.4891466498374939
1.0,0.27500253915786743
0.0,0.5171450972557068
1.0,0.6251813173294067
1.0,0.6546330451965332
1.0,0.521982729434967
0.0,0.47000136971473694
1.0,0.5192103385925293
0.0,0.2967478930950165
1.0,0.3632977604866028
0.0,0.7165504693984985
0.0,0.6600768566131592
0.0,0.5187535881996155
0.0,0.691614031791687
1.0,0.7275002002716064
1.0,0.712916374206543
1.0,0.6255280375480652
0.0,0.4939682185649872
1.0,0.7066690325737
0.0,0.33589968085289
0.0,0.7036596536636353
1.0,0.48482179641723633
1.0,0.4828861951828003
0.0,0.6286368370056152
1.0,0.6818246245384216
0.0,0.6505892276763916
1.0,0.7171936631202698
1.0,0.5192295908927917
1.0,0.6882300972938538
0.0,0.3036263883113861
0.0,0.44598448276519775
0.0,0.4003458321094513
0.0,0.3158273994922638
0.0,0.6846520304679871
1.0,0.6694972515106201
0.0,0.5762473344802856
1.0,0.7204211354255676
1.0,0.7243369817733765
1.0,0.7207934260368347
1.0,0.623058021068573
1.0,0.7060630917549133
1.0,0.5965954661369324
1.0,0.5585165619850159
1.0,0.7106007933616638
1.0,0.6676076054573059
0.0,0.532916247844696
1.0,0.7286542654037476
0.0,0.5150147676467896
1.0,0.7265878915786743
0.0,0.629837691783905
0.0,0.43330490589141846
0.0,0.48370710015296936
1.0,0.45723485946655273
0.0,0.4632304012775421
1.0,0.6501882672309875
0.0,0.5723507404327393
1.0,0.7206409573554993
1.0,0.7226693630218506
0.0,0.37788844108581543
1.0,0.6870425939559937
1.0,0.4840506911277771
0.0,0.486316978931427
1.0,0.7253401875495911
0.0,0.44824981689453125
1.0,0.6575164198875427
0.0,0.5708358883857727
1.0,0.705252468585968
0.0,0.6303748488426208
1.0,0.593124508857727
0.0,0.48006007075309753
1.0,0.7248397469520569
1.0,0.7138826251029968
0.0,0.5983695983886719
1.0,0.7122712731361389
1.0,0.4421648383140564
1.0,0.7129771709442139
1.0,0.7193226218223572
1.0,0.4179286062717438
0.0,0.7047229409217834
0.0,0.7282754778862
1.0,0.6731991171836853
0.0,0.3262039124965668
0.0,0.4622856676578522
0.0,0.4943331480026245
0.0,0.30350425839424133
0.0,0.27784475684165955
0.0,0.41461312770843506
1.0,0.7124267220497131
0.0,0.48346036672592163
1.0,0.6902096271514893
0.0,0.42822685837745667
0.0,0.7197228670120239
0.0,0.43975719809532166
0.0,0.47067737579345703
1.0,0.4487537145614624
1.0,0.40273216366767883
1.0,0.3194670081138611
0.0,0.7249893546104431
0.0,0.5298939943313599
0.0,0.4466457664966583
0.0,0.2813087999820709
1.0,0.7195585370063782
0.0,0.3982934057712555
0.0,0.5961371064186096
1.0,0.6490927934646606
1.0,0.6034464240074158
0.0,0.44837602972984314
0.0,0.2975965738296509
1.0,0.6659476161003113
1.0,0.30094295740127563
1.0,0.7270314693450928
1.0,0.5470967888832092
1.0,0.7247807383537292
0.0,0.4078391194343567
1.0,0.7038413286209106
1.0,0.7255663871765137
0.0,0.7084647417068481
1.0,0.4830944240093231
0.0,0.4764161705970764
0.0,0.42175179719924927
1.0,0.6927380561828613
0.0,0.41888898611068726
0.0,0.35699358582496643
1.0,0.6897074580192566
1.0,0.4176011383533478
1.0,0.6176977753639221
0.0,0.4103528559207916
0.0,0.32434746623039246
1.0,0.725866973400116
1.0,0.601222813129425
1.0,0.5395529866218567
1.0,0.5915613174438477
1.0,0.7065597772598267
1.0,0.5425112843513489
0.0,0.3234882354736328
1.0,0.7086741328239441
0.0,0.4893667995929718
0.0,0.6878861784934998
0.0,0.32196882367134094
0.0,0.3490118086338043
0.0,0.7188965082168579
0.0,0.3764805495738983
0.0,0.7239583134651184
0.0,0.6659920811653137
0.0,0.3578694760799408
0.0,0.7198470234870911
0.0,0.696882426738739
0.0,0.3477437198162079
1.0,0.6242086291313171
0.0,0.6819936633110046
1.0,0.7078742980957031
1.0,0.7107729911804199
1.0,0.4495866000652313
1.0,0.6294357180595398
0.0,0.6958407759666443
0.0,0.35028329491615295
0.0,0.37798699736595154
1.0,0.7212359309196472
0.0,0.6900708079338074
0.0,0.7243025898933411
1.0,0.6052671670913696
1.0,0.32532304525375366
1.0,0.6936450004577637
1.0,0.7245851159095764
1.0,0.7183837294578552
1.0,0.4871496558189392
0.0,0.7169228196144104
1.0,0.5392863750457764
0.0,0.33539023995399475
1.0,0.6554088592529297
1.0,0.5701051354408264
1.0,0.5244272947311401
1.0,0.6991477608680725
0.0,0.30386966466903687
1.0,0.7239801287651062
1.0,0.7034742832183838
1.0,0.32133960723876953
0.0,0.352953165769577
1.0,0.6461641788482666
0.0,0.38060787320137024
1.0,0.6960756182670593
1.0,0.7254741787910461
0.0,0.6237126588821411
1.0,0.7113243341445923
1.0,0.30992111563682556
1.0,0.7002177834510803
0.0,0.5411456227302551
0.0,0.31074365973472595
0.0,0.4428817331790924
0.0,0.46864452958106995
1.0,0.7220183610916138
0.0,0.48358845710754395
0.0,0.3291778564453125
0.0,0.47160419821739197
1.0,0.7282575368881226
1.0,0.6700809597969055
0.0,0.45548564195632935
1.0,0.7128874063491821
1.0,0.6273797154426575
1.0,0.6922948956489563
0.0,0.39378365874290466
0.0,0.33284991979599
1.0,0.36677566170692444
0.0,0.6666198372840881
1.0,0.7124659419059753
0.0,0.6934609413146973
1.0,0.5082135200500488
1.0,0.7100967168807983
1.0,0.5457751154899597
1.0,0.7019709944725037
1.0,0.7289575934410095
0.0,0.3454171121120453
0.0,0.2840711176395416
0.0,0.3767510652542114
0.0,0.2986353039741516
1.0,0.5848500728607178
1.0,0.6864777207374573
1.0,0.7245256304740906
0.0,0.590394914150238
1.0,0.7113508582115173
1.0,0.7201813459396362
0.0,0.48468017578125
1.0,0.7202119827270508
0.0,0.6810951232910156
0.0,0.47699442505836487
0.0,0.6674109101295471
0.0,0.49855002760887146
1.0,0.723503828048706
0.0,0.4084117114543915
1.0,0.6992392539978027
1.0,0.6725561022758484
0.0,0.3864607810974121
1.0,0.4136250615119934
1.0,0.43307799100875854
1.0,0.7273432612419128
0.0,0.7183787226676941
0.0,0.631847083568573
0.0,0.5383982062339783
0.0,0.7066872119903564
1.0,0.6730262637138367
0.0,0.3442953824996948
0.0,0.5653963685035706
0.0,0.542389988899231
0.0,0.5574753284454346
1.0,0.6641908288002014
0.0,0.44512656331062317
1.0,0.6630007028579712
0.0,0.38727867603302
0.0,0.4823148548603058
0.0,0.4633062481880188
1.0,0.6074410676956177
0.0,0.687497079372406
0.0,0.5599914193153381
1.0,0.7104599475860596
0.0,0.2921562194824219
0.0,0.4378117620944977
1.0,0.5839503407478333
0.0,0.36089858412742615
1.0,0.5357213616371155
1.0,0.7102753520011902
1.0,0.5836374163627625
1.0,0.6095415353775024
1.0,0.7222092151641846
1.0,0.655568540096283
0.0,0.31354156136512756
1.0,0.6526049375534058
1.0,0.6340705156326294
1.0,0.623661994934082
1.0,0.696131706237793
1.0,0.7105011940002441
0.0,0.3469126224517822
0.0,0.4975481331348419
0.0,0.32686087489128113
1.0,0.6922413110733032
1.0,0.7267016768455505
0.0,0.5304194092750549
0.0,0.6787552237510681
0.0,0.5008861422538757
0.0,0.7093852162361145
0.0,0.567527174949646
1.0,0.6948606967926025
0.0,0.7043758034706116
0.0,0.37911927700042725
0.0,0.6230827569961548
1.0,0.6424455642700195
0.0,0.48433396220207214
0.0,0.49682170152664185
1.0,0.5898013114929199
1.0,0.6221954822540283
1.0,0.5265961289405823
0.0,0.6575854420661926
0.0,0.43113476037979126
1.0,0.6366665959358215
0.0,0.7267441153526306
1.0,0.728198230266571
1.0,0.7177548408508301
0.0,0.5598352551460266
0.0,0.3204221725463867
0.0,0.4106273651123047
0.0,0.5304362177848816
1.0,0.6741513609886169
0.0,0.6209834814071655
0.0,0.6383112072944641
0.0,0.7074227929115295
1.0,0.7180046439170837
1.0,0.7163601517677307
1.0,0.3976718783378601
1.0,0.7172290682792664
1.0,0.6410164833068848
0.0,0.7174515128135681
0.0,0.29935604333877563
0.0,0.7234394550323486
0.0,0.3203897178173065
1.0,0.6977953910827637
0.0,0.33188995718955994
1.0,0.4712536931037903
0.0,0.28610265254974365
0.0,0.3858027458190918
0.0,0.6796697974205017
0.0,0.3865317106246948
0.0,0.4481050968170166
0.0,0.6627156138420105
0.0,0.3671025037765503
0.0,0.33973658084869385
1.0,0.7112123966217041
0.0,0.6463334560394287
1.0,0.35809001326560974
0.0,0.37402042746543884
1.0,0.4122643768787384
1.0,0.7170476317405701
1.0,0.7027775645256042
0.0,0.41715216636657715
1.0,0.7113640904426575
1.0,0.7189130187034607
0.0,0.6042227149009705
0.0,0.6770368218421936
0.0,0.6746711134910583
1.0,0.40045517683029175
0.0,0.6970757246017456
1.0,0.7275006175041199
1.0,0.6277399659156799
0.0,0.3944053649902344
1.0,0.5643537640571594
1.0,0.6982606649398804
0.0,0.3437443673610687
1.0,0.6890462040901184
0.0,0.38187941908836365
1.0,0.7020245790481567
0.0,0.6649714112281799
0.0,0.7152011394500732
0.0,0.5842469930648804
1.0,0.7257097959518433
1.0,0.520499587059021
1.0,0.5809513926506042
1.0,0.7090826630592346
0.0,0.5361029505729675
0.0,0.7067857384681702
0.0,0.45884498953819275
0.0,0.35177090764045715
0.0,0.5334280133247375
1.0,0.7076265215873718
1.0,0.649526059627533
0.0,0.3596131503582001
0.0,0.3934060335159302
1.0,0.7006040811538696
0.0,0.5747304558753967
0.0,0.3022666573524475
0.0,0.3550158441066742
1.0,0.6938965320587158
0.0,0.6422643065452576
0.0,0.6571895480155945
0.0,0.7064339518547058
1.0,0.7148763537406921
1.0,0.39967167377471924
1.0,0.44913724064826965
0.0,0.570266604423523
1.0,0.5640026926994324
0.0,0.3829514980316162
1.0,0.6829273104667664
0.0,0.6315100789070129
0.0,0.6218045353889465
1.0,0.5179000496864319
0.0,0.4743053615093231
1.0,0.716828465461731
0.0,0.658790647983551
1.0,0.7108177542686462
1.0,0.6180517673492432
0.0,0.41986921429634094
0.0,0.6142574548721313
1.0,0.6357923746109009
0.0,0.36237120628356934
1.0,0.6519190669059753
1.0,0.4222618639469147
0.0,0.6551417708396912
0.0,0.5048313736915588
1.0,0.660567045211792
1.0,0.7098819017410278
1.0,0.6498401165008545
0.0,0.39346441626548767
1.0,0.6894455552101135
1.0,0.6659874320030212
0.0,0.6081341505050659
1.0,0.6788119077682495
1.0,0.6853646039962769
0.0,0.7209658026695251
0.0,0.46440398693084717
1.0,0.696403443813324
1.0,0.7200567722320557
0.0,0.35288941860198975
0.0,0.34188979864120483
1.0,0.6586357951164246
0.0,0.5265295505523682
1.0,0.6847140192985535
0.0,0.32887768745422363
0.0,0.36920836567878723
0.0,0.6290379762649536
0.0,0.6553281545639038
1.0,0.649881899356842
1.0,0.7104926705360413
0.0,0.42462241649627686
1.0,0.7252047061920166
0.0,0.3724517524242401
1.0,0.7050155401229858
0.0,0.6109575629234314
1.0,0.6813961267471313
1.0,0.6468963623046875
1.0,0.7031883001327515
0.0,0.3469153642654419
1.0,0.4733010530471802
1.0,0.6734155416488647
1.0,0.6232086420059204
0.0,0.6071780323982239
0.0,0.558332622051239
0.0,0.28972530364990234
0.0,0.31142690777778625
1.0,0.651665210723877
0.0,0.30891337990760803
1.0,0.720288097858429
1.0,0.5383493304252625
1.0,0.6387879252433777
0.0,0.6536952257156372
0.0,0.47281426191329956
0.0,0.3814445436000824
1.0,0.7167674899101257
0.0,0.3885434567928314
0.0,0.7152705192565918
0.0,0.3167162537574768
1.0,0.616972804069519
0.0,0.4266650080680847
1.0,0.5347524285316467
1.0,0.7265598177909851
0.0,0.6716814637184143
1.0,0.7063745856285095
1.0,0.6773240566253662
1.0,0.7246432304382324
0.0,0.5642579793930054
1.0,0.4723408818244934
0.0,0.6125289797782898
0.0,0.7257591485977173
1.0,0.6432941555976868
0.0,0.6652955412864685
1.0,0.6780210137367249
0.0,0.7131951451301575
0.0,0.43459048867225647
0.0,0.40376853942871094
1.0,0.70540452003479
0.0,0.2892141044139862
1.0,0.721514880657196
1.0,0.6217328906059265
0.0,0.45316439867019653
1.0,0.7262314558029175
0.0,0.6279435753822327
0.0,0.4864257276058197
1.0,0.5977463722229004
0.0,0.5131961107254028
1.0,0.5619171857833862
0.0,0.3592611849308014
1.0,0.6745700836181641
1.0,0.6289713978767395
0.0,0.7250931262969971
1.0,0.7295138835906982
0.0,0.701583743095398
1.0,0.7198768854141235
0.0,0.5878791809082031
0.0,0.5562501549720764
0.0,0.67410808801651
1.0,0.7142001390457153
0.0,0.2942126989364624
0.0,0.5667258501052856
0.0,0.6919550895690918
1.0,0.7086490988731384
1.0,0.47929513454437256
0.0,0.31696829199790955
0.0,0.46720999479293823
0.0,0.3728798031806946
0.0,0.40303072333335876
0.0,0.6150539517402649
0.0,0.37214967608451843
1.0,0.6957873702049255
0.0,0.47105109691619873
1.0,0.7001053094863892
1.0,0.515711784362793
0.0,0.6987249851226807
1.0,0.7091454863548279
0.0,0.34114620089530945
1.0,0.720493495464325
0.0,0.4681873321533203
0.0,0.6729914546012878
1.0,0.5881885886192322
0.0,0.5218241214752197
0.0,0.48000332713127136
0.0,0.5441870093345642
1.0,0.6615205407142639
1.0,0.7176819443702698
0.0,0.701415479183197
1.0,0.6706392168998718
1.0,0.3128560185432434
1.0,0.6972644925117493
0.0,0.27536138892173767
0.0,0.29939529299736023
1.0,0.7160719037055969
1.0,0.6482171416282654
0.0,0.38804522156715393
1.0,0.6213922500610352
1.0,0.7039483785629272
0.0,0.3347031772136688
1.0,0.7042967081069946
0.0,0.5845221877098083
0.0,0.5540462732315063
1.0,0.4341127872467041
1.0,0.6968686580657959
1.0,0.5743685364723206
1.0,0.6184579133987427
0.0,0.6105483174324036
1.0,0.7194477915763855
1.0,0.697181224822998
1.0,0.7194952368736267
1.0,0.5984804034233093
0.0,0.2996656596660614
1.0,0.6173498034477234
1.0,0.7132288217544556
1.0,0.7192443013191223
0.0,0.39855852723121643
1.0,0.6903750896453857
1.0,0.666183590888977
1.0,0.35376879572868347
0.0,0.5877075791358948
0.0,0.292003870010376
0.0,0.7215396761894226
0.0,0.3524706959724426
0.0,0.27893930673599243
0.0,0.703450083732605
1.0,0.704917848110199
1.0,0.46676358580589294
1.0,0.6455293297767639
0.0,0.6998855471611023
0.0,0.536807119846344
0.0,0.5150119066238403
1.0,0.6858088970184326
1.0,0.39646247029304504
0.0,0.5222741961479187
1.0,0.6140338778495789
1.0,0.7104055285453796
1.0,0.6466362476348877
0.0,0.38582107424736023
1.0,0.7179543375968933
1.0,0.611467719078064
1.0,0.6908985376358032
0.0,0.3619130253791809
1.0,0.669441282749176
1.0,0.7143234014511108
0.0,0.6214393973350525
1.0,0.7080658078193665
0.0,0.47524309158325195
1.0,0.5639640688896179
1.0,0.5785766243934631
0.0,0.3157539367675781
0.0,0.3219083547592163
1.0,0.6991698741912842
0.0,0.4998117685317993
1.0,0.7142624258995056
1.0,0.7040555477142334
0.0,0.36118757724761963
0.0,0.4594866931438446
0.0,0.5065841674804688
1.0,0.7252241969108582
1.0,0.6691950559616089
0.0,0.6669666767120361
1.0,0.6906828284263611
0.0,0.4348989725112915
0.0,0.5740716457366943
1.0,0.7237889170646667
0.0,0.702629029750824
0.0,0.4756719470024109
1.0,0.5769593119621277
1.0,0.7241947650909424
0.0,0.7154237627983093
0.0,0.33817875385284424
0.0,0.589173436164856
0.0,0.32839536666870117
0.0,0.4341481029987335
0.0,0.28605642914772034
0.0,0.35609105229377747
0.0,0.4958231747150421
0.0,0.5258570909500122
0.0,0.483824223279953
0.0,0.3882681429386139
1.0,0.7155804634094238
1.0,0.6115478277206421
0.0,0.2892076075077057
0.0,0.4118403494358063
1.0,0.7173264622688293
0.0,0.3254444897174835
0.0,0.4191172420978546
0.0,0.40877532958984375
0.0,0.5276948809623718
1.0,0.6730371117591858
0.0,0.681505560874939
0.0,0.34471651911735535
1.0,0.7228997349739075
1.0,0.7264523506164551
0.0,0.37827634811401367
1.0,0.720277726650238
1.0,0.7046038508415222
0.0,0.38929513096809387
0.0,0.3254987597465515
0.0,0.39255425333976746
0.0,0.35113072395324707
0.0,0.4354817867279053
1.0,0.6474357843399048
0.0,0.7205963134765625
0.0,0.4113880395889282
0.0,0.5582508444786072
1.0,0.6761505603790283
0.0,0.3527490496635437
1.0,0.7237090468406677
1.0,0.27235567569732666
1.0,0.484264612197876
0.0,0.4116547405719757
1.0,0.6627258062362671
1.0,0.7111793756484985
0.0,0.41917192935943604
1.0,0.5314616560935974
0.0,0.38522353768348694
1.0,0.5844216346740723
0.0,0.41531315445899963
1.0,0.46947377920150757
0.0,0.7168829441070557
1.0,0.6804645657539368
1.0,0.6112332344055176
0.0,0.4920058846473694
1.0,0.37322092056274414
0.0,0.5922885537147522
0.0,0.3679603338241577
0.0,0.34664541482925415
0.0,0.4665440320968628
0.0,0.45839253067970276
1.0,0.3451114594936371
0.0,0.5878021717071533
1.0,0.5437629818916321
1.0,0.7214621901512146
0.0,0.3465059697628021
1.0,0.6711719632148743
0.0,0.5726332664489746
1.0,0.7055757641792297
0.0,0.5450208783149719
1.0,0.4998720586299896
0.0,0.6264779567718506
0.0,0.4742792844772339
1.0,0.715488851070404
0.0,0.4499708116054535
1.0,0.4241277873516083
0.0,0.6966301202774048
1.0,0.4418504536151886
0.0,0.6929917335510254
0.0,0.423956036567688
1.0,0.6304906606674194
0.0,0.29434508085250854
1.0,0.6028088331222534
1.0,0.6814017295837402
0.0,0.6743030548095703
0.0,0.5588740110397339
0.0,0.5481904149055481
1.0,0.7273973226547241
1.0,0.4990103840827942
0.0,0.38245871663093567
0.0,0.4580269455909729
1.0,0.6641021966934204
0.0,0.3340115249156952
0.0,0.6266741752624512
1.0,0.6125745177268982
0.0,0.3956621587276459
1.0,0.5704067349433899
1.0,0.6730902791023254
0.0,0.7224764823913574
1.0,0.5637643933296204
0.0,0.3973284363746643
0.0,0.34358298778533936
1.0,0.6781744360923767
1.0,0.5645667314529419
0.0,0.6921324729919434
1.0,0.5555980205535889
0.0,0.5914533734321594
1.0,0.3590955138206482
1.0,0.6207886934280396
1.0,0.6693684458732605
0.0,0.34777212142944336
0.0,0.33140942454338074
1.0,0.6745941638946533
0.0,0.5832207798957825
1.0,0.7290825247764587
1.0,0.6306203007698059
1.0,0.6988584995269775
1.0,0.3853214383125305
0.0,0.7150965929031372
0.0,0.43106839060783386
1.0,0.7183063626289368
1.0,0.7253900766372681
0.0,0.682600200176239
1.0,0.7270286083221436
1.0,0.7248238325119019
1.0,0.7225431799888611
0.0,0.4350048005580902
1.0,0.6484804153442383
0.0,0.46945852041244507
1.0,0.5804758071899414
1.0,0.7133305072784424
0.0,0.5590133666992188
0.0,0.5869724154472351
1.0,0.5938381552696228
1.0,0.5315821170806885
0.0,0.5019195079803467
1.0,0.6995591521263123
1.0,0.6954562067985535
1.0,0.7149947881698608
1.0,0.696058452129364
0.0,0.6692517399787903
0.0,0.4943069815635681
1.0,0.41124019026756287
1.0,0.7204971313476562
1.0,0.6745423078536987
1.0,0.4261837899684906
1.0,0.5064206719398499
0.0,0.3259444832801819
1.0,0.701252818107605
1.0,0.5253586173057556
0.0,0.6050053238868713
1.0,0.672917366027832
1.0,0.40349942445755005
1.0,0.6476118564605713
0.0,0.6351442933082581
1.0,0.5673378705978394
1.0,0.7188761830329895
0.0,0.3178863823413849
1.0,0.7242474555969238
1.0,0.5488379597663879
1.0,0.7209993004798889
1.0,0.6290515065193176
1.0,0.7058415412902832
1.0,0.31900525093078613
1.0,0.5260819792747498
1.0,0.650968074798584
1.0,0.7007163763046265
1.0,0.4027211666107178
1.0,0.7219216823577881
0.0,0.47489133477211
1.0,0.7183424234390259
0.0,0.4593783915042877
1.0,0.6327682137489319
0.0,0.3595365285873413
1.0,0.652873158454895
0.0,0.4749353229999542
0.0,0.36459437012672424
1.0,0.704923152923584
1.0,0.7260103225708008
0.0,0.34902673959732056
1.0,0.7084569931030273
0.0,0.6775394678115845
1.0,0.7125526666641235
1.0,0.6340631246566772
0.0,0.7167325019836426
0.0,0.6753296256065369
1.0,0.28178519010543823
0.0,0.34725216031074524
0.0,0.6803023219108582
0.0,0.5933630466461182
0.0,0.3873445689678192
1.0,0.5850143432617188
0.0,0.40962687134742737
0.0,0.5635961294174194
0.0,0.5451523661613464
0.0,0.6109549403190613
0.0,0.4699321687221527
0.0,0.4338756799697876
0.0,0.7112626433372498
1.0,0.5647069811820984
1.0,0.4865643084049225
1.0,0.7210696935653687
0.0,0.5208886861801147
0.0,0.6680129170417786
1.0,0.6538892388343811
0.0,0.6964190006256104
1.0,0.6731762290000916
1.0,0.5549880862236023
1.0,0.7295025587081909
0.0,0.3392842710018158
1.0,0.7026699185371399
1.0,0.4949517250061035
0.0,0.4486289620399475
1.0,0.7198817729949951
0.0,0.7191873788833618
1.0,0.33308732509613037
0.0,0.7139661908149719
0.0,0.29753369092941284
0.0,0.3673960268497467
0.0,0.5504320859909058
0.0,0.7086342573165894
0.0,0.35510778427124023
1.0,0.5920552611351013
1.0,0.7249547243118286
1.0,0.6529849767684937
0.0,0.6985088586807251
0.0,0.714684009552002
0.0,0.6315281987190247
0.0,0.7028131484985352
0.0,0.45542213320732117
0.0,0.722913920879364
0.0,0.358821302652359
1.0,0.724952757358551
0.0,0.6723966002464294
1.0,0.6053829193115234
0.0,0.5157192349433899
1.0,0.7103933691978455
0.0,0.6744657158851624
0.0,0.6067469716072083
1.0,0.6195805072784424
0.0,0.3131048381328583
0.0,0.4319572448730469
1.0,0.6931953430175781
1.0,0.715256929397583
1.0,0.6588797569274902
1.0,0.7273765206336975
0.0,0.6824527978897095
1.0,0.5195940136909485
0.0,0.6040428876876831
1.0,0.7071428298950195
0.0,0.4836141765117645
1.0,0.34617653489112854
0.0,0.2872031331062317
1.0,0.7110188007354736
1.0,0.634260892868042
0.0,0.36143651604652405
0.0,0.35154443979263306
1.0,0.3578086793422699
1.0,0.72297602891922
0.0,0.672014594078064
1.0,0.7145054936408997
1.0,0.3760359287261963
0.0,0.6407040953636169
1.0,0.7213826775550842
1.0,0.7124324440956116
1.0,0.6985792517662048
0.0,0.5021649599075317
1.0,0.4473227560520172
0.0,0.4247254431247711
1.0,0.6914792656898499
0.0,0.4267674684524536
0.0,0.3406022787094116
0.0,0.33305948972702026
1.0,0.6098355650901794
0.0,0.7226200699806213
1.0,0.5901217460632324
1.0,0.7161151170730591
1.0,0.3200204372406006
1.0,0.5367875099182129
0.0,0.6727535128593445
1.0,0.5343087315559387
1.0,0.5016390085220337
0.0,0.6479879021644592
1.0,0.5668468475341797
0.0,0.7257919907569885
0.0,0.4190930426120758
0.0,0.5249107480049133
0.0,0.6141358613967896
1.0,0.7216913104057312
0.0,0.4344019889831543
1.0,0.6509045362472534
1.0,0.7079579830169678
0.0,0.5612084269523621
0.0,0.6776429414749146
0.0,0.4542092978954315
1.0,0.7192736268043518
1.0,0.5534003973007202
0.0,0.29555538296699524
1.0,0.595032811164856
1.0,0.7268768548965454
0.0,0.39995506405830383
1.0,0.7177615761756897
1.0,0.5975325107574463
1.0,0.7241165041923523
0.0,0.2953983545303345
1.0,0.6926181316375732
1.0,0.5201040506362915
1.0,0.5899667143821716
1.0,0.6958330273628235
0.0,0.36673715710639954
0.0,0.3184058666229248
0.0,0.3323221504688263
1.0,0.6812275648117065
1.0,0.3122733533382416
1.0,0.6329479217529297
0.0,0.7014917731285095
1.0,0.6305601000785828
1.0,0.4954129755496979
0.0,0.31338202953338623
1.0,0.7063086032867432
0.0,0.4381468892097473
0.0,0.5567350387573242
1.0,0.5938109159469604
1.0,0.6803349852561951
0.0,0.30172017216682434
1.0,0.4754805266857147
0.0,0.4565376043319702
1.0,0.6982976794242859
0.0,0.30678069591522217
1.0,0.7247290015220642
1.0,0.7115006446838379
1.0,0.44115155935287476
0.0,0.28469881415367126
0.0,0.28098776936531067
1.0,0.42481398582458496
1.0,0.6236602067947388
1.0,0.6379305720329285
1.0,0.4955161511898041
0.0,0.32160013914108276
1.0,0.482511430978775
0.0,0.4614189863204956
1.0,0.5366712808609009
1.0,0.7217731475830078
0.0,0.46165910363197327
1.0,0.6617326140403748
1.0,0.7251655459403992
0.0,0.5780766606330872
0.0,0.4018940329551697
1.0,0.5706593990325928
1.0,0.3841315507888794
1.0,0.6325502395629883
0.0,0.5232195258140564
1.0,0.6657721400260925
0.0,0.6439735889434814
0.0,0.35185593366622925
0.0,0.3149029314517975
0.0,0.30861327052116394
0.0,0.6561601161956787
0.0,0.33850377798080444
1.0,0.7193521857261658
0.0,0.40430521965026855
0.0,0.6028791069984436
1.0,0.7223719358444214
1.0,0.6802405714988708
0.0,0.3090325593948364
1.0,0.5614799857139587
0.0,0.6824593544006348
1.0,0.5272153615951538
0.0,0.46526092290878296
1.0,0.6870425939559937
1.0,0.6862916946411133
1.0,0.40364474058151245
1.0,0.5958458781242371
1.0,0.6213914155960083
0.0,0.5040690302848816
0.0,0.3184550404548645
1.0,0.5141300559043884
0.0,0.38532647490501404
0.0,0.3216090202331543
0.0,0.3130074441432953
1.0,0.6828643083572388
0.0,0.4107834994792938
0.0,0.4482423961162567
0.0,0.7274436950683594
1.0,0.7273677587509155
0.0,0.5894750356674194
1.0,0.7117618322372437
1.0,0.678124189376831
1.0,0.5625085830688477
0.0,0.4011252820491791
0.0,0.48565375804901123
0.0,0.3847481310367584
0.0,0.4281361997127533
0.0,0.3125048279762268
1.0,0.6927087903022766
0.0,0.6304053068161011
1.0,0.29420650005340576
0.0,0.707737922668457
1.0,0.6043410301208496
0.0,0.36450231075286865
0.0,0.5385162830352783
1.0,0.7192338705062866
0.0,0.3473570644855499
1.0,0.34676340222358704
0.0,0.3155685067176819
1.0,0.6094163656234741
0.0,0.3780394196510315
1.0,0.3118456304073334
1.0,0.5453543663024902
1.0,0.7043466567993164
0.0,0.39062151312828064
0.0,0.6816961765289307
0.0,0.29297274351119995
0.0,0.3151502311229706
1.0,0.7048760652542114
0.0,0.6079980731010437
1.0,0.6636963486671448
1.0,0.6383847594261169
0.0,0.3303943872451782
1.0,0.7153232097625732
0.0,0.29634422063827515
0.0,0.6598833203315735
0.0,0.6676933765411377
0.0,0.6497538685798645
0.0,0.4494955241680145
0.0,0.29112598299980164
0.0,0.7090526223182678
1.0,0.7176603078842163
1.0,0.7027040123939514
1.0,0.7259110808372498
1.0,0.721279501914978
1.0,0.5295311212539673
1.0,0.7239565849304199
1.0,0.6695917844772339
0.0,0.5125892758369446
0.0,0.4529251158237457
1.0,0.6945656538009644
0.0,0.646441638469696
0.0,0.6475788950920105
1.0,0.5466489195823669
1.0,0.6407716274261475
1.0,0.7053247094154358
1.0,0.6246179342269897
1.0,0.6963139176368713
0.0,0.482837438583374
0.0,0.4004470407962799
1.0,0.712509274482727
1.0,0.689708411693573
0.0,0.5748469829559326
0.0,0.31035295128822327
0.0,0.6821739673614502
1.0,0.7222620248794556
0.0,0.7260030508041382
1.0,0.7193885445594788
0.0,0.4283762276172638
1.0,0.6503943800926208
0.0,0.6693247556686401
0.0,0.5269923210144043
0.0,0.4790814518928528
0.0,0.6225768327713013
0.0,0.44803568720817566
1.0,0.5060287714004517
0.0,0.4941205680370331
1.0,0.7050755023956299
0.0,0.5050383806228638
0.0,0.4300774931907654
0.0,0.3187311589717865
0.0,0.39591726660728455
0.0,0.49453118443489075
0.0,0.7228620648384094
0.0,0.47582995891571045
0.0,0.319645494222641
0.0,0.367313414812088
0.0,0.33364757895469666
0.0,0.726914644241333
0.0,0.7276716828346252
1.0,0.6887290477752686
0.0,0.7089806199073792
0.0,0.44250041246414185
0.0,0.48774129152297974
1.0,0.6749218702316284
1.0,0.5289977788925171
0.0,0.6432241797447205
0.0,0.5844601988792419
0.0,0.49494388699531555
0.0,0.3554230034351349
1.0,0.33236876130104065
1.0,0.7173989415168762
1.0,0.7257073521614075
0.0,0.5969004034996033
0.0,0.41611137986183167
1.0,0.7095656991004944
0.0,0.7238051891326904
1.0,0.643798291683197
1.0,0.5544454455375671
0.0,0.7197107076644897
0.0,0.49853479862213135
0.0,0.5622937083244324
0.0,0.7031876444816589
0.0,0.3518878221511841
1.0,0.6811501383781433
1.0,0.6005197167396545
1.0,0.6705136299133301
1.0,0.6860470175743103
1.0,0.3856074810028076
1.0,0.612414538860321
0.0,0.31528791785240173
0.0,0.7045537233352661
1.0,0.7274859547615051
0.0,0.6456875205039978
0.0,0.3640863299369812
0.0,0.3883725702762604
0.0,0.43483126163482666
1.0,0.7296227216720581
0.0,0.7203813791275024
0.0,0.3026404082775116
0.0,0.4335627257823944
0.0,0.3594655692577362
0.0,0.5832453370094299
0.0,0.36243510246276855
0.0,0.3401557505130768
1.0,0.7093565464019775
0.0,0.4786909520626068
0.0,0.5296947956085205
1.0,0.5630178451538086
0.0,0.4576534330844879
1.0,0.6893453598022461
0.0,0.37031543254852295
1.0,0.5037994980812073
1.0,0.49716633558273315
0.0,0.7160199284553528
1.0,0.5556245446205139
1.0,0.5865190625190735
0.0,0.6617817878723145
1.0,0.3509000837802887
1.0,0.6753055453300476
0.0,0.48838862776756287
1.0,0.68091881275177
0.0,0.41718730330467224
0.0,0.5960216522216797
1.0,0.7188085317611694
0.0,0.3434033989906311
0.0,0.6628819108009338
0.0,0.4471765458583832
0.0,0.32273629307746887
0.0,0.5316133499145508
1.0,0.7230529189109802
0.0,0.5543335676193237
1.0,0.7287973761558533
0.0,0.6306777000427246
1.0,0.7213793992996216
0.0,0.3725469410419464
0.0,0.463931143283844
1.0,0.7115584015846252
0.0,0.504651665687561
0.0,0.38035455346107483
0.0,0.612084150314331
0.0,0.4954610764980316
0.0,0.7269876599311829
1.0,0.719867467880249
0.0,0.5901062488555908
1.0,0.5322120189666748
0.0,0.6688408851623535
0.0,0.42644941806793213
1.0,0.6411563754081726
0.0,0.49024835228919983
0.0,0.5121440887451172
0.0,0.45490458607673645
1.0,0.7096100449562073
1.0,0.7265924215316772
1.0,0.6637132167816162
1.0,0.6852657198905945
0.0,0.3835453689098358
0.0,0.421329528093338
1.0,0.663239598274231
1.0,0.604956865310669
1.0,0.6678622961044312
0.0,0.35974231362342834
1.0,0.6603885293006897
0.0,0.36440959572792053
0.0,0.35431969165802
1.0,0.7246023416519165
0.0,0.5792791247367859
0.0,0.46926796436309814
1.0,0.4527410864830017
1.0,0.46119603514671326
1.0,0.7291349172592163
1.0,0.714875340461731
1.0,0.6216269135475159
1.0,0.7073290348052979
1.0,0.3494724929332733
0.0,0.28667333722114563
0.0,0.641720712184906
1.0,0.7236615419387817
0.0,0.34841400384902954
0.0,0.673386812210083
1.0,0.6802636384963989
1.0,0.7232334017753601
0.0,0.408429354429245
1.0,0.6311866641044617
1.0,0.34002453088760376
0.0,0.5452797412872314
1.0,0.6271336674690247
0.0,0.3356664478778839
1.0,0.7138174772262573
0.0,0.43844616413116455
1.0,0.565890371799469
0.0,0.5536930561065674
1.0,0.6938055753707886
0.0,0.4275231659412384
1.0,0.7060391902923584
0.0,0.3501383662223816
0.0,0.5294901132583618
1.0,0.6777699589729309
1.0,0.6062237024307251
1.0,0.7006452083587646
1.0,0.5458297729492188
0.0,0.6386690735816956
1.0,0.7087621092796326
1.0,0.7286025285720825
1.0,0.27933967113494873
0.0,0.6532630920410156
1.0,0.7025304436683655
0.0,0.7173972725868225
1.0,0.6900585293769836
0.0,0.3204924166202545
1.0,0.5435150265693665
0.0,0.5392475128173828
1.0,0.6690537333488464
1.0,0.5525268912315369
0.0,0.35023462772369385
0.0,0.6684849858283997
1.0,0.6607486009597778
1.0,0.34412097930908203
0.0,0.6299704313278198
0.0,0.2769697308540344
1.0,0.7113234996795654
1.0,0.6711841225624084
0.0,0.5324229598045349
0.0,0.45301610231399536
0.0,0.5745362043380737
0.0,0.35798415541648865
1.0,0.5075615048408508
0.0,0.7155178189277649
0.0,0.5717300772666931
0.0,0.3137911558151245
0.0,0.6657090187072754
0.0,0.6796088218688965
1.0,0.3783234655857086
1.0,0.458414226770401
0.0,0.6557177901268005
1.0,0.48075243830680847
1.0,0.6277511715888977
1.0,0.6343080401420593
1.0,0.32529306411743164
0.0,0.45511677861213684
0.0,0.5966386198997498
0.0,0.39935925602912903
0.0,0.4034905433654785
1.0,0.6271583437919617
1.0,0.6000264883041382
1.0,0.5490251779556274
1.0,0.45291680097579956
1.0,0.6811627745628357
1.0,0.5594574213027954
0.0,0.6092693209648132
1.0,0.42105093598365784
1.0,0.5725905299186707
1.0,0.644923746585846
0.0,0.5716631412506104
1.0,0.34761133790016174
1.0,0.7122495174407959
0.0,0.6269897818565369
1.0,0.5825475454330444
1.0,0.7172067761421204
1.0,0.7181844115257263
1.0,0.7247320413589478
1.0,0.6623661518096924
0.0,0.45566654205322266
1.0,0.6759205460548401
1.0,0.6529282331466675
1.0,0.6798338890075684
0.0,0.3533228039741516
1.0,0.6154630780220032
0.0,0.3535699248313904
0.0,0.6087992787361145
1.0,0.7221089005470276
0.0,0.42569053173065186
1.0,0.6928228735923767
1.0,0.7242417931556702
0.0,0.35241493582725525
1.0,0.7219694256782532
0.0,0.7233301997184753
0.0,0.34452247619628906
0.0,0.6826968789100647
1.0,0.6011853218078613
0.0,0.41426247358322144
0.0,0.4265255630016327
1.0,0.6730899810791016
0.0,0.4254591464996338
1.0,0.6594913005828857
1.0,0.6956321001052856
0.0,0.6347416639328003
0.0,0.5826796889305115
1.0,0.3636162579059601
0.0,0.32250750064849854
1.0,0.7033277153968811
1.0,0.6398890614509583
1.0,0.6885305643081665
0.0,0.43855398893356323
1.0,0.47141048312187195
1.0,0.4461718797683716
1.0,0.699497640132904
1.0,0.7108898758888245
1.0,0.7032456398010254
0.0,0.2970660328865051
0.0,0.645163893699646
1.0,0.6334989070892334
1.0,0.7239280343055725
0.0,0.33689767122268677
0.0,0.6060219407081604
0.0,0.6993602514266968
1.0,0.7010819315910339
0.0,0.6756116151809692
0.0,0.6441401839256287
1.0,0.714168131351471
0.0,0.33576488494873047
1.0,0.6544298529624939
1.0,0.6649723052978516
0.0,0.6768454909324646
0.0,0.6619495153427124
1.0,0.7241750359535217
1.0,0.7233172655105591
1.0,0.6912625432014465
0.0,0.44485458731651306
1.0,0.7184739708900452
0.0,0.4036659598350525
0.0,0.5720235705375671
0.0,0.4343014061450958
0.0,0.3965294659137726
1.0,0.7267330884933472
1.0,0.63441002368927
0.0,0.6279698014259338
0.0,0.4807141423225403
1.0,0.6471999287605286
0.0,0.4209941029548645
0.0,0.32879510521888733
1.0,0.43261513113975525
0.0,0.32880035042762756
1.0,0.7063585519790649
0.0,0.6952741742134094
0.0,0.36927109956741333
0.0,0.6149367094039917
0.0,0.36048364639282227
1.0,0.7224636673927307
0.0,0.40468722581863403
1.0,0.6406028866767883
0.0,0.43259772658348083
1.0,0.4189274311065674
1.0,0.7197447419166565
1.0,0.3102182149887085
1.0,0.5366211533546448
0.0,0.3775923252105713
0.0,0.297323614358902
0.0,0.28939908742904663
1.0,0.6919364929199219
1.0,0.521217942237854
0.0,0.5082863569259644
0.0,0.4759949743747711
1.0,0.6855313181877136
1.0,0.49581179022789
0.0,0.6042428016662598
1.0,0.7173386812210083
1.0,0.6860410571098328
1.0,0.44076311588287354
1.0,0.27782976627349854
1.0,0.7060734033584595
1.0,0.6747671961784363
0.0,0.5214883089065552
0.0,0.38571035861968994
0.0,0.6466421484947205
1.0,0.6449406147003174
1.0,0.7265762686729431
1.0,0.7236852645874023
0.0,0.3418899476528168
0.0,0.6238859295845032
1.0,0.6884598731994629
0.0,0.4114176332950592
1.0,0.5680718421936035
1.0,0.6928309202194214
1.0,0.657957911491394
1.0,0.7092818021774292
0.0,0.6575415730476379
0.0,0.5973743796348572
0.0,0.5532839894294739
1.0,0.5624871850013733
0.0,0.6826177835464478
1.0,0.7212709784507751
1.0,0.7097464203834534
0.0,0.7073906660079956
0.0,0.29397401213645935
0.0,0.6732171773910522
0.0,0.5023083686828613
0.0,0.597874104976654
1.0,0.7216976881027222
1.0,0.6245913505554199
0.0,0.39934617280960083
0.0,0.3186630308628082
1.0,0.5651375651359558
1.0,0.6353096961975098
1.0,0.6610239148139954
0.0,0.6725703477859497
0.0,0.5138760805130005
0.0,0.7049401998519897
0.0,0.40523141622543335
1.0,0.7232424020767212
0.0,0.5738991498947144
1.0,0.6983664035797119
1.0,0.5323141813278198
1.0,0.4402404725551605
1.0,0.6433085203170776
0.0,0.4535439908504486
0.0,0.7208191752433777
0.0,0.30066752433776855
0.0,0.42177996039390564
1.0,0.6390501260757446
1.0,0.7005898356437683
0.0,0.3252362906932831
1.0,0.6177206635475159
1.0,0.5038714408874512
0.0,0.46235179901123047
1.0,0.6727168560028076
1.0,0.7066705226898193
1.0,0.719542384147644
1.0,0.7259972095489502
0.0,0.5047764182090759
0.0,0.3080415427684784
1.0,0.7099876403808594
0.0,0.7035786509513855
0.0,0.6909040808677673
0.0,0.4403006434440613
0.0,0.6171882748603821
0.0,0.5430703163146973
1.0,0.614595890045166
1.0,0.7169054746627808
0.0,0.4588964581489563
1.0,0.4666787385940552
1.0,0.6791951656341553
1.0,0.6183841824531555
0.0,0.29985353350639343
1.0,0.7220163345336914
0.0,0.32636603713035583
0.0,0.49926328659057617
1.0,0.6034271121025085
0.0,0.4103010296821594
1.0,0.6802764534950256
0.0,0.6531561613082886
1.0,0.688747227191925
1.0,0.7200228571891785
0.0,0.3347882926464081
0.0,0.706688642501831
0.0,0.43418675661087036
0.0,0.4902050197124481
1.0,0.7186678647994995
0.0,0.3694084882736206
0.0,0.6142357587814331
1.0,0.4007304310798645
1.0,0.656370222568512
0.0,0.37609463930130005
0.0,0.44697296619415283
0.0,0.38448888063430786
0.0,0.7227193713188171
1.0,0.5720060467720032
0.0,0.3962058126926422
0.0,0.36005014181137085
0.0,0.3441939353942871
1.0,0.7262381911277771
1.0,0.5205010771751404
1.0,0.6692301630973816
0.0,0.6558669805526733
0.0,0.5523990988731384
1.0,0.718212366104126
0.0,0.36861732602119446
1.0,0.6987511515617371
0.0,0.6506789326667786
0.0,0.4723365902900696
0.0,0.4621346592903137
0.0,0.45700955390930176
0.0,0.30222517251968384
0.0,0.5590912103652954
0.0,0.3362334072589874
0.0,0.6300118565559387
1.0,0.47703734040260315
1.0,0.3206055462360382
0.0,0.5550409555435181
0.0,0.6918988823890686
1.0,0.7256526947021484
0.0,0.28810885548591614
0.0,0.7108744382858276
0.0,0.338660329580307
0.0,0.39332324266433716
0.0,0.601127564907074
1.0,0.6333432793617249
0.0,0.4563039541244507
1.0,0.6731359362602234
0.0,0.5208612680435181
1.0,0.7181890606880188
1.0,0.7099328637123108
0.0,0.5983660817146301
1.0,0.6354109644889832
1.0,0.48743805289268494
0.0,0.3840996026992798
0.0,0.47344642877578735
1.0,0.4236510694026947
0.0,0.3160710632801056
0.0,0.345242977142334
0.0,0.5630431175231934
1.0,0.3091990649700165
1.0,0.7248097062110901
1.0,0.7275972366333008
0.0,0.6023321151733398
0.0,0.5641434192657471
0.0,0.6147575974464417
1.0,0.6526931524276733
1.0,0.514107346534729
1.0,0.7117491960525513
0.0,0.68365877866745
1.0,0.7241275310516357
0.0,0.5609274506568909
1.0,0.7226575016975403
1.0,0.35535067319869995
1.0,0.6034001708030701
1.0,0.6456393599510193
1.0,0.7166319489479065
1.0,0.7190007567405701
1.0,0.31814005970954895
1.0,0.7252523303031921
0.0,0.3248422145843506
0.0,0.7196061611175537
0.0,0.44465693831443787
0.0,0.500788688659668
1.0,0.7160437703132629
0.0,0.4749143719673157
1.0,0.6106817722320557
0.0,0.3056178390979767
0.0,0.32937777042388916
1.0,0.7060607671737671
1.0,0.6995418071746826
1.0,0.6500560641288757
1.0,0.3754093050956726
1.0,0.7119593024253845
1.0,0.5086420178413391
1.0,0.7196594476699829
0.0,0.4335397779941559
1.0,0.561125636100769
1.0,0.5639106035232544
1.0,0.6550849676132202
0.0,0.5539882779121399
1.0,0.5269014239311218
1.0,0.6741072535514832
1.0,0.457891047000885
1.0,0.6101120114326477
0.0,0.36591842770576477
1.0,0.7275850772857666
0.0,0.6738854050636292
1.0,0.7028509974479675
1.0,0.7275007963180542
0.0,0.5602348446846008
1.0,0.27682727575302124
1.0,0.5457752346992493
0.0,0.3082098960876465
1.0,0.6553462743759155
1.0,0.43143540620803833
1.0,0.711103618144989
1.0,0.3618675470352173
1.0,0.6274679899215698
1.0,0.6801194548606873
1.0,0.7100721597671509
1.0,0.6723682284355164
1.0,0.7185373902320862
0.0,0.5024958252906799
0.0,0.5939604640007019
0.0,0.519576907157898
1.0,0.7128968834877014
0.0,0.27569806575775146
1.0,0.719467043876648
1.0,0.7211833000183105
1.0,0.6243252158164978
1.0,0.6562049388885498
0.0,0.40628910064697266
0.0,0.3973439633846283
1.0,0.6728804707527161
1.0,0.6245908737182617
1.0,0.6571100950241089
0.0,0.6868464350700378
1.0,0.6860251426696777
1.0,0.41273006796836853
1.0,0.7105385661125183
0.0,0.5898680686950684
0.0,0.3509502410888672
1.0,0.7037643194198608
1.0,0.7225990295410156
1.0,0.34008729457855225
1.0,0.7007587552070618
1.0,0.4819592237472534
1.0,0.3278045058250427
1.0,0.6172420382499695
1.0,0.7225659489631653
0.0,0.5753585696220398
0.0,0.451996773481369
1.0,0.4945927858352661
0.0,0.3377164602279663
1.0,0.718264102935791
0.0,0.6748380661010742
0.0,0.5233527421951294
0.0,0.3163522779941559
1.0,0.5273091793060303
0.0,0.38874831795692444
1.0,0.45016157627105713
0.0,0.6213683485984802
1.0,0.45774903893470764
1.0,0.6900632977485657
0.0,0.5143731236457825
1.0,0.7255070209503174
1.0,0.7251038551330566
1.0,0.7260993123054504
0.0,0.6428154706954956
1.0,0.3781413733959198
0.0,0.6770322322845459
0.0,0.4603710472583771
1.0,0.6583428978919983
0.0,0.6290156245231628
1.0,0.37689223885536194
1.0,0.6813201308250427
0.0,0.7238919734954834
1.0,0.3722706437110901
1.0,0.7266482710838318
0.0,0.5594401359558105
0.0,0.5796344876289368
1.0,0.6787185072898865
1.0,0.5388435125350952
1.0,0.7010055184364319
0.0,0.30248260498046875
1.0,0.7194080948829651
0.0,0.314198762178421
1.0,0.5220402479171753
1.0,0.6933661103248596
1.0,0.6779381036758423
1.0,0.7172307372093201
0.0,0.6922703981399536
0.0,0.2877427339553833
1.0,0.6433728933334351
1.0,0.7086809873580933
0.0,0.462014764547348
0.0,0.30491724610328674
1.0,0.6935831904411316
1.0,0.6551012396812439
1.0,0.7175369262695312
1.0,0.7220429182052612
1.0,0.5737439393997192
0.0,0.7183617949485779
0.0,0.3461622893810272
0.0,0.3816326856613159
1.0,0.3311598300933838
0.0,0.29182493686676025
1.0,0.7008551359176636
0.0,0.4454076886177063
1.0,0.689048171043396
1.0,0.6907382011413574
0.0,0.4220188856124878
0.0,0.5523770451545715
0.0,0.2961912453174591
0.0,0.5343608856201172
1.0,0.705414354801178
1.0,0.637965202331543
1.0,0.6619055271148682
0.0,0.6275268197059631
0.0,0.6711890697479248
1.0,0.6407098174095154
0.0,0.5331175327301025
0.0,0.5329105854034424
0.0,0.5051001906394958
0.0,0.28924813866615295
1.0,0.6679673790931702
0.0,0.3878459930419922
0.0,0.7266274094581604
1.0,0.5529696941375732
1.0,0.6678027510643005
0.0,0.5306433439254761
1.0,0.7260369658470154
0.0,0.39270737767219543
1.0,0.7031695246696472
1.0,0.6229888200759888
1.0,0.7196353077888489
1.0,0.5790114402770996
0.0,0.6955256462097168
1.0,0.4568887948989868
0.0,0.40933266282081604
0.0,0.5804250836372375
1.0,0.30692994594573975
1.0,0.6067758202552795
1.0,0.7068729400634766
1.0,0.6317391991615295
1.0,0.7146234512329102
1.0,0.7218595743179321
1.0,0.7070297598838806
1.0,0.7280484437942505
1.0,0.3190396726131439
1.0,0.6352830529212952
1.0,0.648070216178894
1.0,0.6651090383529663
0.0,0.6074839234352112
1.0,0.40752267837524414
1.0,0.7280278205871582
0.0,0.4068771302700043
1.0,0.5688990354537964
0.0,0.5655601024627686
0.0,0.5160285830497742
1.0,0.5934683680534363
0.0,0.6858272552490234
1.0,0.7240599393844604
1.0,0.5433359146118164
0.0,0.4305919110774994
0.0,0.3388860523700714
0.0,0.3531324565410614
1.0,0.6816533803939819
0.0,0.3274158239364624
1.0,0.5857158303260803
0.0,0.39794841408729553
0.0,0.6682669520378113
0.0,0.6126914024353027
1.0,0.7154642343521118
1.0,0.6891660094261169
1.0,0.6308962106704712
0.0,0.6629145741462708
1.0,0.4640410244464874
0.0,0.5367275476455688
1.0,0.5271620154380798
1.0,0.7172933220863342
0.0,0.5686551928520203
1.0,0.698688805103302
0.0,0.5873235464096069
1.0,0.2984554171562195
0.0,0.709461510181427
0.0,0.379365473985672
1.0,0.6232889294624329
1.0,0.7153738141059875
1.0,0.6854150295257568
1.0,0.7205425500869751
0.0,0.6931608319282532
0.0,0.7127630114555359
0.0,0.3463803231716156
1.0,0.6838016510009766
1.0,0.42403876781463623
0.0,0.4886828064918518
0.0,0.4218440353870392
0.0,0.5861307382583618
1.0,0.5578283071517944
0.0,0.61170893907547
0.0,0.6829387545585632
0.0,0.7241339087486267
1.0,0.5240294933319092
1.0,0.4627924859523773
1.0,0.33863765001296997
1.0,0.4223913550376892
0.0,0.3314690589904785
1.0,0.6630756855010986
1.0,0.6970486044883728
0.0,0.34530186653137207
0.0,0.38532930612564087
0.0,0.3138231635093689
0.0,0.666797935962677
0.0,0.33605140447616577
0.0,0.38530027866363525
0.0,0.6260720491409302
0.0,0.43843168020248413
1.0,0.5302445292472839
1.0,0.5988542437553406
1.0,0.7258138656616211
1.0,0.7236868739128113
0.0,0.5418294072151184
1.0,0.6825149059295654
0.0,0.41065576672554016
0.0,0.672014594078064
0.0,0.6917880177497864
0.0,0.5017380118370056
0.0,0.31564825773239136
0.0,0.6233856678009033
1.0,0.7130943536758423
1.0,0.3522859513759613
1.0,0.5377506017684937
1.0,0.5889557600021362
1.0,0.4259769916534424
0.0,0.4167822003364563
1.0,0.7149054408073425
1.0,0.6644578576087952
0.0,0.42679327726364136
1.0,0.5301397442817688
1.0,0.7192707061767578
0.0,0.4831584095954895
0.0,0.351838618516922
1.0,0.7209042906761169
1.0,0.7238679528236389
0.0,0.3229379951953888
1.0,0.7213492393493652
1.0,0.6955457925796509
0.0,0.5525838136672974
1.0,0.660658597946167
1.0,0.6113764047622681
1.0,0.7164293527603149
0.0,0.4815423786640167
1.0,0.6245149374008179
1.0,0.6139591336250305
0.0,0.6182470321655273
1.0,0.6036751866340637
1.0,0.7180666327476501
1.0,0.6572582721710205
0.0,0.6573508381843567
0.0,0.379555881023407
0.0,0.39213669300079346
1.0,0.6017245054244995
1.0,0.6939576864242554
1.0,0.6792352199554443
1.0,0.6911429762840271
0.0,0.48239174485206604
0.0,0.4916858971118927
0.0,0.39863404631614685
0.0,0.3324221968650818
0.0,0.4593118131160736
1.0,0.632251501083374
0.0,0.5130775570869446
0.0,0.6832898855209351
0.0,0.39463281631469727
0.0,0.6288456320762634
1.0,0.47020047903060913
0.0,0.6212840676307678
0.0,0.6080686450004578
0.0,0.41697052121162415
1.0,0.7220584750175476
1.0,0.7201224565505981
0.0,0.6226751208305359
1.0,0.721458375453949
0.0,0.6176842451095581
0.0,0.48547062277793884
1.0,0.3870786726474762
1.0,0.6738407015800476
1.0,0.7203060388565063
1.0,0.27656352519989014
0.0,0.5379002690315247
1.0,0.5705602765083313
1.0,0.6940935850143433
1.0,0.7221009135246277
0.0,0.6040492057800293
1.0,0.6755793690681458
0.0,0.31966686248779297
0.0,0.4210573732852936
1.0,0.6226747035980225
0.0,0.7090073823928833
0.0,0.36578622460365295
0.0,0.4612545073032379
1.0,0.7023286819458008
1.0,0.49721384048461914
0.0,0.32603126764297485
0.0,0.3562107980251312
1.0,0.7037972807884216
0.0,0.7169256210327148
1.0,0.7274710536003113
0.0,0.3565288782119751
0.0,0.400213360786438
1.0,0.68077152967453
0.0,0.3343813419342041
1.0,0.3947508931159973
0.0,0.5717343688011169
1.0,0.6909803152084351
1.0,0.7115985751152039
1.0,0.6248461604118347
0.0,0.3917935788631439
1.0,0.7266179323196411
0.0,0.4501965641975403
0.0,0.6694827079772949
1.0,0.7207828760147095
1.0,0.6726757287979126
1.0,0.5698781609535217
1.0,0.44700583815574646
0.0,0.2941325008869171
1.0,0.6206059455871582
0.0,0.49489161372184753
1.0,0.7215511202812195
0.0,0.3790225088596344
0.0,0.654348611831665
0.0,0.7161173820495605
1.0,0.4616737365722656
0.0,0.29673388600349426
1.0,0.7106332182884216
1.0,0.7209963798522949
0.0,0.2988738417625427
1.0,0.7185889482498169
0.0,0.39724212884902954
1.0,0.6816025376319885
1.0,0.5113064646720886
0.0,0.4938107430934906
0.0,0.42794129252433777
1.0,0.6403204202651978
0.0,0.3023625910282135
1.0,0.62725430727005
0.0,0.4852653741836548
1.0,0.6973852515220642
0.0,0.5455213785171509
1.0,0.6156277060508728
0.0,0.4249073565006256
1.0,0.7218157649040222
0.0,0.582694947719574
0.0,0.5188069343566895
1.0,0.7268878221511841
0.0,0.3975265622138977
0.0,0.5525804758071899
1.0,0.4833499491214752
0.0,0.4791605472564697
0.0,0.6922169327735901
1.0,0.6481300592422485
0.0,0.2875664234161377
0.0,0.302699476480484
0.0,0.6883084177970886
1.0,0.7111418843269348
0.0,0.3524095118045807
0.0,0.40014904737472534
0.0,0.3675353527069092
1.0,0.5681719183921814
1.0,0.6560038328170776
0.0,0.39593765139579773
0.0,0.4988381564617157
1.0,0.7148669958114624
1.0,0.6062880158424377
0.0,0.720535933971405
1.0,0.6305679678916931
0.0,0.3479989469051361
0.0,0.58868008852005
1.0,0.594340980052948
0.0,0.40021878480911255
1.0,0.6022005677223206
0.0,0.7081682085990906
0.0,0.5112596154212952
1.0,0.6061870455741882
0.0,0.5834482908248901
0.0,0.3764193654060364
1.0,0.6990297436714172
1.0,0.7278537154197693
0.0,0.7272065281867981
1.0,0.7095056772232056
1.0,0.5226030349731445
0.0,0.29629528522491455
0.0,0.3260931372642517
0.0,0.3176018297672272
0.0,0.36579906940460205
0.0,0.5026215314865112
0.0,0.31964239478111267
1.0,0.7261638045310974
1.0,0.6940536499023438
0.0,0.3323970139026642
0.0,0.3000894784927368
0.0,0.3457222878932953
0.0,0.6992170214653015
0.0,0.5711392164230347
1.0,0.7167603373527527
0.0,0.3512202799320221
0.0,0.38327381014823914
1.0,0.7221158742904663
1.0,0.6572737097740173
1.0,0.5763325691223145
1.0,0.6703773140907288
0.0,0.4786638617515564
1.0,0.7043753862380981
1.0,0.6041902303695679
0.0,0.36783021688461304
1.0,0.6306104063987732
1.0,0.48108771443367004
0.0,0.3142631947994232
0.0,0.41276681423187256
1.0,0.712250828742981
1.0,0.7163718342781067
1.0,0.7076274752616882
0.0,0.29008737206459045
0.0,0.6105461716651917
0.0,0.4673507809638977
0.0,0.6292556524276733
1.0,0.5644550323486328
1.0,0.7246760725975037
0.0,0.6495252251625061
1.0,0.6966228485107422
1.0,0.316908061504364
1.0,0.308300256729126
1.0,0.5232000350952148
1.0,0.6667612791061401
1.0,0.6770311594009399
0.0,0.40223783254623413
0.0,0.3216490149497986
0.0,0.7264675498008728
1.0,0.722571074962616
0.0,0.6873864531517029
1.0,0.6576075553894043
0.0,0.300504595041275
0.0,0.6752456426620483
0.0,0.3201790452003479
0.0,0.45162999629974365
1.0,0.7207735776901245
1.0,0.6827845573425293
0.0,0.49589234590530396
1.0,0.7047379016876221
0.0,0.5329343676567078
0.0,0.4332386553287506
0.0,0.7178971171379089
1.0,0.6808508634567261
1.0,0.6411799788475037
0.0,0.38539716601371765
0.0,0.629925012588501
0.0,0.6303159594535828
0.0,0.674992024898529
1.0,0.7159515619277954
0.0,0.3934139609336853
0.0,0.3842531740665436
0.0,0.2878504991531372
0.0,0.5819007158279419
1.0,0.7226389050483704
1.0,0.47142574191093445
1.0,0.7210797071456909
0.0,0.3573285937309265
0.0,0.353959858417511
1.0,0.443073034286499
0.0,0.609654426574707
1.0,0.6848832964897156
1.0,0.721161961555481
0.0,0.45072823762893677
0.0,0.3465210199356079
0.0,0.5788265466690063
1.0,0.698877215385437
1.0,0.7041678428649902
0.0,0.41173797845840454
1.0,0.7273789048194885
1.0,0.7236152291297913
1.0,0.7252463102340698
0.0,0.28561264276504517
0.0,0.6292363405227661
1.0,0.6456659436225891
1.0,0.637009859085083
1.0,0.5013736486434937
0.0,0.5924674272537231
0.0,0.3286859691143036
0.0,0.4242687225341797
0.0,0.3632979691028595
1.0,0.7105163335800171
1.0,0.6680948734283447
1.0,0.7175136208534241
0.0,0.706367552280426
0.0,0.37897828221321106
1.0,0.3152884840965271
0.0,0.3214498460292816
1.0,0.6950289011001587
0.0,0.32846343517303467
1.0,0.702866792678833
0.0,0.34937095642089844
1.0,0.3928704559803009
1.0,0.6248244047164917
0.0,0.5159087777137756
1.0,0.5669687986373901
0.0,0.5212177634239197
1.0,0.7197183966636658
1.0,0.7172286510467529
0.0,0.4831012189388275
1.0,0.6215500831604004
1.0,0.6047571897506714
0.0,0.6843598484992981
1.0,0.421247273683548
1.0,0.6340858340263367
0.0,0.2812046706676483
0.0,0.5179941654205322
1.0,0.6952759027481079
0.0,0.49815833568573
1.0,0.7174489498138428
1.0,0.7256624102592468
1.0,0.7243120074272156
0.0,0.40196919441223145
0.0,0.7180140018463135
1.0,0.6055639982223511
0.0,0.4183702766895294
1.0,0.725714921951294
0.0,0.3846094608306885
0.0,0.3779306411743164
0.0,0.3772274851799011
1.0,0.7182582020759583
1.0,0.7222974300384521
0.0,0.3233172297477722
1.0,0.7273477911949158
1.0,0.36643004417419434
1.0,0.6943707466125488
1.0,0.7032834887504578
0.0,0.557741105556488
0.0,0.35775524377822876
0.0,0.3989972770214081
0.0,0.4860784709453583
0.0,0.4049733877182007
1.0,0.6657944321632385
0.0,0.46031907200813293
1.0,0.352160781621933
1.0,0.7058116793632507
0.0,0.3927834928035736
0.0,0.5260922908782959
1.0,0.5963051915168762
0.0,0.6935722231864929
0.0,0.34126096963882446
1.0,0.7254567742347717
1.0,0.6306489109992981
0.0,0.6886773109436035
1.0,0.6288363337516785
1.0,0.5818300247192383
0.0,0.47170180082321167
0.0,0.44752228260040283
1.0,0.6917606592178345
1.0,0.7142797708511353
1.0,0.5237070322036743
0.0,0.6258752346038818
0.0,0.35103854537010193
1.0,0.6875634789466858
1.0,0.3904634714126587
1.0,0.6982460021972656
1.0,0.5968480706214905
0.0,0.7116220593452454
1.0,0.6945101618766785
0.0,0.38542595505714417
0.0,0.3661000728607178
1.0,0.49083295464515686
0.0,0.3161282241344452
1.0,0.5597456097602844
0.0,0.42254847288131714
0.0,0.7157320976257324
1.0,0.3766325116157532
1.0,0.6514453291893005
1.0,0.6682602763175964
0.0,0.3405124843120575
0.0,0.6223086714744568
0.0,0.3836522102355957
1.0,0.29769688844680786
0.0,0.3724060356616974
1.0,0.6024590134620667
1.0,0.7223562002182007
0.0,0.4881761968135834
1.0,0.7267716526985168
0.0,0.33759403228759766
1.0,0.7271618247032166
0.0,0.7035738229751587
1.0,0.6783726215362549
1.0,0.6741473078727722
0.0,0.6330754160881042
1.0,0.7260015606880188
0.0,0.4030343294143677
1.0,0.37507164478302
1.0,0.6602898240089417
0.0,0.42298176884651184
1.0,0.7223735451698303
0.0,0.6245490312576294
0.0,0.6882892847061157
1.0,0.5421472191810608
1.0,0.5197237133979797
1.0,0.647810161113739
1.0,0.7240145802497864
0.0,0.321776807308197
0.0,0.6490545272827148
1.0,0.5590171217918396
1.0,0.7231963872909546
1.0,0.7175536155700684
0.0,0.4460133910179138
0.0,0.6323432326316833
0.0,0.4593116044998169
0.0,0.41937336325645447
1.0,0.7022573947906494
0.0,0.31437158584594727
1.0,0.6841755509376526
1.0,0.7050074338912964
0.0,0.5001904964447021
0.0,0.5839424729347229
0.0,0.3580724000930786
0.0,0.4238322079181671
1.0,0.5656173825263977
0.0,0.4010622203350067
0.0,0.35255104303359985
0.0,0.4450177252292633
0.0,0.5512404441833496
0.0,0.6154897212982178
0.0,0.35121703147888184
1.0,0.7145422697067261
1.0,0.7232393622398376
0.0,0.6541302800178528
1.0,0.7209879159927368
1.0,0.6705283522605896
1.0,0.6272234320640564
1.0,0.418765664100647
0.0,0.5473743081092834
1.0,0.6107832193374634
0.0,0.35029926896095276
1.0,0.28278815746307373
1.0,0.5679976344108582
0.0,0.2932763397693634
0.0,0.5046678781509399
1.0,0.6023780703544617
0.0,0.5738810300827026
1.0,0.6730396747589111
0.0,0.6885285973548889
1.0,0.6646853685379028
1.0,0.6421352028846741
1.0,0.7214886546134949
0.0,0.7236948609352112
0.0,0.33638033270835876
1.0,0.41387420892715454
1.0,0.714713990688324
1.0,0.5939940810203552
0.0,0.5430192947387695
0.0,0.6667969822883606
1.0,0.7093474864959717
0.0,0.3990875482559204
0.0,0.6329799890518188
1.0,0.6145471334457397
0.0,0.7158371806144714
0.0,0.5722444653511047
1.0,0.6083922982215881
0.0,0.6297557353973389
0.0,0.4245748519897461
1.0,0.7185995578765869
1.0,0.6857976317405701
0.0,0.6195194125175476
0.0,0.42093193531036377
0.0,0.292378306388855
0.0,0.5245303511619568
1.0,0.5022546648979187
1.0,0.5253131985664368
0.0,0.5342037081718445
1.0,0.6843094825744629
1.0,0.5157141089439392
1.0,0.6233526468276978
1.0,0.5661722421646118
1.0,0.4119029939174652
0.0,0.3758499324321747
1.0,0.7221550345420837
0.0,0.4737227261066437
1.0,0.5328589081764221
1.0,0.7232326865196228
1.0,0.7047305107116699
0.0,0.6279482841491699
0.0,0.4133776128292084
0.0,0.6241178512573242
1.0,0.7011739015579224
0.0,0.28514647483825684
1.0,0.5930452346801758
1.0,0.676169753074646
1.0,0.38100466132164
1.0,0.6959672570228577
1.0,0.665363073348999
1.0,0.6697008013725281
0.0,0.29427605867385864
1.0,0.699880838394165
1.0,0.4168464243412018
1.0,0.6971080303192139
0.0,0.5062017440795898
0.0,0.6859933137893677
0.0,0.5381150245666504
0.0,0.592535138130188
1.0,0.7024252414703369
0.0,0.7271790504455566
1.0,0.7277863025665283
1.0,0.6516699194908142
1.0,0.6719385981559753
1.0,0.7199165225028992
0.0,0.7000748515129089
0.0,0.40648794174194336
0.0,0.7181800007820129
1.0,0.6446040868759155
1.0,0.6825762391090393
0.0,0.7122834920883179
0.0,0.6739944815635681
1.0,0.4676912724971771
0.0,0.6154142618179321
0.0,0.6444849371910095
0.0,0.7025247812271118
0.0,0.6268986463546753
0.0,0.4140377938747406
0.0,0.4157591760158539
0.0,0.6770077347755432
1.0,0.7219388484954834
0.0,0.3568870723247528
0.0,0.41357719898223877
0.0,0.3734666407108307
1.0,0.7212675213813782
1.0,0.665325939655304
1.0,0.69785475730896
0.0,0.6899538636207581
0.0,0.2886606454849243
1.0,0.7253122925758362
0.0,0.5416111350059509
0.0,0.2860860824584961
0.0,0.2890409231185913
1.0,0.721255362033844
1.0,0.408185213804245
0.0,0.6941645741462708
0.0,0.29174426198005676
1.0,0.3086625635623932
1.0,0.6626039147377014
0.0,0.31775808334350586
0.0,0.5964816808700562
1.0,0.7240999341011047
0.0,0.5393049716949463
0.0,0.5035878419876099
1.0,0.6582480669021606
0.0,0.6821163296699524
0.0,0.3412269651889801
0.0,0.4341649115085602
1.0,0.6896457672119141
0.0,0.35158056020736694
1.0,0.4697490632534027
0.0,0.510079026222229
0.0,0.37404918670654297
1.0,0.7273908853530884
0.0,0.3745109438896179
1.0,0.7111648321151733
1.0,0.6939527988433838
1.0,0.6595117449760437
0.0,0.6740489602088928
1.0,0.5668243765830994
0.0,0.3099929988384247
0.0,0.6931166648864746
1.0,0.7099086046218872
0.0,0.34358707070350647
1.0,0.6624289155006409
0.0,0.4704514145851135
1.0,0.5957319736480713
0.0,0.5368687510490417
0.0,0.5395641922950745
0.0,0.6998488306999207
1.0,0.6881349086761475
0.0,0.6888566613197327
0.0,0.4929412603378296
1.0,0.678832471370697
1.0,0.5273247957229614
0.0,0.46109870076179504
0.0,0.4646947383880615
0.0,0.44362127780914307
1.0,0.4528873562812805
0.0,0.7120980620384216
1.0,0.49862897396087646
1.0,0.6471754312515259
0.0,0.5595052242279053
1.0,0.5460416674613953
0.0,0.448678195476532
0.0,0.498373806476593
1.0,0.7000769972801208
1.0,0.36570826172828674
0.0,0.3059212863445282
0.0,0.38807085156440735
0.0,0.28652599453926086
0.0,0.41212648153305054
0.0,0.3234577775001526
1.0,0.6878334879875183
0.0,0.6356461048126221
0.0,0.4083643853664398
1.0,0.4264615476131439
0.0,0.40126150846481323
1.0,0.718324601650238
1.0,0.7208489179611206
0.0,0.4790955185890198
0.0,0.43106165528297424
0.0,0.3392775058746338
0.0,0.522340714931488
0.0,0.5262751579284668
0.0,0.2795642912387848
0.0,0.3668523132801056
0.0,0.2753741443157196
1.0,0.7081960439682007
0.0,0.6125041246414185
1.0,0.6566303968429565
0.0,0.5300853848457336
1.0,0.6215850710868835
1.0,0.38611990213394165
1.0,0.36169692873954773
1.0,0.6605879664421082
0.0,0.511371910572052
1.0,0.37713348865509033
0.0,0.329690545797348
1.0,0.7260587811470032
0.0,0.33002662658691406
1.0,0.69198077917099
0.0,0.4082198739051819
1.0,0.723426878452301
1.0,0.6804835796356201
1.0,0.7013835906982422
1.0,0.7163333892822266
1.0,0.7197192311286926
0.0,0.38082629442214966
0.0,0.6092321872711182
0.0,0.28124678134918213
0.0,0.4726445972919464
1.0,0.7221335172653198
0.0,0.5245174765586853
0.0,0.7243420481681824
0.0,0.40615296363830566
0.0,0.680397093296051
0.0,0.38033175468444824
1.0,0.40042218565940857
0.0,0.27939751744270325
0.0,0.5697020888328552
0.0,0.7203308939933777
1.0,0.7262452840805054
0.0,0.28121694922447205
0.0,0.46819087862968445
1.0,0.7177553772926331
1.0,0.28605589270591736
0.0,0.4919184148311615
1.0,0.6786017417907715
0.0,0.3638666570186615
0.0,0.3965297341346741
1.0,0.7275808453559875
1.0,0.3558535575866699
1.0,0.5320195555686951
0.0,0.28083035349845886
0.0,0.2802615165710449
1.0,0.6110791563987732
1.0,0.615208089351654
1.0,0.7148969173431396
1.0,0.62424236536026
1.0,0.7233156561851501
1.0,0.5498940348625183
0.0,0.4450535476207733
0.0,0.5273497104644775
0.0,0.5988401174545288
1.0,0.6662959456443787
0.0,0.5683125853538513
1.0,0.7050963044166565
1.0,0.5801388621330261
1.0,0.6796457767486572
1.0,0.44684240221977234
0.0,0.7024828195571899
0.0,0.5231984853744507
0.0,0.3796122372150421
0.0,0.3913315534591675
0.0,0.3104664981365204
0.0,0.48118236660957336
1.0,0.5692781805992126
0.0,0.548072338104248
0.0,0.6892448663711548
0.0,0.413107305765152
1.0,0.6435887813568115
1.0,0.46623867750167847
0.0,0.41157928109169006
0.0,0.3781224191188812
0.0,0.27902767062187195
0.0,0.7107662558555603
1.0,0.7218012809753418
1.0,0.7214551568031311
0.0,0.29457589983940125
0.0,0.2774512767791748
0.0,0.508647620677948
0.0,0.6639119982719421
1.0,0.6956261992454529
1.0,0.6901798844337463
1.0,0.4071658253669739
0.0,0.2848949432373047
1.0,0.6847659945487976
1.0,0.6211275458335876
1.0,0.6792941093444824
1.0,0.7213987708091736
1.0,0.6349893808364868
1.0,0.7134905457496643
0.0,0.274751752614975
0.0,0.5702406167984009
0.0,0.28018918633461
1.0,0.2947222590446472
1.0,0.700522243976593
0.0,0.5501672625541687
1.0,0.7214175462722778
1.0,0.7171748280525208
0.0,0.5093429088592529
1.0,0.7250103950500488
0.0,0.6327627301216125
1.0,0.6453865766525269
0.0,0.3689499795436859
1.0,0.3651406466960907
0.0,0.6793232560157776
0.0,0.6118453741073608
0.0,0.38735514879226685
1.0,0.7252492904663086
1.0,0.6663190722465515
0.0,0.6077408790588379
1.0,0.701068639755249
1.0,0.6958344578742981
0.0,0.5187092423439026
0.0,0.5099576711654663
0.0,0.7118756771087646
1.0,0.39781126379966736
1.0,0.4618173837661743
0.0,0.5476603507995605
1.0,0.6919533610343933
1.0,0.6815783977508545
1.0,0.6913356781005859
0.0,0.32953789830207825
0.0,0.49046728014945984
1.0,0.6192900538444519
1.0,0.7229341864585876
1.0,0.7264114618301392
1.0,0.7279703617095947
1.0,0.5683801770210266
1.0,0.621468186378479
1.0,0.6891049146652222
0.0,0.3796255886554718
0.0,0.6892210245132446
0.0,0.7214986681938171
0.0,0.6061670780181885
0.0,0.343625009059906
0.0,0.6553287506103516
1.0,0.7162495851516724
1.0,0.7211102247238159
1.0,0.6420082449913025
1.0,0.6522693634033203
1.0,0.7269942164421082
1.0,0.7070748805999756
0.0,0.3729466199874878
0.0,0.28763553500175476
1.0,0.71190345287323
1.0,0.724970281124115
0.0,0.6738601922988892
0.0,0.6600515246391296
0.0,0.6964980959892273
0.0,0.3878054916858673
1.0,0.64224773645401
0.0,0.4265817403793335
1.0,0.641914427280426
1.0,0.7175217866897583
1.0,0.3055163025856018
0.0,0.5782012939453125
0.0,0.6931971907615662
0.0,0.3666079044342041
1.0,0.7123897671699524
0.0,0.5546078681945801
0.0,0.5588616728782654
1.0,0.39839887619018555
1.0,0.5086497664451599
0.0,0.3508274257183075
1.0,0.39551302790641785
0.0,0.6729008555412292
1.0,0.7179884314537048
0.0,0.7159358263015747
1.0,0.424071341753006
1.0,0.37415844202041626
0.0,0.5591623783111572
0.0,0.47726961970329285
0.0,0.4040663540363312
1.0,0.5360715389251709
0.0,0.5404922366142273
1.0,0.7234752774238586
0.0,0.43012890219688416
0.0,0.5600993037223816
1.0,0.6763088703155518
0.0,0.52421635389328
1.0,0.6674824953079224
1.0,0.43477877974510193
0.0,0.30281731486320496
0.0,0.4946632385253906
0.0,0.719058632850647
0.0,0.6647974252700806
1.0,0.5811265110969543
0.0,0.6313963532447815
0.0,0.5224015712738037
1.0,0.5673980116844177
1.0,0.5332446694374084
0.0,0.4258568286895752
1.0,0.6555233597755432
1.0,0.5342724919319153
1.0,0.521257758140564
1.0,0.7272302508354187
0.0,0.3661894202232361
1.0,0.5089219212532043
1.0,0.46004894375801086
1.0,0.3458184003829956
1.0,0.714521586894989
0.0,0.43096962571144104
1.0,0.5717377066612244
1.0,0.6590524315834045
0.0,0.460927814245224
0.0,0.7017120718955994
0.0,0.33475443720817566
1.0,0.5584745407104492
1.0,0.5574361681938171
1.0,0.7049310803413391
1.0,0.7188658714294434
1.0,0.4831595718860626
1.0,0.7255218625068665
1.0,0.7074149250984192
0.0,0.38757821917533875
1.0,0.6262757778167725
0.0,0.5933604836463928
0.0,0.27507156133651733
1.0,0.27953392267227173
0.0,0.3531760573387146
1.0,0.37514886260032654
0.0,0.6844514608383179
0.0,0.7208324670791626
1.0,0.5525163412094116
1.0,0.6263046264648438
0.0,0.3817174732685089
1.0,0.4959995448589325
0.0,0.34385013580322266
1.0,0.625114917755127
1.0,0.7129440903663635
0.0,0.3434319496154785
0.0,0.5379561185836792
1.0,0.5635945796966553
1.0,0.7170693278312683
1.0,0.3020564913749695
1.0,0.28320446610450745
1.0,0.6766907572746277
0.0,0.7183033227920532
0.0,0.6480714678764343
1.0,0.5990493893623352
0.0,0.7238818407058716
1.0,0.7259906530380249
0.0,0.32988283038139343
1.0,0.49970799684524536
1.0,0.7194560170173645
0.0,0.3816191256046295
0.0,0.35768452286720276
0.0,0.364747017621994
0.0,0.2971303462982178
1.0,0.4072250425815582
0.0,0.5316724181175232
0.0,0.6548339128494263
0.0,0.4030414819717407
1.0,0.6693083643913269
0.0,0.3224504590034485
1.0,0.4896267056465149
0.0,0.3848634958267212
1.0,0.6736605167388916
1.0,0.6665377616882324
0.0,0.5947036743164062
1.0,0.6181424856185913
1.0,0.5497328639030457
1.0,0.6954958438873291
1.0,0.4004610478878021
1.0,0.6869587302207947
1.0,0.6959534287452698
1.0,0.7295185327529907
0.0,0.5055474042892456
1.0,0.38610008358955383
1.0,0.6226972937583923
0.0,0.37757787108421326
0.0,0.4260290265083313
1.0,0.6864339113235474
1.0,0.4770474135875702
0.0,0.5997141003608704
1.0,0.7168629169464111
1.0,0.6256416440010071
1.0,0.5379608869552612
1.0,0.35976582765579224
1.0,0.6966323852539062
0.0,0.5374356508255005
0.0,0.6118809580802917
1.0,0.6686058044433594
0.0,0.7255769371986389
1.0,0.6961040496826172
1.0,0.6855835318565369
1.0,0.7222703099250793
1.0,0.534418523311615
1.0,0.458612859249115
1.0,0.4802649915218353
1.0,0.6653558015823364
0.0,0.6733391284942627
1.0,0.5937438607215881
0.0,0.36889269948005676
1.0,0.7194050550460815
1.0,0.6940776109695435
0.0,0.3849480152130127
1.0,0.5273646712303162
1.0,0.5372790694236755
1.0,0.7157291173934937
1.0,0.490975946187973
0.0,0.5548750758171082
1.0,0.7110562920570374
1.0,0.5558305978775024
0.0,0.40181583166122437
0.0,0.5961804986000061
0.0,0.4817464053630829
1.0,0.7018322348594666
0.0,0.30453506112098694
1.0,0.6308441162109375
1.0,0.4103052020072937
0.0,0.5126910209655762
0.0,0.36137422919273376
1.0,0.7095382213592529
0.0,0.2730342745780945
0.0,0.6720055937767029
1.0,0.5529564619064331
0.0,0.6000584959983826
1.0,0.3819870054721832
1.0,0.5167778134346008
1.0,0.6843346953392029
1.0,0.6213122010231018
1.0,0.7161948084831238
0.0,0.44440311193466187
1.0,0.7024317979812622
1.0,0.7150618433952332
0.0,0.33871081471443176
0.0,0.40934184193611145
1.0,0.6844822764396667
0.0,0.322500079870224
1.0,0.6768850684165955
1.0,0.5475366115570068
0.0,0.357103168964386
1.0,0.48876702785491943
1.0,0.6059198975563049
1.0,0.6289390325546265
0.0,0.37759047746658325
1.0,0.7156369090080261
0.0,0.7268822193145752
1.0,0.37682124972343445
0.0,0.2719228267669678
0.0,0.45444661378860474
1.0,0.653833270072937
0.0,0.3743952214717865
0.0,0.4075166583061218
1.0,0.5636770725250244
1.0,0.6501355767250061
1.0,0.7209708094596863
0.0,0.4530046582221985
1.0,0.7231087684631348
1.0,0.5070400834083557
1.0,0.5189684629440308
0.0,0.39971014857292175
0.0,0.5965427160263062
1.0,0.679093062877655
1.0,0.6960615515708923
0.0,0.3323357105255127
1.0,0.7270229458808899
1.0,0.6208869218826294
0.0,0.32002636790275574
0.0,0.49875327944755554
1.0,0.5818909406661987
0.0,0.3634941577911377
1.0,0.7202160358428955
1.0,0.7156660556793213
0.0,0.4054679572582245
0.0,0.43060410022735596
1.0,0.6487743854522705
0.0,0.34323516488075256
0.0,0.5015014410018921
1.0,0.576448917388916
0.0,0.6610323786735535
0.0,0.7181781530380249
0.0,0.5052286982536316
0.0,0.580928385257721
1.0,0.35806623101234436
0.0,0.7028759717941284
1.0,0.722933292388916
0.0,0.6959919333457947
1.0,0.7071846723556519
0.0,0.5083004832267761
1.0,0.7136719226837158
0.0,0.4401668310165405
1.0,0.5952348709106445
1.0,0.43085893988609314
0.0,0.5104677081108093
0.0,0.3901218771934509
0.0,0.32846784591674805
1.0,0.31069573760032654
1.0,0.7265053987503052
1.0,0.6392166614532471
1.0,0.729415774345398
0.0,0.52164226770401
1.0,0.6404121518135071
0.0,0.36247509717941284
1.0,0.7077903747558594
1.0,0.6703859567642212
0.0,0.48445630073547363
0.0,0.4479154944419861
1.0,0.6971386075019836
0.0,0.31197038292884827
0.0,0.31338509917259216
1.0,0.7077394723892212
0.0,0.5139912366867065
1.0,0.6866939663887024
0.0,0.3571716547012329
0.0,0.2795068323612213
1.0,0.5990270376205444
0.0,0.7168759107589722
0.0,0.37227895855903625
1.0,0.5875604152679443
0.0,0.6547325253486633
1.0,0.6091076731681824
1.0,0.7109399437904358
1.0,0.6781455278396606
0.0,0.7028142213821411
1.0,0.7034115195274353
1.0,0.5530099272727966
0.0,0.7152738571166992
0.0,0.3350161910057068
1.0,0.6899083256721497
0.0,0.2824871242046356
0.0,0.6739668846130371
1.0,0.6308854818344116
0.0,0.41856417059898376
1.0,0.37974220514297485
1.0,0.724898636341095
1.0,0.6567456126213074
0.0,0.40582630038261414
1.0,0.7063657641410828
0.0,0.38729068636894226
1.0,0.5405805110931396
0.0,0.6110361814498901
0.0,0.4289332330226898
1.0,0.6777452826499939
0.0,0.6194706559181213
1.0,0.7248945832252502
1.0,0.6269921064376831
0.0,0.5212045907974243
0.0,0.39577963948249817
1.0,0.5334212183952332
0.0,0.2976538836956024
0.0,0.32507267594337463
1.0,0.6601386070251465
1.0,0.340598464012146
0.0,0.38837170600891113
0.0,0.4756293296813965
1.0,0.36839184165000916
1.0,0.6808348894119263
0.0,0.4069986343383789
1.0,0.6962831020355225
0.0,0.403575599193573
1.0,0.5763804316520691
1.0,0.6735333800315857
0.0,0.563726544380188
0.0,0.5891369581222534
0.0,0.4456067681312561
1.0,0.6284313201904297
0.0,0.7146292328834534
0.0,0.4311176538467407
0.0,0.7056695222854614
1.0,0.4690995514392853
1.0,0.7199204564094543
1.0,0.7141401767730713
0.0,0.44843047857284546
0.0,0.35610803961753845
1.0,0.5707964897155762
0.0,0.6486000418663025
1.0,0.7252313494682312
0.0,0.35697850584983826
1.0,0.49117645621299744
0.0,0.5210656523704529
0.0,0.6540749669075012
0.0,0.3353559374809265
1.0,0.7102394104003906
0.0,0.42219769954681396
1.0,0.7045069336891174
1.0,0.6159772276878357
0.0,0.6163125038146973
1.0,0.5859265923500061
1.0,0.6635938286781311
0.0,0.7193078398704529
0.0,0.47428712248802185
1.0,0.6289681792259216
1.0,0.6540749669075012
0.0,0.6412248015403748
0.0,0.6731216311454773
0.0,0.28831255435943604
0.0,0.4326797425746918
1.0,0.6657059788703918
1.0,0.710847795009613
0.0,0.4686533510684967
0.0,0.4074445366859436
1.0,0.7017726302146912
0.0,0.4612749516963959
1.0,0.5858384370803833
0.0,0.41381704807281494
1.0,0.38582462072372437
0.0,0.6378987431526184
1.0,0.7064143419265747
1.0,0.6948441863059998
1.0,0.7063263654708862
1.0,0.39407461881637573
1.0,0.6984677910804749
1.0,0.44005146622657776
0.0,0.675519585609436
0.0,0.5096988081932068
1.0,0.7280980944633484
0.0,0.5433225035667419
0.0,0.4751647412776947
0.0,0.695887565612793
0.0,0.5707970261573792
0.0,0.34397247433662415
1.0,0.7155101895332336
1.0,0.6918634176254272
0.0,0.6496576070785522
1.0,0.7212802767753601
1.0,0.6474332213401794
1.0,0.3856348395347595
1.0,0.5808272361755371
0.0,0.6691287159919739
0.0,0.710476815700531
0.0,0.45140203833580017
0.0,0.31042972207069397
0.0,0.4932500422000885
0.0,0.4904550015926361
1.0,0.7245723605155945
1.0,0.6998847126960754
1.0,0.7000252604484558
0.0,0.41143807768821716
0.0,0.6779458522796631
0.0,0.5759092569351196
1.0,0.7255796790122986
1.0,0.6432397961616516
1.0,0.7153484225273132
1.0,0.6315308809280396
0.0,0.4045927822589874
0.0,0.32557210326194763
1.0,0.7170526385307312
0.0,0.6567724943161011
0.0,0.5860307216644287
1.0,0.7098169922828674
0.0,0.340654581785202
0.0,0.7119523286819458
0.0,0.550358235836029
0.0,0.5726958513259888
0.0,0.6843329071998596
0.0,0.6371383666992188
1.0,0.6227375268936157
0.0,0.7205387949943542
1.0,0.6977668404579163
1.0,0.68131422996521
0.0,0.43775293231010437
1.0,0.29277199506759644
0.0,0.28676149249076843
1.0,0.7189198136329651
0.0,0.6396830081939697
1.0,0.5984772443771362
1.0,0.6589323282241821
0.0,0.7148609161376953
1.0,0.6998733282089233
0.0,0.3160918056964874
1.0,0.720082700252533
0.0,0.5581490397453308
1.0,0.7024827599525452
1.0,0.7236550450325012
1.0,0.7261862754821777
0.0,0.558976411819458
0.0,0.7065699100494385
1.0,0.6324297785758972
0.0,0.6544772982597351
1.0,0.5217736959457397
1.0,0.7070176005363464
1.0,0.3394434154033661
0.0,0.6543404459953308
1.0,0.7103778719902039
0.0,0.6829925179481506
0.0,0.2934762239456177
1.0,0.7220560908317566
0.0,0.35915783047676086
1.0,0.7259597778320312
1.0,0.6769718527793884
0.0,0.4078531563282013
1.0,0.651961088180542
0.0,0.6697550415992737
0.0,0.572639524936676
0.0,0.5432372093200684
0.0,0.3297766447067261
1.0,0.5278059840202332
1.0,0.716791033744812
1.0,0.663552463054657
1.0,0.7246488332748413
1.0,0.441387802362442
0.0,0.4606327414512634
0.0,0.47642600536346436
1.0,0.6000460982322693
1.0,0.6698890328407288
1.0,0.7053461074829102
0.0,0.4178364872932434
1.0,0.45262768864631653
1.0,0.7108432054519653
0.0,0.6061057448387146
1.0,0.4900459051132202
0.0,0.6888166069984436
0.0,0.5577173233032227
0.0,0.3661781847476959
1.0,0.40541425347328186
0.0,0.37235647439956665
1.0,0.7155938744544983
0.0,0.483663409948349
1.0,0.7172305583953857
1.0,0.7203969955444336
0.0,0.319852352142334
0.0,0.4002414643764496
0.0,0.3658067584037781
1.0,0.7223721742630005
1.0,0.7128093242645264
1.0,0.6635247468948364
1.0,0.5499447584152222
0.0,0.31632816791534424
0.0,0.37209200859069824
0.0,0.44427064061164856
0.0,0.4109050929546356
0.0,0.5501554608345032
1.0,0.7270327210426331
1.0,0.7250602841377258
0.0,0.6457281708717346
0.0,0.6617738008499146
0.0,0.2914978861808777
0.0,0.3185393214225769
1.0,0.5171840786933899
1.0,0.6117360591888428
1.0,0.4648917019367218
0.0,0.3671908676624298
1.0,0.5487515926361084
1.0,0.6524084806442261
1.0,0.7089210152626038
0.0,0.5299065113067627
1.0,0.656897783279419
1.0,0.7098578214645386
0.0,0.4375618100166321
1.0,0.6926177144050598
0.0,0.46169140934944153
0.0,0.5527081489562988
0.0,0.29642942547798157
0.0,0.44593116641044617
0.0,0.32011762261390686
1.0,0.7050057053565979
1.0,0.7007076144218445
0.0,0.3097861111164093
1.0,0.7208102941513062
0.0,0.30147942900657654
1.0,0.5253522992134094
1.0,0.721457302570343
1.0,0.7171620726585388
1.0,0.7167704701423645
0.0,0.5859469771385193
1.0,0.7243685722351074
0.0,0.3699371814727783
0.0,0.3261030316352844
0.0,0.543917715549469
1.0,0.7165826559066772
0.0,0.4223634600639343
1.0,0.6669778823852539
0.0,0.6925996541976929
1.0,0.7241784930229187
0.0,0.5328031778335571
0.0,0.48815682530403137
0.0,0.5605857968330383
1.0,0.49653658270835876
1.0,0.6369895935058594
0.0,0.6296020150184631
0.0,0.3990635573863983
1.0,0.7046875953674316
1.0,0.5618990063667297
0.0,0.6583309173583984
1.0,0.7232193946838379
1.0,0.4488312602043152
0.0,0.40269166231155396
1.0,0.6974441409111023
0.0,0.7104312777519226
1.0,0.7214943766593933
1.0,0.7275076508522034
1.0,0.7267855405807495
1.0,0.6891873478889465
1.0,0.6912850737571716
1.0,0.6713962554931641
1.0,0.5598223805427551
0.0,0.6974168419837952
0.0,0.38215377926826477
1.0,0.42663463950157166
1.0,0.5011942982673645
0.0,0.3678199052810669
0.0,0.3136378824710846
1.0,0.7216447591781616
0.0,0.5520723462104797
1.0,0.7103022336959839
0.0,0.6273890733718872
0.0,0.3721505403518677
1.0,0.542702853679657
0.0,0.3259987235069275
0.0,0.36130744218826294
1.0,0.6771422028541565
1.0,0.7000786066055298
1.0,0.716709554195404
0.0,0.5868232846260071
1.0,0.32930561900138855
0.0,0.49116724729537964
0.0,0.47781139612197876
1.0,0.5357352495193481
1.0,0.331562876701355
1.0,0.5952588319778442
0.0,0.6600611805915833
1.0,0.6266517043113708
1.0,0.6436484456062317
1.0,0.4842366576194763
0.0,0.308295875787735
1.0,0.6900938153266907
0.0,0.36805054545402527
1.0,0.3500440716743469
0.0,0.4855971336364746
0.0,0.5965410470962524
1.0,0.6760869026184082
1.0,0.723267138004303
0.0,0.288046658039093
1.0,0.5497685074806213
0.0,0.3790533244609833
1.0,0.41056397557258606
0.0,0.6709060668945312
0.0,0.6563452482223511
0.0,0.4646027982234955
1.0,0.7056069374084473
0.0,0.647006630897522
1.0,0.7197027802467346
1.0,0.705445408821106
0.0,0.6843410134315491
0.0,0.6780036687850952
0.0,0.3082665205001831
1.0,0.7231492400169373
1.0,0.6411019563674927
1.0,0.7184463143348694
0.0,0.6835668683052063
0.0,0.5480872988700867
0.0,0.6320132613182068
1.0,0.6359747648239136
0.0,0.4108652174472809
1.0,0.3887130618095398
0.0,0.6695183515548706
0.0,0.3539761006832123
0.0,0.3759307861328125
1.0,0.4490728974342346
0.0,0.6453790068626404
1.0,0.6540396809577942
1.0,0.6008884906768799
1.0,0.7032657861709595
1.0,0.6805552244186401
0.0,0.4247753918170929
1.0,0.34365037083625793
1.0,0.6837378144264221
0.0,0.5100910067558289
0.0,0.31549274921417236
1.0,0.6532683372497559
1.0,0.3973967134952545
0.0,0.7203346490859985
1.0,0.4910576343536377
1.0,0.7215777039527893
1.0,0.7205522060394287
0.0,0.46042245626449585
1.0,0.5773708820343018
0.0,0.7198572754859924
1.0,0.71260666847229
1.0,0.7039287686347961
0.0,0.5516365766525269
0.0,0.4513092041015625
1.0,0.7247664332389832
0.0,0.4685896337032318
0.0,0.36526280641555786
0.0,0.5129331946372986
0.0,0.31625184416770935
1.0,0.6712631583213806
0.0,0.5665652751922607
0.0,0.544559895992279
1.0,0.5097325444221497
0.0,0.6742547750473022
0.0,0.7168982625007629
0.0,0.6577474474906921
1.0,0.6318432092666626
1.0,0.6058542132377625
1.0,0.5911580920219421
1.0,0.7267206311225891
0.0,0.7032579183578491
0.0,0.7103236317634583
0.0,0.527463972568512
0.0,0.4168977737426758
1.0,0.7132360339164734
0.0,0.5330946445465088
0.0,0.43647119402885437
1.0,0.6643422245979309
0.0,0.31650087237358093
1.0,0.3714457154273987
0.0,0.725260853767395
1.0,0.3738141655921936
0.0,0.7169051170349121
1.0,0.6352839469909668
1.0,0.7156792283058167
1.0,0.6902044415473938
1.0,0.6723408699035645
1.0,0.39721250534057617
1.0,0.6470933556556702
0.0,0.4184615910053253
0.0,0.5373170375823975
0.0,0.5016703605651855
0.0,0.35868290066719055
0.0,0.3545292615890503
0.0,0.27718427777290344
0.0,0.6848339438438416
0.0,0.4497096538543701
0.0,0.35304737091064453
1.0,0.5798650979995728
1.0,0.704953670501709
1.0,0.5883811116218567
1.0,0.32651612162590027
1.0,0.6567744016647339
0.0,0.5043326616287231
0.0,0.7155234217643738
0.0,0.33887413144111633
0.0,0.6446036100387573
1.0,0.5345534086227417
0.0,0.6965759992599487
0.0,0.692524790763855
1.0,0.7156728506088257
0.0,0.5883650183677673
1.0,0.5105608105659485
0.0,0.7093303799629211
0.0,0.3974984884262085
0.0,0.45765313506126404
0.0,0.33016452193260193
0.0,0.3509579300880432
1.0,0.6864683032035828
1.0,0.722183346748352
1.0,0.7222517728805542
0.0,0.7261400818824768
0.0,0.6950317025184631
1.0,0.6200914978981018
1.0,0.7241442799568176
0.0,0.4881039261817932
1.0,0.3454110026359558
1.0,0.6844384074211121
0.0,0.6756082773208618
1.0,0.6751842498779297
0.0,0.3193914592266083
0.0,0.409661203622818
1.0,0.6780271530151367
1.0,0.5522419810295105
0.0,0.4336925148963928
1.0,0.5887606739997864
1.0,0.537836492061615
1.0,0.7060538530349731
1.0,0.6839978694915771
1.0,0.6986364722251892
0.0,0.38938775658607483
0.0,0.5713972449302673
0.0,0.36625441908836365
0.0,0.5847941637039185
1.0,0.48375970125198364
1.0,0.5564591884613037
0.0,0.4079614579677582
1.0,0.7048458456993103
1.0,0.6938793659210205
0.0,0.45080727338790894
0.0,0.424729585647583
0.0,0.3957708477973938
1.0,0.674453854560852
0.0,0.6856054663658142
1.0,0.6896982192993164
0.0,0.4032089114189148
0.0,0.5218916535377502
0.0,0.29702502489089966
1.0,0.6144081354141235
0.0,0.37487781047821045
1.0,0.6297609806060791
0.0,0.45094749331474304
1.0,0.7098926305770874
1.0,0.7008878588676453
1.0,0.6897622346878052
0.0,0.6614254713058472
0.0,0.46296826004981995
1.0,0.6826513409614563
0.0,0.4800286293029785
1.0,0.6947795748710632
0.0,0.5098385810852051
1.0,0.6103609204292297
0.0,0.4821067750453949
0.0,0.4988834261894226
0.0,0.4502471089363098
0.0,0.44713011384010315
0.0,0.35988301038742065
1.0,0.36233559250831604
1.0,0.7148423790931702
0.0,0.7002744674682617
1.0,0.49015843868255615
1.0,0.5207018256187439
0.0,0.3971896767616272
1.0,0.4481114149093628
1.0,0.7242210507392883
1.0,0.70985347032547
1.0,0.6945023536682129
1.0,0.4581526219844818
1.0,0.626049816608429
1.0,0.729246199131012
1.0,0.6525198221206665
0.0,0.707869291305542
0.0,0.6304294466972351
1.0,0.6089955568313599
1.0,0.7080440521240234
0.0,0.3153182566165924
0.0,0.5974321961402893
0.0,0.6774669885635376
0.0,0.6981412172317505
0.0,0.6340360641479492
0.0,0.2977508306503296
1.0,0.4753011465072632
0.0,0.4270545244216919
1.0,0.4828793406486511
1.0,0.6416779160499573
1.0,0.6832810640335083
1.0,0.641600489616394
1.0,0.3538706302642822
1.0,0.41969409584999084
0.0,0.5372859835624695
1.0,0.7167413830757141
0.0,0.4041888415813446
1.0,0.6000994443893433
0.0,0.31697478890419006
0.0,0.4603210985660553
0.0,0.3801937997341156
1.0,0.37737205624580383
1.0,0.42175722122192383
1.0,0.7083909511566162
0.0,0.4791322946548462
1.0,0.6981390118598938
0.0,0.6523815989494324
0.0,0.6734015345573425
1.0,0.7200297117233276
0.0,0.29188302159309387
1.0,0.7205144166946411
0.0,0.3277581036090851
0.0,0.4084387719631195
1.0,0.633407711982727
1.0,0.6661166548728943
0.0,0.6926652193069458
0.0,0.6880277991294861
1.0,0.7268813848495483
0.0,0.5973103046417236
0.0,0.31973233819007874
1.0,0.7009806632995605
1.0,0.5379980802536011
1.0,0.6920217871665955
1.0,0.6528447270393372
1.0,0.6886847019195557
1.0,0.6529496312141418
1.0,0.6543363928794861
1.0,0.7190696597099304
1.0,0.532823383808136
0.0,0.32197004556655884
0.0,0.6224039793014526
1.0,0.7153422236442566
0.0,0.4870315492153168
1.0,0.7218971252441406
1.0,0.6826978325843811
0.0,0.5191197991371155
0.0,0.463901162147522
0.0,0.29117897152900696
0.0,0.5109496712684631
1.0,0.37263810634613037
0.0,0.6822671294212341
1.0,0.49160706996917725
1.0,0.41900932788848877
1.0,0.6568829417228699
0.0,0.7088772654533386
0.0,0.4025336503982544
0.0,0.6817438006401062
1.0,0.713153064250946
1.0,0.6975811719894409
1.0,0.699871838092804
1.0,0.6628698110580444
1.0,0.3239671587944031
0.0,0.5719956755638123
1.0,0.6872535943984985
1.0,0.7215182185173035
0.0,0.37501028180122375
0.0,0.4639911949634552
1.0,0.6824226975440979
0.0,0.5704829096794128
0.0,0.47098222374916077
1.0,0.38436874747276306
0.0,0.5413941144943237
0.0,0.555975079536438
1.0,0.7118139863014221
1.0,0.7278600335121155
0.0,0.5336816906929016
0.0,0.6706525683403015
1.0,0.726853609085083
1.0,0.7264675498008728
1.0,0.7177395820617676
0.0,0.3590856194496155
1.0,0.6886237263679504
0.0,0.41074100136756897
0.0,0.3402090072631836
1.0,0.4809485673904419
0.0,0.59760981798172
1.0,0.6487364768981934
0.0,0.30411824584007263
1.0,0.49100223183631897
0.0,0.45146122574806213
0.0,0.6089637875556946
1.0,0.7225444316864014
1.0,0.4307032823562622
1.0,0.5134090781211853
0.0,0.6955101490020752
1.0,0.5863251090049744
1.0,0.720319926738739
0.0,0.6900342702865601
0.0,0.7256046533584595
1.0,0.7081930637359619
0.0,0.3787079453468323
1.0,0.6202400326728821
1.0,0.7067617774009705
1.0,0.6775857210159302
0.0,0.34289678931236267
1.0,0.5476462841033936
0.0,0.4119586944580078
1.0,0.5672727227210999
1.0,0.6975945830345154
1.0,0.7235510945320129
1.0,0.7133956551551819
0.0,0.3984559178352356
1.0,0.720704972743988
0.0,0.34219565987586975
0.0,0.33513084053993225
1.0,0.6290784478187561
1.0,0.5487504601478577
0.0,0.4666816294193268
1.0,0.5366079211235046
1.0,0.6883978247642517
1.0,0.6875974535942078
1.0,0.6652348041534424
0.0,0.6381316184997559
0.0,0.4371987581253052
1.0,0.7086277008056641
1.0,0.7195149660110474
1.0,0.7075210809707642
0.0,0.391239196062088
0.0,0.695400059223175
1.0,0.6759131550788879
0.0,0.5545787215232849
1.0,0.7292846441268921
1.0,0.6693443655967712
0.0,0.7229938507080078
1.0,0.5546278953552246
1.0,0.686233639717102
1.0,0.6217730045318604
0.0,0.3212040364742279
1.0,0.7266823053359985
1.0,0.7227973937988281
0.0,0.32752612233161926
0.0,0.6672354340553284
1.0,0.7204458117485046
1.0,0.6518973112106323
0.0,0.6444752812385559
0.0,0.40504318475723267
1.0,0.6385940909385681
1.0,0.7110608220100403
0.0,0.6034601926803589
0.0,0.3776797652244568
0.0,0.7180460095405579
1.0,0.7143715023994446
1.0,0.555851936340332
0.0,0.7159104943275452
0.0,0.3798755407333374
0.0,0.3080624043941498
0.0,0.3599185645580292
0.0,0.34861886501312256
0.0,0.48108699917793274
1.0,0.7020806670188904
1.0,0.7158701419830322
0.0,0.34550681710243225
0.0,0.4217129349708557
0.0,0.4520002603530884
0.0,0.3981771767139435
1.0,0.511063277721405
1.0,0.6803919672966003
1.0,0.727726399898529
1.0,0.6862960457801819
1.0,0.6473352313041687
1.0,0.5782575607299805
0.0,0.35623469948768616
0.0,0.291778028011322
1.0,0.7217432260513306
0.0,0.4528884291648865
0.0,0.35619932413101196
0.0,0.6764556169509888
0.0,0.7047914266586304
1.0,0.7110525965690613
1.0,0.7139154672622681
1.0,0.718494713306427
1.0,0.5925696492195129
1.0,0.6390712857246399
0.0,0.4207359552383423
0.0,0.35869190096855164
0.0,0.4342249631881714
0.0,0.5006843209266663
1.0,0.7233102321624756
1.0,0.3819836378097534
1.0,0.48137930035591125
0.0,0.49065104126930237
1.0,0.44000643491744995
0.0,0.5894917845726013
0.0,0.32121866941452026
1.0,0.5817152261734009
1.0,0.556293785572052
1.0,0.7042271494865417
0.0,0.41144490242004395
0.0,0.3441642224788666
1.0,0.711480438709259
1.0,0.6927672028541565
0.0,0.5400663018226624
1.0,0.7165618538856506
1.0,0.31766360998153687
0.0,0.32312601804733276
0.0,0.5760954022407532
1.0,0.7236443161964417
0.0,0.7249832153320312
0.0,0.6816547513008118
0.0,0.5548902750015259
1.0,0.5171623826026917
0.0,0.45398303866386414
1.0,0.5418843626976013
0.0,0.6170246601104736
1.0,0.5984584093093872
0.0,0.64205402135849
0.0,0.5105106830596924
0.0,0.4409531056880951
0.0,0.7282412052154541
1.0,0.692532479763031
0.0,0.39032307267189026
0.0,0.5143148899078369
0.0,0.5629755258560181
0.0,0.4062478244304657
1.0,0.6993269920349121
0.0,0.7235665321350098
1.0,0.694368302822113
0.0,0.7201617360115051
1.0,0.711722195148468
1.0,0.707790195941925
0.0,0.6706855297088623
1.0,0.5125035047531128
1.0,0.5404818058013916
1.0,0.6458118557929993
0.0,0.476267546415329
0.0,0.5243149399757385
0.0,0.3493143618106842
0.0,0.2794382572174072
0.0,0.7230537533760071
0.0,0.5703792572021484
0.0,0.36066561937332153
0.0,0.6613066792488098
1.0,0.7067980170249939
1.0,0.6320679187774658
0.0,0.4380740523338318
0.0,0.6701670289039612
1.0,0.42420104146003723
1.0,0.6372544765472412
0.0,0.5768154263496399
0.0,0.6127890944480896
0.0,0.3636219799518585
1.0,0.4210897386074066
0.0,0.32115283608436584
1.0,0.6957730650901794
0.0,0.38724878430366516
1.0,0.5353282690048218
0.0,0.504557728767395
1.0,0.5185237526893616
1.0,0.38827991485595703
0.0,0.6215813755989075
1.0,0.5607740879058838
0.0,0.31350043416023254
1.0,0.3464066982269287
1.0,0.707991898059845
0.0,0.4079553186893463
1.0,0.49519971013069153
0.0,0.3936530649662018
1.0,0.6094740629196167
0.0,0.37138065695762634
0.0,0.5860722661018372
0.0,0.5074594616889954
1.0,0.7051663994789124
1.0,0.7137690186500549
0.0,0.3475691080093384
1.0,0.6609801054000854
1.0,0.5798176527023315
1.0,0.665732204914093
0.0,0.7234832048416138
1.0,0.7231151461601257
0.0,0.6900074481964111
0.0,0.6473840475082397
0.0,0.3462679386138916
0.0,0.5650840997695923
1.0,0.5123876333236694
0.0,0.4650909900665283
1.0,0.6756032705307007
0.0,0.5947253704071045
1.0,0.5221191048622131
1.0,0.6901503205299377
0.0,0.5777310132980347
0.0,0.4635963439941406
1.0,0.7068461179733276
0.0,0.5905138254165649
1.0,0.4504566788673401
1.0,0.6324054598808289
0.0,0.30613580346107483
1.0,0.3778943717479706
1.0,0.30410343408584595
1.0,0.5074864625930786
0.0,0.7206282615661621
1.0,0.6916255950927734
1.0,0.7260586619377136
0.0,0.6113206744194031
1.0,0.718914270401001
0.0,0.692840039730072
0.0,0.6554988622665405
1.0,0.6882206201553345
1.0,0.724532961845398
1.0,0.6148691177368164
0.0,0.6447628140449524
0.0,0.395089715719223
0.0,0.4404492676258087
1.0,0.6133450269699097
0.0,0.5745660662651062
0.0,0.49924975633621216
1.0,0.7230486273765564
1.0,0.7179791331291199
0.0,0.715885579586029
1.0,0.7101512551307678
0.0,0.6627723574638367
0.0,0.7148708701133728
1.0,0.6237874627113342
0.0,0.42083388566970825
0.0,0.4019010066986084
0.0,0.32307639718055725
1.0,0.581664502620697
0.0,0.7181916832923889
0.0,0.48346054553985596
0.0,0.32495829463005066
1.0,0.588529646396637
0.0,0.3963419795036316
0.0,0.5288546085357666
0.0,0.69944167137146
1.0,0.6613399386405945
0.0,0.2843957543373108
0.0,0.28103792667388916
1.0,0.7246692180633545
1.0,0.623785138130188
0.0,0.4692152738571167
1.0,0.7266232967376709
0.0,0.5836783051490784
1.0,0.6706838607788086
0.0,0.5442904829978943
0.0,0.3365078568458557
0.0,0.4484511911869049
1.0,0.47202056646347046
1.0,0.5508518218994141
0.0,0.4318300485610962
1.0,0.5271727442741394
0.0,0.6236695647239685
0.0,0.7218615412712097
0.0,0.44899895787239075
0.0,0.5001683235168457
1.0,0.691161572933197
0.0,0.4389210343360901
0.0,0.4079226553440094
1.0,0.6546167731285095
0.0,0.711523711681366
0.0,0.47624900937080383
0.0,0.6173444390296936
0.0,0.4579229950904846
1.0,0.7169901728630066
1.0,0.5988721251487732
0.0,0.5324692726135254
0.0,0.5827710628509521
0.0,0.49482885003089905
1.0,0.7259686589241028
1.0,0.566053032875061
0.0,0.5183703899383545
0.0,0.4657024145126343
1.0,0.6988357305526733
1.0,0.3379347026348114
0.0,0.48641273379325867
1.0,0.7065479159355164
1.0,0.6292412281036377
0.0,0.4430776834487915
1.0,0.7259557843208313
1.0,0.725882351398468
0.0,0.5376855134963989
0.0,0.6756163239479065
0.0,0.5240777730941772
0.0,0.5118717551231384
0.0,0.5204733610153198
0.0,0.2837798297405243
1.0,0.2987985908985138
0.0,0.5896645784378052
1.0,0.39086320996284485
0.0,0.36370736360549927
1.0,0.6417086720466614
1.0,0.6206812858581543
0.0,0.29365867376327515
0.0,0.4134076237678528
0.0,0.7122886776924133
0.0,0.4463467001914978
1.0,0.3869888186454773
1.0,0.7259352207183838
1.0,0.6281255483627319
1.0,0.7166199684143066
0.0,0.7176146507263184
1.0,0.67069011926651
0.0,0.708859920501709
0.0,0.508476972579956
1.0,0.44917765259742737
1.0,0.6477124691009521
1.0,0.6848242878913879
1.0,0.7224273085594177
0.0,0.6397573351860046
0.0,0.3558647632598877
0.0,0.6322794556617737
1.0,0.34808093309402466
1.0,0.5747000575065613
0.0,0.688866376876831
1.0,0.6690977811813354
1.0,0.7093610763549805
1.0,0.4031153917312622
0.0,0.49797624349594116
0.0,0.7220567464828491
0.0,0.4799376130104065
1.0,0.7222250699996948
0.0,0.4076139032840729
1.0,0.606939971446991
0.0,0.27266883850097656
1.0,0.6728507280349731
1.0,0.6462786793708801
0.0,0.42859214544296265
1.0,0.6017001271247864
1.0,0.7069148421287537
1.0,0.7019102573394775
1.0,0.5295377969741821
1.0,0.7191264033317566
0.0,0.6130927801132202
1.0,0.7125520706176758
1.0,0.585610032081604
1.0,0.5234132409095764
0.0,0.5218966007232666
1.0,0.6767545342445374
0.0,0.42094048857688904
1.0,0.3011479377746582
1.0,0.6031561493873596
0.0,0.39802712202072144
1.0,0.41466712951660156
0.0,0.5894780158996582
1.0,0.6827439069747925
0.0,0.6331887245178223
1.0,0.36784905195236206
0.0,0.6936416625976562
0.0,0.5123879909515381
1.0,0.7237323522567749
1.0,0.6477627754211426
1.0,0.38592591881752014
0.0,0.45060575008392334
0.0,0.3091948926448822
1.0,0.726523756980896
0.0,0.7262308597564697
0.0,0.6811790466308594
0.0,0.3315137028694153
0.0,0.6567391753196716
1.0,0.6710465550422668
0.0,0.6552047729492188
1.0,0.6959656476974487
0.0,0.6353026032447815
1.0,0.6834744215011597
0.0,0.39166027307510376
1.0,0.5319513082504272
0.0,0.4292953610420227
0.0,0.42699912190437317
0.0,0.3376649022102356
1.0,0.6740197539329529
1.0,0.718451976776123
0.0,0.46026667952537537
0.0,0.32743921875953674
1.0,0.7272128462791443
0.0,0.5083496570587158
0.0,0.3423592448234558
1.0,0.38803189992904663
1.0,0.7178345322608948
1.0,0.7032600045204163
0.0,0.43938711285591125
0.0,0.5470631122589111
1.0,0.684028148651123
1.0,0.6642280220985413
1.0,0.43949833512306213
0.0,0.36865541338920593
1.0,0.5302900075912476
1.0,0.6899847388267517
1.0,0.7241854667663574
1.0,0.6329272985458374
1.0,0.7108420133590698
1.0,0.7218592762947083
1.0,0.7190585732460022
0.0,0.7078509330749512
1.0,0.4548231065273285
1.0,0.720440149307251
1.0,0.7248852849006653
1.0,0.7175698280334473
0.0,0.4357854127883911
0.0,0.41297096014022827
0.0,0.39627525210380554
1.0,0.7179558277130127
1.0,0.7228395938873291
1.0,0.7256307601928711
1.0,0.28238803148269653
1.0,0.5187510848045349
1.0,0.6409404277801514
1.0,0.681074857711792
0.0,0.44687923789024353
0.0,0.43323102593421936
1.0,0.3606969714164734
1.0,0.5439332723617554
0.0,0.5613929033279419
1.0,0.725339412689209
1.0,0.6873971223831177
0.0,0.2849765121936798
0.0,0.3714256286621094
0.0,0.511711597442627
1.0,0.32935234904289246
0.0,0.32148218154907227
0.0,0.46523335576057434
1.0,0.7160285711288452
1.0,0.6111854314804077
0.0,0.5521769523620605
0.0,0.5214732885360718
1.0,0.723701000213623
1.0,0.714286208152771
1.0,0.7221518158912659
0.0,0.6626443266868591
1.0,0.4573043882846832
1.0,0.6176918148994446
0.0,0.4239315390586853
0.0,0.6635422110557556
1.0,0.709425151348114
1.0,0.7261283993721008
1.0,0.6238420605659485
1.0,0.6928993463516235
0.0,0.41987863183021545
1.0,0.4421035051345825
0.0,0.6019332408905029
0.0,0.6702184081077576
1.0,0.7210015058517456
0.0,0.5286259055137634
0.0,0.49028530716896057
1.0,0.698870837688446
0.0,0.4969361424446106
1.0,0.6550458073616028
1.0,0.5809898376464844
0.0,0.40153348445892334
0.0,0.29143834114074707
1.0,0.728577733039856
0.0,0.32732364535331726
0.0,0.39492639899253845
0.0,0.3322743773460388
1.0,0.7214438915252686
0.0,0.42736950516700745
1.0,0.3808367848396301
1.0,0.5420045852661133
1.0,0.41190505027770996
1.0,0.4344246983528137
1.0,0.7254147529602051
1.0,0.6924232840538025
0.0,0.30476972460746765
1.0,0.7178366780281067
1.0,0.6776121258735657
1.0,0.7182741165161133
1.0,0.37385034561157227
0.0,0.6424557566642761
1.0,0.7025324702262878
0.0,0.4428998827934265
1.0,0.43844670057296753
1.0,0.7119893431663513
0.0,0.7261702418327332
1.0,0.3882066309452057
1.0,0.715776801109314
1.0,0.6993064284324646
1.0,0.45669791102409363
1.0,0.6322842240333557
0.0,0.3287515640258789
0.0,0.3204360902309418
1.0,0.6725010275840759
0.0,0.3283098340034485
0.0,0.5312057733535767
0.0,0.39726585149765015
1.0,0.40669819712638855
1.0,0.4851468503475189
0.0,0.6738229990005493
0.0,0.5028641223907471
0.0,0.5582150816917419
1.0,0.639473021030426
0.0,0.6394383907318115
1.0,0.570083498954773
0.0,0.38141173124313354
0.0,0.34112146496772766
0.0,0.5339239835739136
0.0,0.32088884711265564
1.0,0.6273695230484009
1.0,0.6580377817153931
0.0,0.37655502557754517
1.0,0.6954321265220642
0.0,0.4101318120956421
1.0,0.7016593813896179
0.0,0.37123963236808777
1.0,0.7064926624298096
0.0,0.43405231833457947
1.0,0.7013311982154846
0.0,0.31387269496917725
1.0,0.7223683595657349
0.0,0.3326836824417114
1.0,0.6257292032241821
1.0,0.6565535664558411
0.0,0.41316789388656616
0.0,0.44541165232658386
0.0,0.32948657870292664
0.0,0.5454784631729126
0.0,0.6232659220695496
0.0,0.3147538900375366
0.0,0.4060169756412506
0.0,0.32343167066574097
1.0,0.509653627872467
1.0,0.38208603858947754
1.0,0.49465104937553406
0.0,0.2855212986469269
1.0,0.695824384689331
1.0,0.564037024974823
0.0,0.5487267971038818
1.0,0.3117328882217407
1.0,0.7203901410102844
1.0,0.7070977687835693
1.0,0.7193202972412109
1.0,0.5492585897445679
0.0,0.57719886302948
0.0,0.5299526453018188
1.0,0.6904303431510925
1.0,0.6244717836380005
1.0,0.6433296203613281
1.0,0.5641181468963623
1.0,0.44579124450683594
0.0,0.577477753162384
0.0,0.5544191598892212
0.0,0.32370108366012573
0.0,0.5273791551589966
0.0,0.37292295694351196
0.0,0.3584163188934326
0.0,0.546004056930542
1.0,0.6178710460662842
0.0,0.6090266108512878
1.0,0.7148434519767761
1.0,0.7030371427536011
1.0,0.7178675532341003
1.0,0.7198956608772278
0.0,0.37511518597602844
0.0,0.57906174659729
0.0,0.7131606340408325
0.0,0.6163449883460999
0.0,0.7213112711906433
1.0,0.7125192880630493
1.0,0.7238555550575256
1.0,0.5819055438041687
0.0,0.7158420085906982
0.0,0.5850040316581726
1.0,0.5240851044654846
1.0,0.6892116665840149
1.0,0.6751371622085571
0.0,0.4710971415042877
0.0,0.5808992385864258
1.0,0.7075315713882446
0.0,0.4290883243083954
1.0,0.7024083733558655
1.0,0.7173556685447693
1.0,0.7081809639930725
1.0,0.4609106481075287
1.0,0.4189840257167816
1.0,0.6525894999504089
0.0,0.707967221736908
0.0,0.42345142364501953
1.0,0.7157595753669739
0.0,0.6990239024162292
0.0,0.3919425904750824
1.0,0.6060636639595032
1.0,0.6379292607307434
1.0,0.40051519870758057
0.0,0.6452648043632507
1.0,0.7117446064949036
1.0,0.6959953904151917
0.0,0.35833242535591125
1.0,0.549118161201477
0.0,0.7060458064079285
1.0,0.7175725698471069
1.0,0.7099411487579346
0.0,0.4297313094139099
0.0,0.48496660590171814
0.0,0.37086254358291626
1.0,0.5709958672523499
0.0,0.5288840532302856
0.0,0.6104394793510437
1.0,0.6540341377258301
1.0,0.5070913434028625
1.0,0.6609585881233215
1.0,0.6249228119850159
1.0,0.6306509971618652
1.0,0.7149874567985535
1.0,0.3737584054470062
1.0,0.713724672794342
0.0,0.513862669467926
0.0,0.4326879680156708
0.0,0.38676124811172485
0.0,0.34108585119247437
1.0,0.5669956803321838
0.0,0.43084099888801575
0.0,0.35760268568992615
1.0,0.7224794626235962
1.0,0.6822954416275024
1.0,0.7219336628913879
1.0,0.7096017599105835
1.0,0.4472108781337738
0.0,0.6715235114097595
1.0,0.6202654838562012
1.0,0.48418310284614563
1.0,0.7149028778076172
1.0,0.6958098411560059
1.0,0.6587691307067871
1.0,0.46660086512565613
0.0,0.5184954404830933
0.0,0.6998902559280396
0.0,0.27757787704467773
1.0,0.45369651913642883
0.0,0.41809603571891785
1.0,0.7032638192176819
1.0,0.5312448740005493
0.0,0.46779486536979675
1.0,0.40089571475982666
0.0,0.6451201438903809
0.0,0.5606369376182556
1.0,0.5832274556159973
1.0,0.7215090394020081
1.0,0.6948035359382629
0.0,0.2820208668708801
1.0,0.7196639776229858
0.0,0.33329692482948303
1.0,0.6883544921875
1.0,0.704979419708252
1.0,0.6849938035011292
0.0,0.7202660441398621
0.0,0.42725279927253723
0.0,0.7008997201919556
1.0,0.6620367169380188
1.0,0.44173017144203186
0.0,0.582942008972168
0.0,0.48529839515686035
1.0,0.7259904742240906
0.0,0.4014757573604584
0.0,0.5054979920387268
0.0,0.31117329001426697
0.0,0.32934945821762085
0.0,0.4987547993659973
1.0,0.6406230926513672
1.0,0.46111729741096497
0.0,0.7157034277915955
1.0,0.7070226073265076
1.0,0.7240925431251526
0.0,0.6143862009048462
0.0,0.42399662733078003
0.0,0.3274103105068207
0.0,0.5237773656845093
1.0,0.7264257669448853
1.0,0.72011798620224
1.0,0.7152532935142517
0.0,0.400033563375473
0.0,0.5893621444702148
1.0,0.6771629452705383
0.0,0.6719048023223877
1.0,0.5568665862083435
1.0,0.7237652540206909
0.0,0.3565967381000519
1.0,0.6820557713508606
1.0,0.6758204698562622
0.0,0.5842986702919006
0.0,0.33486729860305786
1.0,0.7165746688842773
0.0,0.2734691798686981
1.0,0.7063060998916626
1.0,0.7162855267524719
1.0,0.5258462429046631
0.0,0.48179975152015686
1.0,0.7180177569389343
1.0,0.7153165936470032
1.0,0.6834017634391785
1.0,0.7074927687644958
0.0,0.370915025472641
1.0,0.7052517533302307
0.0,0.7126314640045166
1.0,0.5755186676979065
1.0,0.6675850749015808
0.0,0.3013728857040405
0.0,0.6751021146774292
0.0,0.459319531917572
1.0,0.7150147557258606
0.0,0.5389968752861023
1.0,0.512207567691803
0.0,0.6615429520606995
0.0,0.5174669027328491
0.0,0.6251634359359741
1.0,0.5933406352996826
1.0,0.6621767282485962
1.0,0.7121711373329163
0.0,0.5962861180305481
0.0,0.36694076657295227
1.0,0.6379785537719727
1.0,0.6482754349708557
1.0,0.7160509824752808
1.0,0.7201820015907288
1.0,0.5299604535102844
1.0,0.4904308021068573
1.0,0.711548388004303
1.0,0.681213915348053
1.0,0.706712007522583
0.0,0.4175233244895935
1.0,0.675153374671936
1.0,0.5236940383911133
0.0,0.41816020011901855
1.0,0.7272170186042786
0.0,0.5877740383148193
0.0,0.5625860691070557
1.0,0.7279825806617737
1.0,0.4328923225402832
0.0,0.48414477705955505
0.0,0.35304760932922363
0.0,0.5855570435523987
0.0,0.6945621371269226
0.0,0.4762093126773834
1.0,0.7187395691871643
0.0,0.3704887628555298
1.0,0.703126847743988
1.0,0.7211666107177734
0.0,0.28011757135391235
0.0,0.3123323321342468
0.0,0.2898554801940918
0.0,0.3512672185897827
1.0,0.6865481734275818
0.0,0.7151282429695129
0.0,0.4413226544857025
0.0,0.5559883117675781
0.0,0.5707163214683533
0.0,0.3168131709098816
1.0,0.5848732590675354
0.0,0.7106973528862
1.0,0.6024788022041321
1.0,0.687040388584137
0.0,0.5270182490348816
1.0,0.35941776633262634
0.0,0.4865274429321289
0.0,0.4632006287574768
0.0,0.41939347982406616
0.0,0.42705094814300537
1.0,0.6012793779373169
1.0,0.7272334098815918
0.0,0.49428072571754456
1.0,0.33743980526924133
0.0,0.36675170063972473
0.0,0.3273812234401703
1.0,0.4831046462059021
0.0,0.5968307256698608
1.0,0.7203956246376038
0.0,0.3035700023174286
1.0,0.705838143825531
1.0,0.7147702574729919
0.0,0.492139607667923
0.0,0.3686329424381256
0.0,0.3616452217102051
1.0,0.7162450551986694
0.0,0.4457763135433197
0.0,0.5360155701637268
1.0,0.7055220603942871
0.0,0.6885222792625427
0.0,0.6796812415122986
0.0,0.5250425934791565
0.0,0.6121853590011597
1.0,0.4398530423641205
1.0,0.7068119049072266
0.0,0.6853259801864624
1.0,0.598073422908783
1.0,0.6059861183166504
0.0,0.4150567054748535
0.0,0.6157898902893066
1.0,0.44454702734947205
1.0,0.7243778109550476
0.0,0.6105687022209167
1.0,0.39630627632141113
0.0,0.2907964587211609
1.0,0.6883691549301147
1.0,0.7134556770324707
1.0,0.5510260462760925
0.0,0.4989343285560608
1.0,0.6298190951347351
1.0,0.362195760011673
0.0,0.5943614840507507
1.0,0.6388900876045227
0.0,0.6242575645446777
1.0,0.5583143830299377
1.0,0.5966328382492065
0.0,0.3634212017059326
1.0,0.45815885066986084
0.0,0.6333370804786682
0.0,0.4400549829006195
1.0,0.672378659248352
1.0,0.5864470601081848
1.0,0.40950697660446167
0.0,0.42894628643989563
1.0,0.7141152024269104
0.0,0.5446839928627014
1.0,0.6420038938522339
1.0,0.7131467461585999
0.0,0.5457295179367065
0.0,0.7081863284111023
1.0,0.39004915952682495
0.0,0.49414345622062683
1.0,0.7017043828964233
0.0,0.42443251609802246
1.0,0.33708417415618896
0.0,0.5850286483764648
0.0,0.5772404670715332
1.0,0.510063648223877
1.0,0.7106568813323975
0.0,0.60529625415802
1.0,0.6648129224777222
1.0,0.44723784923553467
0.0,0.5377765893936157
0.0,0.47341686487197876
0.0,0.31522488594055176
1.0,0.7207564115524292
0.0,0.43841806054115295
0.0,0.6547565460205078
0.0,0.7017945647239685
1.0,0.7084131836891174
1.0,0.7178703546524048
1.0,0.7252269387245178
1.0,0.6420320272445679
1.0,0.6313579678535461
0.0,0.5853340029716492
0.0,0.6971315145492554
0.0,0.2954588234424591
1.0,0.7145306468009949
0.0,0.607525110244751
0.0,0.560584306716919
1.0,0.6087837219238281
0.0,0.3028809428215027
0.0,0.430794358253479
0.0,0.3892483115196228
1.0,0.7106178402900696
1.0,0.7004303932189941
0.0,0.41579535603523254
0.0,0.31252995133399963
1.0,0.6735629439353943
1.0,0.725719690322876
0.0,0.6670987606048584
1.0,0.7258116602897644
1.0,0.7256155610084534
0.0,0.7093579173088074
0.0,0.4410993158817291
1.0,0.7165933847427368
0.0,0.6670916676521301
0.0,0.39968568086624146
1.0,0.4669540524482727
0.0,0.4097706377506256
1.0,0.5878472924232483
1.0,0.7180756330490112
1.0,0.691765546798706
0.0,0.7132927775382996
0.0,0.4426780939102173
1.0,0.5176900625228882
0.0,0.3893301784992218
0.0,0.37049034237861633
0.0,0.6025862693786621
1.0,0.7162598967552185
1.0,0.4319593906402588
1.0,0.36061444878578186
0.0,0.538313090801239
0.0,0.37490978837013245
0.0,0.6531082987785339
1.0,0.6729450821876526
0.0,0.6713177561759949
0.0,0.4798412024974823
0.0,0.27516648173332214
0.0,0.5636878609657288
1.0,0.7130367159843445
0.0,0.5403663516044617
1.0,0.7244477272033691
0.0,0.3611607253551483
0.0,0.413084477186203
1.0,0.6849231719970703
1.0,0.5083133578300476
1.0,0.6842077970504761
0.0,0.4130887985229492
1.0,0.6982085704803467
1.0,0.7200676202774048
1.0,0.537979781627655
0.0,0.7019628286361694
0.0,0.4829542338848114
0.0,0.36557620763778687
1.0,0.6818578243255615
0.0,0.3421538472175598
0.0,0.4986618757247925
1.0,0.572268545627594
0.0,0.6680142283439636
0.0,0.47722128033638
0.0,0.5119006037712097
0.0,0.5755274295806885
1.0,0.6455333828926086
0.0,0.3428860008716583
1.0,0.7010611891746521
1.0,0.4580024480819702
0.0,0.6036450266838074
1.0,0.6225681900978088
0.0,0.37601932883262634
1.0,0.632642924785614
1.0,0.38546669483184814
0.0,0.7234169244766235
0.0,0.31652703881263733
0.0,0.7264772653579712
1.0,0.6515095829963684
0.0,0.5494943857192993
1.0,0.48227614164352417
0.0,0.4685026705265045
1.0,0.72652667760849
1.0,0.7192561626434326
0.0,0.39477911591529846
1.0,0.5776852369308472
1.0,0.5589656233787537
0.0,0.5013245940208435
1.0,0.7111941576004028
0.0,0.40937620401382446
1.0,0.6355693340301514
1.0,0.6735662221908569
0.0,0.6060563921928406
0.0,0.399566650390625
0.0,0.5998823046684265
1.0,0.5271560549736023
0.0,0.6730396747589111
0.0,0.43552976846694946
0.0,0.2792138457298279
0.0,0.7018978595733643
1.0,0.5436476469039917
0.0,0.5912995934486389
1.0,0.5744209289550781
1.0,0.722665548324585
1.0,0.6213027238845825
0.0,0.6243612170219421
0.0,0.3234815299510956
0.0,0.715608537197113
0.0,0.4275085926055908
0.0,0.5626136064529419
0.0,0.6223799586296082
0.0,0.3360521197319031
0.0,0.410678505897522
0.0,0.3674743175506592
1.0,0.7222750782966614
1.0,0.7097597718238831
0.0,0.2876342833042145
1.0,0.6716525554656982
0.0,0.485183984041214
1.0,0.4636198580265045
0.0,0.39452314376831055
0.0,0.47981128096580505
1.0,0.688242495059967
0.0,0.4028903543949127
0.0,0.30029749870300293
0.0,0.6247409582138062
1.0,0.6459120512008667
1.0,0.584970235824585
0.0,0.708419144153595
0.0,0.3331856429576874
0.0,0.3996843993663788
1.0,0.6970292925834656
0.0,0.3879591226577759
1.0,0.5391721129417419
0.0,0.34419354796409607
1.0,0.7057554721832275
0.0,0.6046715378761292
1.0,0.6835376620292664
1.0,0.6896292567253113
0.0,0.6995348334312439
1.0,0.5607180595397949
0.0,0.5142436623573303
1.0,0.7051587104797363
1.0,0.6633380651473999
0.0,0.45442473888397217
0.0,0.7114303708076477
0.0,0.6719257235527039
1.0,0.6114243865013123
0.0,0.5301175117492676
0.0,0.5877850651741028
1.0,0.6954775452613831
0.0,0.40317487716674805
0.0,0.45301610231399536
0.0,0.3176782727241516
1.0,0.4682823717594147
0.0,0.5794245004653931
0.0,0.687852680683136
0.0,0.4234205484390259
0.0,0.4394972324371338
1.0,0.6548006534576416
1.0,0.3090755343437195
1.0,0.6547277569770813
0.0,0.389938086271286
0.0,0.3914959728717804
0.0,0.29650574922561646
1.0,0.667839527130127
0.0,0.5540133118629456
0.0,0.43436139822006226
0.0,0.450918972492218
1.0,0.7137916684150696
1.0,0.7279524803161621
0.0,0.46289730072021484
1.0,0.7227611541748047
0.0,0.3447195589542389
1.0,0.7117127776145935
1.0,0.5907213091850281
0.0,0.6549009680747986
0.0,0.5549216866493225
1.0,0.7264302968978882
1.0,0.6087047457695007
1.0,0.48068681359291077
1.0,0.6848031282424927
1.0,0.7028634548187256
0.0,0.3988596200942993
1.0,0.5735287666320801
1.0,0.6514115333557129
1.0,0.726195216178894
1.0,0.706879734992981
0.0,0.5962172746658325
0.0,0.3460029065608978
1.0,0.39735472202301025
1.0,0.6835764646530151
1.0,0.36045846343040466
0.0,0.7152851223945618
1.0,0.6732978224754333
1.0,0.5992132425308228
0.0,0.7129581570625305
0.0,0.4388972520828247
0.0,0.32225561141967773
0.0,0.6803043484687805
1.0,0.7041123509407043
0.0,0.3430468738079071
1.0,0.4465630352497101
0.0,0.48118406534194946
1.0,0.6788725852966309
0.0,0.533611536026001
1.0,0.5929574966430664
0.0,0.4186917841434479
0.0,0.6138120293617249
1.0,0.7068471312522888
1.0,0.6188677549362183
0.0,0.474865585565567
1.0,0.38583433628082275
1.0,0.6848734021186829
1.0,0.7246255874633789
1.0,0.6717650294303894
1.0,0.7056405544281006
0.0,0.2814371585845947
1.0,0.4549398124217987
1.0,0.6443471908569336
0.0,0.2939434349536896
0.0,0.6091373562812805
1.0,0.6845781803131104
1.0,0.6850019693374634
1.0,0.7146514058113098
1.0,0.6179323196411133
0.0,0.3553764820098877
1.0,0.7239294052124023
1.0,0.6511649489402771
1.0,0.36352670192718506
1.0,0.673963725566864
0.0,0.45663559436798096
0.0,0.6757612824440002
0.0,0.7054183483123779
0.0,0.5075081586837769
0.0,0.3670981228351593
1.0,0.6909036636352539
1.0,0.33558401465415955
0.0,0.393810510635376
1.0,0.6349143981933594
1.0,0.37623918056488037
1.0,0.7135139107704163
1.0,0.6263474225997925
0.0,0.3310924470424652
1.0,0.5570526123046875
1.0,0.27621009945869446
0.0,0.6476677060127258
0.0,0.35014808177948
0.0,0.42206576466560364
0.0,0.45663243532180786
1.0,0.6376894116401672
0.0,0.6032623648643494
1.0,0.724419116973877
1.0,0.7116653919219971
1.0,0.6381243467330933
1.0,0.39313745498657227
1.0,0.7216541171073914
0.0,0.6824187636375427
0.0,0.4881080985069275
1.0,0.6755982637405396
0.0,0.5739630460739136
1.0,0.4293001890182495
0.0,0.4824475049972534
1.0,0.5999056696891785
1.0,0.7213760614395142
1.0,0.718205988407135
0.0,0.5964694619178772
0.0,0.6221213936805725
0.0,0.3615160882472992
0.0,0.6789665818214417
1.0,0.7073115110397339
1.0,0.723764955997467
1.0,0.6988654732704163
1.0,0.6340941190719604
1.0,0.6864284873008728
1.0,0.6972675919532776
1.0,0.7255306243896484
1.0,0.681668758392334
1.0,0.6966564655303955
1.0,0.6545231342315674
1.0,0.49037638306617737
1.0,0.6524341106414795
1.0,0.7256191372871399
1.0,0.5070372819900513
0.0,0.6591938138008118
0.0,0.4735306203365326
0.0,0.5706777572631836
0.0,0.5168275833129883
0.0,0.5524912476539612
1.0,0.6205753684043884
0.0,0.47499340772628784
0.0,0.43483319878578186
0.0,0.49601444602012634
1.0,0.7054557204246521
0.0,0.5641480088233948
0.0,0.610130250453949
0.0,0.47692105174064636
1.0,0.7022776007652283
0.0,0.5532689094543457
1.0,0.4164726138114929
1.0,0.3878556191921234
1.0,0.6842594146728516
0.0,0.7206172347068787
1.0,0.7117975354194641
1.0,0.4725031852722168
1.0,0.3334161043167114
1.0,0.3155430257320404
1.0,0.5935447812080383
1.0,0.6426649689674377
0.0,0.46025925874710083
1.0,0.7265141606330872
1.0,0.5677822828292847
0.0,0.4407794773578644
0.0,0.2910633683204651
1.0,0.5882266163825989
1.0,0.4576139748096466
0.0,0.5807198286056519
0.0,0.45448723435401917
0.0,0.5656143426895142
0.0,0.6420864462852478
1.0,0.7082491517066956
1.0,0.7216859459877014
0.0,0.4976814389228821
0.0,0.5655115842819214
0.0,0.4992130994796753
0.0,0.6519202589988708
0.0,0.35737836360931396
1.0,0.7284306883811951
0.0,0.5762518644332886
0.0,0.4285762906074524
1.0,0.35037413239479065
0.0,0.376166969537735
1.0,0.5801305174827576
1.0,0.520186722278595
0.0,0.5499740242958069
0.0,0.3136950433254242
0.0,0.6250816583633423
1.0,0.7194103598594666
0.0,0.679451584815979
0.0,0.33412104845046997
1.0,0.7105070948600769
0.0,0.29616010189056396
0.0,0.5992109775543213
0.0,0.3283485770225525
0.0,0.4140941798686981
1.0,0.7273308038711548
1.0,0.7145929336547852
1.0,0.2831539511680603
0.0,0.3187340199947357
0.0,0.3612443506717682
0.0,0.5518659353256226
1.0,0.7274918556213379
1.0,0.6513547301292419
1.0,0.40092816948890686
1.0,0.7013043165206909
0.0,0.7138799428939819
1.0,0.6701043844223022
1.0,0.6550449728965759
0.0,0.701585590839386
0.0,0.32707715034484863
1.0,0.3712024688720703
1.0,0.6772968769073486
0.0,0.6716586351394653
0.0,0.3347202241420746
0.0,0.5257335305213928
0.0,0.5119770765304565
1.0,0.5097790956497192
1.0,0.7249787449836731
1.0,0.6747960448265076
0.0,0.6304538249969482
0.0,0.33077043294906616
0.0,0.4312134385108948
0.0,0.6786655783653259
0.0,0.2831096053123474
1.0,0.7177919149398804
1.0,0.3634732663631439
1.0,0.7036633491516113
1.0,0.39991533756256104
1.0,0.6715824007987976
0.0,0.48702725768089294
0.0,0.5689923167228699
1.0,0.7220778465270996
1.0,0.713077187538147
1.0,0.6661195158958435
0.0,0.34821221232414246
1.0,0.7092288136482239
0.0,0.41915929317474365
1.0,0.655371904373169
1.0,0.7189957499504089
1.0,0.4337175786495209
0.0,0.2827759087085724
0.0,0.7052459120750427
0.0,0.6319767832756042
1.0,0.7247757315635681
0.0,0.5986161828041077
1.0,0.4479571282863617
1.0,0.7284095287322998
0.0,0.7136831879615784
1.0,0.6351173520088196
1.0,0.7072524428367615
1.0,0.5338453054428101
0.0,0.28192970156669617
1.0,0.7120742797851562
0.0,0.29516634345054626
0.0,0.4058123826980591
1.0,0.7257609963417053
0.0,0.3229016959667206
1.0,0.6570384502410889
0.0,0.6869106292724609
1.0,0.37371763586997986
0.0,0.32447364926338196
0.0,0.6321243047714233
0.0,0.5083135366439819
0.0,0.5980592370033264
1.0,0.5393375158309937
1.0,0.6646150946617126
0.0,0.3299615681171417
0.0,0.4753641188144684
0.0,0.4997151792049408
1.0,0.5480147004127502
0.0,0.5301956534385681
1.0,0.6605632901191711
1.0,0.5453856587409973
0.0,0.2827031910419464
0.0,0.29948392510414124
0.0,0.3163774907588959
0.0,0.5923222899436951
1.0,0.3058418333530426
1.0,0.6970486044883728
1.0,0.7182292938232422
0.0,0.5287496447563171
0.0,0.33281025290489197
0.0,0.5854294300079346
0.0,0.6722016930580139
1.0,0.7206264138221741
1.0,0.714711606502533
0.0,0.7079935073852539
0.0,0.354912668466568
0.0,0.2804218530654907
0.0,0.353542685508728
1.0,0.7280958294868469
1.0,0.7042385339736938
0.0,0.4401007294654846
0.0,0.4997173845767975
1.0,0.5177720785140991
1.0,0.7215255498886108
1.0,0.728807270526886
0.0,0.6657738089561462
0.0,0.6207557916641235
1.0,0.7094261646270752
1.0,0.6684082746505737
1.0,0.6490468978881836
1.0,0.7093766927719116
1.0,0.644007682800293
1.0,0.6929307579994202
1.0,0.7164888978004456
0.0,0.4889790713787079
0.0,0.7052968740463257
1.0,0.657343327999115
0.0,0.45537081360816956
1.0,0.37127816677093506
1.0,0.653977632522583
0.0,0.6180257797241211
0.0,0.2865237295627594
1.0,0.7077174782752991
1.0,0.671040415763855
1.0,0.6860775351524353
0.0,0.5495537519454956
0.0,0.41834956407546997
0.0,0.37664294242858887
0.0,0.4388411343097687
0.0,0.7247351408004761
0.0,0.37339961528778076
1.0,0.7172236442565918
0.0,0.4807240664958954
0.0,0.6909778118133545
1.0,0.5398369431495667
0.0,0.6445779800415039
1.0,0.48540088534355164
0.0,0.5640286207199097
1.0,0.61006098985672
0.0,0.7179586887359619
0.0,0.7134559750556946
0.0,0.30874037742614746
0.0,0.7205877900123596
0.0,0.3175821900367737
0.0,0.36719101667404175
0.0,0.4363454282283783
1.0,0.3062582015991211
1.0,0.7256035804748535
0.0,0.39091846346855164
0.0,0.41528165340423584
0.0,0.4949388802051544
1.0,0.7060376405715942
0.0,0.44625505805015564
0.0,0.44245532155036926
1.0,0.692207932472229
0.0,0.7024270296096802
0.0,0.5633974075317383
1.0,0.557134211063385
0.0,0.36846286058425903
0.0,0.4165678322315216
1.0,0.7010122537612915
0.0,0.5207098126411438
1.0,0.7131840586662292
0.0,0.34424811601638794
0.0,0.32953667640686035
1.0,0.5997005105018616
1.0,0.679257333278656
1.0,0.701109766960144
0.0,0.43155497312545776
1.0,0.6586642861366272
0.0,0.4600007236003876
0.0,0.5921734571456909
1.0,0.5431869626045227
0.0,0.4678281545639038
0.0,0.6712347865104675
0.0,0.43531784415245056
0.0,0.5428293943405151
1.0,0.5201528072357178
0.0,0.3104814291000366
1.0,0.6209134459495544
1.0,0.3021894693374634
0.0,0.5434864163398743
1.0,0.49955788254737854
0.0,0.6116318106651306
1.0,0.7071110606193542
0.0,0.34409046173095703
1.0,0.726487934589386
1.0,0.582743227481842
1.0,0.7014815211296082
0.0,0.4051944613456726
1.0,0.6887959837913513
0.0,0.3767354190349579
0.0,0.4313463866710663
0.0,0.6610139608383179
1.0,0.6639097332954407
0.0,0.27749279141426086
0.0,0.44139593839645386
1.0,0.5318660140037537
0.0,0.560584306716919
0.0,0.48047977685928345
0.0,0.7178134918212891
1.0,0.726891279220581
1.0,0.6613423824310303
1.0,0.6947389841079712
0.0,0.5466365814208984
1.0,0.7192261815071106
0.0,0.5334282517433167
1.0,0.29010316729545593
1.0,0.5004866719245911
1.0,0.7259644865989685
0.0,0.4827735722064972
1.0,0.6335262060165405
1.0,0.516936182975769
1.0,0.7194142937660217
0.0,0.43346163630485535
0.0,0.36611005663871765
0.0,0.7127144932746887
0.0,0.33532148599624634
0.0,0.3054971694946289
1.0,0.7063590288162231
1.0,0.6980768442153931
1.0,0.3782264292240143
1.0,0.63722825050354
1.0,0.6840148568153381
1.0,0.583813488483429
0.0,0.41442209482192993
0.0,0.39379745721817017
1.0,0.5383731722831726
0.0,0.29126372933387756
1.0,0.6904109716415405
1.0,0.7084829211235046
0.0,0.44354504346847534
1.0,0.6813592910766602
1.0,0.6196044683456421
1.0,0.6581898331642151
0.0,0.5130971074104309
1.0,0.4016955494880676
0.0,0.2964153289794922
1.0,0.7199007868766785
1.0,0.5307532548904419
0.0,0.717809796333313
0.0,0.398136705160141
1.0,0.40852218866348267
0.0,0.35895007848739624
0.0,0.6566768288612366
1.0,0.6685734987258911
1.0,0.6690037250518799
1.0,0.559948205947876
1.0,0.7192236185073853
0.0,0.6359151005744934
1.0,0.6695213317871094
0.0,0.5496122241020203
1.0,0.29685845971107483
1.0,0.7281999588012695
0.0,0.564905047416687
0.0,0.5806258916854858
1.0,0.6139174103736877
1.0,0.6213524341583252
0.0,0.4339768588542938
1.0,0.4723252058029175
1.0,0.4960402548313141
0.0,0.5363288521766663
0.0,0.3619879186153412
1.0,0.7077397108078003
0.0,0.397754967212677
0.0,0.44028761982917786
1.0,0.7101752161979675
1.0,0.7146570086479187
0.0,0.35189157724380493
1.0,0.6318024396896362
0.0,0.5664882659912109
0.0,0.7193470001220703
0.0,0.2848062515258789
0.0,0.30851641297340393
0.0,0.577293872833252
0.0,0.6135977506637573
0.0,0.7143627405166626
0.0,0.47693324089050293
1.0,0.5067616105079651
1.0,0.7031611204147339
0.0,0.34972211718559265
0.0,0.5091766715049744
1.0,0.6903560161590576
1.0,0.7136200666427612
0.0,0.7022081017494202
1.0,0.7062733769416809
1.0,0.5291625261306763
1.0,0.40340524911880493
1.0,0.33610936999320984
1.0,0.681161642074585
1.0,0.5324074029922485
0.0,0.37638118863105774
0.0,0.4080038368701935
0.0,0.3988772928714752
0.0,0.38765785098075867
0.0,0.3537085950374603
1.0,0.7212846875190735
1.0,0.3640422523021698
0.0,0.31417253613471985
0.0,0.3691556751728058
0.0,0.716648519039154
1.0,0.6927605271339417
0.0,0.654478907585144
1.0,0.6982017755508423
0.0,0.6611002087593079
1.0,0.5525203943252563
1.0,0.32590994238853455
0.0,0.305842787027359
1.0,0.7220880389213562
1.0,0.6260762810707092
0.0,0.5424310564994812
0.0,0.3155020773410797
1.0,0.6733539700508118
1.0,0.6205517649650574
1.0,0.6852074861526489
1.0,0.5252660512924194
0.0,0.568864107131958
1.0,0.5933851599693298
0.0,0.3509904146194458
0.0,0.46306324005126953
1.0,0.6825739145278931
0.0,0.3539296090602875
0.0,0.3910776674747467
1.0,0.71132493019104
1.0,0.30462950468063354
0.0,0.39214077591896057
0.0,0.721992015838623
0.0,0.3674181401729584
0.0,0.5345533490180969
1.0,0.646879255771637
0.0,0.455128014087677
1.0,0.5554010272026062
0.0,0.3282518982887268
1.0,0.728279709815979
1.0,0.5615944862365723
1.0,0.7229301333427429
1.0,0.7211991548538208
1.0,0.7254323363304138
0.0,0.5517805218696594
1.0,0.7051146030426025
1.0,0.44604066014289856
1.0,0.7238345146179199
1.0,0.29688116908073425
0.0,0.6263387203216553
1.0,0.7097020149230957
1.0,0.687568724155426
0.0,0.6184967160224915
1.0,0.6957617998123169
0.0,0.31560906767845154
0.0,0.5386971831321716
1.0,0.7246917486190796
0.0,0.5841244459152222
0.0,0.34884020686149597
0.0,0.5804334878921509
0.0,0.337180495262146
0.0,0.323335736989975
0.0,0.49759507179260254
0.0,0.7235696315765381
1.0,0.7005497813224792
1.0,0.5553860664367676
0.0,0.40988636016845703
1.0,0.5813748836517334
0.0,0.31673896312713623
1.0,0.3634237051010132
0.0,0.395455002784729
1.0,0.630687415599823
1.0,0.30730122327804565
1.0,0.35630473494529724
1.0,0.7226597666740417
0.0,0.6996399760246277
1.0,0.6621524691581726
1.0,0.7112892866134644
1.0,0.6432562470436096
0.0,0.3915998637676239
1.0,0.5596649646759033
0.0,0.43790385127067566
0.0,0.4325188398361206
0.0,0.6604490876197815
0.0,0.5582713484764099
1.0,0.6997515559196472
0.0,0.5624114871025085
1.0,0.5291446447372437
0.0,0.694178581237793
1.0,0.5241540670394897
1.0,0.637769341468811
1.0,0.5695379972457886
0.0,0.6010380983352661
0.0,0.4038775861263275
1.0,0.6415903568267822
1.0,0.7292178869247437
0.0,0.5970699191093445
0.0,0.5532577633857727
1.0,0.6028172969818115
0.0,0.6104048490524292
0.0,0.36648184061050415
1.0,0.7193689942359924
1.0,0.6494919657707214
0.0,0.7139075398445129
1.0,0.7175353169441223
1.0,0.6667554974555969
0.0,0.43643203377723694
1.0,0.7266714572906494
1.0,0.6630468368530273
1.0,0.5701440572738647
1.0,0.6991217732429504
1.0,0.7038632035255432
0.0,0.5319012999534607
1.0,0.6193919777870178
0.0,0.40294718742370605
0.0,0.5630446672439575
0.0,0.42453545331954956
1.0,0.6230182647705078
0.0,0.5370166301727295
1.0,0.7267997860908508
1.0,0.6096066832542419
1.0,0.6982055902481079
0.0,0.6463283896446228
1.0,0.6343698501586914
1.0,0.7184550762176514
0.0,0.7220830321311951
1.0,0.7196502685546875
0.0,0.2976156175136566
0.0,0.6524554491043091
1.0,0.6184070110321045
1.0,0.6794877052307129
0.0,0.44248875975608826
1.0,0.6256883144378662
0.0,0.6616177558898926
0.0,0.5003161430358887
0.0,0.3710784912109375
0.0,0.6063897013664246
1.0,0.7233381867408752
0.0,0.5063069462776184
0.0,0.6954379677772522
0.0,0.5462596416473389
1.0,0.6209459900856018
1.0,0.6859557628631592
0.0,0.40539291501045227
1.0,0.7172132134437561
1.0,0.45213860273361206
0.0,0.30070921778678894
1.0,0.7237193584442139
0.0,0.5848134756088257
0.0,0.45831790566444397
1.0,0.717478334903717
1.0,0.47849270701408386
0.0,0.6958062052726746
0.0,0.4289480149745941
1.0,0.37802475690841675
1.0,0.727756917476654
1.0,0.729656994342804
0.0,0.6382942199707031
1.0,0.6947686076164246
0.0,0.6664660573005676
0.0,0.5855249762535095
0.0,0.5392206907272339
0.0,0.3010287880897522
0.0,0.3279990255832672
0.0,0.43829116225242615
0.0,0.6501437425613403
0.0,0.35813215374946594
1.0,0.7163404822349548
0.0,0.32805463671684265
0.0,0.7133840918540955
0.0,0.30111053586006165
1.0,0.31471842527389526
0.0,0.598491370677948
1.0,0.6817019581794739
1.0,0.6600289940834045
1.0,0.574059784412384
1.0,0.4995114803314209
1.0,0.40849682688713074
1.0,0.7156128883361816
0.0,0.2873643636703491
1.0,0.6498661041259766
1.0,0.7174272537231445
0.0,0.4493822157382965
0.0,0.6217628717422485
1.0,0.623910129070282
0.0,0.33637815713882446
0.0,0.3721071481704712
0.0,0.7095327377319336
1.0,0.7138975858688354
1.0,0.7029145956039429
0.0,0.6141981482505798
1.0,0.7131985425949097
0.0,0.6198953986167908
0.0,0.33222275972366333
0.0,0.7161415815353394
1.0,0.6649982929229736
1.0,0.39348962903022766
1.0,0.7277304530143738
0.0,0.5040932893753052
0.0,0.30325159430503845
0.0,0.5149554014205933
0.0,0.7180526256561279
0.0,0.7163439393043518
1.0,0.6832307577133179
0.0,0.7259752750396729
0.0,0.6930738687515259
0.0,0.6840870380401611
0.0,0.3657296597957611
0.0,0.2924189567565918
0.0,0.48924657702445984
0.0,0.6948467493057251
0.0,0.4839909076690674
1.0,0.7273186445236206
0.0,0.39568695425987244
0.0,0.46401485800743103
1.0,0.7253147959709167
0.0,0.5623806715011597
1.0,0.7030120491981506
1.0,0.6717262864112854
1.0,0.635864794254303
0.0,0.30474022030830383
0.0,0.4445621073246002
0.0,0.3058360517024994
0.0,0.351574182510376
1.0,0.6614463329315186
1.0,0.7109814286231995
0.0,0.6511480808258057
1.0,0.4161059558391571
0.0,0.3093200922012329
1.0,0.5086216330528259
1.0,0.722201943397522
1.0,0.6565857529640198
0.0,0.681267499923706
1.0,0.6755256056785583
0.0,0.39478084444999695
0.0,0.6664507985115051
1.0,0.5996931791305542
1.0,0.6588319540023804
1.0,0.6624058485031128
0.0,0.6665055155754089
0.0,0.4902978539466858
1.0,0.5141149163246155
1.0,0.6363983154296875
1.0,0.49494412541389465
1.0,0.3047259747982025
1.0,0.6396955847740173
1.0,0.5706079006195068
0.0,0.6179715394973755
1.0,0.5309633016586304
0.0,0.7082732319831848
0.0,0.612375795841217
1.0,0.6313165426254272
1.0,0.5919221043586731
1.0,0.6095408201217651
1.0,0.6936950087547302
0.0,0.718999445438385
1.0,0.7129218578338623
1.0,0.7145645618438721
0.0,0.3162532448768616
0.0,0.337462842464447
0.0,0.6473121047019958
1.0,0.7182312607765198
0.0,0.585812509059906
0.0,0.31180691719055176
1.0,0.7119584679603577
1.0,0.6939119696617126
0.0,0.5987555384635925
0.0,0.4517492651939392
0.0,0.28770530223846436
0.0,0.6767262816429138
1.0,0.6750730276107788
1.0,0.7105036973953247
0.0,0.6784897446632385
0.0,0.3569362759590149
1.0,0.7167828679084778
0.0,0.49784213304519653
0.0,0.2984093725681305
0.0,0.30992791056632996
0.0,0.6175594925880432
1.0,0.7264494895935059
0.0,0.44435131549835205
0.0,0.3342445492744446
0.0,0.5384247899055481
1.0,0.7048585414886475
0.0,0.4274499714374542
1.0,0.3891426622867584
1.0,0.6101004481315613
0.0,0.3043796718120575
1.0,0.7261791229248047
1.0,0.5514599680900574
0.0,0.5703445076942444
1.0,0.7043789625167847
1.0,0.34185221791267395
0.0,0.5181711316108704
0.0,0.3535069525241852
0.0,0.5525344014167786
1.0,0.7237478494644165
1.0,0.6574835777282715
0.0,0.35590195655822754
1.0,0.3555908203125
0.0,0.5577539801597595
1.0,0.6800855994224548
0.0,0.45654624700546265
1.0,0.5531690716743469
1.0,0.6895667314529419
0.0,0.6887727379798889
0.0,0.4945581257343292
1.0,0.6859859228134155
0.0,0.6356353759765625
0.0,0.7028645277023315
0.0,0.6025829315185547
1.0,0.7201816439628601
1.0,0.7274346947669983
1.0,0.5199467539787292
0.0,0.3278009593486786
1.0,0.7275893688201904
0.0,0.4959162473678589
1.0,0.4172106683254242
0.0,0.6137206554412842
0.0,0.602664589881897
0.0,0.6868398785591125
0.0,0.6309002041816711
0.0,0.6863592267036438
1.0,0.6521447896957397
0.0,0.4518526792526245
1.0,0.6593633890151978
0.0,0.4222547709941864
1.0,0.7134485244750977
0.0,0.4274578392505646
0.0,0.7164552211761475
1.0,0.6681913733482361
1.0,0.70868319272995
0.0,0.47199198603630066
0.0,0.3745339512825012
0.0,0.5985302329063416
0.0,0.561927080154419
1.0,0.7089171409606934
0.0,0.42724019289016724
1.0,0.7197216749191284
0.0,0.47076305747032166
0.0,0.34393396973609924
0.0,0.6373500227928162
1.0,0.5409366488456726
1.0,0.42453518509864807
1.0,0.7095866203308105
1.0,0.7191643714904785
1.0,0.7064558863639832
0.0,0.605169415473938
0.0,0.6494000554084778
1.0,0.7292037606239319
0.0,0.3479832410812378
1.0,0.4854860305786133
1.0,0.723395824432373
0.0,0.6912139058113098
0.0,0.3654175102710724
1.0,0.4376111328601837
0.0,0.48316553235054016
0.0,0.3925520181655884
0.0,0.4277375042438507
0.0,0.37806665897369385
0.0,0.4845014810562134
1.0,0.6186124086380005
1.0,0.6173619627952576
1.0,0.6504565477371216
1.0,0.7044216990470886
1.0,0.6400257349014282
1.0,0.7168263792991638
1.0,0.6205950379371643
0.0,0.5731627941131592
1.0,0.639572262763977
1.0,0.6334913969039917
0.0,0.7108033895492554
0.0,0.41199007630348206
0.0,0.6880649328231812
0.0,0.6555830836296082
1.0,0.7073214054107666
1.0,0.6196498870849609
1.0,0.5851421356201172
1.0,0.7084415555000305
1.0,0.5914966464042664
1.0,0.5818766355514526
1.0,0.6721740961074829
1.0,0.7109651565551758
0.0,0.5155107975006104
0.0,0.42366352677345276
1.0,0.3013352155685425
1.0,0.5546922087669373
0.0,0.6217549443244934
0.0,0.5355857610702515
1.0,0.7291131615638733
1.0,0.31716176867485046
1.0,0.7117578387260437
1.0,0.7039459943771362
0.0,0.2986292243003845
0.0,0.6116331219673157
0.0,0.48689189553260803
0.0,0.6044225096702576
1.0,0.7193039655685425
0.0,0.5498380064964294
0.0,0.3514552116394043
1.0,0.6251705884933472
0.0,0.39304518699645996
0.0,0.47972753643989563
1.0,0.6703046560287476
1.0,0.28283190727233887
1.0,0.7008581757545471
1.0,0.3774520754814148
0.0,0.2802684009075165
1.0,0.53349769115448
0.0,0.35593971610069275
0.0,0.7163286805152893
1.0,0.7107482552528381
1.0,0.5673026442527771
1.0,0.5277767777442932
1.0,0.7238838076591492
0.0,0.4872662425041199
1.0,0.6762498021125793
0.0,0.3651386499404907
0.0,0.6317874193191528
1.0,0.6598415374755859
0.0,0.6086264252662659
0.0,0.3588680922985077
1.0,0.45789796113967896
1.0,0.6706172823905945
0.0,0.5741533041000366
1.0,0.5738622546195984
0.0,0.6883625984191895
0.0,0.3338182270526886
0.0,0.3706873059272766
0.0,0.7226960062980652
0.0,0.6073571443557739
0.0,0.36236944794654846
1.0,0.5858824849128723
1.0,0.6815797686576843
1.0,0.6019962430000305
0.0,0.6604092121124268
0.0,0.3300052583217621
0.0,0.37020403146743774
1.0,0.5869213342666626
0.0,0.6745150089263916
0.0,0.5990886688232422
0.0,0.7155956029891968
1.0,0.4505282938480377
1.0,0.7236338257789612
1.0,0.7179583311080933
1.0,0.718750536441803
1.0,0.48581475019454956
0.0,0.719636082649231
1.0,0.6713132262229919
0.0,0.4240231513977051
0.0,0.39150986075401306
0.0,0.6555830836296082
0.0,0.49776220321655273
1.0,0.5452778935432434
0.0,0.7156603932380676
1.0,0.46534526348114014
0.0,0.28170129656791687
1.0,0.7253572940826416
0.0,0.2967100441455841
0.0,0.5238115787506104
0.0,0.43077945709228516
1.0,0.5046252608299255
1.0,0.7156540155410767
1.0,0.6376312971115112
1.0,0.709385871887207
1.0,0.7222601175308228
0.0,0.6642634272575378
0.0,0.467084676027298
1.0,0.7270002961158752
1.0,0.35184070467948914
0.0,0.4418119788169861
1.0,0.725511372089386
0.0,0.49207162857055664
0.0,0.5054911971092224
0.0,0.5168761014938354
1.0,0.7144409418106079
1.0,0.6462997794151306
1.0,0.3999072015285492
0.0,0.5024101734161377
1.0,0.6332095861434937
0.0,0.6898128986358643
0.0,0.5157994031906128
0.0,0.5984508395195007
0.0,0.4251058101654053
0.0,0.4146248996257782
1.0,0.5673218369483948
1.0,0.6486538052558899
0.0,0.49386319518089294
1.0,0.6433410048484802
0.0,0.5807486176490784
1.0,0.3112301528453827
1.0,0.35939785838127136
0.0,0.6579123735427856
1.0,0.5157297253608704
0.0,0.5371788740158081
1.0,0.6579580307006836
0.0,0.4137401580810547
1.0,0.7031848430633545
0.0,0.6294159889221191
1.0,0.340076744556427
1.0,0.65156090259552
0.0,0.3037664294242859
0.0,0.28745776414871216
0.0,0.424465537071228
0.0,0.36632245779037476
1.0,0.6088577508926392
0.0,0.4389880299568176
0.0,0.48679956793785095
1.0,0.5794800519943237
0.0,0.580973744392395
1.0,0.552467942237854
1.0,0.45372363924980164
0.0,0.6294587850570679
1.0,0.596001148223877
0.0,0.5458145141601562
0.0,0.6472079157829285
0.0,0.622672975063324
0.0,0.6043053865432739
0.0,0.5896986126899719
0.0,0.45002928376197815
0.0,0.3813932240009308
0.0,0.548444926738739
1.0,0.659993052482605
1.0,0.4488215744495392
0.0,0.7019280195236206
1.0,0.567076563835144
0.0,0.5362638831138611
1.0,0.4556795358657837
1.0,0.36820828914642334
1.0,0.6248568296432495
0.0,0.3206532895565033
0.0,0.500274658203125
0.0,0.5544286370277405
0.0,0.5019934773445129
0.0,0.4073573052883148
0.0,0.5542007088661194
1.0,0.43517249822616577
0.0,0.4687039256095886
1.0,0.4292384088039398
0.0,0.6488785743713379
0.0,0.6273472905158997
1.0,0.3747093379497528
0.0,0.5863283276557922
0.0,0.6467060446739197
1.0,0.675683319568634
0.0,0.4193418323993683
0.0,0.713454008102417
1.0,0.5911868810653687
0.0,0.3226844072341919
1.0,0.3587622046470642
1.0,0.6220114231109619
1.0,0.5561042428016663
1.0,0.7270718216896057
0.0,0.5248550772666931
0.0,0.4047737121582031
0.0,0.34381014108657837
0.0,0.7194585204124451
0.0,0.27968549728393555
0.0,0.7152820825576782
1.0,0.6820771098136902
1.0,0.7080485820770264
0.0,0.6670175790786743
1.0,0.6262340545654297
1.0,0.433481901884079
0.0,0.6203354001045227
0.0,0.31538620591163635
0.0,0.4908229410648346
0.0,0.6840773224830627
0.0,0.5095385909080505
1.0,0.5974786281585693
0.0,0.5466330051422119
0.0,0.2755168378353119
0.0,0.6001647114753723
0.0,0.6787844896316528
1.0,0.7238124012947083
0.0,0.4930068254470825
0.0,0.2979141175746918
1.0,0.7226880192756653
1.0,0.7098341584205627
1.0,0.6650456786155701
0.0,0.3134460151195526
0.0,0.642171323299408
0.0,0.6008473038673401
0.0,0.32244500517845154
1.0,0.705581784248352
1.0,0.6661919951438904
1.0,0.37322965264320374
0.0,0.4636326730251312
1.0,0.6483351588249207
0.0,0.7238044142723083
1.0,0.6806515455245972
1.0,0.7153421640396118
0.0,0.6747877597808838
1.0,0.7238898873329163
1.0,0.6702337861061096
1.0,0.6045204997062683
0.0,0.3768700063228607
0.0,0.6963897347450256
1.0,0.7097602486610413
0.0,0.5428768992424011
1.0,0.7086750864982605
1.0,0.6611561179161072
1.0,0.5372951626777649
0.0,0.3417600393295288
0.0,0.3290739953517914
0.0,0.6384057998657227
1.0,0.7178533673286438
0.0,0.286573201417923
0.0,0.5654387474060059
0.0,0.47385239601135254
0.0,0.465808629989624
0.0,0.45834699273109436
1.0,0.6354015469551086
1.0,0.6130864024162292
0.0,0.4969964325428009
1.0,0.5006850957870483
0.0,0.3759493827819824
1.0,0.7174596786499023
1.0,0.7276382446289062
1.0,0.6908009052276611
1.0,0.6756110191345215
0.0,0.4407740831375122
1.0,0.7213220596313477
1.0,0.7231137156486511
1.0,0.6788958311080933
1.0,0.47729530930519104
1.0,0.5262805223464966
1.0,0.7057629823684692
1.0,0.44231125712394714
1.0,0.5502775311470032
1.0,0.7236132025718689
1.0,0.6801496744155884
1.0,0.7161708474159241
0.0,0.42288485169410706
0.0,0.31997475028038025
1.0,0.7163096070289612
0.0,0.3477238714694977
1.0,0.5724571943283081
0.0,0.41667675971984863
0.0,0.6330910921096802
1.0,0.5777736902236938
1.0,0.6149313449859619
0.0,0.3920932412147522
0.0,0.5108780860900879
0.0,0.28314459323883057
1.0,0.725527822971344
1.0,0.6583472490310669
1.0,0.7162538766860962
0.0,0.5471043586730957
1.0,0.7255010008811951
0.0,0.28119179606437683
1.0,0.7234761118888855
0.0,0.4274013638496399
1.0,0.3029656708240509
1.0,0.7026103138923645
1.0,0.5944347977638245
0.0,0.44949448108673096
0.0,0.6395999193191528
0.0,0.2968307435512543
1.0,0.7133566737174988
0.0,0.36805835366249084
1.0,0.5340080857276917
1.0,0.705324649810791
0.0,0.503165066242218
0.0,0.5865809321403503
1.0,0.48909640312194824
0.0,0.5982005000114441
1.0,0.7115779519081116
0.0,0.3119443953037262
0.0,0.3494597375392914
1.0,0.7180355191230774
0.0,0.6047651767730713
1.0,0.6203182935714722
0.0,0.3042607605457306
1.0,0.7207712531089783
1.0,0.7230294942855835
1.0,0.3530626595020294
1.0,0.7207061648368835
0.0,0.6870708465576172
1.0,0.6902610659599304
0.0,0.6883536577224731
1.0,0.4799371361732483
1.0,0.5304334759712219
1.0,0.7180349230766296
1.0,0.7040736079216003
1.0,0.714191198348999
0.0,0.723502516746521
0.0,0.722933292388916
1.0,0.6979394555091858
0.0,0.7026195526123047
1.0,0.6812781691551208
1.0,0.29969432950019836
1.0,0.48936325311660767
1.0,0.6689413785934448
1.0,0.3694593906402588
1.0,0.6398994326591492
0.0,0.520651638507843
1.0,0.6699584722518921
1.0,0.7181256413459778
0.0,0.6979237198829651
0.0,0.7241659760475159
1.0,0.4559493362903595
0.0,0.2867445945739746
0.0,0.42713749408721924
0.0,0.5871328711509705
1.0,0.7232291102409363
0.0,0.4391476809978485
0.0,0.2901083528995514
0.0,0.5055363178253174
1.0,0.6926203966140747
0.0,0.48845210671424866
1.0,0.700526773929596
0.0,0.319440633058548
1.0,0.6809966564178467
1.0,0.6838552355766296
1.0,0.3268868327140808
0.0,0.28970807790756226
0.0,0.3999032974243164
1.0,0.5205869078636169
0.0,0.7091405391693115
1.0,0.7073009610176086
1.0,0.7200564742088318
0.0,0.536297619342804
1.0,0.6519747972488403
1.0,0.7074276804924011
1.0,0.7264214754104614
1.0,0.7002415657043457
0.0,0.43550634384155273
1.0,0.6929061412811279
0.0,0.3763813376426697
1.0,0.6092035174369812
1.0,0.7014558911323547
0.0,0.32343655824661255
1.0,0.6924223303794861
1.0,0.6576476097106934
1.0,0.4689371883869171
1.0,0.39833539724349976
1.0,0.719296932220459
0.0,0.44551485776901245
1.0,0.7205568552017212
1.0,0.7199820876121521
1.0,0.6938754320144653
1.0,0.6703184843063354
1.0,0.6582040786743164
0.0,0.47755229473114014
0.0,0.334966242313385
0.0,0.5205559134483337
0.0,0.3482430577278137
1.0,0.7217105031013489
0.0,0.692655086517334
1.0,0.7156274318695068
1.0,0.5454064011573792
0.0,0.4510203003883362
0.0,0.395814448595047
1.0,0.4622611105442047
0.0,0.3926728367805481
1.0,0.602791428565979
1.0,0.7173137068748474
0.0,0.45189976692199707
0.0,0.38856086134910583
1.0,0.6904848217964172
1.0,0.6947342753410339
1.0,0.7219069600105286
0.0,0.3769778907299042
1.0,0.5477249026298523
0.0,0.7072418332099915
0.0,0.5000869035720825
1.0,0.7217770218849182
1.0,0.6558061242103577
1.0,0.6325083374977112
1.0,0.6509237289428711
0.0,0.615192711353302
0.0,0.38380593061447144
1.0,0.7003234624862671
1.0,0.6404848098754883
0.0,0.3270967900753021
1.0,0.7116226553916931
0.0,0.4136679172515869
1.0,0.5415707230567932
1.0,0.7109397053718567
0.0,0.6542617678642273
1.0,0.6204587817192078
1.0,0.655005156993866
0.0,0.46521422266960144
1.0,0.5092936158180237
1.0,0.7223863005638123
1.0,0.7116392254829407
1.0,0.6811318397521973
0.0,0.6973639726638794
1.0,0.5363941192626953
0.0,0.7030192017555237
0.0,0.4697100520133972
0.0,0.29157575964927673
0.0,0.42935827374458313
0.0,0.44670647382736206
1.0,0.7016879320144653
1.0,0.29282060265541077
1.0,0.7217124700546265
1.0,0.638241171836853
1.0,0.6739203929901123
1.0,0.5689172744750977
1.0,0.7027379274368286
0.0,0.3219204246997833
0.0,0.7222659587860107
0.0,0.47803276777267456
1.0,0.7148378491401672
0.0,0.6888942718505859
0.0,0.4002642035484314
0.0,0.7123804688453674
1.0,0.6564077138900757
0.0,0.7057279348373413
0.0,0.5209974050521851
0.0,0.3626351058483124
0.0,0.49505510926246643
1.0,0.6475066542625427
1.0,0.6482340097427368
1.0,0.6785981059074402
0.0,0.29301533102989197
1.0,0.7183332443237305
1.0,0.7265278100967407
0.0,0.45256122946739197
1.0,0.720713198184967
0.0,0.468479186296463
0.0,0.6214979887008667
1.0,0.6261644959449768
1.0,0.5209965109825134
1.0,0.7151708602905273
0.0,0.35248321294784546
0.0,0.6481881141662598
1.0,0.6448012590408325
1.0,0.6628316640853882
1.0,0.2910706102848053
0.0,0.3032239079475403
1.0,0.7016775608062744
1.0,0.5383466482162476
0.0,0.6047307848930359
0.0,0.5374258160591125
1.0,0.615413248538971
1.0,0.6898843050003052
1.0,0.674390435218811
1.0,0.46244749426841736
1.0,0.7113066911697388
1.0,0.7178342938423157
0.0,0.3169027864933014
1.0,0.49162307381629944
1.0,0.6723973751068115
0.0,0.627323567867279
0.0,0.30300283432006836
0.0,0.5940626859664917
1.0,0.7243092060089111
1.0,0.5506957769393921
1.0,0.6983876824378967
1.0,0.6518084406852722
0.0,0.6928053498268127
0.0,0.7196214199066162
0.0,0.7086061239242554
0.0,0.3337080180644989
1.0,0.70428067445755
1.0,0.7217694520950317
0.0,0.7173735499382019
0.0,0.7197145223617554
1.0,0.36580103635787964
1.0,0.6906961798667908
0.0,0.29035118222236633
0.0,0.6815534830093384
1.0,0.6836354732513428
0.0,0.5972323417663574
1.0,0.7108678817749023
0.0,0.5477850437164307
1.0,0.6841847896575928
0.0,0.29594600200653076
0.0,0.6003704071044922
0.0,0.3412249684333801
1.0,0.7124505639076233
0.0,0.4221387505531311
1.0,0.619985818862915
0.0,0.5695963501930237
1.0,0.576615035533905
0.0,0.5498194694519043
1.0,0.5527424812316895
1.0,0.6255922317504883
0.0,0.29089000821113586
0.0,0.5033067464828491
1.0,0.5822628736495972
1.0,0.7129654884338379
0.0,0.6516996622085571
0.0,0.5870429873466492
1.0,0.6848518252372742
1.0,0.3793755769729614
0.0,0.4430694878101349
1.0,0.717362642288208
1.0,0.64070725440979
0.0,0.4831819534301758
1.0,0.6049765348434448
1.0,0.4879722595214844
1.0,0.6568119525909424
1.0,0.7194210886955261
1.0,0.6058146953582764
1.0,0.7229724526405334
1.0,0.7262349724769592
0.0,0.5196948647499084
1.0,0.6715055108070374
0.0,0.5704132914543152
1.0,0.7229012250900269
0.0,0.648021399974823
1.0,0.3993928134441376
0.0,0.5771284103393555
1.0,0.7140586376190186
1.0,0.6376081109046936
0.0,0.3582802712917328
0.0,0.7207843661308289
0.0,0.43528878688812256
0.0,0.5734845399856567
1.0,0.44680002331733704
0.0,0.6904885768890381
1.0,0.6528539061546326
0.0,0.5605913996696472
1.0,0.7131419777870178
0.0,0.3782479166984558
0.0,0.3793727159500122
0.0,0.5010246634483337
1.0,0.7000289559364319
1.0,0.7239064574241638
1.0,0.7213208079338074
1.0,0.7187788486480713
0.0,0.42422500252723694
1.0,0.7200313210487366
0.0,0.3969695568084717
0.0,0.6739726066589355
0.0,0.6160575747489929
1.0,0.6436991095542908
0.0,0.4046584665775299
1.0,0.6125390529632568
1.0,0.6177621483802795
1.0,0.6178072690963745
1.0,0.6080818176269531
0.0,0.6606333255767822
0.0,0.4675067365169525
0.0,0.48709121346473694
0.0,0.3456208109855652
0.0,0.3343821167945862
1.0,0.30474501848220825
1.0,0.36290156841278076
0.0,0.7051689624786377
0.0,0.6723043918609619
0.0,0.7106070518493652
1.0,0.7205700874328613
0.0,0.7191630601882935
1.0,0.633098840713501
1.0,0.553968608379364
1.0,0.6599497199058533
0.0,0.6490792632102966
0.0,0.41091859340667725
0.0,0.359735906124115
1.0,0.7199711799621582
1.0,0.630666196346283
0.0,0.5430251359939575
1.0,0.71100914478302
1.0,0.6956689953804016
1.0,0.7219092845916748
1.0,0.6373657584190369
1.0,0.5545729994773865
0.0,0.5714893937110901
1.0,0.7167081236839294
0.0,0.6036094427108765
1.0,0.36476191878318787
0.0,0.39836588501930237
1.0,0.7152712941169739
0.0,0.2907646894454956
1.0,0.7042522430419922
0.0,0.7214298844337463
1.0,0.7198659777641296
1.0,0.5780924558639526
0.0,0.47208061814308167
0.0,0.6082395911216736
0.0,0.4662340581417084
1.0,0.5187525153160095
0.0,0.541236162185669
0.0,0.43074432015419006
0.0,0.48321330547332764
0.0,0.38420841097831726
1.0,0.7177397012710571
1.0,0.6419293284416199
0.0,0.3529301583766937
1.0,0.7123900651931763
0.0,0.3710780441761017
0.0,0.4141812324523926
0.0,0.5541214942932129
0.0,0.2873303294181824
0.0,0.4598132073879242
0.0,0.5234255194664001
1.0,0.6612639427185059
1.0,0.7258909940719604
0.0,0.6992551684379578
0.0,0.3911104202270508
1.0,0.5548522472381592
0.0,0.6415392756462097
0.0,0.3197019696235657
1.0,0.328920841217041
0.0,0.42614078521728516
1.0,0.6663557291030884
1.0,0.7264359593391418
1.0,0.7173500061035156
0.0,0.6489238142967224
1.0,0.7253222465515137
1.0,0.7234417796134949
0.0,0.2780551314353943
1.0,0.7216570377349854
1.0,0.6930325031280518
0.0,0.7074342966079712
1.0,0.6938121318817139
1.0,0.7186513543128967
1.0,0.6696913242340088
1.0,0.6592742204666138
1.0,0.32461827993392944
1.0,0.4532499611377716
0.0,0.7252052426338196
0.0,0.6769929528236389
1.0,0.47809740900993347
0.0,0.34190210700035095
1.0,0.5811704993247986
0.0,0.3565448820590973
1.0,0.7008874416351318
1.0,0.7207245230674744
1.0,0.6953810453414917
1.0,0.7256925106048584
0.0,0.48944365978240967
1.0,0.715248167514801
1.0,0.6942809224128723
1.0,0.7258510589599609
0.0,0.506200909614563
0.0,0.30153170228004456
0.0,0.32442426681518555
0.0,0.3075036108493805
1.0,0.3955339789390564
1.0,0.6857072114944458
0.0,0.3464624583721161
0.0,0.31953710317611694
0.0,0.3705857992172241
0.0,0.6703943014144897
1.0,0.5856575965881348
1.0,0.6839188933372498
1.0,0.5844224095344543
0.0,0.28071555495262146
1.0,0.5880702137947083
0.0,0.7187188863754272
0.0,0.7046424150466919
0.0,0.6045593619346619
0.0,0.6469897627830505
1.0,0.7185131311416626
0.0,0.4472658038139343
1.0,0.475627601146698
0.0,0.37812843918800354
1.0,0.719057023525238
1.0,0.6897171139717102
0.0,0.6499603390693665
0.0,0.5619476437568665
0.0,0.30870816111564636
1.0,0.6881387829780579
0.0,0.7189096808433533
1.0,0.38016414642333984
0.0,0.2938987612724304
0.0,0.6326461434364319
1.0,0.7271766066551208
0.0,0.42210859060287476
1.0,0.7172211408615112
0.0,0.7152866125106812
0.0,0.28309378027915955
1.0,0.697062075138092
0.0,0.6981251835823059
1.0,0.5304603576660156
0.0,0.49810120463371277
1.0,0.7213660478591919
0.0,0.33836647868156433
0.0,0.4648420214653015
1.0,0.6879633069038391
1.0,0.31030505895614624
0.0,0.3906763792037964
1.0,0.5099081993103027
0.0,0.4017321765422821
1.0,0.7221486568450928
1.0,0.5177884697914124
1.0,0.653382420539856
1.0,0.7174316644668579
0.0,0.4290448725223541
1.0,0.616105854511261
1.0,0.6525627374649048
0.0,0.29237788915634155
1.0,0.6886603236198425
1.0,0.5566374063491821
0.0,0.6135320663452148
1.0,0.3152856230735779
0.0,0.6467280983924866
0.0,0.38003161549568176
0.0,0.6862614154815674
1.0,0.6333483457565308
0.0,0.4096788167953491
0.0,0.61476731300354
0.0,0.305393248796463
0.0,0.6774606108665466
1.0,0.7264716625213623
0.0,0.2921839654445648
1.0,0.5744705200195312
1.0,0.6668863892555237
0.0,0.3342476487159729
1.0,0.4293913245201111
0.0,0.5060944557189941
1.0,0.7293967604637146
0.0,0.6403554677963257
1.0,0.4347684979438782
1.0,0.7230249643325806
0.0,0.38205182552337646
1.0,0.7111111283302307
0.0,0.5326662659645081
1.0,0.5083153247833252
0.0,0.44724664092063904
1.0,0.7018634080886841
0.0,0.41601672768592834
1.0,0.5864328742027283
0.0,0.35320574045181274
1.0,0.6354305148124695
0.0,0.567733883857727
0.0,0.434983491897583
0.0,0.5781935453414917
0.0,0.521074116230011
0.0,0.3485804498195648
1.0,0.34809020161628723
0.0,0.4958939850330353
1.0,0.7148686051368713
1.0,0.6413078308105469
1.0,0.699425220489502
0.0,0.6944936513900757
0.0,0.6950475573539734
0.0,0.329750120639801
1.0,0.6689065098762512
0.0,0.6432346105575562
0.0,0.6875693202018738
0.0,0.6055693030357361
0.0,0.4418853223323822
0.0,0.4194953441619873
0.0,0.4873049557209015
0.0,0.581646740436554
1.0,0.5418588519096375
0.0,0.6204779148101807
1.0,0.5393986701965332
0.0,0.6494046449661255
0.0,0.4234466254711151
0.0,0.4942164719104767
0.0,0.29818159341812134
0.0,0.3142622411251068
1.0,0.544895350933075
0.0,0.2915567457675934
0.0,0.4264499247074127
1.0,0.3495289385318756
0.0,0.5143129825592041
1.0,0.5079476833343506
0.0,0.30870184302330017
1.0,0.621163547039032
0.0,0.36850792169570923
1.0,0.5802884697914124
1.0,0.3750856816768646
1.0,0.4960981607437134
1.0,0.7098112106323242
0.0,0.6395631432533264
0.0,0.3744392693042755
1.0,0.6802729964256287
1.0,0.7187575101852417
1.0,0.5274037718772888
1.0,0.7143990397453308
0.0,0.5768771171569824
1.0,0.6634929776191711
1.0,0.7256944179534912
1.0,0.6204731464385986
0.0,0.4361540675163269
0.0,0.5265695452690125
0.0,0.5197243690490723
0.0,0.6669992208480835
0.0,0.39683476090431213
1.0,0.6187710165977478
1.0,0.6649914383888245
0.0,0.6228150129318237
0.0,0.33230429887771606
0.0,0.5161209106445312
1.0,0.6644785404205322
0.0,0.48504438996315
0.0,0.3196261525154114
1.0,0.6936333179473877
0.0,0.49962618947029114
0.0,0.4250457286834717
1.0,0.5749503374099731
1.0,0.5984836220741272
1.0,0.65727698802948
1.0,0.6745606064796448
1.0,0.5945236682891846
1.0,0.3372308313846588
1.0,0.7213231921195984
1.0,0.33477628231048584
1.0,0.7200015783309937
0.0,0.5553197264671326
0.0,0.39637479186058044
1.0,0.7170520424842834
0.0,0.46774426102638245
1.0,0.594194233417511
0.0,0.6566762328147888
1.0,0.6009219288825989
0.0,0.3721124529838562
0.0,0.5998472571372986
0.0,0.28735488653182983
0.0,0.663469135761261
0.0,0.6501789689064026
0.0,0.6216658353805542
0.0,0.7276378870010376
0.0,0.6695348620414734
0.0,0.45914748311042786
0.0,0.5096448063850403
0.0,0.6680124998092651
1.0,0.7271900773048401
0.0,0.6112284660339355
0.0,0.37259048223495483
0.0,0.639783501625061
0.0,0.3595351278781891
0.0,0.3528231084346771
1.0,0.6856221556663513
0.0,0.5601344108581543
0.0,0.37525588274002075
1.0,0.5783868432044983
0.0,0.49948185682296753
1.0,0.7256433963775635
1.0,0.5728552341461182
0.0,0.651159405708313
1.0,0.6771037578582764
1.0,0.6668485999107361
1.0,0.7015505433082581
1.0,0.5953665971755981
1.0,0.5293524265289307
1.0,0.7113550305366516
0.0,0.41751226782798767
1.0,0.7218135595321655
0.0,0.5224115252494812
1.0,0.6708773374557495
0.0,0.6127462983131409
0.0,0.28120988607406616
1.0,0.3573266267776489
0.0,0.3490481972694397
1.0,0.6397212743759155
0.0,0.33835211396217346
1.0,0.39979320764541626
1.0,0.7099111676216125
1.0,0.5638832449913025
1.0,0.49614498019218445
0.0,0.3189626634120941
1.0,0.5078122615814209
0.0,0.7121115326881409
0.0,0.5872820019721985
1.0,0.7243601083755493
1.0,0.6683198809623718
0.0,0.5191614627838135
1.0,0.28056687116622925
1.0,0.620851993560791
1.0,0.6287146806716919
0.0,0.4366493225097656
1.0,0.6826513409614563
0.0,0.29705142974853516
0.0,0.6629993319511414
1.0,0.3505525588989258
0.0,0.39908578991889954
1.0,0.6142763495445251
1.0,0.6979275345802307
1.0,0.7082388997077942
1.0,0.612502932548523
1.0,0.5665664672851562
1.0,0.42870762944221497
0.0,0.5179958343505859
1.0,0.6132371425628662
0.0,0.5796018242835999
1.0,0.5383816361427307
0.0,0.5043405890464783
1.0,0.7234979271888733
0.0,0.5343397855758667
1.0,0.4545019567012787
0.0,0.7163350582122803
0.0,0.33165448904037476
0.0,0.5974856615066528
0.0,0.5228515267372131
1.0,0.6450212597846985
1.0,0.7057472467422485
0.0,0.49985066056251526
0.0,0.7216293811798096
1.0,0.666577160358429
0.0,0.6553379893302917
0.0,0.6194152235984802
1.0,0.7180057764053345
0.0,0.5814334154129028
1.0,0.5599132776260376
0.0,0.41913318634033203
1.0,0.43289607763290405
0.0,0.5549760460853577
0.0,0.5531514286994934
0.0,0.599778950214386
1.0,0.7139004468917847
1.0,0.6977248787879944
0.0,0.42566704750061035
0.0,0.629745602607727
1.0,0.716835618019104
1.0,0.3401343524456024
0.0,0.58144611120224
1.0,0.445730984210968
1.0,0.33819159865379333
0.0,0.3170793056488037
1.0,0.6470838189125061
1.0,0.6269021034240723
0.0,0.4706316292285919
1.0,0.6986145377159119
1.0,0.716200053691864
0.0,0.44249439239501953
0.0,0.5404735207557678
0.0,0.7013465166091919
0.0,0.7278045415878296
1.0,0.6958726048469543
1.0,0.5715724229812622
1.0,0.7196797728538513
1.0,0.509103536605835
1.0,0.7124010920524597
1.0,0.6251533031463623
0.0,0.6696165204048157
0.0,0.4259335398674011
1.0,0.7070822715759277
1.0,0.45747631788253784
0.0,0.38954323530197144
0.0,0.6761138439178467
0.0,0.38499462604522705
1.0,0.32909396290779114
0.0,0.5145279765129089
0.0,0.6247991919517517
1.0,0.6429181098937988
1.0,0.659067690372467
0.0,0.4505828022956848
1.0,0.6661491990089417
0.0,0.37650731205940247
0.0,0.5790954232215881
0.0,0.5295859575271606
0.0,0.34998753666877747
1.0,0.6993687748908997
1.0,0.6291497349739075
0.0,0.3781876862049103
1.0,0.7113033533096313
0.0,0.520170271396637
1.0,0.30427536368370056
0.0,0.31146129965782166
0.0,0.4104033410549164
0.0,0.7178279161453247
0.0,0.684066891670227
1.0,0.727254331111908
0.0,0.3971204459667206
0.0,0.6489208340644836
0.0,0.4764094054698944
1.0,0.6963698863983154
1.0,0.7282814979553223
1.0,0.7174059748649597
1.0,0.4504065215587616
0.0,0.37756168842315674
0.0,0.3626376986503601
1.0,0.5454432368278503
0.0,0.45938313007354736
1.0,0.6598325371742249
1.0,0.6907925605773926
0.0,0.37894484400749207
0.0,0.36233845353126526
0.0,0.6999132633209229
0.0,0.35663124918937683
0.0,0.3359959125518799
0.0,0.38254186511039734
1.0,0.683196485042572
1.0,0.6874490976333618
1.0,0.6641021966934204
1.0,0.4100666046142578
1.0,0.5360785126686096
1.0,0.7201462388038635
0.0,0.4709554612636566
1.0,0.7247624397277832
1.0,0.6679160594940186
1.0,0.6576754450798035
1.0,0.6261918544769287
0.0,0.37070775032043457
0.0,0.6960703134536743
1.0,0.7207372784614563
1.0,0.3245658576488495
0.0,0.5874984860420227
0.0,0.6409584879875183
0.0,0.7052761316299438
1.0,0.44180014729499817
1.0,0.5489045977592468
0.0,0.6902226805686951
0.0,0.6917597651481628
0.0,0.3019633889198303
0.0,0.5631014704704285
1.0,0.5933505296707153
1.0,0.6926427483558655
1.0,0.40435948967933655
1.0,0.6872077584266663
0.0,0.3400103747844696
1.0,0.6737822890281677
0.0,0.3114742040634155
1.0,0.5156570076942444
0.0,0.41348981857299805
0.0,0.71761155128479
1.0,0.7156289219856262
0.0,0.35042452812194824
0.0,0.3369904160499573
0.0,0.4030759036540985
1.0,0.5922219157218933
0.0,0.517300009727478
0.0,0.3427242040634155
0.0,0.5914907455444336
1.0,0.6620147228240967
1.0,0.5853081941604614
0.0,0.6221154928207397
1.0,0.7264631390571594
0.0,0.5557568669319153
0.0,0.622979998588562
1.0,0.40707340836524963
1.0,0.6529495716094971
0.0,0.33977067470550537
1.0,0.2943035960197449
0.0,0.39012208580970764
1.0,0.7117673754692078
1.0,0.7075625658035278
1.0,0.38895344734191895
0.0,0.675538957118988
1.0,0.4237067401409149
1.0,0.7241489291191101
1.0,0.6727765202522278
1.0,0.7263769507408142
0.0,0.706712007522583
1.0,0.6519392132759094
1.0,0.6986797451972961
1.0,0.6738147139549255
0.0,0.6288349628448486
1.0,0.6080718040466309
1.0,0.3564499616622925
0.0,0.7132490873336792
0.0,0.5875475406646729
0.0,0.690727174282074
0.0,0.43388402462005615
1.0,0.7125275731086731
0.0,0.5666956305503845
1.0,0.6981610655784607
1.0,0.6424176692962646
1.0,0.4418995678424835
0.0,0.5025091171264648
0.0,0.5329199433326721
1.0,0.7229177355766296
1.0,0.6442349553108215
0.0,0.4515940546989441
1.0,0.7293907403945923
1.0,0.7231519818305969
0.0,0.6280396580696106
0.0,0.3063071668148041
0.0,0.6264439225196838
1.0,0.7215202450752258
1.0,0.5675942897796631
1.0,0.5738932490348816
0.0,0.6485579609870911
1.0,0.7238099575042725
1.0,0.7003583908081055
0.0,0.3757030665874481
1.0,0.7122554183006287
1.0,0.7033553123474121
1.0,0.6948486566543579
0.0,0.28241032361984253
1.0,0.5559999346733093
1.0,0.6421254873275757
0.0,0.3742624521255493
1.0,0.5792631506919861
1.0,0.7048825621604919
0.0,0.4361816644668579
1.0,0.5746117234230042
1.0,0.6599770188331604
1.0,0.37468013167381287
1.0,0.4811517894268036
0.0,0.46938812732696533
1.0,0.6924427151679993
0.0,0.6656948328018188
1.0,0.5024135112762451
0.0,0.7141932845115662
1.0,0.6847004294395447
0.0,0.6001166105270386
1.0,0.6682602167129517
0.0,0.37204161286354065
0.0,0.4963779151439667
1.0,0.6255061030387878
0.0,0.42975619435310364
0.0,0.5913501381874084
1.0,0.7173682451248169
1.0,0.6956825256347656
1.0,0.4559188485145569
1.0,0.506615936756134
1.0,0.5680718421936035
0.0,0.40185996890068054
1.0,0.6490522027015686
1.0,0.6681756377220154
1.0,0.7074094414710999
1.0,0.6890968680381775
1.0,0.7093702554702759
0.0,0.684270977973938
1.0,0.6958785653114319
0.0,0.4288204610347748
1.0,0.7279419302940369
1.0,0.5369951725006104
0.0,0.3142712414264679
0.0,0.36256474256515503
0.0,0.6852337121963501
1.0,0.6862215399742126
0.0,0.544984757900238
1.0,0.7053803205490112
1.0,0.5963309407234192
0.0,0.307405561208725
0.0,0.5472130179405212
0.0,0.5203496217727661
0.0,0.35717907547950745
0.0,0.7212625741958618
0.0,0.304517924785614
0.0,0.4328988492488861
1.0,0.6156367063522339
1.0,0.40899014472961426
0.0,0.4844384491443634
1.0,0.37584641575813293
1.0,0.7055248618125916
0.0,0.4144248068332672
1.0,0.7149785161018372
0.0,0.3141457736492157
0.0,0.6253530383110046
0.0,0.35867777466773987
0.0,0.3411809504032135
1.0,0.6943477988243103
0.0,0.3575350344181061
0.0,0.35294267535209656
1.0,0.7195867896080017
0.0,0.7204791903495789
0.0,0.3778853416442871
1.0,0.6531112790107727
1.0,0.6952447295188904
0.0,0.3874155282974243
0.0,0.35011792182922363
0.0,0.4339890778064728
1.0,0.7238067984580994
1.0,0.6972739100456238
0.0,0.5078269243240356
1.0,0.7052231431007385
0.0,0.42982009053230286
0.0,0.38989493250846863
0.0,0.3034629225730896
0.0,0.6112228035926819
0.0,0.4546370506286621
0.0,0.7024540901184082
0.0,0.33747196197509766
0.0,0.6567724943161011
0.0,0.41466024518013
0.0,0.3809293508529663
0.0,0.5356838703155518
0.0,0.5495880246162415
1.0,0.7106612324714661
0.0,0.7146040797233582
1.0,0.7272776365280151
1.0,0.6628714799880981
0.0,0.6436941027641296
0.0,0.6944526433944702
0.0,0.406284898519516
1.0,0.7067252397537231
0.0,0.69877690076828
1.0,0.37533268332481384
0.0,0.4383153021335602
1.0,0.32164573669433594
0.0,0.47706326842308044
1.0,0.6912965774536133
0.0,0.6680333614349365
1.0,0.3707364499568939
0.0,0.524691641330719
1.0,0.5615870952606201
1.0,0.6367215514183044
1.0,0.5827706456184387
1.0,0.7198874354362488
0.0,0.5020226836204529
1.0,0.7093819379806519
1.0,0.6132096648216248
0.0,0.43557432293891907
0.0,0.7213014960289001
0.0,0.6408981680870056
1.0,0.5565106868743896
1.0,0.4404703378677368
0.0,0.3174843192100525
0.0,0.6365350484848022
0.0,0.712009847164154
0.0,0.38446953892707825
0.0,0.42664647102355957
1.0,0.6855680346488953
0.0,0.5330348610877991
0.0,0.2911132872104645
0.0,0.35228466987609863
0.0,0.7200620174407959
0.0,0.6302171945571899
1.0,0.7219116687774658
0.0,0.4486141800880432
1.0,0.652313768863678
0.0,0.4019630253314972
0.0,0.5072258114814758
1.0,0.7066872119903564
0.0,0.701165497303009
1.0,0.6944059729576111
1.0,0.6066076159477234
1.0,0.6240187287330627
0.0,0.6162984371185303
1.0,0.7011374831199646
0.0,0.6887884140014648
0.0,0.3627711832523346
1.0,0.7231898903846741
0.0,0.3768862187862396
1.0,0.5077529549598694
1.0,0.6545257568359375
1.0,0.7064152956008911
1.0,0.63948655128479
1.0,0.7223900556564331
0.0,0.6390560865402222
1.0,0.6405497193336487
0.0,0.57981938123703
1.0,0.6808791160583496
0.0,0.35172712802886963
1.0,0.6329508423805237
0.0,0.5690847635269165
1.0,0.6938485503196716
0.0,0.5151790976524353
1.0,0.6697551608085632
1.0,0.6688519716262817
1.0,0.7246542572975159
0.0,0.7223423719406128
1.0,0.7234188914299011
1.0,0.7177272439002991
1.0,0.6909598112106323
0.0,0.6871196627616882
1.0,0.7243652939796448
0.0,0.4619888961315155
1.0,0.6636985540390015
0.0,0.42188000679016113
0.0,0.4111252725124359
1.0,0.7120835185050964
0.0,0.31663334369659424
0.0,0.376216858625412
0.0,0.6960132718086243
0.0,0.4697563350200653
1.0,0.6933364272117615
1.0,0.7127702236175537
1.0,0.7078270316123962
0.0,0.6351437568664551
0.0,0.5078640580177307
1.0,0.4464544653892517
0.0,0.3007638454437256
0.0,0.7078045010566711
1.0,0.7116047739982605
0.0,0.7218892574310303
1.0,0.7244244813919067
1.0,0.7045018672943115
1.0,0.6058034896850586
0.0,0.6493628621101379
1.0,0.7127343416213989
1.0,0.6229603290557861
0.0,0.45830923318862915
0.0,0.635434627532959
1.0,0.6334220767021179
0.0,0.37389612197875977
1.0,0.7291857600212097
0.0,0.6904137134552002
1.0,0.49457383155822754
0.0,0.5139563679695129
0.0,0.46553534269332886
1.0,0.6512152552604675
0.0,0.5889382362365723
0.0,0.29425323009490967
0.0,0.7090073823928833
0.0,0.40539130568504333
0.0,0.7133418321609497
1.0,0.718806803226471
1.0,0.604789674282074
1.0,0.4108022451400757
0.0,0.3096661865711212
0.0,0.347724586725235
1.0,0.636477530002594
1.0,0.5001087784767151
1.0,0.5839723348617554
0.0,0.3497694730758667
1.0,0.648729681968689
1.0,0.5477856993675232
0.0,0.6559646129608154
0.0,0.7264166474342346
1.0,0.7030676007270813
1.0,0.3996911644935608
0.0,0.6485565900802612
0.0,0.31299394369125366
1.0,0.5801714658737183
1.0,0.6736628413200378
0.0,0.4942779242992401
0.0,0.35359784960746765
1.0,0.6464009881019592
1.0,0.39617666602134705
1.0,0.7056180834770203
1.0,0.7091450095176697
0.0,0.5601999759674072
1.0,0.4471435546875
1.0,0.6513324975967407
1.0,0.7243980169296265
1.0,0.6401922702789307
1.0,0.7224722504615784
1.0,0.7225009202957153
0.0,0.3031579852104187
0.0,0.49654456973075867
0.0,0.5852218866348267
1.0,0.4121825098991394
0.0,0.42356303334236145
1.0,0.6982546448707581
1.0,0.6017877459526062
1.0,0.7241194844245911
1.0,0.6276460886001587
1.0,0.6310448050498962
1.0,0.5697866678237915
1.0,0.7257967591285706
0.0,0.44799119234085083
0.0,0.4846540689468384
1.0,0.6917767524719238
1.0,0.3331688940525055
1.0,0.7055023908615112
1.0,0.7163278460502625
0.0,0.6890247464179993
0.0,0.718713641166687
1.0,0.6479666233062744
0.0,0.6591799259185791
1.0,0.6382110714912415
0.0,0.5648096203804016
0.0,0.566403329372406
1.0,0.6907660961151123
1.0,0.72350013256073
0.0,0.5952251553535461
1.0,0.7223854064941406
0.0,0.3627201318740845
0.0,0.532475471496582
0.0,0.6739317774772644
1.0,0.6588142514228821
0.0,0.49694085121154785
1.0,0.6870691180229187
0.0,0.5924777388572693
1.0,0.7206522822380066
1.0,0.7093995213508606
0.0,0.29160088300704956
1.0,0.32620635628700256
1.0,0.582919716835022
0.0,0.5327675342559814
0.0,0.594534695148468
1.0,0.6164898872375488
1.0,0.6890808343887329
1.0,0.6249915957450867
1.0,0.6580250263214111
1.0,0.6544886231422424
1.0,0.6590748429298401
1.0,0.6152710318565369
0.0,0.5198767781257629
1.0,0.6413304209709167
0.0,0.6674761176109314
1.0,0.7277476787567139
1.0,0.7043788433074951
1.0,0.6335671544075012
0.0,0.7034952044487
0.0,0.6252774000167847
1.0,0.718644380569458
1.0,0.6538836359977722
1.0,0.7194992899894714
1.0,0.636017918586731
1.0,0.7265750169754028
1.0,0.7175484895706177
0.0,0.3928452134132385
1.0,0.7192327380180359
1.0,0.6572456955909729
0.0,0.4936933219432831
0.0,0.4785463809967041
0.0,0.29921266436576843
1.0,0.7249526381492615
0.0,0.29356449842453003
0.0,0.27949586510658264
0.0,0.3907126188278198
1.0,0.5420218706130981
0.0,0.29155921936035156
1.0,0.4617614448070526
1.0,0.7036132216453552
0.0,0.32560834288597107
0.0,0.38242098689079285
1.0,0.72728431224823
1.0,0.72649085521698
0.0,0.3413481116294861
0.0,0.7046493291854858
1.0,0.7020216584205627
1.0,0.48295968770980835
0.0,0.32661598920822144
0.0,0.3576347231864929
1.0,0.7233240008354187
0.0,0.30272239446640015
0.0,0.5590465068817139
0.0,0.40627291798591614
1.0,0.6451237797737122
0.0,0.45012277364730835
1.0,0.6701867580413818
0.0,0.6400350332260132
1.0,0.6796788573265076
0.0,0.4968646764755249
1.0,0.6338130235671997
1.0,0.6696031093597412
1.0,0.7101004123687744
0.0,0.4794507324695587
0.0,0.6876133680343628
1.0,0.4293002784252167
1.0,0.43294692039489746
1.0,0.7046225666999817
0.0,0.6010565757751465
0.0,0.607862114906311
0.0,0.46342673897743225
1.0,0.7245616912841797
0.0,0.7195461988449097
0.0,0.5006176829338074
0.0,0.6895570158958435
1.0,0.4407385289669037
0.0,0.40006646513938904
1.0,0.7115183472633362
1.0,0.6470518708229065
1.0,0.6946452856063843
0.0,0.7092006802558899
1.0,0.5816822648048401
1.0,0.6716854572296143
1.0,0.341753751039505
1.0,0.4963245689868927
1.0,0.39910927414894104
0.0,0.42722880840301514
0.0,0.6190516352653503
1.0,0.6884098052978516
1.0,0.5306569933891296
0.0,0.44974926114082336
0.0,0.6835785508155823
1.0,0.2817952334880829
1.0,0.7225642204284668
0.0,0.6278268694877625
1.0,0.7067426443099976
1.0,0.716905951499939
0.0,0.6827544569969177
1.0,0.5464702844619751
1.0,0.5875662565231323
1.0,0.6542347073554993
0.0,0.2871970236301422
1.0,0.6822522878646851
0.0,0.6930835843086243
0.0,0.4625204801559448
0.0,0.5496686100959778
0.0,0.41116011142730713
0.0,0.7038586139678955
1.0,0.6579329967498779
1.0,0.687385082244873
1.0,0.7262567281723022
1.0,0.6532799005508423
1.0,0.7245156764984131
1.0,0.42839688062667847
1.0,0.6445724964141846
1.0,0.7026615142822266
1.0,0.7274896502494812
0.0,0.3667290210723877
1.0,0.7216412425041199
0.0,0.4208768606185913
1.0,0.7206007242202759
1.0,0.6064586639404297
0.0,0.3194897174835205
0.0,0.28114497661590576
1.0,0.7070646286010742
0.0,0.5131237506866455
1.0,0.723909318447113
1.0,0.6515044569969177
0.0,0.5926770567893982
0.0,0.44565021991729736
0.0,0.33338966965675354
0.0,0.4504406750202179
1.0,0.7289575934410095
1.0,0.5903988480567932
0.0,0.35276079177856445
0.0,0.7161125540733337
0.0,0.4759376049041748
0.0,0.6157187819480896
0.0,0.3505007326602936
0.0,0.3131066858768463
0.0,0.660952091217041
1.0,0.6381651163101196
1.0,0.35882487893104553
0.0,0.6915059685707092
1.0,0.5851492881774902
0.0,0.38200971484184265
1.0,0.4624486565589905
0.0,0.5399494767189026
1.0,0.5123339891433716
0.0,0.2899497151374817
1.0,0.6882664561271667
0.0,0.6136343479156494
1.0,0.7132226228713989
1.0,0.7166620492935181
0.0,0.4880925118923187
0.0,0.3269735276699066
1.0,0.724898636341095
1.0,0.6044164896011353
1.0,0.34349191188812256
1.0,0.6078817248344421
1.0,0.7061505317687988
1.0,0.4355645775794983
1.0,0.6598570942878723
1.0,0.7205807566642761
1.0,0.6521923542022705
0.0,0.5613501071929932
1.0,0.7184867262840271
1.0,0.6794473528862
0.0,0.5931471586227417
1.0,0.7241784334182739
0.0,0.6651037931442261
1.0,0.7268778085708618
1.0,0.6619446873664856
1.0,0.670283317565918
1.0,0.5570746064186096
0.0,0.5600113272666931
0.0,0.47074466943740845
0.0,0.33654144406318665
0.0,0.3351988196372986
1.0,0.7128731608390808
1.0,0.5622614026069641
1.0,0.5588572025299072
0.0,0.4701615869998932
0.0,0.6492868065834045
0.0,0.7040920853614807
0.0,0.35115715861320496
1.0,0.7095060348510742
0.0,0.4771084189414978
1.0,0.6463950276374817
1.0,0.3293803036212921
0.0,0.3417524993419647
0.0,0.7227293252944946
0.0,0.7051307559013367
0.0,0.7114895582199097
0.0,0.6942552924156189
1.0,0.6259954571723938
1.0,0.7261425852775574
0.0,0.3142388164997101
1.0,0.6897104382514954
1.0,0.632288932800293
0.0,0.4984348714351654
0.0,0.3181455433368683
0.0,0.5638550519943237
1.0,0.7122710347175598
0.0,0.5979776382446289
0.0,0.45995187759399414
1.0,0.6762043237686157
0.0,0.4670848250389099
1.0,0.6736215353012085
0.0,0.41745725274086
1.0,0.48280924558639526
1.0,0.5232836604118347
0.0,0.5833228230476379
0.0,0.6561734676361084
1.0,0.4546714425086975
1.0,0.6828431487083435
0.0,0.6712186932563782
1.0,0.6627510190010071
1.0,0.7034952044487
1.0,0.726603090763092
1.0,0.6689016222953796
0.0,0.702530026435852
0.0,0.6807833313941956
0.0,0.3683328330516815
0.0,0.7272685170173645
1.0,0.7199172377586365
0.0,0.27835145592689514
0.0,0.6946483254432678
1.0,0.6221669316291809
1.0,0.4868021607398987
0.0,0.2820988595485687
1.0,0.6902174949645996
1.0,0.28662121295928955
1.0,0.7175883650779724
1.0,0.6581857800483704
0.0,0.6986355781555176
0.0,0.49992942810058594
1.0,0.7202057838439941
1.0,0.6959207057952881
0.0,0.6754040122032166
0.0,0.6485924124717712
1.0,0.7225854992866516
0.0,0.5820173025131226
0.0,0.5118244290351868
0.0,0.7104470133781433
1.0,0.6610773801803589
0.0,0.4747350513935089
0.0,0.5928516387939453
0.0,0.3247646987438202
1.0,0.7033580541610718
0.0,0.3340966999530792
0.0,0.37624040246009827
1.0,0.6911673545837402
0.0,0.482515424489975
1.0,0.7035754919052124
0.0,0.3711712062358856
1.0,0.5595604777336121
1.0,0.32174140214920044
0.0,0.37939453125
0.0,0.515641450881958
1.0,0.7053578495979309
0.0,0.3297466039657593
0.0,0.6759980320930481
0.0,0.31432807445526123
1.0,0.6043019890785217
0.0,0.6602647304534912
0.0,0.37396538257598877
0.0,0.4889029264450073
1.0,0.563939094543457
1.0,0.46194666624069214
0.0,0.42131054401397705
1.0,0.6942880749702454
1.0,0.6346955895423889
0.0,0.7059968709945679
0.0,0.32362088561058044
1.0,0.6474880576133728
1.0,0.32062259316444397
1.0,0.41724270582199097
0.0,0.7219775915145874
1.0,0.5420077443122864
0.0,0.39895084500312805
1.0,0.7285779118537903
0.0,0.5837826728820801
0.0,0.4295184910297394
0.0,0.5386208295822144
1.0,0.6948922872543335
1.0,0.6917767524719238
1.0,0.7021815776824951
1.0,0.6778002381324768
1.0,0.706099808216095
0.0,0.3532198965549469
0.0,0.6309242248535156
1.0,0.6317529678344727
1.0,0.47205957770347595
1.0,0.6087050437927246
0.0,0.5068067908287048
1.0,0.6391878724098206
1.0,0.7142347693443298
0.0,0.44248566031455994
1.0,0.6733907461166382
0.0,0.29562172293663025
0.0,0.5082123875617981
0.0,0.47573646903038025
0.0,0.4111565351486206
0.0,0.6851896047592163
1.0,0.7247450351715088
0.0,0.7099810838699341
0.0,0.4762846827507019
1.0,0.4359331429004669
0.0,0.4129449427127838
1.0,0.7073272466659546
1.0,0.6900620460510254
1.0,0.6270662546157837
1.0,0.6972417831420898
1.0,0.5264548659324646
1.0,0.4622111916542053
0.0,0.28845030069351196
0.0,0.4876985251903534
0.0,0.38833990693092346
0.0,0.7219573855400085
0.0,0.44695448875427246
1.0,0.7232359647750854
0.0,0.3267996907234192
0.0,0.5627050995826721
0.0,0.4177019000053406
1.0,0.375256210565567
0.0,0.548068642616272
1.0,0.7158865332603455
1.0,0.6615603566169739
0.0,0.30425313115119934
0.0,0.4795868992805481
1.0,0.6788941025733948
0.0,0.5768072605133057
0.0,0.6360239386558533
0.0,0.32004615664482117
1.0,0.7062316536903381
1.0,0.711203396320343
1.0,0.4853534400463104
0.0,0.46132776141166687
0.0,0.36971068382263184
1.0,0.4237729609012604
1.0,0.39378854632377625
1.0,0.5822876691818237
0.0,0.4049718976020813
1.0,0.7249965071678162
1.0,0.5204023122787476
1.0,0.7152245044708252
0.0,0.6147918701171875
1.0,0.6788032650947571
1.0,0.4291902184486389
1.0,0.5126253962516785
0.0,0.5784225463867188
0.0,0.6733654141426086
0.0,0.5590044856071472
0.0,0.5080662965774536
0.0,0.569057047367096
0.0,0.40379294753074646
1.0,0.7076649069786072
1.0,0.6221081614494324
1.0,0.7192497849464417
0.0,0.4430302679538727
1.0,0.6982963681221008
1.0,0.360585480928421
0.0,0.3137003183364868
1.0,0.6596609950065613
1.0,0.6780909895896912
0.0,0.3662383258342743
0.0,0.2797316908836365
0.0,0.3191175162792206
0.0,0.5550755262374878
0.0,0.7256762981414795
0.0,0.3700357675552368
0.0,0.5720415115356445
0.0,0.35470661520957947
0.0,0.28956088423728943
0.0,0.3114108145236969
0.0,0.693924605846405
0.0,0.35398930311203003
1.0,0.7058051228523254
1.0,0.5778043270111084
0.0,0.3968561887741089
0.0,0.3310001790523529
0.0,0.5590420961380005
0.0,0.3969578146934509
0.0,0.4200773239135742
1.0,0.45375776290893555
1.0,0.6950100660324097
0.0,0.33601483702659607
0.0,0.6140180230140686
0.0,0.3075604736804962
1.0,0.5953434705734253
1.0,0.7065094709396362
0.0,0.3862619400024414
0.0,0.36055830121040344
1.0,0.7194486260414124
1.0,0.6005836129188538
0.0,0.7169724106788635
0.0,0.4903140664100647
1.0,0.5854514837265015
1.0,0.5092200636863708
0.0,0.5025144815444946
1.0,0.7209405899047852
1.0,0.7097697257995605
0.0,0.5671179890632629
1.0,0.6261261701583862
1.0,0.5899754762649536
0.0,0.40294310450553894
0.0,0.3410966396331787
1.0,0.6274840831756592
0.0,0.37111997604370117
1.0,0.7063665986061096
1.0,0.5479297041893005
1.0,0.7217447757720947
0.0,0.35926052927970886
1.0,0.7069056630134583
1.0,0.517828106880188
1.0,0.7151486277580261
1.0,0.71904057264328
1.0,0.3996911644935608
0.0,0.5452944040298462
0.0,0.4149935245513916
1.0,0.6175950169563293
0.0,0.62388676404953
0.0,0.5627186894416809
1.0,0.7164891362190247
0.0,0.34760788083076477
1.0,0.7170116901397705
0.0,0.3500117361545563
0.0,0.4978088140487671
0.0,0.45132485032081604
1.0,0.5109875202178955
1.0,0.7136938571929932
1.0,0.6630226969718933
0.0,0.46102383732795715
1.0,0.712809145450592
1.0,0.7106476426124573
1.0,0.6905752420425415
1.0,0.7286473512649536
1.0,0.3323996961116791
0.0,0.3526363968849182
1.0,0.4328237771987915
1.0,0.7207819223403931
1.0,0.6457522511482239
0.0,0.4956892132759094
0.0,0.5829535126686096
0.0,0.657098114490509
0.0,0.4699653089046478
0.0,0.309186190366745
1.0,0.6957405805587769
0.0,0.3246026039123535
0.0,0.5113917589187622
0.0,0.38499823212623596
0.0,0.40808796882629395
1.0,0.4861827492713928
0.0,0.5054454803466797
1.0,0.5676887035369873
1.0,0.6231750249862671
0.0,0.4626729190349579
1.0,0.7059869170188904
0.0,0.6210573315620422
0.0,0.559566080570221
1.0,0.38782915472984314
0.0,0.5031784772872925
1.0,0.696463942527771
1.0,0.6923601031303406
0.0,0.7018644213676453
0.0,0.5196707844734192
1.0,0.5746642351150513
1.0,0.5687569975852966
0.0,0.5189319849014282
0.0,0.37612205743789673
0.0,0.29684633016586304
0.0,0.7064797282218933
1.0,0.7015790939331055
1.0,0.6781097054481506
0.0,0.5814096331596375
1.0,0.6270056962966919
1.0,0.6733851432800293
1.0,0.7277214527130127
1.0,0.31399771571159363
1.0,0.7180469036102295
1.0,0.726921796798706
1.0,0.7131953239440918
0.0,0.5089911818504333
1.0,0.5421375632286072
1.0,0.6335150003433228
0.0,0.5644214153289795
0.0,0.6282652616500854
1.0,0.5068036913871765
1.0,0.651742696762085
0.0,0.5854519009590149
0.0,0.34829282760620117
0.0,0.3961851894855499
0.0,0.29875677824020386
1.0,0.7258941531181335
1.0,0.6259752511978149
0.0,0.5953000783920288
0.0,0.3933180868625641
0.0,0.713423490524292
0.0,0.35075297951698303
1.0,0.6386610865592957
1.0,0.7163928747177124
0.0,0.7113481760025024
0.0,0.5765102505683899
0.0,0.3983803689479828
1.0,0.5570204854011536
1.0,0.6423275470733643
1.0,0.6908367872238159
1.0,0.6417646408081055
0.0,0.4793890118598938
1.0,0.6790905594825745
0.0,0.4005625545978546
1.0,0.5293437838554382
1.0,0.6897401213645935
0.0,0.3038898706436157
0.0,0.2960773706436157
1.0,0.7229053378105164
1.0,0.6663240790367126
0.0,0.39944595098495483
1.0,0.6119696497917175
0.0,0.33856168389320374
1.0,0.6996987462043762
0.0,0.6529626846313477
0.0,0.45100876688957214
0.0,0.3854309916496277
1.0,0.7219509482383728
1.0,0.4348975419998169
1.0,0.7115685939788818
0.0,0.7101576328277588
0.0,0.7130698561668396
1.0,0.6799303293228149
0.0,0.5076428055763245
1.0,0.7282998561859131
0.0,0.4305945932865143
0.0,0.3096984624862671
1.0,0.6915167570114136
1.0,0.7139402627944946
0.0,0.5470350384712219
1.0,0.7087785005569458
1.0,0.4002302289009094
0.0,0.5851545929908752
0.0,0.4646202027797699
1.0,0.46442028880119324
1.0,0.6832590699195862
0.0,0.5746421813964844
1.0,0.5890766978263855
1.0,0.6835953593254089
1.0,0.7176374793052673
0.0,0.5530657172203064
1.0,0.6369854807853699
1.0,0.6381030082702637
1.0,0.7066298723220825
0.0,0.34912410378456116
0.0,0.5386839509010315
0.0,0.6872738599777222
0.0,0.3170873820781708
0.0,0.47972577810287476
1.0,0.7223487496376038
0.0,0.35171079635620117
1.0,0.5701367855072021
1.0,0.6355341672897339
1.0,0.5497879981994629
1.0,0.6651657819747925
1.0,0.7233577966690063
0.0,0.36796265840530396
0.0,0.5753214359283447
1.0,0.4181016683578491
0.0,0.7238439321517944
0.0,0.4709102213382721
1.0,0.4810595214366913
0.0,0.5093021988868713
0.0,0.400825172662735
1.0,0.7281368374824524
0.0,0.3774430453777313
1.0,0.6955223083496094
0.0,0.5185906291007996
0.0,0.30079495906829834
1.0,0.603051483631134
0.0,0.36790525913238525
0.0,0.6976037621498108
1.0,0.4998672306537628
0.0,0.5001747608184814
0.0,0.3344290256500244
0.0,0.5508162379264832
0.0,0.48748716711997986
1.0,0.7244445085525513
1.0,0.6476554274559021
0.0,0.5062739253044128
1.0,0.6773542165756226
0.0,0.5260558724403381
0.0,0.351747989654541
1.0,0.4382569491863251
0.0,0.2929495871067047
0.0,0.4178992211818695
1.0,0.5186073780059814
0.0,0.41574886441230774
1.0,0.7183472514152527
0.0,0.3581666946411133
1.0,0.7266180515289307
0.0,0.7116442918777466
0.0,0.5394131541252136
1.0,0.6736879944801331
0.0,0.6770928502082825
0.0,0.38679343461990356
1.0,0.6981818079948425
1.0,0.645321249961853
1.0,0.6710134148597717
0.0,0.4844631254673004
0.0,0.3549845814704895
0.0,0.5142005681991577
0.0,0.46638402342796326
1.0,0.3018451929092407
1.0,0.7037559747695923
1.0,0.6040493845939636
1.0,0.7249765396118164
1.0,0.5039817690849304
0.0,0.46535539627075195
0.0,0.34622660279273987
1.0,0.632933497428894
0.0,0.3437817096710205
1.0,0.6789394617080688
1.0,0.7203240394592285
0.0,0.4917573928833008
0.0,0.4147469997406006
0.0,0.5329357981681824
0.0,0.5824816823005676
0.0,0.7028918266296387
1.0,0.6213101744651794
1.0,0.6961624622344971
0.0,0.5562819242477417
1.0,0.6202934384346008
0.0,0.5546680092811584
1.0,0.6952300071716309
1.0,0.5610558390617371
0.0,0.575364887714386
0.0,0.6757697463035583
0.0,0.67676842212677
1.0,0.5044436454772949
1.0,0.48701536655426025
0.0,0.7249821424484253
1.0,0.34884878993034363
0.0,0.46658778190612793
0.0,0.6091755628585815
1.0,0.47461825609207153
1.0,0.7234731316566467
1.0,0.70609050989151
1.0,0.6857595443725586
1.0,0.5693271160125732
1.0,0.5889294147491455
1.0,0.28287363052368164
1.0,0.7176969647407532
1.0,0.6706187725067139
0.0,0.29123327136039734
0.0,0.7048664689064026
1.0,0.6982098817825317
1.0,0.720750093460083
1.0,0.7141550183296204
0.0,0.6125581860542297
0.0,0.5533173084259033
0.0,0.47691425681114197
0.0,0.6504772305488586
0.0,0.5547043085098267
0.0,0.5107988715171814
1.0,0.7160859704017639
0.0,0.5183160305023193
0.0,0.37597066164016724
0.0,0.39020439982414246
1.0,0.7088034749031067
0.0,0.7046869993209839
1.0,0.7214199900627136
1.0,0.39430952072143555
1.0,0.5453410744667053
0.0,0.5608218312263489
1.0,0.29019004106521606
0.0,0.45464229583740234
0.0,0.5095208287239075
1.0,0.6923399567604065
0.0,0.5334715843200684
0.0,0.333530068397522
0.0,0.4685315787792206
0.0,0.2748354971408844
1.0,0.4906351566314697
1.0,0.709428071975708
1.0,0.6842677593231201
1.0,0.7108013033866882
1.0,0.6343684196472168
0.0,0.3138742744922638
0.0,0.3052935302257538
1.0,0.6702374815940857
0.0,0.2867933213710785
0.0,0.3123165965080261
1.0,0.6671608686447144
1.0,0.549085795879364
0.0,0.3628770411014557
1.0,0.7068891525268555
0.0,0.36771756410598755
0.0,0.3330031931400299
1.0,0.4893876910209656
0.0,0.4911767840385437
1.0,0.5660437941551208
1.0,0.36841267347335815
1.0,0.29509440064430237
1.0,0.3564210832118988
1.0,0.537264883518219
1.0,0.6397656202316284
0.0,0.6613789796829224
0.0,0.29289710521698
0.0,0.5900475978851318
1.0,0.7253888845443726
0.0,0.5470294952392578
1.0,0.5074527263641357
0.0,0.4325368404388428
0.0,0.5509598255157471
1.0,0.7244105339050293
0.0,0.47086071968078613
1.0,0.7127807140350342
0.0,0.3429824709892273
1.0,0.5171090364456177
0.0,0.32408636808395386
0.0,0.4082790017127991
0.0,0.6050025820732117
1.0,0.6141571998596191
0.0,0.6491940021514893
1.0,0.6466361880302429
1.0,0.3353723883628845
0.0,0.5276166200637817
1.0,0.5560776591300964
0.0,0.47984153032302856
0.0,0.30697739124298096
0.0,0.32545626163482666
0.0,0.38495442271232605
0.0,0.33772826194763184
0.0,0.6370375156402588
0.0,0.7180666327476501
1.0,0.6419182419776917
0.0,0.3215981125831604
0.0,0.4254724085330963
1.0,0.51323002576828
1.0,0.7050008773803711
1.0,0.42304712533950806
1.0,0.6656351089477539
0.0,0.42736032605171204
0.0,0.3479698896408081
1.0,0.7045018672943115
0.0,0.692591667175293
0.0,0.4217895567417145
1.0,0.6034600138664246
1.0,0.6633573174476624
1.0,0.6554161310195923
1.0,0.7239983677864075
0.0,0.41133928298950195
1.0,0.34904563426971436
1.0,0.7260497808456421
1.0,0.35353532433509827
1.0,0.6491716504096985
0.0,0.6488913297653198
0.0,0.4576663076877594
0.0,0.4090083837509155
1.0,0.6495060324668884
0.0,0.3821638822555542
1.0,0.6704297661781311
1.0,0.6814271807670593
0.0,0.3833325505256653
1.0,0.6994301676750183
0.0,0.31505391001701355
0.0,0.4107183516025543
0.0,0.314797580242157
0.0,0.691568911075592
0.0,0.29203763604164124
0.0,0.4991372227668762
0.0,0.3646683692932129
0.0,0.5314801335334778
1.0,0.721444308757782
1.0,0.435086190700531
1.0,0.6533179879188538
0.0,0.3408200442790985
1.0,0.7042291164398193
1.0,0.7172172665596008
0.0,0.31949663162231445
0.0,0.4538392126560211
1.0,0.6740439534187317
1.0,0.3133161962032318
1.0,0.650068461894989
0.0,0.41820189356803894
0.0,0.47091856598854065
1.0,0.7131202220916748
1.0,0.7052196860313416
1.0,0.7192271947860718
0.0,0.4789125323295593
0.0,0.5733150839805603
0.0,0.7008363604545593
0.0,0.7163503170013428
0.0,0.2934662699699402
1.0,0.6045467257499695
0.0,0.7169761657714844
1.0,0.32688748836517334
0.0,0.41327187418937683
1.0,0.5187429785728455
1.0,0.7262290716171265
1.0,0.715305745601654
1.0,0.5394300222396851
1.0,0.559114933013916
0.0,0.36952775716781616
1.0,0.6909822821617126
0.0,0.7144026756286621
0.0,0.39286282658576965
0.0,0.46374642848968506
0.0,0.32477501034736633
1.0,0.5413732528686523
1.0,0.4654521048069
0.0,0.4370022118091583
0.0,0.6934560537338257
1.0,0.5889439582824707
0.0,0.3326331079006195
1.0,0.6146414279937744
0.0,0.3007955849170685
0.0,0.4790182113647461
1.0,0.5417076945304871
1.0,0.7076413035392761
1.0,0.7200791239738464
0.0,0.41228994727134705
1.0,0.725128173828125
0.0,0.49605515599250793
0.0,0.3609246611595154
1.0,0.689086377620697
0.0,0.6455115675926208
1.0,0.5222234129905701
0.0,0.504341721534729
1.0,0.7098296880722046
1.0,0.6964023113250732
0.0,0.5590667128562927
1.0,0.6409370303153992
0.0,0.563488781452179
1.0,0.7175269722938538
1.0,0.6590571999549866
1.0,0.6686930656433105
1.0,0.6933099031448364
1.0,0.6802604794502258
0.0,0.6490706205368042
0.0,0.4198046028614044
0.0,0.6134978532791138
1.0,0.6970508098602295
1.0,0.5127254724502563
1.0,0.38382959365844727
0.0,0.4345448315143585
0.0,0.44924893975257874
1.0,0.7249453067779541
0.0,0.5375030040740967
0.0,0.4446639120578766
1.0,0.5756552815437317
1.0,0.7240391969680786
0.0,0.29185307025909424
1.0,0.7238613367080688
1.0,0.5645806193351746
0.0,0.4522618055343628
1.0,0.6160663962364197
0.0,0.4365520477294922
0.0,0.6262549757957458
1.0,0.5421457886695862
1.0,0.7025166749954224
1.0,0.7249539494514465
0.0,0.5128433108329773
0.0,0.3279420733451843
1.0,0.6447088122367859
0.0,0.43676403164863586
1.0,0.6133463382720947
1.0,0.7032834887504578
0.0,0.4648665487766266
0.0,0.7229568958282471
0.0,0.4539802074432373
1.0,0.7217657566070557
1.0,0.6554169654846191
0.0,0.35495927929878235
1.0,0.7196534872055054
0.0,0.5737056136131287
1.0,0.6988610625267029
0.0,0.3648412525653839
0.0,0.5568614602088928
0.0,0.7211069464683533
0.0,0.7124137878417969
1.0,0.7148128747940063
1.0,0.6915909647941589
1.0,0.7283506393432617
1.0,0.7124208211898804
1.0,0.7161457538604736
1.0,0.46759548783302307
0.0,0.6519022583961487
0.0,0.6747573614120483
0.0,0.41269269585609436
1.0,0.6974872946739197
1.0,0.5334712862968445
0.0,0.33096593618392944
0.0,0.46476471424102783
1.0,0.659900963306427
1.0,0.7000942826271057
0.0,0.3126091957092285
1.0,0.47768324613571167
1.0,0.5157263875007629
0.0,0.33432912826538086
0.0,0.6158977746963501
1.0,0.683621883392334
1.0,0.7249810695648193
0.0,0.38709181547164917
1.0,0.7224862575531006
1.0,0.7074156403541565
1.0,0.6862837076187134
0.0,0.527540922164917
0.0,0.29549112915992737
1.0,0.586800754070282
1.0,0.705084502696991
0.0,0.5926263928413391
1.0,0.7092806696891785
0.0,0.27331772446632385
1.0,0.6503448486328125
1.0,0.646462619304657
0.0,0.7262357473373413
1.0,0.6674032807350159
1.0,0.706459641456604
0.0,0.6991735696792603
1.0,0.531136691570282
1.0,0.6959953904151917
0.0,0.37879136204719543
1.0,0.7122551202774048
0.0,0.28691449761390686
0.0,0.5692828893661499
0.0,0.7130139470100403
0.0,0.3248848021030426
0.0,0.4258456230163574
0.0,0.29503875970840454
0.0,0.7214688658714294
0.0,0.3891519010066986
1.0,0.7081352472305298
1.0,0.7000505924224854
1.0,0.7249072194099426
0.0,0.39452680945396423
0.0,0.2735123336315155
1.0,0.7281532287597656
1.0,0.5357362627983093
1.0,0.6555651426315308
0.0,0.3407194912433624
1.0,0.284231573343277
0.0,0.3468140959739685
0.0,0.46742457151412964
0.0,0.4810246527194977
1.0,0.6562796235084534
1.0,0.6130960583686829
1.0,0.7139958143234253
0.0,0.7016230225563049
0.0,0.3895804286003113
1.0,0.47037550806999207
0.0,0.5321769714355469
1.0,0.7070910334587097
0.0,0.4580940902233124
1.0,0.5587670207023621
1.0,0.6829031109809875
1.0,0.6123679280281067
1.0,0.5499239563941956
1.0,0.6655761003494263
0.0,0.30038025975227356
1.0,0.6151862740516663
0.0,0.2903256416320801
1.0,0.7092055678367615
1.0,0.6271420121192932
1.0,0.5910245180130005
1.0,0.28501370549201965
1.0,0.36964699625968933
0.0,0.5167670249938965
0.0,0.4859592914581299
1.0,0.5148385763168335
0.0,0.3014814257621765
1.0,0.5927148461341858
0.0,0.3980594575405121
1.0,0.6863170862197876
0.0,0.7225774526596069
0.0,0.4135270416736603
0.0,0.3233543634414673
1.0,0.5239629745483398
1.0,0.474229633808136
1.0,0.3739760220050812
0.0,0.34484440088272095
0.0,0.4334662854671478
1.0,0.7217755317687988
0.0,0.6337946057319641
0.0,0.6731622815132141
1.0,0.6182312369346619
1.0,0.5345844030380249
0.0,0.6221063733100891
0.0,0.30929794907569885
0.0,0.31183186173439026
0.0,0.39583829045295715
1.0,0.6130388975143433
1.0,0.6208468675613403
0.0,0.6731417775154114
0.0,0.6843706369400024
1.0,0.7277892827987671
0.0,0.32440614700317383
1.0,0.5091704726219177
0.0,0.6205148696899414
1.0,0.6761091351509094
1.0,0.707360029220581
0.0,0.43454986810684204
1.0,0.6461352705955505
0.0,0.3886953890323639
1.0,0.7209849953651428
1.0,0.3159283995628357
0.0,0.3982359766960144
1.0,0.6965324282646179
1.0,0.7157769203186035
1.0,0.46491777896881104
1.0,0.6569833755493164
0.0,0.49164652824401855
1.0,0.6687009334564209
0.0,0.3633217513561249
0.0,0.44697535037994385
1.0,0.6968821883201599
0.0,0.52010178565979
1.0,0.7191928029060364
1.0,0.3518736958503723
0.0,0.34697970747947693
0.0,0.7010393738746643
1.0,0.7281432151794434
0.0,0.3526276648044586
0.0,0.4565751552581787
0.0,0.3136852979660034
1.0,0.6755204200744629
0.0,0.4361264407634735
1.0,0.6999938488006592
0.0,0.2934859097003937
1.0,0.6609195470809937
0.0,0.3559871017932892
1.0,0.5248729586601257
0.0,0.5954901576042175
1.0,0.6529414653778076
0.0,0.33116522431373596
1.0,0.605570375919342
0.0,0.4066661596298218
1.0,0.723219096660614
1.0,0.43740200996398926
0.0,0.6231257319450378
0.0,0.36165037751197815
0.0,0.38328051567077637
1.0,0.5863890647888184
1.0,0.7276747226715088
0.0,0.7213060259819031
1.0,0.47617146372795105
1.0,0.7168627381324768
0.0,0.40096306800842285
0.0,0.6184324026107788
1.0,0.6021232604980469
0.0,0.6973122954368591
1.0,0.4881008267402649
0.0,0.6177773475646973
0.0,0.38278672099113464
1.0,0.6667786836624146
0.0,0.2919729948043823
0.0,0.3336986303329468
0.0,0.4485973119735718
0.0,0.45129725337028503
1.0,0.6319112777709961
1.0,0.70477294921875
0.0,0.7195109724998474
0.0,0.481245756149292
0.0,0.42776915431022644
1.0,0.6682072877883911
0.0,0.3620028793811798
1.0,0.7194185853004456
1.0,0.7037346363067627
0.0,0.6844771504402161
0.0,0.4334585964679718
0.0,0.39041629433631897
1.0,0.7064388990402222
0.0,0.7240716814994812
1.0,0.6818892359733582
0.0,0.3682999014854431
1.0,0.7074477672576904
0.0,0.6658762693405151
0.0,0.718131422996521
1.0,0.6724353432655334
1.0,0.5655224919319153
0.0,0.48665571212768555
1.0,0.6698516011238098
0.0,0.6592146754264832
1.0,0.6515779495239258
0.0,0.49941763281822205
0.0,0.7205703258514404
1.0,0.7199641466140747
1.0,0.4159213602542877
0.0,0.5559755563735962
1.0,0.7252270579338074
0.0,0.2759683132171631
0.0,0.32930684089660645
0.0,0.6257306933403015
0.0,0.5819177031517029
0.0,0.45876359939575195
0.0,0.3390015959739685
0.0,0.4859018623828888
1.0,0.6142057180404663
1.0,0.7023612260818481
0.0,0.4807703495025635
1.0,0.6182870864868164
0.0,0.3693420886993408
0.0,0.56037437915802
0.0,0.714617908000946
1.0,0.6010806560516357
0.0,0.35582756996154785
1.0,0.7043054699897766
0.0,0.33860352635383606
0.0,0.4147188663482666
1.0,0.7161563038825989
0.0,0.548865795135498
1.0,0.7273783087730408
1.0,0.47748205065727234
0.0,0.611587643623352
0.0,0.36507344245910645
1.0,0.7193011045455933
0.0,0.5030533671379089
1.0,0.6608067154884338
1.0,0.7287219762802124
0.0,0.5133641362190247
1.0,0.45976898074150085
0.0,0.431396484375
0.0,0.6583142876625061
1.0,0.6901313066482544
0.0,0.33074280619621277
0.0,0.7222357392311096
1.0,0.6495013236999512
0.0,0.6110988855361938
0.0,0.4690263867378235
0.0,0.7095980048179626
0.0,0.29921624064445496
1.0,0.6708711981773376
1.0,0.6378909349441528
1.0,0.7180293202400208
1.0,0.6985005736351013
0.0,0.5982978940010071
1.0,0.7265523672103882
0.0,0.48544129729270935
0.0,0.3528345227241516
1.0,0.4797990024089813
0.0,0.5590420365333557
1.0,0.6947827339172363
0.0,0.4060463011264801
0.0,0.46776121854782104
0.0,0.6493457555770874
0.0,0.49862441420555115
1.0,0.5007985234260559
0.0,0.3538930118083954
0.0,0.4337231516838074
1.0,0.40749692916870117
0.0,0.5134340524673462
0.0,0.31279876828193665
1.0,0.4557994604110718
0.0,0.519926130771637
1.0,0.3457164168357849
1.0,0.5511372685432434
0.0,0.39789098501205444
1.0,0.6908921599388123
1.0,0.6060379147529602
0.0,0.7165203094482422
0.0,0.5250529050827026
1.0,0.7237546443939209
1.0,0.35813629627227783
1.0,0.7221192717552185
1.0,0.6917588114738464
1.0,0.6749820709228516
0.0,0.6412125825881958
1.0,0.31301409006118774
1.0,0.4411812424659729
0.0,0.5731938481330872
1.0,0.7168285250663757
1.0,0.7027274966239929
1.0,0.5566980838775635
0.0,0.2915286421775818
0.0,0.3283580541610718
0.0,0.3300066888332367
1.0,0.7257696986198425
0.0,0.7106066346168518
1.0,0.6168466210365295
0.0,0.3927665650844574
0.0,0.41780731081962585
0.0,0.3792794942855835
1.0,0.7167922854423523
0.0,0.4218643009662628
0.0,0.31366410851478577
0.0,0.4474233090877533
1.0,0.7244632840156555
1.0,0.6967033743858337
0.0,0.5866743922233582
0.0,0.4066159725189209
0.0,0.42674219608306885
1.0,0.7045937180519104
0.0,0.38072049617767334
0.0,0.6396311521530151
1.0,0.6683865189552307
1.0,0.6904016137123108
1.0,0.7243112921714783
1.0,0.6654239892959595
0.0,0.2987949252128601
1.0,0.6939927935600281
1.0,0.7134613394737244
0.0,0.6765636801719666
1.0,0.6247346997261047
0.0,0.7281385064125061
1.0,0.7147780656814575
0.0,0.5452382564544678
0.0,0.4190058708190918
0.0,0.38542652130126953
1.0,0.6927974820137024
1.0,0.5408360958099365
1.0,0.6989803314208984
1.0,0.5781697630882263
1.0,0.7137526869773865
0.0,0.4583662152290344
0.0,0.36261388659477234
1.0,0.5259773135185242
1.0,0.6859588027000427
1.0,0.554486870765686
1.0,0.5389004349708557
1.0,0.6775159239768982
0.0,0.34075474739074707
1.0,0.707135796546936
0.0,0.38509148359298706
0.0,0.5661525130271912
1.0,0.6691491603851318
1.0,0.7161949276924133
1.0,0.5619543790817261
1.0,0.6165167689323425
1.0,0.6078855395317078
0.0,0.28646692633628845
1.0,0.7093555331230164
1.0,0.7115641832351685
1.0,0.661730170249939
0.0,0.3814341127872467
0.0,0.5625847578048706
0.0,0.38927412033081055
1.0,0.4984338581562042
1.0,0.7192020416259766
1.0,0.38892629742622375
0.0,0.3687512278556824
0.0,0.2828913629055023
1.0,0.660902202129364
0.0,0.5785164833068848
0.0,0.3425370752811432
1.0,0.6541555523872375
1.0,0.5820634961128235
1.0,0.36769819259643555
0.0,0.4807493984699249
1.0,0.401706337928772
1.0,0.681338369846344
1.0,0.686303973197937
1.0,0.43510520458221436
1.0,0.6432051062583923
1.0,0.49233755469322205
0.0,0.5971795916557312
0.0,0.5126169323921204
0.0,0.28238633275032043
0.0,0.43216758966445923
1.0,0.570958137512207
0.0,0.48051396012306213
0.0,0.6927145719528198
0.0,0.43925079703330994
0.0,0.313163697719574
0.0,0.5599527359008789
0.0,0.6776536107063293
1.0,0.7107600569725037
0.0,0.34108486771583557
0.0,0.5579209327697754
0.0,0.4024156928062439
1.0,0.7273982763290405
0.0,0.386270135641098
0.0,0.3591240644454956
1.0,0.3703364431858063
1.0,0.7209342122077942
1.0,0.6662561893463135
0.0,0.43442726135253906
1.0,0.6799851059913635
1.0,0.6462251543998718
0.0,0.34808799624443054
0.0,0.3128466010093689
1.0,0.6479524970054626
0.0,0.4171469509601593
1.0,0.5871279239654541
0.0,0.3066650927066803
0.0,0.32023486495018005
1.0,0.6611607670783997
0.0,0.6048088669776917
0.0,0.5285243391990662
1.0,0.6024360656738281
0.0,0.6649284362792969
0.0,0.408810019493103
1.0,0.7193905115127563
1.0,0.29788804054260254
1.0,0.7242128849029541
1.0,0.726104736328125
0.0,0.4261205792427063
1.0,0.6391401886940002
0.0,0.4030340909957886
0.0,0.6102988123893738
0.0,0.27782946825027466
1.0,0.5249330997467041
1.0,0.62337726354599
1.0,0.420986533164978
0.0,0.29863467812538147
1.0,0.7201158404350281
1.0,0.704755425453186
1.0,0.7235063910484314
1.0,0.41686129570007324
0.0,0.2989121973514557
1.0,0.6812719106674194
0.0,0.30199331045150757
0.0,0.7041284441947937
1.0,0.33046987652778625
1.0,0.6845011115074158
1.0,0.6142600774765015
0.0,0.5623677968978882
1.0,0.6462540626525879
0.0,0.7137719392776489
1.0,0.31035542488098145
1.0,0.686770498752594
1.0,0.6656001210212708
0.0,0.7261082530021667
0.0,0.678255558013916
1.0,0.5924057364463806
1.0,0.7194018363952637
0.0,0.5354083180427551
0.0,0.3469860553741455
0.0,0.45351916551589966
1.0,0.6145437955856323
0.0,0.47433367371559143
1.0,0.7045094966888428
0.0,0.4223327040672302
1.0,0.6893057227134705
0.0,0.5604841113090515
0.0,0.7073949575424194
1.0,0.7221658229827881
0.0,0.5505307912826538
0.0,0.5880305171012878
0.0,0.32714807987213135
0.0,0.3524809181690216
0.0,0.7259310483932495
0.0,0.5148058533668518
1.0,0.42232492566108704
0.0,0.6623346209526062
0.0,0.6271982789039612
0.0,0.3670670986175537
0.0,0.5669729113578796
0.0,0.5448521375656128
1.0,0.6157042384147644
0.0,0.5872007012367249
1.0,0.34644651412963867
0.0,0.7142168283462524
1.0,0.6974267959594727
1.0,0.6909993886947632
0.0,0.5264915823936462
0.0,0.6396450400352478
0.0,0.3169410228729248
1.0,0.6270127296447754
1.0,0.7237564325332642
1.0,0.515392541885376
0.0,0.3059973120689392
0.0,0.6612973213195801
0.0,0.6083007454872131
0.0,0.3215557038784027
0.0,0.7205654382705688
0.0,0.3552807569503784
1.0,0.5676742792129517
0.0,0.7233678698539734
1.0,0.656150221824646
0.0,0.5060011148452759
1.0,0.7267332673072815
0.0,0.4287344813346863
1.0,0.7021910548210144
0.0,0.6329294443130493
0.0,0.605063259601593
0.0,0.6520718932151794
1.0,0.6541017889976501
0.0,0.3826265335083008
1.0,0.7233209609985352
0.0,0.659244179725647
0.0,0.42261990904808044
0.0,0.7148221731185913
0.0,0.7001118063926697
1.0,0.3461267650127411
1.0,0.662101686000824
1.0,0.6764913201332092
1.0,0.7175651788711548
1.0,0.6316428780555725
0.0,0.3289559781551361
1.0,0.6010081171989441
1.0,0.6969725489616394
0.0,0.4181983172893524
1.0,0.5889495611190796
1.0,0.5986758470535278
0.0,0.5181238651275635
1.0,0.560731053352356
1.0,0.5556365251541138
0.0,0.4142216145992279
0.0,0.40007638931274414
0.0,0.28474703431129456
0.0,0.49484550952911377
0.0,0.2940162718296051
1.0,0.31091660261154175
1.0,0.5196706056594849
1.0,0.6547608971595764
0.0,0.40719690918922424
0.0,0.41137850284576416
1.0,0.7222703099250793
1.0,0.7264763712882996
0.0,0.5282332301139832
0.0,0.7173900008201599
1.0,0.7276047468185425
1.0,0.6812794804573059
1.0,0.6994069218635559
1.0,0.686838686466217
0.0,0.5622156858444214
1.0,0.7149710655212402
0.0,0.35970449447631836
1.0,0.5256056785583496
1.0,0.5659467577934265
0.0,0.35791265964508057
0.0,0.7039221525192261
0.0,0.29583680629730225
0.0,0.3641554117202759
0.0,0.4180382788181305
1.0,0.6657478213310242
0.0,0.30692058801651
0.0,0.6632426381111145
0.0,0.3207734525203705
1.0,0.7261272072792053
1.0,0.6011073589324951
0.0,0.33695289492607117
1.0,0.7039726972579956
0.0,0.70287024974823
1.0,0.5723660588264465
0.0,0.6531770825386047
0.0,0.6459213495254517
1.0,0.6677697896957397
1.0,0.5783303380012512
0.0,0.5761628150939941
1.0,0.7214298844337463
1.0,0.7020414471626282
0.0,0.47927695512771606
1.0,0.5153778195381165
0.0,0.4657049775123596
0.0,0.6375695466995239
1.0,0.7178689241409302
0.0,0.43449297547340393
1.0,0.6455919146537781
1.0,0.6239010095596313
0.0,0.6851348876953125
1.0,0.7273528575897217
1.0,0.6875587701797485
1.0,0.7123405933380127
0.0,0.3032102882862091
1.0,0.7059499025344849
1.0,0.6412420272827148
0.0,0.520616888999939
1.0,0.44205859303474426
1.0,0.7288855910301208
0.0,0.3823966383934021
1.0,0.5888493061065674
0.0,0.6387602090835571
0.0,0.543487548828125
0.0,0.5715389847755432
1.0,0.6602943539619446
0.0,0.6031032800674438
0.0,0.45248234272003174
1.0,0.6247260570526123
1.0,0.7193268537521362
0.0,0.293262779712677
0.0,0.5672162771224976
1.0,0.6484324932098389
0.0,0.32967469096183777
0.0,0.6366627216339111
0.0,0.4776051342487335
0.0,0.6800081729888916
0.0,0.5817139148712158
1.0,0.5573935508728027
0.0,0.27310365438461304
0.0,0.33154401183128357
0.0,0.5091032981872559
0.0,0.39611005783081055
0.0,0.3624556362628937
0.0,0.7268614768981934
1.0,0.4487197697162628
1.0,0.6448359489440918
0.0,0.4154689908027649
1.0,0.6692870855331421
1.0,0.724678099155426
1.0,0.6521943211555481
0.0,0.3345758616924286
1.0,0.696724534034729
0.0,0.5874597430229187
0.0,0.4009559452533722
1.0,0.5596060156822205
0.0,0.6710982918739319
1.0,0.6624672412872314
0.0,0.5261646509170532
0.0,0.6664550304412842
1.0,0.6026975512504578
1.0,0.7097964882850647
1.0,0.6961162090301514
1.0,0.715117871761322
1.0,0.49155670404434204
0.0,0.6859098076820374
0.0,0.6666539311408997
1.0,0.7146442532539368
0.0,0.6735919713973999
1.0,0.7094977498054504
0.0,0.42513760924339294
0.0,0.35556361079216003
0.0,0.3291900157928467
1.0,0.6993422508239746
1.0,0.6357126235961914
0.0,0.2936551570892334
0.0,0.4304409921169281
0.0,0.4104403555393219
1.0,0.7012650966644287
1.0,0.7243914604187012
1.0,0.7230050563812256
1.0,0.6694449782371521
1.0,0.7130913138389587
0.0,0.27822011709213257
0.0,0.3916573226451874
1.0,0.6677024960517883
1.0,0.6889865398406982
0.0,0.2790945768356323
1.0,0.6358875632286072
1.0,0.7240172624588013
1.0,0.6546478867530823
0.0,0.4630836844444275
0.0,0.3059423565864563
1.0,0.72712242603302
0.0,0.5272550582885742
0.0,0.6509718298912048
0.0,0.36889833211898804
0.0,0.5575843453407288
0.0,0.6842281222343445
1.0,0.7097733020782471
0.0,0.510872483253479
0.0,0.6467412710189819
1.0,0.6779608726501465
0.0,0.44643470644950867
0.0,0.375697523355484
0.0,0.7136179804801941
0.0,0.5044751167297363
1.0,0.7163794636726379
1.0,0.5514113903045654
1.0,0.651638925075531
0.0,0.2816034257411957
0.0,0.3052314519882202
1.0,0.6729925870895386
0.0,0.35957056283950806
0.0,0.3340417146682739
0.0,0.6956979632377625
0.0,0.5224916934967041
0.0,0.5181565284729004
1.0,0.6404348611831665
0.0,0.4261677861213684
1.0,0.7108797430992126
0.0,0.346181720495224
1.0,0.5785253643989563
0.0,0.6151896119117737
1.0,0.6142954230308533
0.0,0.5153699517250061
0.0,0.3731139004230499
1.0,0.7236056327819824
0.0,0.5767436623573303
1.0,0.717682421207428
1.0,0.47586342692375183
1.0,0.7082944512367249
0.0,0.593849241733551
0.0,0.6468505263328552
0.0,0.6333522200584412
1.0,0.6346191167831421
0.0,0.44660821557044983
1.0,0.5458589792251587
1.0,0.7127786874771118
1.0,0.526268482208252
1.0,0.669243574142456
1.0,0.7133127450942993
0.0,0.3493705689907074
0.0,0.5581973791122437
0.0,0.374054878950119
1.0,0.7168892621994019
1.0,0.605094313621521
0.0,0.6272268891334534
1.0,0.49669262766838074
0.0,0.3882054090499878
0.0,0.501483142375946
0.0,0.48647192120552063
1.0,0.7007739543914795
1.0,0.28670230507850647
1.0,0.7049224376678467
1.0,0.3536835312843323
0.0,0.6323902010917664
0.0,0.37946486473083496
0.0,0.4715366065502167
1.0,0.2843700647354126
0.0,0.286212682723999
0.0,0.33624592423439026
1.0,0.719153881072998
0.0,0.6971970796585083
1.0,0.7034602165222168
0.0,0.4162219166755676
1.0,0.449586421251297
1.0,0.7074920535087585
0.0,0.6031334400177002
0.0,0.7049486041069031
1.0,0.7235442399978638
0.0,0.4982512593269348
0.0,0.6257544159889221
1.0,0.6024184226989746
1.0,0.7217518091201782
1.0,0.500080406665802
1.0,0.7029330730438232
0.0,0.4585972726345062
0.0,0.3593963086605072
0.0,0.5861217975616455
1.0,0.5065266489982605
1.0,0.41860291361808777
1.0,0.7154318690299988
0.0,0.6047114729881287
0.0,0.5694310665130615
0.0,0.4929858148097992
1.0,0.3665617108345032
1.0,0.3250182867050171
1.0,0.4647638499736786
0.0,0.46607691049575806
1.0,0.32289358973503113
0.0,0.5160410404205322
1.0,0.4978358745574951
0.0,0.5802943706512451
1.0,0.33141037821769714
0.0,0.44017839431762695
0.0,0.49493342638015747
1.0,0.5360780358314514
1.0,0.6684084534645081
0.0,0.6919059753417969
1.0,0.7152978181838989
0.0,0.5601451992988586
1.0,0.3002210855484009
1.0,0.7003488540649414
1.0,0.7070173025131226
0.0,0.6575707197189331
0.0,0.43083158135414124
0.0,0.27879270911216736
1.0,0.719171404838562
1.0,0.724429726600647
0.0,0.6586697101593018
0.0,0.3302468955516815
1.0,0.7147759795188904
0.0,0.5548747181892395
1.0,0.30067190527915955
1.0,0.6920161843299866
0.0,0.29989302158355713
0.0,0.3492524325847626
1.0,0.6352071762084961
1.0,0.38866767287254333
0.0,0.707726001739502
0.0,0.38214942812919617
0.0,0.5993644595146179
1.0,0.7184175252914429
1.0,0.6594883799552917
0.0,0.3973143696784973
1.0,0.6892200112342834
1.0,0.5752634406089783
0.0,0.2982412874698639
1.0,0.7212392091751099
0.0,0.4725329875946045
0.0,0.5166251063346863
0.0,0.6927021145820618
0.0,0.485312283039093
0.0,0.6719589829444885
0.0,0.2999587655067444
0.0,0.28435781598091125
1.0,0.5238354802131653
0.0,0.2992408573627472
0.0,0.5368805527687073
1.0,0.7250655293464661
0.0,0.4517360329627991
1.0,0.7173013687133789
0.0,0.29472243785858154
0.0,0.476510226726532
1.0,0.43043771386146545
0.0,0.5571731925010681
0.0,0.6349582672119141
0.0,0.706889271736145
1.0,0.7197540998458862
1.0,0.6448453664779663
0.0,0.5776264667510986
0.0,0.710766613483429
0.0,0.5873430967330933
0.0,0.3046606183052063
1.0,0.5575258135795593
0.0,0.6621124148368835
0.0,0.3252030611038208
0.0,0.5571679472923279
1.0,0.5833427906036377
1.0,0.7180376648902893
0.0,0.29448091983795166
0.0,0.28689900040626526
0.0,0.5994914174079895
1.0,0.5851781964302063
1.0,0.6541685461997986
0.0,0.32976508140563965
1.0,0.7074248790740967
0.0,0.6409343481063843
1.0,0.6589479446411133
0.0,0.6478596329689026
0.0,0.6528977155685425
0.0,0.6051430702209473
1.0,0.5065422058105469
1.0,0.6985971927642822
0.0,0.4009166955947876
0.0,0.45506271719932556
1.0,0.704020082950592
0.0,0.43062806129455566
1.0,0.6870166063308716
1.0,0.7223988771438599
1.0,0.6505998373031616
0.0,0.5031799674034119
1.0,0.60422682762146
1.0,0.7039324045181274
0.0,0.6008197069168091
1.0,0.6992019414901733
1.0,0.7173160314559937
0.0,0.3445354104042053
0.0,0.5685203671455383
1.0,0.6749012470245361
1.0,0.7250043153762817
0.0,0.41061580181121826
0.0,0.626438319683075
1.0,0.7098608016967773
0.0,0.727249026298523
0.0,0.44319042563438416
1.0,0.6256921291351318
1.0,0.4153274893760681
1.0,0.6686830520629883
1.0,0.6566765308380127
0.0,0.46299684047698975
0.0,0.3745177686214447
1.0,0.7248472571372986
0.0,0.3353548049926758
1.0,0.47332262992858887
0.0,0.5031495690345764
1.0,0.7262290716171265
1.0,0.7080607414245605
1.0,0.7232329845428467
0.0,0.38408491015434265
1.0,0.6973029971122742
1.0,0.497344970703125
1.0,0.6915136575698853
0.0,0.579355776309967
1.0,0.27303916215896606
0.0,0.3536859154701233
1.0,0.7001410722732544
1.0,0.3187912404537201
0.0,0.7248822450637817
1.0,0.6470909118652344
1.0,0.7154477834701538
0.0,0.5071651935577393
1.0,0.7148562669754028
1.0,0.6780597567558289
0.0,0.39364373683929443
1.0,0.6121105551719666
0.0,0.6820249557495117
0.0,0.541230320930481
0.0,0.30171874165534973
1.0,0.7267559766769409
1.0,0.6957665085792542
1.0,0.38652506470680237
0.0,0.5699688792228699
1.0,0.7213438153266907
0.0,0.33644363284111023
0.0,0.7191587686538696
0.0,0.4888933300971985
1.0,0.7055122256278992
1.0,0.7007783055305481
1.0,0.6865719556808472
0.0,0.6104990243911743
1.0,0.5239887237548828
0.0,0.4702121317386627
0.0,0.7049123048782349
0.0,0.6091651916503906
1.0,0.7243899703025818
1.0,0.6390539407730103
1.0,0.6949776411056519
0.0,0.29445385932922363
1.0,0.6804839372634888
1.0,0.720308780670166
1.0,0.7286397814750671
1.0,0.36657407879829407
1.0,0.7285301685333252
1.0,0.5682069063186646
0.0,0.5440255403518677
1.0,0.5808064341545105
1.0,0.7198500633239746
0.0,0.559997022151947
1.0,0.7179080247879028
0.0,0.723919153213501
0.0,0.6788373589515686
1.0,0.7057524919509888
1.0,0.3934614360332489
1.0,0.5824161767959595
1.0,0.6588993072509766
0.0,0.4392525553703308
0.0,0.30991339683532715
0.0,0.3969019949436188
1.0,0.44178545475006104
0.0,0.3303077816963196
1.0,0.7199973464012146
1.0,0.5394437313079834
1.0,0.648160994052887
1.0,0.5399580597877502
1.0,0.7021831274032593
1.0,0.7203320860862732
0.0,0.3247535526752472
1.0,0.5866763591766357
1.0,0.6247547268867493
0.0,0.43308043479919434
1.0,0.7135037779808044
0.0,0.41065695881843567
1.0,0.6452651023864746
1.0,0.4306854009628296
0.0,0.692130982875824
1.0,0.7016520500183105
0.0,0.6420866847038269
0.0,0.6094066500663757
0.0,0.32645881175994873
1.0,0.532941460609436
0.0,0.39889657497406006
0.0,0.4814145863056183
1.0,0.6216002106666565
0.0,0.38316211104393005
0.0,0.30808398127555847
0.0,0.5574838519096375
1.0,0.6650924682617188
0.0,0.6009931564331055
0.0,0.34234705567359924
1.0,0.6796256303787231
0.0,0.43555739521980286
0.0,0.44464507699012756
1.0,0.721576988697052
1.0,0.7064524292945862
0.0,0.613061249256134
1.0,0.5788573026657104
1.0,0.56239253282547
1.0,0.6809816956520081
1.0,0.7208462357521057
1.0,0.5398914813995361
0.0,0.706889808177948
0.0,0.5072864890098572
1.0,0.6558846831321716
1.0,0.3824738562107086
1.0,0.7247637510299683
1.0,0.7257583737373352
1.0,0.5062301754951477
1.0,0.6139518022537231
0.0,0.410388708114624
0.0,0.36636605858802795
0.0,0.41514840722084045
0.0,0.37576472759246826
0.0,0.6151442527770996
0.0,0.5534537434577942
0.0,0.5000429749488831
0.0,0.5699394345283508
0.0,0.43714645504951477
1.0,0.7217411398887634
0.0,0.3651321828365326
1.0,0.7187027931213379
1.0,0.6067777872085571
0.0,0.38507717847824097
1.0,0.2765389680862427
0.0,0.3058934807777405
0.0,0.37111160159111023
1.0,0.7210550308227539
1.0,0.6427145004272461
1.0,0.7083479762077332
0.0,0.3317968547344208
0.0,0.6543794274330139
1.0,0.3989980220794678
1.0,0.31485065817832947
0.0,0.6112414598464966
0.0,0.4585089385509491
1.0,0.6770870685577393
1.0,0.6509765982627869
1.0,0.7182108759880066
1.0,0.7051485776901245
1.0,0.7277458906173706
0.0,0.40834513306617737
1.0,0.51933354139328
0.0,0.47160226106643677
1.0,0.713310718536377
1.0,0.7199473977088928
0.0,0.4364120066165924
0.0,0.4459473192691803
1.0,0.5077439546585083
1.0,0.28810960054397583
1.0,0.7224531173706055
1.0,0.5507626533508301
0.0,0.3088265061378479
1.0,0.7165917754173279
0.0,0.6187347769737244
0.0,0.5516856908798218
1.0,0.7227012515068054
0.0,0.5876085758209229
1.0,0.7017437219619751
0.0,0.7266037464141846
0.0,0.7270799279212952
1.0,0.7101073861122131
1.0,0.5148175954818726
0.0,0.35832464694976807
1.0,0.7220715880393982
1.0,0.7243026494979858
0.0,0.2908714711666107
0.0,0.5653879642486572
1.0,0.39520639181137085
0.0,0.5706709623336792
1.0,0.7028765678405762
0.0,0.5858308672904968
1.0,0.6651879549026489
1.0,0.3079887926578522
1.0,0.5843351483345032
1.0,0.701336145401001
0.0,0.7193023562431335
1.0,0.6415694355964661
1.0,0.7074039578437805
0.0,0.5969871282577515
0.0,0.32562172412872314
0.0,0.3863806426525116
0.0,0.5148383378982544
0.0,0.6300004124641418
0.0,0.4608602523803711
0.0,0.4215541183948517
0.0,0.6878117918968201
0.0,0.28006482124328613
1.0,0.7207641005516052
0.0,0.4016132056713104
1.0,0.6381955146789551
1.0,0.38941410183906555
0.0,0.6974214315414429
0.0,0.6220693588256836
1.0,0.6866904497146606
1.0,0.5989757776260376
0.0,0.50474613904953
1.0,0.6676793694496155
1.0,0.38468003273010254
1.0,0.5448189377784729
0.0,0.6589542031288147
1.0,0.4980987310409546
1.0,0.682306170463562
1.0,0.705419659614563
0.0,0.3325253427028656
0.0,0.7138877511024475
0.0,0.6921581625938416
1.0,0.7239176630973816
1.0,0.680720329284668
1.0,0.5004655718803406
0.0,0.6978316307067871
0.0,0.4119291603565216
1.0,0.7183386087417603
1.0,0.7232756018638611
0.0,0.3725999593734741
0.0,0.5565648674964905
1.0,0.7120659351348877
1.0,0.6976071000099182
0.0,0.41579708456993103
0.0,0.531223714351654
1.0,0.38885369896888733
1.0,0.7242893576622009
1.0,0.4645218253135681
1.0,0.7186150550842285
0.0,0.6787447333335876
1.0,0.6057698726654053
1.0,0.7267708778381348
1.0,0.708443820476532
0.0,0.41049036383628845
1.0,0.610524594783783
1.0,0.69557785987854
0.0,0.3220794200897217
1.0,0.372917503118515
0.0,0.7085832357406616
0.0,0.326313853263855
0.0,0.29843178391456604
0.0,0.5492551922798157
0.0,0.34818628430366516
1.0,0.7286862134933472
1.0,0.7244634032249451
1.0,0.42740458250045776
1.0,0.7197322249412537
0.0,0.44465771317481995
1.0,0.574166476726532
0.0,0.5524647235870361
0.0,0.6442458629608154
0.0,0.6074870824813843
0.0,0.4687003791332245
1.0,0.3638768196105957
1.0,0.6005514860153198
0.0,0.5464745759963989
0.0,0.35464537143707275
1.0,0.6298803687095642
0.0,0.36940619349479675
1.0,0.7238353490829468
1.0,0.6571329236030579
0.0,0.31532731652259827
1.0,0.6867908239364624
0.0,0.4255143105983734
0.0,0.3306814432144165
1.0,0.6086016893386841
1.0,0.6588720679283142
0.0,0.45647329092025757
1.0,0.667883574962616
0.0,0.4526083171367645
1.0,0.6888512969017029
1.0,0.4023330509662628
1.0,0.5760456919670105
0.0,0.49626773595809937
0.0,0.31771913170814514
0.0,0.6904775500297546
0.0,0.7258532643318176
0.0,0.2997209429740906
0.0,0.36005163192749023
0.0,0.2766113877296448
0.0,0.4003618061542511
0.0,0.46738484501838684
0.0,0.377329021692276
0.0,0.3482029139995575
0.0,0.7028575539588928
0.0,0.30780667066574097
0.0,0.5604283213615417
0.0,0.4025317132472992
0.0,0.5071134567260742
1.0,0.725511372089386
1.0,0.5565265417098999
1.0,0.7291973233222961
1.0,0.5964564085006714
1.0,0.6101861596107483
0.0,0.35739225149154663
1.0,0.6741124987602234
1.0,0.6496777534484863
0.0,0.39007964730262756
0.0,0.5078293085098267
0.0,0.30292001366615295
1.0,0.4256821274757385
0.0,0.703894853591919
0.0,0.6357505917549133
1.0,0.7086187601089478
0.0,0.6304866075515747
0.0,0.6995611190795898
1.0,0.6683128476142883
1.0,0.7082857489585876
0.0,0.6948826313018799
1.0,0.7090402245521545
1.0,0.5728524327278137
0.0,0.3663248121738434
1.0,0.32033097743988037
1.0,0.44178083539009094
0.0,0.6469292640686035
1.0,0.6933474540710449
0.0,0.5179065465927124
0.0,0.29982292652130127
0.0,0.36223819851875305
1.0,0.6989350914955139
0.0,0.5480471253395081
0.0,0.5705097913742065
0.0,0.43269526958465576
1.0,0.7048013806343079
1.0,0.6904885768890381
0.0,0.5754982233047485
1.0,0.5293276309967041
0.0,0.3190147280693054
1.0,0.7263284921646118
0.0,0.48990488052368164
1.0,0.5599308013916016
0.0,0.7128851413726807
0.0,0.700743556022644
1.0,0.5588886141777039
1.0,0.7184606194496155
1.0,0.2743518650531769
1.0,0.6841806173324585
0.0,0.5206189155578613
1.0,0.44166913628578186
0.0,0.3964538276195526
0.0,0.6478098034858704
0.0,0.2944185137748718
0.0,0.5390985608100891
1.0,0.72027987241745
1.0,0.5438899397850037
0.0,0.3207150995731354
0.0,0.301677405834198
1.0,0.7149683833122253
1.0,0.5935841798782349
0.0,0.6413739323616028
0.0,0.33139726519584656
1.0,0.5534506440162659
0.0,0.42232272028923035
0.0,0.4977776110172272
1.0,0.6132102012634277
1.0,0.7138500809669495
1.0,0.6988556385040283
0.0,0.41171371936798096
0.0,0.47817644476890564
1.0,0.591618537902832
1.0,0.7031849026679993
1.0,0.4353640377521515
1.0,0.6713443994522095
0.0,0.7224070429801941
0.0,0.4346981644630432
0.0,0.711068332195282
1.0,0.7243698239326477
1.0,0.686284601688385
1.0,0.603437066078186
1.0,0.7130502462387085
1.0,0.49969810247421265
0.0,0.2831138074398041
1.0,0.6904659867286682
1.0,0.6062995791435242
0.0,0.27945348620414734
0.0,0.3273957371711731
0.0,0.3931434750556946
1.0,0.37041398882865906
1.0,0.7274580597877502
0.0,0.7201353907585144
1.0,0.544892430305481
1.0,0.667592465877533
0.0,0.40925663709640503
0.0,0.33329737186431885
0.0,0.349727600812912
0.0,0.5712772011756897
0.0,0.6545679569244385
0.0,0.7171281576156616
1.0,0.7260206937789917
0.0,0.3895084261894226
0.0,0.5083343386650085
0.0,0.334878146648407
1.0,0.7188378572463989
1.0,0.7019773125648499
0.0,0.3296968638896942
0.0,0.7148313522338867
1.0,0.6817976832389832
0.0,0.6852682828903198
1.0,0.7155311107635498
1.0,0.4644985496997833
0.0,0.5059066414833069
0.0,0.6012531518936157
0.0,0.6875829696655273
0.0,0.34786954522132874
0.0,0.6353297829627991
0.0,0.3369080126285553
0.0,0.6166908740997314
0.0,0.537439227104187
0.0,0.5895613431930542
0.0,0.33210861682891846
0.0,0.2970627546310425
0.0,0.331303209066391
0.0,0.37619757652282715
0.0,0.3837425708770752
1.0,0.7280623912811279
0.0,0.41354408860206604
1.0,0.5743517875671387
1.0,0.7200108766555786
1.0,0.7288634777069092
0.0,0.5027119517326355
0.0,0.5227690935134888
0.0,0.29928502440452576
1.0,0.579527735710144
0.0,0.7170737385749817
1.0,0.7152584195137024
1.0,0.7046801447868347
0.0,0.296581894159317
1.0,0.7211535573005676
0.0,0.4616759717464447
1.0,0.6820999979972839
1.0,0.7159751057624817
1.0,0.6959465146064758
0.0,0.7182195782661438
1.0,0.5349598526954651
1.0,0.7293789386749268
1.0,0.42801812291145325
0.0,0.6360771059989929
0.0,0.39931049942970276
0.0,0.4174567759037018
1.0,0.6484336256980896
1.0,0.6807700991630554
1.0,0.43382272124290466
0.0,0.3296913802623749
1.0,0.727155327796936
0.0,0.2994551658630371
0.0,0.28710705041885376
0.0,0.4338875710964203
1.0,0.6679700016975403
0.0,0.3960111737251282
0.0,0.31808534264564514
1.0,0.7223033905029297
1.0,0.278739333152771
0.0,0.4837075471878052
1.0,0.7108619213104248
0.0,0.369698703289032
1.0,0.6674415469169617
0.0,0.32899537682533264
0.0,0.44275346398353577
0.0,0.3796765208244324
1.0,0.7165096402168274
0.0,0.6675914525985718
1.0,0.3769669532775879
0.0,0.311117023229599
1.0,0.7273993492126465
1.0,0.7080027461051941
1.0,0.38015666604042053
0.0,0.48508232831954956
0.0,0.7167338728904724
0.0,0.6347481608390808
1.0,0.6776177287101746
0.0,0.4105374217033386
0.0,0.6335681080818176
1.0,0.7097970247268677
0.0,0.4389543831348419
1.0,0.7215366363525391
1.0,0.6973677277565002
0.0,0.38979318737983704
1.0,0.7277652621269226
1.0,0.4756951332092285
0.0,0.3304056227207184
0.0,0.4132075011730194
1.0,0.6701064109802246
0.0,0.6574509739875793
0.0,0.6454811692237854
0.0,0.2858935594558716
1.0,0.7275911569595337
1.0,0.7232320308685303
1.0,0.4989921450614929
1.0,0.6116025447845459
0.0,0.5712500214576721
1.0,0.6344934701919556
1.0,0.7002241015434265
0.0,0.4701138436794281
1.0,0.6622059941291809
0.0,0.4337378442287445
0.0,0.6217915415763855
0.0,0.40578028559684753
0.0,0.29758420586586
0.0,0.48192447423934937
1.0,0.5179769396781921
0.0,0.3013031780719757
1.0,0.6305763125419617
0.0,0.6331624388694763
1.0,0.27782976627349854
1.0,0.712456226348877
1.0,0.6235337853431702
1.0,0.6378910541534424
1.0,0.3526467978954315
1.0,0.6777728199958801
0.0,0.4365479648113251
1.0,0.6770839095115662
0.0,0.43589040637016296
0.0,0.6940159201622009
1.0,0.6960477232933044
1.0,0.7062774300575256
0.0,0.7076756358146667
1.0,0.6841414570808411
0.0,0.6169384121894836
1.0,0.6864341497421265
1.0,0.5063475966453552
0.0,0.40754151344299316
1.0,0.7239506840705872
0.0,0.3996957540512085
0.0,0.28945526480674744
0.0,0.5837364196777344
0.0,0.33711740374565125
0.0,0.6994828581809998
0.0,0.361333966255188
1.0,0.7205842733383179
0.0,0.6354682445526123
0.0,0.7123739719390869
1.0,0.7105770707130432
1.0,0.400728702545166
0.0,0.35267436504364014
0.0,0.30931732058525085
1.0,0.40752679109573364
1.0,0.49758803844451904
0.0,0.3522073030471802
0.0,0.7126097679138184
1.0,0.7242110967636108
1.0,0.7173787355422974
1.0,0.6512321829795837
1.0,0.7220153212547302
0.0,0.6670830845832825
0.0,0.5700597167015076
1.0,0.6591805815696716
1.0,0.7119629383087158
1.0,0.48277947306632996
1.0,0.6716440916061401
0.0,0.4144081175327301
0.0,0.7182934880256653
1.0,0.6679083108901978
0.0,0.6457083821296692
1.0,0.6474121809005737
0.0,0.4612005054950714
0.0,0.5063732266426086
1.0,0.7063677906990051
0.0,0.5525123476982117
1.0,0.6998786926269531
0.0,0.4135463833808899
1.0,0.7267924547195435
0.0,0.5641074180603027
1.0,0.726266622543335
0.0,0.43830788135528564
1.0,0.3723299205303192
0.0,0.649817168712616
1.0,0.6718303561210632
1.0,0.7013626098632812
0.0,0.5713701248168945
1.0,0.6585489511489868
0.0,0.398558109998703
0.0,0.595565676689148
1.0,0.46012434363365173
0.0,0.3789699077606201
1.0,0.7241450548171997
0.0,0.5632239580154419
0.0,0.47002407908439636
1.0,0.7076632976531982
1.0,0.6489686369895935
0.0,0.35236895084381104
0.0,0.45768630504608154
1.0,0.6591783761978149
1.0,0.6623562574386597
1.0,0.7041898965835571
1.0,0.7144699692726135
0.0,0.42622172832489014
0.0,0.529938280582428
1.0,0.5610791444778442
0.0,0.46163469552993774
1.0,0.5997481346130371
0.0,0.4989968538284302
1.0,0.6092947721481323
0.0,0.42530038952827454
1.0,0.5521489977836609
1.0,0.702491819858551
0.0,0.31988057494163513
1.0,0.7242712378501892
0.0,0.698881208896637
0.0,0.3198014497756958
1.0,0.6372034549713135
1.0,0.4548678696155548
0.0,0.6671772003173828
1.0,0.4359559118747711
1.0,0.7235121726989746
0.0,0.7219387888908386
1.0,0.7242647409439087
0.0,0.6015822887420654
1.0,0.6826455593109131
0.0,0.48835060000419617
1.0,0.7115818858146667
1.0,0.7251781225204468
0.0,0.6727815866470337
1.0,0.49734243750572205
0.0,0.4905822277069092
0.0,0.28372329473495483
0.0,0.3827006220817566
1.0,0.5399165153503418
1.0,0.6535802483558655
1.0,0.5583232641220093
1.0,0.7064253687858582
0.0,0.3940979540348053
1.0,0.6769489645957947
1.0,0.7140713930130005
0.0,0.3099597990512848
0.0,0.3243284523487091
0.0,0.5267028212547302
0.0,0.5899959206581116
1.0,0.4828164875507355
0.0,0.6875331401824951
0.0,0.6516085267066956
1.0,0.5261130928993225
1.0,0.7204819321632385
1.0,0.6422781944274902
1.0,0.6883729696273804
0.0,0.4217675030231476
1.0,0.6989736557006836
1.0,0.7198361158370972
0.0,0.6159950494766235
0.0,0.42077359557151794
0.0,0.30897900462150574
0.0,0.7146893739700317
1.0,0.6356788873672485
0.0,0.7130909562110901
0.0,0.37462925910949707
1.0,0.6428597569465637
1.0,0.4223432242870331
1.0,0.43003198504447937
1.0,0.6860178709030151
0.0,0.5649266839027405
0.0,0.6813689470291138
1.0,0.6830394268035889
0.0,0.29703062772750854
1.0,0.6910924911499023
0.0,0.6664292812347412
1.0,0.5615463256835938
1.0,0.6964687705039978
1.0,0.6945143938064575
1.0,0.6994715332984924
0.0,0.3218463957309723
1.0,0.6120153665542603
0.0,0.330221563577652
1.0,0.6623697280883789
1.0,0.6766071915626526
0.0,0.5732625126838684
1.0,0.31466832756996155
0.0,0.7144708633422852
1.0,0.6948698163032532
0.0,0.3015301525592804
1.0,0.7278279662132263
1.0,0.6254906058311462
1.0,0.6690505146980286
0.0,0.5332790017127991
0.0,0.4249297082424164
0.0,0.6962019205093384
1.0,0.5634818077087402
0.0,0.7145692110061646
1.0,0.6780092120170593
0.0,0.6695056557655334
0.0,0.6806436777114868
0.0,0.39281561970710754
0.0,0.7032079100608826
0.0,0.45229312777519226
0.0,0.40003111958503723
0.0,0.4858931005001068
1.0,0.7048014998435974
0.0,0.6521392464637756
0.0,0.5276802182197571
1.0,0.4585215747356415
0.0,0.29973480105400085
1.0,0.3571436107158661
0.0,0.6134830713272095
0.0,0.6774684190750122
0.0,0.4302811324596405
0.0,0.6983811259269714
1.0,0.6054520010948181
0.0,0.4584571123123169
0.0,0.3902183771133423
0.0,0.577206015586853
0.0,0.349565327167511
0.0,0.48446184396743774
0.0,0.6684876680374146
1.0,0.37777483463287354
0.0,0.6195017695426941
1.0,0.4523157477378845
0.0,0.3695102334022522
1.0,0.7181099653244019
1.0,0.5290756821632385
1.0,0.4482215642929077
1.0,0.7129768133163452
1.0,0.7265834212303162
0.0,0.47773477435112
0.0,0.7117677330970764
1.0,0.7179557681083679
1.0,0.30714544653892517
0.0,0.37917307019233704
0.0,0.6025751829147339
0.0,0.4752948582172394
1.0,0.7179831862449646
1.0,0.6942119002342224
0.0,0.4818775951862335
1.0,0.7169725894927979
0.0,0.41327792406082153
1.0,0.6928080916404724
1.0,0.7067967057228088
1.0,0.7056061029434204
1.0,0.3250182569026947
1.0,0.7114891409873962
0.0,0.6001381874084473
0.0,0.3528301417827606
1.0,0.31491556763648987
1.0,0.6870447993278503
1.0,0.4337623417377472
1.0,0.6957839727401733
1.0,0.6724969744682312
0.0,0.5257078409194946
0.0,0.3993183374404907
1.0,0.6355363130569458
1.0,0.7248556613922119
1.0,0.6195929050445557
1.0,0.5950628519058228
1.0,0.6834896802902222
1.0,0.6555582880973816
0.0,0.33160269260406494
0.0,0.3039436936378479
1.0,0.6579263210296631
0.0,0.6088702082633972
0.0,0.40635454654693604
1.0,0.7263908982276917
1.0,0.5619153380393982
0.0,0.3389604091644287
0.0,0.3243669271469116
0.0,0.464124470949173
1.0,0.6888159513473511
0.0,0.5128377676010132
0.0,0.4577386975288391
1.0,0.4844902753829956
0.0,0.6406117677688599
0.0,0.4402709901332855
0.0,0.34883660078048706
0.0,0.5915371775627136
0.0,0.5542547702789307
1.0,0.7114081978797913
0.0,0.7025864124298096
1.0,0.684258759021759
1.0,0.6034604907035828
0.0,0.4753437042236328
0.0,0.702817440032959
1.0,0.44443753361701965
0.0,0.6459238529205322
1.0,0.7202109694480896
1.0,0.5142132043838501
1.0,0.47720277309417725
0.0,0.6623613834381104
0.0,0.7152549624443054
1.0,0.7145087718963623
1.0,0.7232896089553833
0.0,0.32761988043785095
0.0,0.4426317512989044
0.0,0.38911280035972595
0.0,0.28342384099960327
0.0,0.2874520421028137
0.0,0.5896629095077515
0.0,0.5880610346794128
0.0,0.3741452991962433
1.0,0.2857777178287506
1.0,0.7130587100982666
0.0,0.4491821527481079
1.0,0.6592334508895874
0.0,0.3463479280471802
1.0,0.723265528678894
1.0,0.7070004343986511
0.0,0.500776469707489
1.0,0.4867412745952606
0.0,0.5564960241317749
1.0,0.6568251252174377
1.0,0.3146877884864807
0.0,0.7073087096214294
1.0,0.706760048866272
1.0,0.42401933670043945
1.0,0.7224096059799194
0.0,0.3659435212612152
0.0,0.5656500458717346
1.0,0.31338995695114136
1.0,0.7276886105537415
0.0,0.3277190029621124
1.0,0.714005172252655
1.0,0.7238913774490356
0.0,0.48754945397377014
1.0,0.34035101532936096
1.0,0.6937965750694275
0.0,0.6904780864715576
1.0,0.7228266000747681
0.0,0.7042787671089172
0.0,0.42346328496932983
