protein,drug,True Label,Predicted Probability
1.0,0.7307709455490112
0.0,0.28028246760368347
0.0,0.46045562624931335
1.0,0.7301086187362671
1.0,0.3885619640350342
0.0,0.27418315410614014
0.0,0.27496737241744995
0.0,0.6004515886306763
0.0,0.2747269868850708
0.0,0.3197583854198456
1.0,0.6816023588180542
1.0,0.7236318588256836
0.0,0.30377671122550964
1.0,0.7284945845603943
0.0,0.292337566614151
1.0,0.35488244891166687
1.0,0.6303027868270874
1.0,0.6937700510025024
0.0,0.2745310962200165
1.0,0.714973509311676
0.0,0.6751500964164734
1.0,0.551629900932312
0.0,0.5819153785705566
0.0,0.3855939209461212
0.0,0.4252798557281494
0.0,0.6167721152305603
0.0,0.2759491801261902
1.0,0.6932820677757263
1.0,0.642419159412384
0.0,0.7138774991035461
1.0,0.7276524305343628
1.0,0.6003051400184631
1.0,0.7231640815734863
0.0,0.2864636480808258
0.0,0.3367617130279541
0.0,0.4621553122997284
0.0,0.4003961384296417
1.0,0.7289700508117676
0.0,0.2815517783164978
1.0,0.719854474067688
1.0,0.7217745184898376
1.0,0.7085584998130798
1.0,0.2907538414001465
0.0,0.5370048880577087
1.0,0.7069689035415649
1.0,0.6961103677749634
1.0,0.7209269404411316
1.0,0.7254082560539246
1.0,0.7130289077758789
0.0,0.2765186131000519
0.0,0.3251922130584717
0.0,0.2746101915836334
0.0,0.2735784947872162
1.0,0.7299321293830872
1.0,0.5483817458152771
0.0,0.2776603102684021
0.0,0.2784751057624817
1.0,0.7165079116821289
1.0,0.28818532824516296
0.0,0.7007886171340942
1.0,0.7002447843551636
0.0,0.27451464533805847
1.0,0.2948019206523895
0.0,0.4230651259422302
0.0,0.3705275058746338
0.0,0.332367867231369
0.0,0.7024020552635193
1.0,0.7267529964447021
1.0,0.7288254499435425
1.0,0.3656978905200958
0.0,0.6501971483230591
0.0,0.31879591941833496
0.0,0.2713009715080261
1.0,0.7018716931343079
1.0,0.7277528047561646
1.0,0.29395514726638794
1.0,0.2710239291191101
1.0,0.33704495429992676
1.0,0.719545841217041
0.0,0.38192272186279297
1.0,0.7272860407829285
1.0,0.27104511857032776
0.0,0.2951205372810364
0.0,0.27641332149505615
1.0,0.6579147577285767
0.0,0.3107958137989044
0.0,0.7223882675170898
1.0,0.7168173789978027
1.0,0.6915255188941956
1.0,0.27366194128990173
1.0,0.7225891351699829
1.0,0.518829345703125
0.0,0.685538113117218
1.0,0.40999701619148254
1.0,0.7024841904640198
0.0,0.2808992564678192
0.0,0.42240026593208313
0.0,0.6519449949264526
0.0,0.34452423453330994
0.0,0.27618491649627686
0.0,0.36986175179481506
0.0,0.2723865807056427
1.0,0.7297344207763672
1.0,0.7069456577301025
1.0,0.7121406197547913
0.0,0.5469613671302795
1.0,0.5721796751022339
1.0,0.7306563258171082
1.0,0.7057700753211975
1.0,0.7289546132087708
1.0,0.688258707523346
1.0,0.6435638070106506
0.0,0.5676562190055847
1.0,0.5234419703483582
0.0,0.3517357110977173
0.0,0.6111903190612793
0.0,0.2789352536201477
0.0,0.7269262671470642
0.0,0.5388556718826294
0.0,0.7155410051345825
0.0,0.3265768885612488
1.0,0.6996956467628479
1.0,0.698675274848938
1.0,0.4996890425682068
1.0,0.7304409146308899
0.0,0.4830935299396515
0.0,0.6915956735610962
1.0,0.7248358130455017
1.0,0.6367475986480713
0.0,0.27409377694129944
0.0,0.288351446390152
0.0,0.7193226218223572
0.0,0.31634601950645447
1.0,0.2873154878616333
1.0,0.7260707020759583
1.0,0.5503737330436707
1.0,0.680884063243866
1.0,0.7289440631866455
0.0,0.3609028458595276
0.0,0.3038861155509949
1.0,0.7065914273262024
1.0,0.6055747866630554
0.0,0.31713762879371643
1.0,0.72298264503479
1.0,0.7305629253387451
0.0,0.725738525390625
0.0,0.27502429485321045
1.0,0.7308880090713501
0.0,0.29088106751441956
1.0,0.4301110804080963
0.0,0.28300169110298157
1.0,0.3567509651184082
0.0,0.28141120076179504
0.0,0.2704649865627289
1.0,0.7070145606994629
1.0,0.2737836539745331
1.0,0.7294631600379944
1.0,0.712846577167511
0.0,0.5556447505950928
1.0,0.2734614610671997
1.0,0.45948588848114014
0.0,0.2742493152618408
0.0,0.5610464215278625
1.0,0.6959027647972107
0.0,0.3803652226924896
0.0,0.2712950110435486
0.0,0.3034157156944275
1.0,0.3511396050453186
1.0,0.6537637114524841
0.0,0.2913309633731842
0.0,0.4259999990463257
1.0,0.6350827217102051
0.0,0.37944334745407104
0.0,0.3978801369667053
1.0,0.7120291590690613
1.0,0.7208974361419678
1.0,0.7264782190322876
1.0,0.4896196126937866
1.0,0.724520742893219
0.0,0.33215394616127014
0.0,0.28280073404312134
0.0,0.27578505873680115
1.0,0.3775072395801544
0.0,0.7089487910270691
1.0,0.2707234025001526
1.0,0.7277964353561401
1.0,0.7225849032402039
1.0,0.730866014957428
1.0,0.42818543314933777
1.0,0.7306183576583862
1.0,0.6899862885475159
1.0,0.730545699596405
0.0,0.2706717848777771
0.0,0.38018548488616943
1.0,0.729227602481842
0.0,0.29560601711273193
0.0,0.41576510667800903
1.0,0.5400919914245605
0.0,0.7190974354743958
0.0,0.2726001441478729
0.0,0.2894116938114166
1.0,0.7016152739524841
0.0,0.3224011957645416
0.0,0.3057464063167572
1.0,0.7289968729019165
1.0,0.7232553362846375
1.0,0.7219306230545044
0.0,0.30419009923934937
0.0,0.36235249042510986
0.0,0.28611013293266296
1.0,0.356144517660141
0.0,0.28236809372901917
0.0,0.2784793972969055
1.0,0.6324827075004578
0.0,0.5174623727798462
0.0,0.2698594629764557
1.0,0.28886762261390686
0.0,0.272967129945755
1.0,0.4485454857349396
0.0,0.29006651043891907
0.0,0.2705766260623932
0.0,0.39641591906547546
1.0,0.7073109745979309
0.0,0.48465049266815186
0.0,0.5233305096626282
0.0,0.2725484371185303
0.0,0.28856077790260315
0.0,0.33110591769218445
1.0,0.6052016615867615
1.0,0.2942393720149994
0.0,0.3966887891292572
1.0,0.7197495102882385
0.0,0.7011876702308655
1.0,0.6582887768745422
1.0,0.7071217894554138
0.0,0.3088584244251251
0.0,0.3440805971622467
1.0,0.5627378225326538
1.0,0.6561547517776489
0.0,0.31119439005851746
1.0,0.6505169868469238
0.0,0.27184242010116577
1.0,0.7249264717102051
1.0,0.7302995920181274
0.0,0.49358823895454407
1.0,0.7294455766677856
1.0,0.7292498350143433
0.0,0.4374876022338867
1.0,0.7105618715286255
0.0,0.293125182390213
1.0,0.7261658310890198
0.0,0.2698522210121155
1.0,0.7296193838119507
0.0,0.27003252506256104
1.0,0.426334023475647
0.0,0.280786395072937
1.0,0.45057234168052673
1.0,0.7303643226623535
0.0,0.2743804454803467
0.0,0.5571953058242798
1.0,0.4492955207824707
0.0,0.27575668692588806
0.0,0.32983046770095825
1.0,0.6880245804786682
1.0,0.705691933631897
1.0,0.7306802272796631
1.0,0.7211312651634216
1.0,0.689741849899292
0.0,0.2933867871761322
0.0,0.4458939731121063
0.0,0.28124478459358215
1.0,0.6409129500389099
1.0,0.7289215922355652
0.0,0.5657102465629578
1.0,0.7265223264694214
0.0,0.46071410179138184
0.0,0.29326343536376953
0.0,0.2728210985660553
0.0,0.33866339921951294
1.0,0.7086674571037292
0.0,0.43936362862586975
0.0,0.28254202008247375
1.0,0.7235640287399292
0.0,0.27173206210136414
1.0,0.34998247027397156
0.0,0.2825765609741211
1.0,0.7270368933677673
1.0,0.6623814702033997
1.0,0.53400719165802
0.0,0.308426171541214
1.0,0.6963399648666382
1.0,0.29570120573043823
1.0,0.7240223288536072
1.0,0.32332226634025574
1.0,0.2937431335449219
1.0,0.7280856966972351
1.0,0.6798087358474731
1.0,0.27818936109542847
0.0,0.45806583762168884
0.0,0.6469833850860596
0.0,0.2711358666419983
1.0,0.5359538793563843
0.0,0.7090741395950317
0.0,0.6012787222862244
1.0,0.5019516944885254
1.0,0.34063929319381714
0.0,0.2745417654514313
1.0,0.7300531268119812
0.0,0.3940802812576294
1.0,0.7258554697036743
0.0,0.509230375289917
0.0,0.3512836694717407
0.0,0.3996885418891907
0.0,0.3713129162788391
0.0,0.36654698848724365
0.0,0.27228492498397827
1.0,0.7222107648849487
1.0,0.5755838751792908
0.0,0.2812429666519165
1.0,0.7224453687667847
1.0,0.6659584045410156
0.0,0.289800226688385
0.0,0.2947782874107361
0.0,0.2910047769546509
0.0,0.40001747012138367
1.0,0.7305384278297424
0.0,0.2772625684738159
0.0,0.2713466286659241
0.0,0.7076709270477295
1.0,0.5409315228462219
1.0,0.7184454202651978
1.0,0.7225557565689087
0.0,0.3068203628063202
1.0,0.5670426487922668
0.0,0.7027290463447571
1.0,0.728623628616333
1.0,0.7290502786636353
0.0,0.27202773094177246
0.0,0.28166794776916504
1.0,0.33383142948150635
0.0,0.2708859443664551
0.0,0.3350929319858551
1.0,0.7246138453483582
1.0,0.6967176198959351
1.0,0.718778133392334
1.0,0.6384071111679077
0.0,0.7048075199127197
0.0,0.7139887809753418
0.0,0.2942338287830353
0.0,0.39499780535697937
1.0,0.7140480279922485
1.0,0.6175327301025391
1.0,0.2844356298446655
1.0,0.3712516725063324
0.0,0.3503217399120331
0.0,0.7243665456771851
1.0,0.6931237578392029
0.0,0.2729053497314453
0.0,0.28656837344169617
0.0,0.6912750005722046
0.0,0.2720262110233307
0.0,0.3229827880859375
0.0,0.2799912691116333
1.0,0.3963719308376312
1.0,0.5603922605514526
1.0,0.6866297125816345
1.0,0.7018389105796814
1.0,0.7102475166320801
0.0,0.6588507890701294
0.0,0.2844022512435913
1.0,0.28779181838035583
1.0,0.7075192928314209
0.0,0.2807070016860962
1.0,0.7280634641647339
1.0,0.6902538537979126
1.0,0.7121704816818237
0.0,0.3026221692562103
0.0,0.2907695770263672
1.0,0.705070436000824
0.0,0.2954328656196594
0.0,0.49983537197113037
0.0,0.2707599997520447
0.0,0.31674614548683167
0.0,0.29055818915367126
0.0,0.27656519412994385
0.0,0.3868180513381958
1.0,0.6943770051002502
1.0,0.6826903820037842
0.0,0.26995763182640076
0.0,0.6610539555549622
1.0,0.7057802081108093
1.0,0.5524176359176636
1.0,0.7288827300071716
0.0,0.45176270604133606
1.0,0.2792186439037323
1.0,0.3305957615375519
1.0,0.6994248628616333
1.0,0.7197744846343994
1.0,0.7188618779182434
0.0,0.3294452428817749
0.0,0.2950761318206787
1.0,0.7284529209136963
0.0,0.5748823285102844
1.0,0.5200539231300354
1.0,0.687334418296814
0.0,0.6867533922195435
0.0,0.2715213894844055
0.0,0.45297157764434814
1.0,0.7253054976463318
1.0,0.34282582998275757
0.0,0.2812851071357727
0.0,0.2893752455711365
0.0,0.3082154393196106
0.0,0.3763800263404846
1.0,0.7275763750076294
0.0,0.32513028383255005
1.0,0.7164250612258911
0.0,0.4679447114467621
1.0,0.34120115637779236
0.0,0.4320204257965088
0.0,0.2843474745750427
0.0,0.3209912180900574
0.0,0.32018694281578064
1.0,0.7259071469306946
0.0,0.291130006313324
1.0,0.7258774042129517
1.0,0.5157508254051208
0.0,0.6140639185905457
0.0,0.27092161774635315
0.0,0.3387961983680725
1.0,0.6948680877685547
1.0,0.6543338298797607
0.0,0.6952089071273804
0.0,0.2803858816623688
1.0,0.7303977012634277
1.0,0.6910401582717896
1.0,0.634228527545929
1.0,0.7308223843574524
1.0,0.7221910953521729
0.0,0.4162962734699249
0.0,0.2850521504878998
0.0,0.3920925259590149
0.0,0.33193835616111755
1.0,0.6780592203140259
1.0,0.717471182346344
0.0,0.7270422577857971
0.0,0.47173845767974854
1.0,0.6858605146408081
1.0,0.7291839718818665
1.0,0.7270353436470032
0.0,0.5110054612159729
0.0,0.2730667293071747
1.0,0.7303810715675354
0.0,0.2750880718231201
0.0,0.28738299012184143
1.0,0.42800068855285645
0.0,0.4243059754371643
1.0,0.6990578770637512
1.0,0.7298360466957092
1.0,0.7234510183334351
1.0,0.5379369854927063
1.0,0.7277255058288574
1.0,0.7173938155174255
1.0,0.6115769743919373
0.0,0.2892375588417053
1.0,0.7302500605583191
0.0,0.28075581789016724
0.0,0.3170613944530487
0.0,0.6851500272750854
0.0,0.5348138213157654
1.0,0.7296186685562134
0.0,0.31382471323013306
0.0,0.2856553792953491
0.0,0.7291315793991089
1.0,0.7308879494667053
1.0,0.5462686419487
0.0,0.573581337928772
1.0,0.6529446244239807
1.0,0.6279788613319397
0.0,0.3822297155857086
0.0,0.6872079372406006
0.0,0.2746073603630066
1.0,0.714332640171051
0.0,0.33058616518974304
1.0,0.6825011372566223
1.0,0.7184059619903564
0.0,0.724977433681488
0.0,0.6236678957939148
1.0,0.7304804921150208
1.0,0.7141033411026001
1.0,0.7212483882904053
0.0,0.3043738901615143
0.0,0.2764871120452881
0.0,0.28093913197517395
0.0,0.27266600728034973
1.0,0.7154253125190735
1.0,0.6424380540847778
1.0,0.7292540669441223
1.0,0.5970677137374878
0.0,0.43772873282432556
1.0,0.40191033482551575
1.0,0.7118035554885864
1.0,0.7045232057571411
0.0,0.4901953935623169
1.0,0.7288833856582642
1.0,0.6988030672073364
1.0,0.6866864562034607
0.0,0.2807804048061371
0.0,0.2887532413005829
1.0,0.7235044836997986
0.0,0.27806317806243896
0.0,0.3113827705383301
0.0,0.4277433753013611
1.0,0.7290241718292236
0.0,0.36709922552108765
1.0,0.7100644111633301
0.0,0.2756255567073822
1.0,0.7063050270080566
1.0,0.5075224041938782
1.0,0.7041115760803223
1.0,0.7126471996307373
0.0,0.26959356665611267
1.0,0.5008001923561096
0.0,0.725557804107666
1.0,0.7299326062202454
0.0,0.7129237651824951
0.0,0.28591060638427734
1.0,0.3579421937465668
1.0,0.6314889192581177
1.0,0.3212970495223999
0.0,0.51806640625
0.0,0.6935551762580872
1.0,0.2706919312477112
1.0,0.7307426333427429
0.0,0.37120750546455383
1.0,0.34812429547309875
1.0,0.6760170459747314
1.0,0.7080941796302795
1.0,0.7131964564323425
1.0,0.7007148265838623
1.0,0.4757724106311798
0.0,0.3278786242008209
1.0,0.7216929197311401
0.0,0.3283695876598358
0.0,0.27474310994148254
1.0,0.3343057334423065
1.0,0.7223343849182129
1.0,0.4664396345615387
0.0,0.27515679597854614
0.0,0.36191314458847046
0.0,0.7283375263214111
0.0,0.2800266742706299
1.0,0.5941933393478394
1.0,0.7286716103553772
0.0,0.48560455441474915
0.0,0.2726975381374359
1.0,0.4882507026195526
0.0,0.6032055020332336
0.0,0.34338706731796265
0.0,0.7306321263313293
0.0,0.4454139769077301
1.0,0.7306870222091675
0.0,0.7200152277946472
0.0,0.3104298710823059
0.0,0.5893058180809021
0.0,0.3002215325832367
0.0,0.273025780916214
1.0,0.4035238027572632
1.0,0.3009517192840576
0.0,0.30435729026794434
0.0,0.32176199555397034
1.0,0.31264257431030273
0.0,0.5322474837303162
0.0,0.28075718879699707
0.0,0.5267783999443054
1.0,0.7269357442855835
1.0,0.34585073590278625
1.0,0.7307181358337402
0.0,0.7186552882194519
0.0,0.5680215954780579
0.0,0.28772661089897156
0.0,0.7226888537406921
1.0,0.7286297678947449
1.0,0.3406904935836792
0.0,0.2731400728225708
1.0,0.721817672252655
1.0,0.3868222236633301
1.0,0.7247505187988281
1.0,0.6925486326217651
1.0,0.7020268440246582
1.0,0.7289034724235535
0.0,0.3823970854282379
0.0,0.31166473031044006
0.0,0.2756965458393097
0.0,0.3151813745498657
1.0,0.7218326926231384
0.0,0.7094676494598389
1.0,0.6778428554534912
0.0,0.27782365679740906
0.0,0.6464143395423889
1.0,0.7271972894668579
1.0,0.725354015827179
0.0,0.4456537365913391
1.0,0.719697117805481
1.0,0.7191326022148132
0.0,0.6916187405586243
0.0,0.29740411043167114
1.0,0.7188838720321655
0.0,0.3781648576259613
0.0,0.2822795510292053
1.0,0.6442714333534241
0.0,0.2791241407394409
1.0,0.7105194926261902
0.0,0.2821394205093384
0.0,0.6889804601669312
1.0,0.7291786074638367
0.0,0.35760194063186646
1.0,0.7298004627227783
0.0,0.27021539211273193
1.0,0.7086406350135803
0.0,0.5363556146621704
0.0,0.2913765013217926
0.0,0.5538829565048218
1.0,0.3293788731098175
1.0,0.7156857252120972
1.0,0.35077375173568726
1.0,0.7308766841888428
1.0,0.4552171230316162
1.0,0.3695071041584015
0.0,0.4919329583644867
1.0,0.3832431137561798
1.0,0.6947291493415833
0.0,0.2734683156013489
0.0,0.28849053382873535
0.0,0.30164316296577454
0.0,0.28904253244400024
1.0,0.7016404271125793
1.0,0.507591724395752
1.0,0.4745522141456604
0.0,0.6300516128540039
1.0,0.27621662616729736
0.0,0.2799510061740875
1.0,0.7225202918052673
0.0,0.35141855478286743
1.0,0.7087873220443726
0.0,0.6200546026229858
1.0,0.6810205578804016
1.0,0.7305542230606079
1.0,0.2794545590877533
1.0,0.728052020072937
1.0,0.7082712054252625
0.0,0.5885295867919922
0.0,0.29362037777900696
1.0,0.613925576210022
0.0,0.6091200113296509
1.0,0.7090975046157837
1.0,0.31096646189689636
0.0,0.2706855535507202
0.0,0.33629536628723145
1.0,0.3355896472930908
1.0,0.5165263414382935
1.0,0.6842031478881836
1.0,0.7294321060180664
1.0,0.7304157018661499
1.0,0.7056630849838257
1.0,0.4550252854824066
0.0,0.2695349156856537
0.0,0.2774059474468231
1.0,0.38206735253334045
0.0,0.3886358439922333
0.0,0.36805951595306396
0.0,0.3274924159049988
0.0,0.27635177969932556
1.0,0.7214867472648621
1.0,0.7220005393028259
0.0,0.34856265783309937
0.0,0.7086967825889587
1.0,0.7005148530006409
0.0,0.31477195024490356
1.0,0.5693438649177551
0.0,0.601422131061554
0.0,0.2905164361000061
1.0,0.7136268615722656
0.0,0.5475803017616272
0.0,0.27677085995674133
1.0,0.7302770614624023
0.0,0.32335034012794495
1.0,0.5241848230361938
0.0,0.7290318608283997
1.0,0.33847782015800476
1.0,0.6693387031555176
0.0,0.4870372712612152
0.0,0.2873903512954712
0.0,0.3917023539543152
0.0,0.32343095541000366
0.0,0.3423669636249542
1.0,0.7242886424064636
1.0,0.7192293405532837
0.0,0.30443286895751953
0.0,0.3190765678882599
0.0,0.42149803042411804
1.0,0.7247650623321533
1.0,0.7031680941581726
0.0,0.3026546835899353
0.0,0.4551057815551758
0.0,0.7214679718017578
0.0,0.3176901042461395
1.0,0.7281521558761597
1.0,0.2716796398162842
1.0,0.7146440744400024
1.0,0.6994086503982544
1.0,0.6989169120788574
1.0,0.5536643862724304
1.0,0.7302774786949158
1.0,0.7282902598381042
0.0,0.6366994380950928
0.0,0.5248295664787292
0.0,0.29049721360206604
0.0,0.3439674973487854
1.0,0.730507493019104
1.0,0.6313803791999817
0.0,0.2879050672054291
1.0,0.29845932126045227
1.0,0.6549763083457947
0.0,0.2716975510120392
1.0,0.7148884534835815
1.0,0.7279958128929138
0.0,0.270128071308136
0.0,0.2866385281085968
0.0,0.30710577964782715
0.0,0.34274226427078247
0.0,0.2905310392379761
0.0,0.3227091133594513
0.0,0.49802619218826294
1.0,0.6242128610610962
1.0,0.7297040224075317
0.0,0.2974277138710022
0.0,0.29004719853401184
1.0,0.7296153903007507
0.0,0.28401145339012146
0.0,0.3287617564201355
1.0,0.7272295355796814
1.0,0.7305595874786377
1.0,0.7167984843254089
1.0,0.5025157332420349
1.0,0.7141286730766296
1.0,0.5715619325637817
1.0,0.7152812480926514
1.0,0.5690091848373413
0.0,0.6438338756561279
1.0,0.7110973596572876
1.0,0.7304956316947937
1.0,0.7304084300994873
1.0,0.2785372734069824
1.0,0.7280714511871338
0.0,0.37163054943084717
0.0,0.7104214429855347
1.0,0.7303493022918701
1.0,0.6888034343719482
1.0,0.6793806552886963
0.0,0.6703832745552063
0.0,0.27156028151512146
0.0,0.4338904023170471
1.0,0.5183905363082886
0.0,0.6801481246948242
0.0,0.28010985255241394
0.0,0.2890745997428894
0.0,0.2791479825973511
0.0,0.38084086775779724
0.0,0.294803649187088
0.0,0.27894753217697144
1.0,0.5800163149833679
0.0,0.7046192288398743
1.0,0.4339434802532196
0.0,0.3488926887512207
0.0,0.32173794507980347
1.0,0.6943792104721069
1.0,0.7122165560722351
0.0,0.7192552089691162
1.0,0.7157433032989502
0.0,0.2764797508716583
0.0,0.30239784717559814
1.0,0.7299388647079468
1.0,0.6619189381599426
1.0,0.7281813025474548
1.0,0.7026380300521851
0.0,0.41802775859832764
0.0,0.37056678533554077
0.0,0.2728908061981201
0.0,0.30334681272506714
1.0,0.6898971199989319
1.0,0.7304510474205017
0.0,0.276353120803833
1.0,0.7154907584190369
1.0,0.7280224561691284
0.0,0.2910458445549011
0.0,0.6757692098617554
0.0,0.27141323685646057
1.0,0.5988317131996155
0.0,0.27011221647262573
0.0,0.29247161746025085
1.0,0.6765698790550232
0.0,0.2805858850479126
1.0,0.6670319437980652
0.0,0.28230592608451843
0.0,0.2875165045261383
0.0,0.32656484842300415
0.0,0.314774751663208
1.0,0.7306182384490967
1.0,0.6320577263832092
1.0,0.6733496189117432
1.0,0.5735782980918884
0.0,0.2798786461353302
1.0,0.7288892865180969
0.0,0.30429938435554504
1.0,0.7192090153694153
1.0,0.5385448336601257
1.0,0.43566519021987915
0.0,0.2721872925758362
1.0,0.7220232486724854
1.0,0.7140430808067322
1.0,0.6671115159988403
0.0,0.27238836884498596
0.0,0.2699737846851349
0.0,0.6614595651626587
1.0,0.3942793309688568
1.0,0.7236312031745911
1.0,0.2705666124820709
0.0,0.3056374490261078
0.0,0.5721997618675232
0.0,0.44395774602890015
1.0,0.6910353302955627
0.0,0.29436054825782776
0.0,0.27183324098587036
0.0,0.3192117214202881
0.0,0.28458574414253235
0.0,0.47038811445236206
0.0,0.2767566740512848
0.0,0.31743016839027405
0.0,0.6826457381248474
0.0,0.3144473433494568
1.0,0.7047566771507263
1.0,0.7094935774803162
1.0,0.7123887538909912
1.0,0.28033754229545593
0.0,0.39819690585136414
0.0,0.30148303508758545
0.0,0.2850412428379059
1.0,0.7143519520759583
1.0,0.346489280462265
0.0,0.328838050365448
1.0,0.7294567227363586
1.0,0.7201623320579529
1.0,0.7220193147659302
0.0,0.2901036739349365
0.0,0.27171868085861206
0.0,0.27078327536582947
1.0,0.2936170995235443
1.0,0.645587682723999
1.0,0.7296682596206665
1.0,0.7302284240722656
1.0,0.4823571741580963
0.0,0.2898397743701935
1.0,0.6985375881195068
1.0,0.2731098234653473
0.0,0.6928301453590393
1.0,0.7308076620101929
0.0,0.4825919270515442
0.0,0.35532182455062866
1.0,0.7293825745582581
1.0,0.6045178771018982
1.0,0.5344630479812622
1.0,0.7300031781196594
0.0,0.4222263693809509
1.0,0.6496087908744812
0.0,0.7188646197319031
1.0,0.7293967604637146
0.0,0.2827569544315338
0.0,0.4948468506336212
1.0,0.7098065614700317
0.0,0.6470919847488403
0.0,0.27873632311820984
0.0,0.7200692296028137
0.0,0.5647898316383362
1.0,0.5999449491500854
1.0,0.7106366753578186
1.0,0.6368458271026611
1.0,0.7297433018684387
0.0,0.3037284016609192
1.0,0.3889579772949219
0.0,0.7274864912033081
0.0,0.2802583575248718
1.0,0.7144206762313843
1.0,0.34484007954597473
1.0,0.64570152759552
0.0,0.38024094700813293
1.0,0.7273228168487549
0.0,0.4125779867172241
0.0,0.27519580721855164
1.0,0.6623622179031372
1.0,0.7306721210479736
0.0,0.3459852635860443
0.0,0.7268003821372986
1.0,0.470636248588562
0.0,0.29006537795066833
0.0,0.27569419145584106
1.0,0.27174878120422363
0.0,0.27693358063697815
1.0,0.45166608691215515
1.0,0.6643843054771423
0.0,0.29908865690231323
0.0,0.5780666470527649
1.0,0.7036183476448059
0.0,0.7149438858032227
0.0,0.6647865772247314
0.0,0.382112592458725
0.0,0.36710086464881897
1.0,0.727135181427002
1.0,0.7245404124259949
1.0,0.382827490568161
1.0,0.7296451926231384
0.0,0.2780006229877472
0.0,0.2734408974647522
0.0,0.7240839600563049
0.0,0.31705600023269653
1.0,0.7208329439163208
1.0,0.2838945984840393
1.0,0.7236829996109009
0.0,0.3093160390853882
1.0,0.4569534659385681
1.0,0.7306241989135742
1.0,0.7279765009880066
1.0,0.7235111594200134
1.0,0.7296069860458374
1.0,0.31025558710098267
0.0,0.46642568707466125
0.0,0.29645952582359314
0.0,0.2756735384464264
0.0,0.2710148096084595
1.0,0.5732835531234741
0.0,0.30329203605651855
1.0,0.7259833216667175
1.0,0.7081597447395325
0.0,0.39926329255104065
1.0,0.7266831398010254
0.0,0.393843412399292
0.0,0.34530195593833923
0.0,0.6027877926826477
1.0,0.727115273475647
1.0,0.6543912291526794
0.0,0.2708573341369629
0.0,0.455837607383728
0.0,0.42291828989982605
0.0,0.3325846195220947
0.0,0.2955460250377655
0.0,0.27583643794059753
0.0,0.31460830569267273
1.0,0.6866735816001892
0.0,0.38731831312179565
0.0,0.35225608944892883
1.0,0.7261317372322083
1.0,0.27040237188339233
0.0,0.3261328637599945
1.0,0.7009294033050537
0.0,0.28392499685287476
1.0,0.7287898659706116
0.0,0.7289640307426453
0.0,0.49039244651794434
0.0,0.27016109228134155
1.0,0.624463677406311
0.0,0.2859051823616028
1.0,0.7181109189987183
0.0,0.7218817472457886
1.0,0.7023570537567139
0.0,0.2864510416984558
0.0,0.3349996507167816
1.0,0.4136664569377899
1.0,0.294780969619751
1.0,0.6085936427116394
1.0,0.7261372804641724
1.0,0.7305276393890381
0.0,0.33469220995903015
0.0,0.2803141474723816
1.0,0.7024449706077576
1.0,0.6743996143341064
1.0,0.2794710397720337
1.0,0.7276579141616821
0.0,0.27785611152648926
1.0,0.7304908633232117
0.0,0.6600610017776489
1.0,0.728613018989563
0.0,0.29259687662124634
0.0,0.3994932174682617
0.0,0.2697565257549286
0.0,0.5551546216011047
0.0,0.2996170222759247
0.0,0.6997107863426208
0.0,0.3229084014892578
1.0,0.3082141578197479
1.0,0.7305557727813721
0.0,0.29307401180267334
1.0,0.724332869052887
0.0,0.2707265317440033
1.0,0.5490822792053223
1.0,0.3927058279514313
1.0,0.27748537063598633
0.0,0.4398547112941742
0.0,0.273075670003891
1.0,0.2754141688346863
1.0,0.7286604642868042
1.0,0.7308027148246765
0.0,0.4218219220638275
1.0,0.7174084782600403
1.0,0.6855376958847046
1.0,0.7037032246589661
1.0,0.7153059244155884
1.0,0.730636715888977
1.0,0.5935432314872742
1.0,0.6849550604820251
0.0,0.30501219630241394
1.0,0.6635941863059998
1.0,0.29228919744491577
1.0,0.728743314743042
1.0,0.730819821357727
0.0,0.43543070554733276
0.0,0.30092960596084595
0.0,0.3597009778022766
0.0,0.33784255385398865
1.0,0.7306974530220032
1.0,0.7196381688117981
1.0,0.48764681816101074
0.0,0.33366474509239197
1.0,0.4802945852279663
1.0,0.7059074640274048
1.0,0.28113695979118347
1.0,0.29060834646224976
1.0,0.7276215553283691
0.0,0.29018455743789673
0.0,0.32997918128967285
1.0,0.7276926636695862
1.0,0.6274704933166504
0.0,0.32685691118240356
0.0,0.2701024115085602
0.0,0.2836117744445801
1.0,0.716315746307373
1.0,0.6935075521469116
1.0,0.3529212176799774
0.0,0.2706144452095032
0.0,0.28791746497154236
1.0,0.7114974856376648
0.0,0.31592148542404175
1.0,0.725963830947876
1.0,0.7300606966018677
1.0,0.7294796109199524
0.0,0.5571664571762085
0.0,0.27195319533348083
1.0,0.43836477398872375
1.0,0.7060929536819458
0.0,0.7289363145828247
0.0,0.728058934211731
0.0,0.2806864380836487
1.0,0.31052830815315247
1.0,0.7181464433670044
0.0,0.3545494079589844
0.0,0.3651326596736908
1.0,0.5642307996749878
0.0,0.32760101556777954
1.0,0.4642922580242157
1.0,0.5994573831558228
1.0,0.729422926902771
1.0,0.27298539876937866
0.0,0.45340627431869507
0.0,0.29749247431755066
0.0,0.6013076305389404
1.0,0.7253876328468323
0.0,0.5528897643089294
0.0,0.27494513988494873
1.0,0.727634072303772
0.0,0.38025540113449097
0.0,0.271814227104187
1.0,0.6387783885002136
1.0,0.7280381321907043
0.0,0.667099118232727
0.0,0.3479534387588501
0.0,0.6213153004646301
0.0,0.30153924226760864
1.0,0.7066641449928284
1.0,0.7150704264640808
0.0,0.4834033250808716
0.0,0.28034254908561707
1.0,0.6432832479476929
0.0,0.5025801658630371
1.0,0.4491507411003113
0.0,0.29275569319725037
0.0,0.38826918601989746
0.0,0.2704794108867645
1.0,0.2711162865161896
0.0,0.3850252330303192
0.0,0.2719908356666565
0.0,0.6944486498832703
0.0,0.42008939385414124
0.0,0.5548121929168701
1.0,0.6201298236846924
0.0,0.4510415196418762
0.0,0.2703302800655365
1.0,0.7096660733222961
0.0,0.4732585847377777
0.0,0.2782464027404785
0.0,0.48649606108665466
1.0,0.7236468195915222
1.0,0.7275447845458984
0.0,0.2890118956565857
0.0,0.29531651735305786
0.0,0.27601557970046997
0.0,0.27052029967308044
1.0,0.7259061932563782
0.0,0.3163025379180908
1.0,0.7194783091545105
0.0,0.37089839577674866
1.0,0.5643821954727173
1.0,0.41168949007987976
1.0,0.7068224549293518
0.0,0.28104791045188904
1.0,0.6965599060058594
0.0,0.2906881868839264
0.0,0.4086242616176605
0.0,0.27582013607025146
1.0,0.7124015688896179
0.0,0.28704553842544556
1.0,0.3724892735481262
1.0,0.37489014863967896
0.0,0.49290648102760315
1.0,0.729352593421936
0.0,0.2701926529407501
0.0,0.28101128339767456
0.0,0.2712668180465698
0.0,0.31323543190956116
0.0,0.2740823030471802
0.0,0.27081215381622314
1.0,0.7299699783325195
0.0,0.7139151692390442
0.0,0.2790110409259796
0.0,0.29012414813041687
0.0,0.49154576659202576
1.0,0.7208298444747925
1.0,0.7065494656562805
1.0,0.7258936166763306
1.0,0.29965320229530334
0.0,0.27600806951522827
1.0,0.2744109034538269
0.0,0.2877407968044281
1.0,0.5941178798675537
0.0,0.275920569896698
0.0,0.27735379338264465
0.0,0.3321091830730438
1.0,0.7281946539878845
1.0,0.3797936737537384
1.0,0.47642362117767334
0.0,0.26992693543434143
1.0,0.2977956533432007
1.0,0.6895400881767273
0.0,0.3726665675640106
0.0,0.2697559595108032
1.0,0.722256600856781
1.0,0.7282975316047668
1.0,0.7307888865470886
0.0,0.30912452936172485
0.0,0.4354807734489441
1.0,0.689598798751831
0.0,0.31556838750839233
0.0,0.28980502486228943
0.0,0.2894571125507355
1.0,0.7072873711585999
1.0,0.6469887495040894
0.0,0.28953641653060913
0.0,0.6491031646728516
1.0,0.728458046913147
0.0,0.6503782272338867
0.0,0.27187618613243103
0.0,0.27137917280197144
1.0,0.727228581905365
0.0,0.2764389216899872
1.0,0.6585301160812378
0.0,0.27753785252571106
1.0,0.5790137052536011
0.0,0.39875131845474243
1.0,0.7279834151268005
0.0,0.3394654393196106
1.0,0.7254350185394287
0.0,0.5721048712730408
0.0,0.2745913863182068
0.0,0.28815534710884094
1.0,0.7186334133148193
0.0,0.5819804668426514
1.0,0.6736523509025574
0.0,0.5255067944526672
0.0,0.32778042554855347
0.0,0.36607885360717773
1.0,0.4160833954811096
0.0,0.2715437710285187
1.0,0.7308875322341919
1.0,0.7148703932762146
1.0,0.7282724976539612
0.0,0.28106555342674255
0.0,0.506546676158905
0.0,0.27209052443504333
0.0,0.6433589458465576
1.0,0.596227765083313
1.0,0.5898829698562622
0.0,0.2809045910835266
1.0,0.7300496697425842
0.0,0.30026498436927795
1.0,0.5902979373931885
0.0,0.35238903760910034
0.0,0.3656076490879059
1.0,0.7119817733764648
1.0,0.7066138386726379
0.0,0.3118681013584137
1.0,0.6910427212715149
1.0,0.729887068271637
1.0,0.7308990955352783
0.0,0.27181684970855713
1.0,0.6224298477172852
0.0,0.28946954011917114
0.0,0.7293722629547119
1.0,0.5898279547691345
0.0,0.3349440395832062
0.0,0.27036964893341064
0.0,0.3348357081413269
1.0,0.72174471616745
0.0,0.28795191645622253
1.0,0.6946290731430054
1.0,0.44547566771507263
0.0,0.27344852685928345
0.0,0.28084373474121094
1.0,0.27897241711616516
0.0,0.31449732184410095
0.0,0.4456420838832855
1.0,0.7273842096328735
0.0,0.2715800702571869
0.0,0.2699623107910156
0.0,0.2896510660648346
0.0,0.5415608286857605
1.0,0.3332173824310303
1.0,0.3573821485042572
0.0,0.6354837417602539
0.0,0.40039482712745667
0.0,0.3269599974155426
1.0,0.4463129937648773
1.0,0.7089704871177673
0.0,0.28406140208244324
0.0,0.31172069907188416
1.0,0.7302938103675842
0.0,0.6274912357330322
0.0,0.4899566173553467
0.0,0.27724817395210266
1.0,0.6711839437484741
0.0,0.3306099474430084
0.0,0.3219330906867981
0.0,0.27051642537117004
0.0,0.47583821415901184
0.0,0.3266367018222809
1.0,0.7200520038604736
1.0,0.7307066917419434
0.0,0.2985536754131317
1.0,0.32310619950294495
0.0,0.29506242275238037
0.0,0.4048415422439575
0.0,0.28092876076698303
0.0,0.39766544103622437
0.0,0.27040982246398926
0.0,0.272672176361084
1.0,0.6583797931671143
0.0,0.27223238348960876
0.0,0.6934148073196411
0.0,0.41887807846069336
0.0,0.27225154638290405
1.0,0.5225518345832825
0.0,0.7016207575798035
1.0,0.7277612686157227
1.0,0.7270848155021667
1.0,0.7288558483123779
0.0,0.49910569190979004
0.0,0.34349390864372253
0.0,0.2767639458179474
1.0,0.7250990867614746
0.0,0.460095077753067
0.0,0.2976260781288147
0.0,0.3818747401237488
1.0,0.35014164447784424
0.0,0.5767099857330322
0.0,0.378290057182312
1.0,0.707822859287262
0.0,0.43081530928611755
0.0,0.2741483151912689
1.0,0.7305858731269836
0.0,0.28400588035583496
0.0,0.29322054982185364
0.0,0.29572010040283203
0.0,0.28373152017593384
1.0,0.651931881904602
0.0,0.2988155484199524
0.0,0.3783298432826996
0.0,0.29440033435821533
0.0,0.31049999594688416
1.0,0.6652782559394836
0.0,0.2891189754009247
1.0,0.5145878791809082
1.0,0.7291088700294495
0.0,0.2707924544811249
1.0,0.7199316620826721
1.0,0.5101867914199829
0.0,0.29111045598983765
1.0,0.5484963059425354
0.0,0.28769272565841675
0.0,0.6294007301330566
1.0,0.7296848893165588
0.0,0.36656901240348816
0.0,0.6567716598510742
0.0,0.28501224517822266
0.0,0.4503670036792755
0.0,0.348663866519928
1.0,0.38658854365348816
0.0,0.29327115416526794
0.0,0.6598871946334839
0.0,0.3378535211086273
0.0,0.38461512327194214
1.0,0.7259171009063721
0.0,0.2727801203727722
0.0,0.2899066209793091
0.0,0.6358917355537415
0.0,0.2795066237449646
0.0,0.3095736801624298
1.0,0.7196688055992126
0.0,0.2841159999370575
0.0,0.5330939292907715
1.0,0.4895891547203064
0.0,0.28381988406181335
1.0,0.7269670963287354
1.0,0.41033315658569336
1.0,0.7111462950706482
1.0,0.7300409078598022
0.0,0.4605947732925415
0.0,0.5221450924873352
0.0,0.7305540442466736
1.0,0.2883627116680145
0.0,0.4965755343437195
0.0,0.27886486053466797
0.0,0.27084314823150635
1.0,0.5112119317054749
1.0,0.7189358472824097
0.0,0.30123215913772583
0.0,0.2788715362548828
1.0,0.5865809321403503
1.0,0.7130113840103149
1.0,0.36043933033943176
0.0,0.2782079577445984
0.0,0.5468222498893738
1.0,0.7158570885658264
0.0,0.2773078978061676
0.0,0.7178758978843689
0.0,0.2872498631477356
0.0,0.2778283357620239
1.0,0.6451684832572937
0.0,0.35068264603614807
1.0,0.2713198959827423
1.0,0.2712070941925049
1.0,0.7199676036834717
1.0,0.37152671813964844
0.0,0.2698369026184082
1.0,0.7204375267028809
0.0,0.34520387649536133
1.0,0.7303400039672852
1.0,0.729134738445282
0.0,0.609390914440155
0.0,0.3042345345020294
0.0,0.5309097170829773
1.0,0.7190700769424438
1.0,0.659826934337616
0.0,0.27822503447532654
0.0,0.2710822820663452
1.0,0.7170567512512207
1.0,0.7295464277267456
1.0,0.27945730090141296
1.0,0.7306100130081177
0.0,0.4210107922554016
1.0,0.7300393581390381
0.0,0.48524078726768494
1.0,0.4538560211658478
0.0,0.28477978706359863
0.0,0.3320545554161072
1.0,0.7284427285194397
1.0,0.7299172282218933
1.0,0.7292439341545105
1.0,0.7307168841362
1.0,0.7066287398338318
1.0,0.6917992234230042
0.0,0.29484954476356506
0.0,0.6284363269805908
0.0,0.5364531874656677
0.0,0.625036895275116
1.0,0.7308056354522705
0.0,0.27313071489334106
0.0,0.2770214080810547
0.0,0.2748664617538452
1.0,0.7285170555114746
0.0,0.4186064898967743
0.0,0.28473174571990967
1.0,0.6181125640869141
1.0,0.716557502746582
1.0,0.7240210771560669
0.0,0.42595967650413513
1.0,0.6973302364349365
0.0,0.28070884943008423
0.0,0.35817915201187134
0.0,0.3247022330760956
0.0,0.272585928440094
0.0,0.5434666872024536
0.0,0.2734135389328003
0.0,0.2720772325992584
1.0,0.7167283296585083
1.0,0.3597300946712494
0.0,0.28244873881340027
0.0,0.4434903860092163
1.0,0.7127078771591187
1.0,0.3299191892147064
0.0,0.7187656760215759
1.0,0.2696995437145233
0.0,0.43487057089805603
1.0,0.7291978597640991
0.0,0.661088228225708
0.0,0.6873615980148315
1.0,0.5950934886932373
1.0,0.730638861656189
0.0,0.2836697995662689
0.0,0.3298567235469818
0.0,0.6526666283607483
0.0,0.5606504678726196
0.0,0.4823152422904968
0.0,0.2766800820827484
1.0,0.7233738899230957
1.0,0.724791944026947
1.0,0.6948059797286987
0.0,0.7017277479171753
1.0,0.6584309339523315
0.0,0.28877800703048706
1.0,0.49357911944389343
0.0,0.48065096139907837
1.0,0.7295558452606201
1.0,0.7016834616661072
0.0,0.27315911650657654
0.0,0.29024094343185425
0.0,0.42777588963508606
0.0,0.2744116485118866
0.0,0.27316105365753174
0.0,0.4390506148338318
1.0,0.5189347863197327
1.0,0.6920568346977234
1.0,0.7307015657424927
1.0,0.2812853753566742
0.0,0.2791754901409149
0.0,0.28023433685302734
0.0,0.33524850010871887
0.0,0.33423876762390137
0.0,0.7229116559028625
0.0,0.26982825994491577
0.0,0.2708798348903656
1.0,0.46161285042762756
1.0,0.6771194338798523
1.0,0.6771639585494995
0.0,0.3531077206134796
1.0,0.35783910751342773
0.0,0.7250349521636963
1.0,0.7205436825752258
0.0,0.6330077052116394
0.0,0.6356931328773499
0.0,0.37975332140922546
0.0,0.353826105594635
0.0,0.28127580881118774
0.0,0.2722359597682953
0.0,0.4083363115787506
1.0,0.5993499159812927
0.0,0.2840159237384796
1.0,0.7254608273506165
0.0,0.33534660935401917
0.0,0.29156023263931274
1.0,0.6497668027877808
1.0,0.727109432220459
0.0,0.7237390875816345
0.0,0.2990342378616333
0.0,0.5953681468963623
1.0,0.369694322347641
1.0,0.7231863141059875
1.0,0.4856431186199188
0.0,0.2785465121269226
1.0,0.6555604338645935
1.0,0.725756049156189
0.0,0.3981122076511383
0.0,0.5105553865432739
1.0,0.6425889730453491
0.0,0.3283675014972687
1.0,0.48436954617500305
0.0,0.275197833776474
1.0,0.7199057340621948
1.0,0.3718128800392151
1.0,0.7262969613075256
0.0,0.6712608933448792
0.0,0.2725592851638794
1.0,0.730208158493042
1.0,0.7124760746955872
0.0,0.366512268781662
0.0,0.4057196080684662
0.0,0.4478211998939514
1.0,0.725261926651001
0.0,0.5613521337509155
0.0,0.2986100912094116
0.0,0.4216536581516266
1.0,0.3808364272117615
0.0,0.2847725450992584
1.0,0.7170813679695129
1.0,0.6625972986221313
1.0,0.4841640591621399
0.0,0.3025447130203247
0.0,0.27357378602027893
0.0,0.29837140440940857
0.0,0.39195960760116577
1.0,0.3750549554824829
1.0,0.7279255986213684
0.0,0.4563184976577759
0.0,0.30738386511802673
0.0,0.2704811096191406
1.0,0.3272905945777893
1.0,0.6825408339500427
1.0,0.6655857563018799
0.0,0.714699387550354
0.0,0.27001234889030457
0.0,0.28011181950569153
0.0,0.2887507677078247
0.0,0.3401970863342285
0.0,0.297949880361557
1.0,0.7259796261787415
0.0,0.2721937298774719
1.0,0.6816980242729187
0.0,0.3563922941684723
0.0,0.31310147047042847
1.0,0.7192037105560303
0.0,0.2911210358142853
1.0,0.6688423156738281
0.0,0.2856007516384125
0.0,0.2840484380722046
1.0,0.66685950756073
1.0,0.6627076864242554
1.0,0.44655096530914307
0.0,0.5602188110351562
1.0,0.7270121574401855
1.0,0.7307379245758057
1.0,0.608230471611023
1.0,0.2937796115875244
1.0,0.7294227480888367
1.0,0.7290065884590149
0.0,0.27025604248046875
0.0,0.576492965221405
0.0,0.33323395252227783
0.0,0.41763365268707275
1.0,0.7308896780014038
0.0,0.3676207363605499
0.0,0.6487626433372498
1.0,0.7298505306243896
1.0,0.6692882180213928
0.0,0.2877112030982971
1.0,0.6312053203582764
1.0,0.7257005572319031
0.0,0.31386709213256836
0.0,0.4889025092124939
1.0,0.7015002965927124
0.0,0.27165549993515015
0.0,0.3261162340641022
1.0,0.43964147567749023
0.0,0.4516681730747223
0.0,0.28542131185531616
0.0,0.2759026885032654
0.0,0.33500900864601135
1.0,0.7296144366264343
0.0,0.5140529274940491
1.0,0.48050910234451294
0.0,0.3057180643081665
0.0,0.2718786299228668
1.0,0.7213661670684814
0.0,0.3086327612400055
0.0,0.278274267911911
0.0,0.521249532699585
1.0,0.7003306150436401
1.0,0.7261135578155518
0.0,0.2697903513908386
1.0,0.7030182480812073
1.0,0.5789670944213867
1.0,0.7290398478507996
1.0,0.6308205127716064
0.0,0.5115383267402649
0.0,0.5753752589225769
0.0,0.3751564025878906
1.0,0.27118539810180664
0.0,0.35669198632240295
0.0,0.7298949360847473
0.0,0.398404985666275
1.0,0.6003521084785461
1.0,0.7283186316490173
0.0,0.46989431977272034
1.0,0.7129160761833191
1.0,0.720194935798645
1.0,0.7305918335914612
1.0,0.721722424030304
1.0,0.7115795612335205
1.0,0.4568674862384796
1.0,0.715436577796936
0.0,0.43593770265579224
1.0,0.7068824172019958
1.0,0.7074980139732361
1.0,0.6419239044189453
1.0,0.6838632822036743
1.0,0.6189937591552734
1.0,0.730644702911377
0.0,0.27466291189193726
1.0,0.643610954284668
1.0,0.728137195110321
1.0,0.35176390409469604
1.0,0.39622747898101807
1.0,0.7278493046760559
1.0,0.38207995891571045
0.0,0.4600909352302551
0.0,0.2765998840332031
1.0,0.7171739935874939
1.0,0.7303260564804077
1.0,0.7102329730987549
1.0,0.5506461262702942
0.0,0.7155535221099854
0.0,0.2922230362892151
1.0,0.7272876501083374
1.0,0.42310070991516113
1.0,0.7296925187110901
1.0,0.7072328329086304
1.0,0.714667558670044
1.0,0.6294203400611877
1.0,0.5564752817153931
1.0,0.36197972297668457
0.0,0.5283998847007751
1.0,0.7049504518508911
1.0,0.7303972244262695
1.0,0.6832432746887207
0.0,0.3100859224796295
1.0,0.4638967514038086
1.0,0.6846432685852051
1.0,0.5117821097373962
1.0,0.6924605965614319
0.0,0.3578409254550934
1.0,0.7305268049240112
1.0,0.7305368781089783
1.0,0.7278249859809875
1.0,0.7256853580474854
0.0,0.3970394730567932
0.0,0.2999700903892517
1.0,0.7279309034347534
0.0,0.2922431528568268
1.0,0.7274758219718933
0.0,0.30311670899391174
0.0,0.27572572231292725
1.0,0.7303735613822937
0.0,0.29229736328125
1.0,0.7039901614189148
0.0,0.2899792790412903
1.0,0.2705974578857422
1.0,0.7125145792961121
0.0,0.3090064823627472
1.0,0.6510729193687439
0.0,0.2743406295776367
1.0,0.7301599383354187
0.0,0.48978862166404724
0.0,0.4341666102409363
0.0,0.274103045463562
1.0,0.5899620652198792
0.0,0.5961157083511353
1.0,0.730411946773529
1.0,0.728084921836853
0.0,0.3313368856906891
1.0,0.6838396191596985
0.0,0.313039094209671
0.0,0.3201448321342468
1.0,0.708500862121582
0.0,0.29234567284584045
0.0,0.342212051153183
0.0,0.5530239343643188
1.0,0.7249833941459656
0.0,0.7153522372245789
1.0,0.7236572504043579
0.0,0.5197409391403198
1.0,0.3811091184616089
1.0,0.3622075915336609
0.0,0.27801260352134705
1.0,0.3533865511417389
1.0,0.7304413914680481
0.0,0.6721836924552917
1.0,0.3339688181877136
1.0,0.7208443284034729
0.0,0.28332921862602234
0.0,0.6676338315010071
1.0,0.7290188670158386
0.0,0.2710859775543213
1.0,0.7048631906509399
0.0,0.33341550827026367
0.0,0.7119836211204529
1.0,0.7157729268074036
1.0,0.725288450717926
0.0,0.3055706024169922
1.0,0.6602851152420044
1.0,0.270904004573822
1.0,0.7297804355621338
1.0,0.5842502117156982
0.0,0.4143257141113281
1.0,0.7301048040390015
1.0,0.7266988158226013
1.0,0.7293874621391296
0.0,0.2771616280078888
0.0,0.32832586765289307
1.0,0.7216728329658508
1.0,0.5664657950401306
0.0,0.2737095057964325
0.0,0.27526435256004333
0.0,0.42697879672050476
1.0,0.42893654108047485
0.0,0.6386058926582336
0.0,0.2815873324871063
0.0,0.2866171598434448
1.0,0.2921093702316284
0.0,0.39650946855545044
0.0,0.4073947072029114
0.0,0.4967521131038666
0.0,0.6729646325111389
1.0,0.730520486831665
0.0,0.33339861035346985
1.0,0.6665815114974976
0.0,0.3234548270702362
0.0,0.3314223289489746
0.0,0.2721691429615021
0.0,0.26986512541770935
1.0,0.7289629578590393
1.0,0.7137438058853149
0.0,0.2728835642337799
1.0,0.6555206775665283
1.0,0.7303758859634399
0.0,0.275297611951828
1.0,0.5497601628303528
1.0,0.3259124457836151
1.0,0.7235269546508789
1.0,0.7034477591514587
1.0,0.7299546003341675
1.0,0.5227228999137878
1.0,0.3750672936439514
1.0,0.724751353263855
0.0,0.4182264506816864
1.0,0.5220844149589539
1.0,0.6319888830184937
0.0,0.2705850303173065
1.0,0.7281392216682434
0.0,0.280022531747818
1.0,0.7159562110900879
1.0,0.2993338406085968
0.0,0.2911253571510315
1.0,0.7077205777168274
0.0,0.5519397854804993
1.0,0.7198330760002136
0.0,0.7098683714866638
0.0,0.44737857580184937
0.0,0.29191529750823975
0.0,0.29540324211120605
0.0,0.3238227963447571
1.0,0.6172322630882263
1.0,0.7176713943481445
0.0,0.2771899104118347
0.0,0.2809779942035675
0.0,0.5303187966346741
0.0,0.549096405506134
1.0,0.7097684741020203
0.0,0.7266599535942078
0.0,0.2699168026447296
0.0,0.34772050380706787
1.0,0.7062085270881653
1.0,0.7151998281478882
0.0,0.27273279428482056
0.0,0.2778068780899048
1.0,0.2915444076061249
0.0,0.44474804401397705
0.0,0.2866782248020172
0.0,0.29260003566741943
1.0,0.2840956747531891
1.0,0.730294406414032
0.0,0.5888105034828186
0.0,0.3134399950504303
0.0,0.2693142592906952
0.0,0.29845014214515686
1.0,0.7000049352645874
1.0,0.7252203226089478
1.0,0.7082914710044861
1.0,0.3135392963886261
1.0,0.7084001302719116
1.0,0.7129191756248474
0.0,0.7208773493766785
0.0,0.28587669134140015
1.0,0.7273695468902588
0.0,0.6314405202865601
1.0,0.37287190556526184
1.0,0.4331023097038269
0.0,0.3314428925514221
1.0,0.5105232000350952
1.0,0.7283562421798706
1.0,0.6832635998725891
0.0,0.4546954929828644
0.0,0.2843915820121765
0.0,0.7299614548683167
1.0,0.6876527070999146
0.0,0.27796265482902527
0.0,0.2807457745075226
1.0,0.32968488335609436
1.0,0.6509742736816406
1.0,0.7295804023742676
1.0,0.7282499670982361
0.0,0.4311632215976715
1.0,0.7270011305809021
0.0,0.2748856246471405
1.0,0.7295499444007874
1.0,0.7301174402236938
1.0,0.35432907938957214
1.0,0.7222718596458435
1.0,0.7282842993736267
1.0,0.7206833958625793
1.0,0.727368175983429
0.0,0.2780456840991974
1.0,0.7279585599899292
0.0,0.3094920814037323
1.0,0.7307193279266357
1.0,0.7285804152488708
0.0,0.29202502965927124
1.0,0.7278351783752441
0.0,0.7042607665061951
0.0,0.2735290229320526
1.0,0.7236987352371216
0.0,0.2766823172569275
0.0,0.7181683778762817
1.0,0.7307639718055725
0.0,0.3509545922279358
0.0,0.27271467447280884
0.0,0.2694507837295532
1.0,0.7265841960906982
1.0,0.7295112609863281
1.0,0.453478068113327
1.0,0.7294804453849792
1.0,0.647760272026062
1.0,0.27492454648017883
1.0,0.31061211228370667
1.0,0.5180553793907166
0.0,0.3884325921535492
0.0,0.2769758105278015
1.0,0.5502893924713135
0.0,0.26985663175582886
0.0,0.39052316546440125
0.0,0.2710482180118561
0.0,0.28291869163513184
0.0,0.28106939792633057
0.0,0.36125996708869934
1.0,0.7209019064903259
0.0,0.29281479120254517
0.0,0.27097293734550476
0.0,0.2766338884830475
1.0,0.3021014630794525
0.0,0.36048486828804016
0.0,0.2947368621826172
1.0,0.2733819782733917
0.0,0.2769782543182373
0.0,0.29177120327949524
1.0,0.7062033414840698
0.0,0.6497769951820374
0.0,0.41306620836257935
1.0,0.41831591725349426
1.0,0.7212280631065369
0.0,0.7108970284461975
0.0,0.30035528540611267
0.0,0.3375122845172882
0.0,0.2895149886608124
0.0,0.4522724449634552
1.0,0.728094220161438
0.0,0.4149051606655121
0.0,0.28363949060440063
1.0,0.7150094509124756
1.0,0.4739784002304077
0.0,0.31611162424087524
0.0,0.3314628601074219
0.0,0.2884259521961212
1.0,0.729929506778717
0.0,0.6569523811340332
1.0,0.27882975339889526
1.0,0.3841051459312439
1.0,0.7300341725349426
1.0,0.729289174079895
1.0,0.5709187388420105
0.0,0.7038345336914062
0.0,0.2892303764820099
0.0,0.3672860860824585
1.0,0.7253278493881226
1.0,0.7025827169418335
0.0,0.2876887321472168
1.0,0.7145285606384277
1.0,0.7182022929191589
0.0,0.2711879312992096
0.0,0.4273577928543091
1.0,0.6816187500953674
1.0,0.539665162563324
1.0,0.6253610253334045
1.0,0.7293139696121216
1.0,0.7227984666824341
0.0,0.48064810037612915
0.0,0.3217581510543823
0.0,0.2882145047187805
1.0,0.6739827990531921
1.0,0.6961622834205627
0.0,0.6628020405769348
1.0,0.7152763605117798
0.0,0.27888670563697815
0.0,0.28339746594429016
0.0,0.5777078866958618
1.0,0.7161298990249634
1.0,0.6944264769554138
1.0,0.3973751366138458
0.0,0.3138255178928375
1.0,0.7049456834793091
1.0,0.5011147260665894
1.0,0.7069311738014221
1.0,0.7266526222229004
0.0,0.303739458322525
1.0,0.71727055311203
1.0,0.4837252199649811
0.0,0.6791161298751831
1.0,0.7302533388137817
0.0,0.31402772665023804
1.0,0.6383095979690552
1.0,0.6327885985374451
0.0,0.5505008101463318
0.0,0.39388635754585266
1.0,0.7302376627922058
1.0,0.3970126807689667
0.0,0.30640342831611633
0.0,0.48526084423065186
0.0,0.2930593490600586
1.0,0.7077075839042664
0.0,0.28536316752433777
1.0,0.7254340648651123
1.0,0.269893079996109
1.0,0.7294661998748779
0.0,0.48597410321235657
1.0,0.7175442576408386
0.0,0.33631253242492676
1.0,0.725453794002533
1.0,0.7306227684020996
1.0,0.5895719528198242
0.0,0.5352346301078796
0.0,0.7208147644996643
1.0,0.7265960574150085
0.0,0.2801603674888611
1.0,0.4499029517173767
1.0,0.7293973565101624
0.0,0.2892480790615082
1.0,0.6826279759407043
1.0,0.615416407585144
1.0,0.7033427357673645
1.0,0.4883089065551758
1.0,0.6654627919197083
0.0,0.2992155849933624
1.0,0.7203466892242432
0.0,0.3023364245891571
1.0,0.7281479239463806
0.0,0.28821054100990295
0.0,0.6492663025856018
1.0,0.3312651813030243
0.0,0.5641980767250061
0.0,0.28244301676750183
1.0,0.6793413758277893
0.0,0.2703772485256195
0.0,0.2842629849910736
0.0,0.2976554334163666
1.0,0.645898699760437
1.0,0.7115115523338318
0.0,0.31889548897743225
1.0,0.31443923711776733
0.0,0.3270244598388672
0.0,0.35051876306533813
1.0,0.6493921875953674
1.0,0.5358431339263916
0.0,0.2757299244403839
0.0,0.6007571220397949
0.0,0.4154122769832611
0.0,0.4300041198730469
1.0,0.4354548752307892
1.0,0.5109073519706726
1.0,0.6398311257362366
1.0,0.35562893748283386
1.0,0.2707918584346771
0.0,0.3752366006374359
1.0,0.5273610949516296
0.0,0.40012943744659424
0.0,0.2784404158592224
0.0,0.3155636191368103
0.0,0.32949212193489075
1.0,0.3355139493942261
1.0,0.6912044882774353
0.0,0.2708112895488739
0.0,0.2704116404056549
0.0,0.3053283989429474
1.0,0.7303775548934937
0.0,0.3958011269569397
1.0,0.7278851270675659
0.0,0.283799946308136
1.0,0.33820512890815735
0.0,0.6295596361160278
1.0,0.730871856212616
0.0,0.3898489475250244
0.0,0.2710794508457184
0.0,0.2732810378074646
0.0,0.3334007263183594
0.0,0.3223824203014374
1.0,0.4193882942199707
1.0,0.7268637418746948
1.0,0.6783440113067627
0.0,0.3585314154624939
1.0,0.7015476226806641
1.0,0.729468822479248
0.0,0.28836047649383545
1.0,0.7285481095314026
0.0,0.2792530059814453
0.0,0.2960631847381592
0.0,0.5426908135414124
0.0,0.3241949677467346
1.0,0.7279015183448792
1.0,0.370945006608963
0.0,0.5479623675346375
0.0,0.3161635100841522
0.0,0.27035486698150635
1.0,0.5386161208152771
0.0,0.3059708774089813
1.0,0.35763245820999146
1.0,0.7264583110809326
1.0,0.7307658791542053
1.0,0.7155367732048035
0.0,0.325859397649765
1.0,0.7256995439529419
1.0,0.7306120991706848
1.0,0.7169972062110901
0.0,0.27892395853996277
0.0,0.2765338122844696
1.0,0.2879869043827057
1.0,0.7269209623336792
1.0,0.7018023133277893
1.0,0.7293211817741394
1.0,0.7296833395957947
0.0,0.2740374803543091
1.0,0.28665784001350403
0.0,0.440571665763855
0.0,0.2729032337665558
1.0,0.730374813079834
1.0,0.7203552722930908
1.0,0.723222017288208
0.0,0.3397477865219116
0.0,0.2728296220302582
1.0,0.36297646164894104
1.0,0.29393935203552246
0.0,0.3415566086769104
0.0,0.34453973174095154
0.0,0.3680117130279541
1.0,0.6931426525115967
0.0,0.4002128839492798
1.0,0.7107593417167664
0.0,0.6095170974731445
1.0,0.6925522089004517
1.0,0.7307153940200806
1.0,0.7298612594604492
0.0,0.27346208691596985
1.0,0.7248298525810242
0.0,0.2886729836463928
0.0,0.5568393468856812
1.0,0.7254788875579834
0.0,0.285624623298645
0.0,0.2720555365085602
1.0,0.7284352779388428
1.0,0.6571494340896606
1.0,0.6278662085533142
0.0,0.2870156168937683
1.0,0.5503535866737366
0.0,0.6430253386497498
0.0,0.27589157223701477
0.0,0.2761474847793579
1.0,0.6401704549789429
1.0,0.7287089824676514
1.0,0.685018002986908
0.0,0.7057068943977356
0.0,0.48827844858169556
0.0,0.31812751293182373
0.0,0.4825170934200287
0.0,0.527152955532074
0.0,0.5082008242607117
1.0,0.7107804417610168
1.0,0.6671602129936218
1.0,0.7306106090545654
1.0,0.7242479920387268
0.0,0.4348509907722473
0.0,0.333549439907074
0.0,0.28314682841300964
1.0,0.7189717292785645
0.0,0.29942798614501953
1.0,0.3257327377796173
1.0,0.6952990889549255
1.0,0.7276550531387329
1.0,0.7304494976997375
1.0,0.30862921476364136
0.0,0.6299415826797485
0.0,0.273120254278183
0.0,0.3250996172428131
0.0,0.29635143280029297
0.0,0.5777500867843628
0.0,0.33152857422828674
1.0,0.6806483864784241
0.0,0.39682719111442566
0.0,0.40451863408088684
1.0,0.3359040915966034
0.0,0.30792370438575745
0.0,0.269726037979126
1.0,0.27275341749191284
0.0,0.49804961681365967
0.0,0.2904830574989319
0.0,0.3430888056755066
1.0,0.5202670693397522
1.0,0.34593579173088074
0.0,0.28575026988983154
0.0,0.40719330310821533
1.0,0.280337929725647
1.0,0.7305861115455627
0.0,0.2733984887599945
0.0,0.29776808619499207
1.0,0.730197548866272
1.0,0.7294049859046936
0.0,0.34915080666542053
1.0,0.5371695756912231
1.0,0.7226470112800598
0.0,0.4722769558429718
0.0,0.35755980014801025
1.0,0.35376814007759094
1.0,0.7254043221473694
0.0,0.2827388644218445
1.0,0.5463752746582031
0.0,0.28473857045173645
1.0,0.7254703640937805
0.0,0.7164272665977478
0.0,0.3833578824996948
1.0,0.7298290729522705
0.0,0.3115023672580719
0.0,0.48433876037597656
0.0,0.41885748505592346
1.0,0.47235965728759766
1.0,0.6345014572143555
0.0,0.2752065658569336
0.0,0.29013702273368835
1.0,0.7305929660797119
0.0,0.27073076367378235
1.0,0.27542442083358765
1.0,0.7291390299797058
0.0,0.2702465057373047
0.0,0.2834450900554657
0.0,0.3649258017539978
0.0,0.32349464297294617
1.0,0.724934458732605
0.0,0.32669639587402344
0.0,0.3255677819252014
1.0,0.7259416580200195
1.0,0.7223123908042908
1.0,0.5340666770935059
1.0,0.7077826857566833
0.0,0.5668846368789673
0.0,0.3250342607498169
1.0,0.7242580056190491
1.0,0.6903328895568848
0.0,0.28025737404823303
0.0,0.35852575302124023
1.0,0.7260675430297852
1.0,0.7188736796379089
0.0,0.269695520401001
1.0,0.7270901799201965
1.0,0.6442704796791077
0.0,0.40121224522590637
1.0,0.7290820479393005
1.0,0.28427302837371826
1.0,0.6743689179420471
0.0,0.6950575709342957
0.0,0.4001384377479553
0.0,0.5056412220001221
0.0,0.30667486786842346
0.0,0.6329585909843445
1.0,0.7227932810783386
1.0,0.7193743586540222
0.0,0.3149630129337311
1.0,0.729102373123169
0.0,0.287727028131485
0.0,0.27027398347854614
0.0,0.5057317614555359
0.0,0.36189454793930054
1.0,0.34253033995628357
1.0,0.6873648762702942
0.0,0.5404176712036133
0.0,0.5000147819519043
0.0,0.28463491797447205
0.0,0.5447239875793457
1.0,0.4035458564758301
1.0,0.4350968599319458
0.0,0.3028947412967682
0.0,0.4825594127178192
0.0,0.37379270792007446
0.0,0.27416089177131653
0.0,0.2737780809402466
1.0,0.2757441997528076
1.0,0.7295823097229004
0.0,0.6959158182144165
0.0,0.668956458568573
0.0,0.7182542681694031
0.0,0.46650230884552
1.0,0.7268190383911133
0.0,0.2802663743495941
0.0,0.2741871178150177
1.0,0.7197943329811096
1.0,0.7234385013580322
1.0,0.7216817736625671
0.0,0.444670706987381
0.0,0.570513129234314
0.0,0.29090723395347595
1.0,0.6557854413986206
0.0,0.7024704217910767
1.0,0.4184490442276001
0.0,0.3103066086769104
1.0,0.7219523191452026
1.0,0.27977558970451355
0.0,0.28072553873062134
0.0,0.27634748816490173
0.0,0.2844321131706238
1.0,0.6220288872718811
0.0,0.27687808871269226
0.0,0.27697518467903137
1.0,0.4624421298503876
0.0,0.44537898898124695
0.0,0.29154786467552185
0.0,0.35010024905204773
0.0,0.29083144664764404
0.0,0.27930763363838196
1.0,0.7273744940757751
1.0,0.7003485560417175
0.0,0.316519558429718
1.0,0.7273356318473816
0.0,0.3024493157863617
1.0,0.5752440690994263
0.0,0.27797865867614746
1.0,0.7281055450439453
0.0,0.3313084542751312
0.0,0.4549708068370819
0.0,0.28886789083480835
0.0,0.325530469417572
0.0,0.27150437235832214
1.0,0.695088267326355
0.0,0.2829969823360443
1.0,0.5727978944778442
1.0,0.7303705215454102
0.0,0.28020545840263367
0.0,0.4813975393772125
1.0,0.7031357884407043
1.0,0.7180387377738953
0.0,0.5620724558830261
1.0,0.7300271987915039
1.0,0.41750848293304443
0.0,0.2945290505886078
1.0,0.725525438785553
1.0,0.7231466770172119
1.0,0.32543304562568665
0.0,0.2981243431568146
0.0,0.2694612145423889
0.0,0.33691251277923584
0.0,0.4752427637577057
0.0,0.3000006377696991
1.0,0.7079492211341858
0.0,0.2893306016921997
0.0,0.2704816162586212
0.0,0.33688783645629883
1.0,0.7215229868888855
1.0,0.728508472442627
0.0,0.4122106432914734
0.0,0.5283460021018982
1.0,0.6791266202926636
1.0,0.7191128134727478
1.0,0.7259101867675781
0.0,0.27740150690078735
0.0,0.2740549147129059
1.0,0.7308286428451538
0.0,0.4301806688308716
0.0,0.41342246532440186
1.0,0.728969395160675
1.0,0.7256960868835449
1.0,0.27296438813209534
1.0,0.7274525761604309
1.0,0.7268763184547424
0.0,0.3113691508769989
0.0,0.4099748730659485
1.0,0.7240704894065857
1.0,0.706699788570404
1.0,0.6956497430801392
1.0,0.7202802896499634
1.0,0.7180325984954834
0.0,0.6226212978363037
1.0,0.6869717836380005
0.0,0.2786017060279846
0.0,0.3005672097206116
1.0,0.7241842746734619
0.0,0.2716525197029114
0.0,0.2717597186565399
0.0,0.27023956179618835
1.0,0.6289733648300171
0.0,0.27688273787498474
0.0,0.3964475691318512
1.0,0.7202557325363159
1.0,0.7285572290420532
0.0,0.7023000717163086
0.0,0.2812823951244354
0.0,0.2982727289199829
0.0,0.2698305547237396
1.0,0.6194660663604736
0.0,0.2820625603199005
0.0,0.35166189074516296
0.0,0.2829475402832031
1.0,0.7173067927360535
1.0,0.6803264617919922
1.0,0.7203062772750854
0.0,0.2927846312522888
1.0,0.5698222517967224
1.0,0.3098573088645935
0.0,0.5550470352172852
0.0,0.3411679267883301
0.0,0.3532258868217468
1.0,0.7288123965263367
0.0,0.6598403453826904
1.0,0.73049396276474
1.0,0.7209534645080566
1.0,0.5600500106811523
0.0,0.7073883414268494
1.0,0.7220101356506348
1.0,0.5566713213920593
1.0,0.7252719402313232
1.0,0.6278771162033081
0.0,0.5193114876747131
1.0,0.7302731275558472
0.0,0.32629600167274475
1.0,0.7269532084465027
0.0,0.32211199402809143
1.0,0.7295647859573364
0.0,0.3035332262516022
1.0,0.6899574995040894
1.0,0.7254007458686829
1.0,0.7285011410713196
1.0,0.7083775401115417
0.0,0.34573128819465637
1.0,0.7264384627342224
0.0,0.685301661491394
1.0,0.7275909185409546
1.0,0.5989010334014893
0.0,0.29663529992103577
0.0,0.2747127413749695
1.0,0.27424538135528564
0.0,0.28447213768959045
0.0,0.6057060360908508
1.0,0.7010270357131958
1.0,0.7303758859634399
0.0,0.6086825132369995
0.0,0.27759334444999695
1.0,0.2914796471595764
1.0,0.6203526854515076
1.0,0.33390557765960693
1.0,0.7289701700210571
0.0,0.298081636428833
0.0,0.3850751519203186
0.0,0.2798716425895691
0.0,0.5111182332038879
0.0,0.28951993584632874
1.0,0.7132160067558289
0.0,0.273930162191391
1.0,0.5483817458152771
1.0,0.34009402990341187
0.0,0.6467423439025879
0.0,0.6247360110282898
1.0,0.36237484216690063
0.0,0.28288644552230835
1.0,0.28730377554893494
1.0,0.7007951140403748
1.0,0.7298677563667297
0.0,0.2731020748615265
0.0,0.590537428855896
0.0,0.2721821069717407
0.0,0.7145426869392395
0.0,0.32136794924736023
0.0,0.30623072385787964
1.0,0.3254031538963318
1.0,0.7158685326576233
1.0,0.49469834566116333
0.0,0.43079981207847595
0.0,0.30603277683258057
0.0,0.2771705687046051
0.0,0.4771345853805542
0.0,0.6894519925117493
0.0,0.6044908761978149
0.0,0.34746113419532776
0.0,0.38215959072113037
0.0,0.27682822942733765
0.0,0.2993442714214325
0.0,0.3261580169200897
0.0,0.31540974974632263
1.0,0.7307953834533691
0.0,0.3046209216117859
1.0,0.6930669546127319
1.0,0.6877396702766418
0.0,0.34312233328819275
1.0,0.7247135043144226
1.0,0.7243503928184509
0.0,0.3745758533477783
1.0,0.7304683327674866
1.0,0.7228085398674011
1.0,0.7307116985321045
1.0,0.7041829824447632
0.0,0.36198464035987854
0.0,0.2710111141204834
0.0,0.5614506602287292
1.0,0.7083564400672913
1.0,0.5842813849449158
0.0,0.2719273567199707
1.0,0.7263628840446472
1.0,0.7264847159385681
1.0,0.6985927820205688
0.0,0.2727195918560028
1.0,0.7279729843139648
1.0,0.6683862209320068
0.0,0.6861832737922668
0.0,0.2934426963329315
0.0,0.37062567472457886
1.0,0.6349729299545288
0.0,0.6596301794052124
1.0,0.5369033217430115
0.0,0.2797309458255768
0.0,0.6281383633613586
1.0,0.7183103561401367
1.0,0.6092250943183899
0.0,0.2772688567638397
1.0,0.4980184733867645
1.0,0.6573178768157959
0.0,0.7180417776107788
1.0,0.37433767318725586
1.0,0.28562819957733154
1.0,0.6987966895103455
0.0,0.2748716175556183
1.0,0.724341869354248
0.0,0.2841707766056061
0.0,0.6491037011146545
0.0,0.723358690738678
1.0,0.29930776357650757
0.0,0.30817553400993347
1.0,0.28614407777786255
1.0,0.7040390372276306
1.0,0.7139908671379089
1.0,0.7163131237030029
0.0,0.5711526274681091
1.0,0.28152957558631897
0.0,0.6551899313926697
0.0,0.7153531908988953
0.0,0.2714076638221741
1.0,0.7270033955574036
0.0,0.5185925960540771
1.0,0.7257477045059204
1.0,0.7170152068138123
0.0,0.285357266664505
1.0,0.6843498349189758
0.0,0.30510619282722473
0.0,0.48336297273635864
1.0,0.5449986457824707
0.0,0.4226255714893341
1.0,0.5266331434249878
1.0,0.7168397903442383
0.0,0.4270913898944855
1.0,0.395417183637619
0.0,0.2804156243801117
0.0,0.48192787170410156
1.0,0.6394379138946533
1.0,0.5209765434265137
0.0,0.31781384348869324
0.0,0.36191025376319885
1.0,0.47810274362564087
1.0,0.5046918988227844
1.0,0.49184757471084595
1.0,0.6972146034240723
1.0,0.6774823665618896
0.0,0.37305065989494324
0.0,0.2705546021461487
0.0,0.2981281876564026
1.0,0.7096847295761108
0.0,0.3232625424861908
1.0,0.6933730244636536
1.0,0.2731456458568573
0.0,0.29420778155326843
0.0,0.2949571907520294
1.0,0.7248218059539795
1.0,0.40633687376976013
1.0,0.6068544983863831
0.0,0.492662638425827
1.0,0.6755358576774597
0.0,0.27546262741088867
0.0,0.3013859987258911
1.0,0.7297143936157227
0.0,0.38705745339393616
0.0,0.26972171664237976
0.0,0.3014928698539734
1.0,0.3895447552204132
1.0,0.7259883284568787
0.0,0.28328490257263184
0.0,0.4870080351829529
1.0,0.5621185302734375
0.0,0.27961456775665283
1.0,0.32551032304763794
1.0,0.7216684222221375
0.0,0.3247474431991577
0.0,0.2737991213798523
1.0,0.7277499437332153
1.0,0.7287916541099548
0.0,0.2783582806587219
1.0,0.5191947817802429
0.0,0.2855892777442932
0.0,0.5449867248535156
1.0,0.7303400635719299
1.0,0.7168610692024231
0.0,0.2789519131183624
1.0,0.7260172367095947
0.0,0.43855103850364685
0.0,0.3089869022369385
0.0,0.38981178402900696
1.0,0.4235396683216095
0.0,0.2880987524986267
1.0,0.7136034965515137
1.0,0.7289124131202698
1.0,0.7093437314033508
0.0,0.3987782299518585
1.0,0.6552489399909973
1.0,0.6340200901031494
0.0,0.7279512882232666
0.0,0.2791461944580078
0.0,0.5920482873916626
1.0,0.28061872720718384
1.0,0.7225245237350464
0.0,0.3538602888584137
0.0,0.5699284076690674
0.0,0.2696710228919983
0.0,0.30526334047317505
1.0,0.7302665710449219
0.0,0.2766479253768921
0.0,0.31129610538482666
1.0,0.7090963125228882
1.0,0.7083896398544312
0.0,0.2692745327949524
1.0,0.5723332166671753
1.0,0.7178599834442139
0.0,0.43465903401374817
0.0,0.3032284080982208
1.0,0.4313565492630005
1.0,0.7304920554161072
1.0,0.3271287679672241
0.0,0.29160255193710327
0.0,0.32811281085014343
0.0,0.278016597032547
0.0,0.2943052649497986
1.0,0.2739916145801544
1.0,0.3324739336967468
0.0,0.2769814133644104
0.0,0.5779666304588318
1.0,0.6535857915878296
1.0,0.7181541323661804
0.0,0.3268044888973236
0.0,0.7280783653259277
0.0,0.3562719225883484
1.0,0.31450486183166504
0.0,0.2720446288585663
1.0,0.508330762386322
0.0,0.2759047746658325
1.0,0.730854868888855
0.0,0.3032834827899933
0.0,0.7057236433029175
1.0,0.5187485814094543
0.0,0.29856759309768677
1.0,0.7282834053039551
0.0,0.3423284590244293
1.0,0.6441226005554199
1.0,0.7292771339416504
0.0,0.6870850920677185
1.0,0.5227941870689392
0.0,0.720244288444519
1.0,0.620015025138855
0.0,0.449665367603302
0.0,0.271277517080307
0.0,0.5295132994651794
0.0,0.31107988953590393
1.0,0.7308756709098816
1.0,0.728603720664978
0.0,0.2763383388519287
1.0,0.7250975966453552
0.0,0.6456059217453003
1.0,0.7274662256240845
1.0,0.7270022034645081
0.0,0.4798717200756073
1.0,0.5506282448768616
1.0,0.3024013936519623
0.0,0.35393428802490234
0.0,0.32972943782806396
1.0,0.6797374486923218
0.0,0.271309494972229
1.0,0.7304085493087769
1.0,0.7308769226074219
1.0,0.29961639642715454
0.0,0.2937590181827545
1.0,0.7303161025047302
1.0,0.5584940314292908
0.0,0.29876410961151123
0.0,0.2699349522590637
1.0,0.4752747118473053
1.0,0.7297321557998657
1.0,0.5546041131019592
0.0,0.47385770082473755
0.0,0.28626498579978943
1.0,0.7223110795021057
1.0,0.7231060266494751
0.0,0.5941126346588135
1.0,0.7022427320480347
1.0,0.7292880415916443
1.0,0.4565001130104065
0.0,0.32459917664527893
0.0,0.3672167956829071
1.0,0.6167506575584412
1.0,0.5779145956039429
1.0,0.717034637928009
0.0,0.3087967336177826
1.0,0.7301042079925537
0.0,0.2825947701931
0.0,0.6986566781997681
1.0,0.7094117999076843
1.0,0.7218889594078064
0.0,0.317209392786026
1.0,0.7249264121055603
0.0,0.27237650752067566
1.0,0.7287134528160095
1.0,0.7054250836372375
1.0,0.6732916235923767
1.0,0.7236611843109131
1.0,0.31613099575042725
1.0,0.7302902936935425
0.0,0.4755253791809082
1.0,0.34187063574790955
1.0,0.44337496161460876
0.0,0.3932380676269531
1.0,0.7290078997612
0.0,0.5165420770645142
1.0,0.6950576901435852
0.0,0.2856965959072113
1.0,0.672179102897644
1.0,0.7125793099403381
0.0,0.7284196019172668
0.0,0.6674001216888428
1.0,0.5920649170875549
1.0,0.5260475873947144
0.0,0.36574000120162964
0.0,0.6605139374732971
0.0,0.40829169750213623
0.0,0.28677815198898315
0.0,0.2780238091945648
0.0,0.4748132824897766
1.0,0.7285292744636536
1.0,0.37734895944595337
1.0,0.7264248132705688
1.0,0.7285258769989014
0.0,0.4140867292881012
0.0,0.2963919937610626
0.0,0.4094235301017761
0.0,0.2699163258075714
0.0,0.35416698455810547
1.0,0.7088014483451843
1.0,0.7260926961898804
1.0,0.39087212085723877
0.0,0.271771639585495
1.0,0.599414050579071
0.0,0.28673914074897766
1.0,0.6969762444496155
0.0,0.6848790645599365
0.0,0.38882115483283997
0.0,0.3974767327308655
1.0,0.722995936870575
1.0,0.4779091775417328
1.0,0.7268772125244141
0.0,0.6748180389404297
1.0,0.6828660368919373
1.0,0.6808428764343262
1.0,0.6660990715026855
0.0,0.27425670623779297
0.0,0.3229304850101471
1.0,0.44585204124450684
1.0,0.5912905931472778
1.0,0.7098540663719177
0.0,0.2794770896434784
0.0,0.40862584114074707
0.0,0.27093058824539185
0.0,0.30346807837486267
0.0,0.2705489993095398
1.0,0.6614305973052979
0.0,0.3186303973197937
0.0,0.29111650586128235
1.0,0.7154082655906677
0.0,0.274588942527771
0.0,0.6741988062858582
0.0,0.3591096103191376
1.0,0.6979560852050781
0.0,0.2754872441291809
0.0,0.4044979512691498
1.0,0.30907702445983887
0.0,0.691307783126831
1.0,0.7219485640525818
0.0,0.2985180616378784
0.0,0.6788839101791382
1.0,0.3037011921405792
1.0,0.6372779607772827
0.0,0.7147471308708191
1.0,0.7308974266052246
1.0,0.7194905281066895
1.0,0.7114778161048889
0.0,0.2720389664173126
1.0,0.7284408211708069
0.0,0.4866074323654175
0.0,0.2892535328865051
0.0,0.3834451138973236
0.0,0.29007843136787415
1.0,0.6343139410018921
0.0,0.2748652696609497
0.0,0.5601871609687805
0.0,0.34115538001060486
0.0,0.3917182981967926
1.0,0.7037404775619507
0.0,0.276294082403183
1.0,0.6837993264198303
1.0,0.6520242691040039
0.0,0.6742658615112305
0.0,0.331107497215271
0.0,0.2832597494125366
0.0,0.28194406628608704
1.0,0.7123421430587769
1.0,0.6643856763839722
1.0,0.2742275595664978
0.0,0.3940609097480774
0.0,0.28404054045677185
1.0,0.7046077847480774
1.0,0.6034930944442749
0.0,0.4234141707420349
1.0,0.7131120562553406
1.0,0.7262393832206726
0.0,0.2803405225276947
1.0,0.7175270318984985
0.0,0.31044983863830566
0.0,0.27944058179855347
0.0,0.2853950560092926
1.0,0.6488667726516724
0.0,0.32594966888427734
0.0,0.48639988899230957
0.0,0.27411186695098877
1.0,0.7307878136634827
1.0,0.7221096754074097
1.0,0.7030612230300903
1.0,0.5436318516731262
1.0,0.7243418097496033
0.0,0.33464229106903076
1.0,0.670555830001831
0.0,0.2873530387878418
1.0,0.4132063686847687
1.0,0.4991884231567383
1.0,0.7240036725997925
1.0,0.37201711535453796
0.0,0.2969735264778137
1.0,0.28912287950515747
0.0,0.299613356590271
1.0,0.7304050326347351
0.0,0.3322350084781647
0.0,0.7303662896156311
0.0,0.3219679296016693
1.0,0.621403694152832
1.0,0.7302628755569458
1.0,0.7307268381118774
0.0,0.4465552866458893
1.0,0.32903698086738586
1.0,0.7195096015930176
0.0,0.5943224430084229
0.0,0.2924296259880066
1.0,0.28226029872894287
1.0,0.5698142051696777
0.0,0.6100258231163025
0.0,0.2962476909160614
1.0,0.7198147773742676
0.0,0.4726458787918091
0.0,0.27398526668548584
1.0,0.6549332737922668
1.0,0.630612313747406
1.0,0.28930696845054626
1.0,0.6957630515098572
0.0,0.3617757558822632
1.0,0.7297050952911377
0.0,0.688551664352417
1.0,0.7284626960754395
1.0,0.7265753149986267
0.0,0.27619314193725586
0.0,0.33128634095191956
1.0,0.696627676486969
0.0,0.27779287099838257
1.0,0.27256372570991516
1.0,0.39613276720046997
1.0,0.7075709700584412
0.0,0.5797110795974731
0.0,0.7176337242126465
1.0,0.7254613637924194
1.0,0.7253274917602539
1.0,0.7272830605506897
0.0,0.3273824155330658
0.0,0.28605300188064575
0.0,0.7254185676574707
0.0,0.315321683883667
0.0,0.27114447951316833
0.0,0.26985910534858704
0.0,0.3041674792766571
0.0,0.3470607399940491
0.0,0.2700224220752716
1.0,0.712364912033081
0.0,0.27133530378341675
1.0,0.27109089493751526
1.0,0.6918250918388367
1.0,0.7209204435348511
0.0,0.7289319038391113
0.0,0.3109879195690155
1.0,0.7308983206748962
1.0,0.41418132185935974
1.0,0.7061163187026978
0.0,0.3371955454349518
1.0,0.7304510474205017
0.0,0.4429491460323334
0.0,0.30152907967567444
1.0,0.7276244759559631
0.0,0.37770748138427734
1.0,0.713875949382782
0.0,0.6520135998725891
0.0,0.6009382009506226
1.0,0.5909383296966553
1.0,0.6612933874130249
1.0,0.6947504878044128
1.0,0.7118754386901855
0.0,0.48999467492103577
1.0,0.5964417457580566
1.0,0.6392999291419983
0.0,0.3178848326206207
1.0,0.7102576494216919
0.0,0.2867059111595154
0.0,0.2777025103569031
0.0,0.4594954550266266
1.0,0.7151684165000916
0.0,0.43126359581947327
0.0,0.2926180958747864
0.0,0.29728132486343384
1.0,0.3102450370788574
1.0,0.7255532145500183
0.0,0.32531291246414185
1.0,0.7136164307594299
1.0,0.2732997238636017
1.0,0.7203657627105713
1.0,0.7210838794708252
0.0,0.2697168290615082
0.0,0.6971802115440369
0.0,0.6078878045082092
0.0,0.3261101245880127
1.0,0.7127265930175781
1.0,0.2739216089248657
1.0,0.4473608434200287
0.0,0.27836331725120544
1.0,0.7138486504554749
0.0,0.5345874428749084
1.0,0.7303460836410522
1.0,0.7297415733337402
1.0,0.7307522892951965
1.0,0.7305755019187927
0.0,0.2978084981441498
1.0,0.7261329889297485
0.0,0.3504372835159302
1.0,0.579184889793396
1.0,0.7072800993919373
0.0,0.47565197944641113
1.0,0.7298516035079956
1.0,0.5332483649253845
0.0,0.39173173904418945
1.0,0.7277737259864807
1.0,0.7250621914863586
1.0,0.3994089961051941
1.0,0.7094269394874573
1.0,0.730493426322937
0.0,0.3642289638519287
0.0,0.32065075635910034
0.0,0.494943767786026
0.0,0.7162579894065857
0.0,0.7272549271583557
0.0,0.3053341507911682
1.0,0.7305946946144104
0.0,0.43281129002571106
1.0,0.7283101677894592
1.0,0.6098220348358154
1.0,0.7258809804916382
0.0,0.3405972123146057
1.0,0.7113052606582642
0.0,0.2784760296344757
0.0,0.5193387866020203
0.0,0.28395769000053406
1.0,0.688382625579834
1.0,0.6539214849472046
1.0,0.7284279465675354
1.0,0.7269430756568909
1.0,0.6339638233184814
1.0,0.6791197657585144
0.0,0.30117350816726685
0.0,0.2729623019695282
0.0,0.2953605353832245
1.0,0.6577974557876587
1.0,0.2774828374385834
1.0,0.7146071791648865
0.0,0.2756449580192566
0.0,0.3019508719444275
0.0,0.7108440399169922
1.0,0.5844482779502869
0.0,0.3442651331424713
1.0,0.6974671483039856
1.0,0.7224511504173279
0.0,0.2700558602809906
1.0,0.7158192992210388
0.0,0.27985909581184387
1.0,0.7157748937606812
1.0,0.4534817039966583
0.0,0.61659836769104
1.0,0.549214243888855
0.0,0.30341407656669617
1.0,0.7117555141448975
0.0,0.29625609517097473
1.0,0.297074556350708
1.0,0.7278723120689392
1.0,0.7297206521034241
1.0,0.33229491114616394
1.0,0.713995635509491
1.0,0.31903761625289917
1.0,0.7073601484298706
0.0,0.3482034504413605
0.0,0.3963589668273926
1.0,0.5951073169708252
0.0,0.6817499399185181
1.0,0.6571816205978394
0.0,0.7205161452293396
0.0,0.36751964688301086
0.0,0.30316638946533203
0.0,0.29728174209594727
1.0,0.7125012874603271
1.0,0.7299852967262268
0.0,0.3316768705844879
0.0,0.27189838886260986
0.0,0.5785096287727356
0.0,0.2871178984642029
0.0,0.28656330704689026
0.0,0.4228776693344116
1.0,0.3393901288509369
1.0,0.6721516251564026
1.0,0.28498902916908264
0.0,0.2701665163040161
1.0,0.7288700342178345
0.0,0.27739354968070984
1.0,0.7283501029014587
0.0,0.5359862446784973
0.0,0.4258580505847931
1.0,0.6575305461883545
1.0,0.5936808586120605
1.0,0.686928927898407
1.0,0.6992441415786743
1.0,0.7094976902008057
0.0,0.32179611921310425
0.0,0.7266373038291931
0.0,0.36982521414756775
0.0,0.2997782230377197
1.0,0.729338526725769
1.0,0.5759683847427368
0.0,0.2795485854148865
0.0,0.2916857898235321
1.0,0.5743037462234497
1.0,0.7303478717803955
1.0,0.7087921500205994
1.0,0.6278671622276306
0.0,0.27397334575653076
1.0,0.730499267578125
1.0,0.7304574251174927
0.0,0.3264937698841095
0.0,0.31691041588783264
1.0,0.7139691114425659
0.0,0.38637781143188477
1.0,0.6837763786315918
1.0,0.42688503861427307
1.0,0.7116091251373291
0.0,0.3470781743526459
0.0,0.2737581431865692
1.0,0.7256467342376709
1.0,0.7298054695129395
0.0,0.42675966024398804
0.0,0.6174349188804626
1.0,0.7254111170768738
1.0,0.7303906083106995
1.0,0.7273192405700684
0.0,0.7053729295730591
1.0,0.6727771759033203
0.0,0.41527417302131653
0.0,0.28093820810317993
1.0,0.6468177437782288
1.0,0.3832317888736725
0.0,0.4694041907787323
0.0,0.40365108847618103
0.0,0.329832524061203
1.0,0.7296081185340881
0.0,0.6248869895935059
0.0,0.4424455463886261
1.0,0.6886069774627686
1.0,0.7150755524635315
0.0,0.7301362156867981
0.0,0.7243599891662598
0.0,0.27326661348342896
1.0,0.7093087434768677
0.0,0.7108844518661499
0.0,0.29303333163261414
1.0,0.7294324040412903
0.0,0.2802857458591461
1.0,0.7269205451011658
1.0,0.702299177646637
0.0,0.29079824686050415
0.0,0.661078929901123
0.0,0.2747463285923004
0.0,0.6433019042015076
1.0,0.7287666201591492
1.0,0.7262495160102844
0.0,0.4737706184387207
0.0,0.6707047820091248
0.0,0.27598029375076294
0.0,0.32925328612327576
0.0,0.2735879719257355
0.0,0.28533118963241577
1.0,0.6857113838195801
0.0,0.34396159648895264
0.0,0.27909883856773376
0.0,0.27274054288864136
1.0,0.29178866744041443
1.0,0.7268815636634827
0.0,0.2839128375053406
1.0,0.28502193093299866
1.0,0.7243950963020325
1.0,0.671514630317688
0.0,0.3109794557094574
1.0,0.5868897438049316
1.0,0.6274563670158386
0.0,0.3549134433269501
0.0,0.28369036316871643
1.0,0.680777370929718
0.0,0.2696790099143982
0.0,0.3864775598049164
1.0,0.676312267780304
1.0,0.638421356678009
1.0,0.3457905650138855
1.0,0.7306914925575256
1.0,0.5681337118148804
1.0,0.7190108895301819
1.0,0.7091812491416931
1.0,0.4454915225505829
1.0,0.5834140181541443
1.0,0.4164073169231415
0.0,0.4379650354385376
1.0,0.7270821332931519
0.0,0.2991633117198944
0.0,0.27080097794532776
1.0,0.7298881411552429
0.0,0.7018003463745117
1.0,0.3460714519023895
0.0,0.4000285267829895
0.0,0.2755296230316162
0.0,0.35949379205703735
1.0,0.7291694283485413
0.0,0.33867764472961426
1.0,0.29247185587882996
1.0,0.7296912670135498
1.0,0.7305285930633545
1.0,0.400888055562973
0.0,0.37458720803260803
0.0,0.3997999131679535
0.0,0.7143157124519348
1.0,0.6430945992469788
1.0,0.7294096946716309
1.0,0.6378123760223389
0.0,0.27085229754447937
1.0,0.2781071662902832
1.0,0.5751059055328369
1.0,0.7231147885322571
1.0,0.6184751391410828
1.0,0.6639954447746277
1.0,0.7266520857810974
1.0,0.6986659169197083
1.0,0.716911256313324
1.0,0.725773274898529
0.0,0.28016918897628784
1.0,0.7254197001457214
1.0,0.6986127495765686
0.0,0.3359335660934448
1.0,0.7108862400054932
1.0,0.7301950454711914
0.0,0.3133147358894348
1.0,0.6864933371543884
0.0,0.2701988220214844
0.0,0.3063995838165283
0.0,0.30790120363235474
0.0,0.6874706149101257
1.0,0.7302404642105103
1.0,0.7195632457733154
1.0,0.27983108162879944
1.0,0.72928386926651
1.0,0.7174485921859741
1.0,0.5203428864479065
0.0,0.2824403643608093
1.0,0.7297950983047485
0.0,0.3582763969898224
1.0,0.5838024020195007
0.0,0.27078908681869507
1.0,0.7300083637237549
0.0,0.3196027874946594
1.0,0.2710578143596649
1.0,0.5355766415596008
0.0,0.2756151854991913
1.0,0.7269518375396729
0.0,0.29886144399642944
1.0,0.6800241470336914
1.0,0.7165032625198364
1.0,0.7299043536186218
0.0,0.6150622963905334
0.0,0.2958914637565613
1.0,0.49919480085372925
1.0,0.728088915348053
0.0,0.719645619392395
1.0,0.5494289994239807
1.0,0.7215864658355713
0.0,0.2962130308151245
0.0,0.2846429646015167
0.0,0.38287726044654846
1.0,0.5753416419029236
0.0,0.38055649399757385
1.0,0.7272465229034424
0.0,0.2807781994342804
0.0,0.27203330397605896
1.0,0.7308306097984314
0.0,0.28176215291023254
0.0,0.4823343753814697
0.0,0.27735087275505066
1.0,0.33799096941947937
1.0,0.5320717692375183
0.0,0.2801862061023712
1.0,0.5852806568145752
1.0,0.6129973530769348
1.0,0.7285990118980408
0.0,0.36121708154678345
0.0,0.5483665466308594
1.0,0.7296930551528931
1.0,0.7060463428497314
0.0,0.2702617049217224
0.0,0.728980541229248
0.0,0.3090105354785919
1.0,0.707075834274292
0.0,0.3767026662826538
1.0,0.27005499601364136
0.0,0.2873816192150116
1.0,0.6841711401939392
0.0,0.3511015474796295
0.0,0.673507034778595
0.0,0.7206724882125854
0.0,0.3505973219871521
0.0,0.27550387382507324
1.0,0.7062386870384216
0.0,0.277509480714798
0.0,0.6344963908195496
1.0,0.6831698417663574
0.0,0.7016659379005432
0.0,0.35004159808158875
1.0,0.6344830393791199
1.0,0.6959265470504761
1.0,0.6771637201309204
1.0,0.6901838183403015
0.0,0.2882656455039978
0.0,0.7024625539779663
1.0,0.6809759736061096
1.0,0.7267714738845825
1.0,0.6797210574150085
1.0,0.7159392237663269
1.0,0.7180589437484741
1.0,0.7296040654182434
1.0,0.7153332829475403
1.0,0.7290295958518982
0.0,0.27460888028144836
1.0,0.7189350724220276
1.0,0.6974828243255615
1.0,0.2767929434776306
0.0,0.277778685092926
0.0,0.2728870213031769
0.0,0.5483159422874451
0.0,0.3428989052772522
0.0,0.28454920649528503
1.0,0.7300571799278259
0.0,0.31377923488616943
0.0,0.27997472882270813
0.0,0.3162687420845032
0.0,0.27223315834999084
0.0,0.27674219012260437
1.0,0.7180177569389343
1.0,0.307601660490036
1.0,0.3177461326122284
0.0,0.4224412143230438
0.0,0.5707692503929138
0.0,0.2920796573162079
0.0,0.2944833040237427
1.0,0.7295125722885132
0.0,0.29076871275901794
0.0,0.4883277416229248
1.0,0.2798287570476532
0.0,0.295950323343277
1.0,0.7306230664253235
1.0,0.6022990345954895
0.0,0.3085145354270935
1.0,0.7306936383247375
1.0,0.7250679135322571
0.0,0.31638842821121216
1.0,0.7176336050033569
1.0,0.38522857427597046
0.0,0.2822500169277191
0.0,0.3714955151081085
0.0,0.595437228679657
0.0,0.2765626311302185
1.0,0.6990360021591187
0.0,0.2893391251564026
1.0,0.7247406244277954
1.0,0.5489067435264587
0.0,0.2894509434700012
1.0,0.6981157660484314
0.0,0.30706116557121277
0.0,0.2733338177204132
0.0,0.35972991585731506
0.0,0.34162020683288574
1.0,0.6757054924964905
0.0,0.3163401782512665
0.0,0.2749268710613251
0.0,0.6504217982292175
1.0,0.7284587621688843
0.0,0.2736577093601227
0.0,0.7090953588485718
0.0,0.2863646149635315
0.0,0.5390180349349976
0.0,0.710393488407135
0.0,0.44827908277511597
1.0,0.7289198637008667
0.0,0.6049686074256897
1.0,0.6997581124305725
0.0,0.2752734124660492
1.0,0.7273664474487305
0.0,0.32420477271080017
0.0,0.36831820011138916
0.0,0.43544402718544006
0.0,0.6239335536956787
0.0,0.33992093801498413
0.0,0.2773994505405426
1.0,0.7234663963317871
0.0,0.2928810715675354
1.0,0.7285003662109375
0.0,0.28747057914733887
0.0,0.2976207137107849
0.0,0.6701367497444153
0.0,0.2703497111797333
1.0,0.7291042804718018
0.0,0.2724412679672241
1.0,0.6373151540756226
1.0,0.622148871421814
0.0,0.3504978120326996
0.0,0.3135506510734558
0.0,0.36524146795272827
0.0,0.2707849144935608
1.0,0.7120202779769897
1.0,0.7281520366668701
0.0,0.6143307685852051
0.0,0.7109677791595459
1.0,0.3291441798210144
1.0,0.7280967235565186
0.0,0.28839343786239624
1.0,0.6997870206832886
0.0,0.4861275851726532
1.0,0.7141596078872681
0.0,0.33189263939857483
0.0,0.27072492241859436
1.0,0.7151597738265991
1.0,0.34639179706573486
0.0,0.5919386744499207
1.0,0.720189094543457
1.0,0.7161723971366882
0.0,0.6857770085334778
0.0,0.2825796902179718
0.0,0.5879711508750916
1.0,0.404035747051239
0.0,0.26982250809669495
0.0,0.31241631507873535
0.0,0.29598620533943176
0.0,0.2709573209285736
0.0,0.494987815618515
0.0,0.3026460111141205
0.0,0.489576131105423
1.0,0.5555319786071777
1.0,0.7287678718566895
0.0,0.2839307487010956
0.0,0.47713685035705566
0.0,0.31763866543769836
0.0,0.2965463101863861
1.0,0.26992329955101013
1.0,0.5836830139160156
0.0,0.6701873540878296
0.0,0.6112797260284424
0.0,0.2843775153160095
0.0,0.5494269132614136
1.0,0.5487292408943176
1.0,0.2870672345161438
1.0,0.7237247228622437
1.0,0.7060176134109497
0.0,0.43969523906707764
0.0,0.30280131101608276
0.0,0.3201729953289032
0.0,0.6603536009788513
0.0,0.43248099088668823
0.0,0.29778653383255005
0.0,0.563152015209198
0.0,0.28155818581581116
1.0,0.6873082518577576
1.0,0.2733480930328369
1.0,0.7279820442199707
0.0,0.2699090540409088
0.0,0.2736733555793762
1.0,0.2854045331478119
1.0,0.4079713821411133
1.0,0.7152174711227417
1.0,0.7175388932228088
0.0,0.2711103856563568
0.0,0.3626442551612854
0.0,0.28431594371795654
0.0,0.4728104770183563
0.0,0.726264476776123
0.0,0.35513120889663696
0.0,0.30915018916130066
1.0,0.7128204107284546
0.0,0.328897625207901
0.0,0.3084859549999237
1.0,0.7259039282798767
0.0,0.3160099387168884
1.0,0.7289615273475647
1.0,0.6158486008644104
0.0,0.29316240549087524
0.0,0.2900180518627167
1.0,0.626285970211029
0.0,0.34940215945243835
0.0,0.43156060576438904
1.0,0.7292230725288391
0.0,0.31713587045669556
0.0,0.2695728838443756
1.0,0.6783267259597778
1.0,0.7220731377601624
0.0,0.7258211970329285
0.0,0.3022480309009552
0.0,0.3839891254901886
0.0,0.324093759059906
0.0,0.283456027507782
0.0,0.2926538288593292
1.0,0.7209776639938354
0.0,0.7232388257980347
1.0,0.7281350493431091
0.0,0.6806564927101135
1.0,0.6807470321655273
1.0,0.7204577326774597
1.0,0.7278643250465393
0.0,0.2853596806526184
0.0,0.27831506729125977
0.0,0.49667268991470337
0.0,0.6639149785041809
0.0,0.3098336160182953
0.0,0.28892993927001953
1.0,0.5866167545318604
1.0,0.7186654806137085
1.0,0.7300658226013184
0.0,0.7256794571876526
0.0,0.34543687105178833
1.0,0.7279003262519836
0.0,0.33138221502304077
0.0,0.344819039106369
0.0,0.28518539667129517
1.0,0.7242619395256042
0.0,0.29087039828300476
0.0,0.5791752934455872
0.0,0.6626794934272766
1.0,0.5816591382026672
1.0,0.7290008664131165
1.0,0.7282015681266785
1.0,0.6204471588134766
1.0,0.6290005445480347
1.0,0.7247743606567383
0.0,0.27268627285957336
1.0,0.7206341624259949
0.0,0.35476624965667725
0.0,0.3470051884651184
0.0,0.29763591289520264
1.0,0.6974262595176697
0.0,0.6424728035926819
1.0,0.7208155989646912
0.0,0.3257860243320465
1.0,0.6610708236694336
0.0,0.2737378180027008
0.0,0.44594523310661316
1.0,0.41918036341667175
1.0,0.7296631932258606
1.0,0.2712855041027069
1.0,0.7098380923271179
0.0,0.2826678454875946
1.0,0.6797020435333252
1.0,0.7141472697257996
1.0,0.6377331614494324
0.0,0.28322914242744446
1.0,0.6940219402313232
1.0,0.6827767491340637
0.0,0.5676695704460144
0.0,0.356673002243042
0.0,0.3071160912513733
0.0,0.5814682841300964
1.0,0.6697925925254822
1.0,0.6598779559135437
1.0,0.7271599769592285
1.0,0.7227943539619446
0.0,0.6970306634902954
0.0,0.3000485897064209
0.0,0.29176950454711914
1.0,0.7137123346328735
1.0,0.7296875715255737
1.0,0.7027550935745239
1.0,0.6889264583587646
0.0,0.7040659189224243
1.0,0.6673122644424438
1.0,0.7282161712646484
0.0,0.7163960337638855
1.0,0.6948258280754089
0.0,0.3048120141029358
0.0,0.6408534049987793
0.0,0.28420090675354004
0.0,0.2877870202064514
1.0,0.7166574001312256
0.0,0.3014523386955261
1.0,0.29906997084617615
0.0,0.27272918820381165
0.0,0.37916693091392517
1.0,0.7262587547302246
0.0,0.2722576856613159
1.0,0.6288279891014099
0.0,0.3376465439796448
0.0,0.3269474506378174
0.0,0.2743394374847412
0.0,0.44372835755348206
1.0,0.692448616027832
0.0,0.2755970358848572
0.0,0.27849555015563965
0.0,0.39958980679512024
1.0,0.2776073217391968
0.0,0.7187731862068176
0.0,0.6269705891609192
0.0,0.31184715032577515
1.0,0.5552991032600403
1.0,0.7274680733680725
1.0,0.5434827208518982
0.0,0.669859766960144
0.0,0.27153119444847107
0.0,0.29969748854637146
0.0,0.2830040752887726
1.0,0.6987810134887695
1.0,0.7301034331321716
0.0,0.34261149168014526
0.0,0.2720518410205841
1.0,0.7292959094047546
1.0,0.7257910966873169
0.0,0.4141709804534912
1.0,0.6361569762229919
0.0,0.5429299473762512
1.0,0.6810754537582397
0.0,0.29674702882766724
1.0,0.704835057258606
0.0,0.3276183307170868
0.0,0.5076149702072144
0.0,0.32409724593162537
1.0,0.7303670048713684
0.0,0.2804733216762543
1.0,0.7014306783676147
0.0,0.3916689157485962
0.0,0.43525949120521545
0.0,0.2964295744895935
1.0,0.728471040725708
1.0,0.729176938533783
0.0,0.2980167269706726
1.0,0.7289029955863953
0.0,0.3658043444156647
0.0,0.481537789106369
0.0,0.2748728394508362
0.0,0.2714954614639282
1.0,0.7208235263824463
0.0,0.273418664932251
1.0,0.6128387451171875
1.0,0.41640952229499817
1.0,0.7233300805091858
1.0,0.3607378602027893
0.0,0.3273244798183441
1.0,0.7195112109184265
0.0,0.30119654536247253
0.0,0.33659958839416504
1.0,0.5165371298789978
1.0,0.37042945623397827
1.0,0.3820314109325409
0.0,0.29348763823509216
0.0,0.27385061979293823
0.0,0.32020142674446106
0.0,0.2722773551940918
1.0,0.7284848093986511
0.0,0.42521440982818604
1.0,0.6280508637428284
0.0,0.5115247368812561
1.0,0.7293347120285034
0.0,0.34218600392341614
1.0,0.48563364148139954
1.0,0.6963016390800476
0.0,0.3835936188697815
1.0,0.7261785268783569
1.0,0.7292881011962891
0.0,0.2713523507118225
1.0,0.7268633246421814
1.0,0.7308663725852966
0.0,0.31952965259552
1.0,0.278991162776947
1.0,0.4756593108177185
0.0,0.27131232619285583
1.0,0.7260028123855591
0.0,0.3436436653137207
0.0,0.3309782147407532
0.0,0.5330002903938293
0.0,0.2718837559223175
0.0,0.27410295605659485
1.0,0.7282305955886841
1.0,0.730617880821228
1.0,0.7159557342529297
1.0,0.7117064595222473
0.0,0.7108508944511414
0.0,0.2783468961715698
0.0,0.3086484372615814
0.0,0.4442616403102875
1.0,0.7158973813056946
0.0,0.7006270885467529
1.0,0.7285248637199402
0.0,0.2699391841888428
0.0,0.3751888871192932
1.0,0.7298892140388489
0.0,0.2780766189098358
0.0,0.2950328290462494
0.0,0.5648930668830872
0.0,0.3839012682437897
1.0,0.6993377804756165
0.0,0.272683322429657
0.0,0.2800917625427246
1.0,0.697102427482605
0.0,0.5145272016525269
0.0,0.49673134088516235
1.0,0.4458424746990204
0.0,0.291948139667511
1.0,0.7268118858337402
1.0,0.7175666689872742
1.0,0.7278392314910889
0.0,0.3838185667991638
0.0,0.7068539261817932
0.0,0.2759160101413727
0.0,0.659643292427063
1.0,0.7249512672424316
0.0,0.7135800123214722
1.0,0.7256067991256714
0.0,0.6964766383171082
1.0,0.37409982085227966
1.0,0.60824054479599
0.0,0.42070913314819336
1.0,0.7253983020782471
1.0,0.7283358573913574
0.0,0.2917872369289398
0.0,0.34400445222854614
0.0,0.2994809150695801
0.0,0.27114149928092957
1.0,0.7049627304077148
1.0,0.5889812707901001
0.0,0.2931287884712219
1.0,0.7094912528991699
0.0,0.3181309998035431
1.0,0.7301287055015564
0.0,0.2697044014930725
1.0,0.7276768684387207
1.0,0.7196415662765503
1.0,0.7269625067710876
1.0,0.6476131677627563
1.0,0.7098762392997742
1.0,0.7300711274147034
1.0,0.6347919702529907
0.0,0.7259677648544312
1.0,0.6794695854187012
1.0,0.7270805835723877
1.0,0.7080914378166199
0.0,0.5224679112434387
0.0,0.2720124125480652
1.0,0.6148694157600403
1.0,0.7293738126754761
0.0,0.4737560451030731
0.0,0.3519059121608734
1.0,0.7209103107452393
1.0,0.7027544379234314
0.0,0.4927102029323578
0.0,0.31192782521247864
1.0,0.7279559969902039
0.0,0.7140969038009644
0.0,0.45063552260398865
0.0,0.6458631157875061
0.0,0.31267300248146057
1.0,0.7301642894744873
0.0,0.6448050737380981
1.0,0.7264684438705444
0.0,0.37204352021217346
1.0,0.3146974742412567
0.0,0.45595693588256836
1.0,0.7298933863639832
0.0,0.27550753951072693
0.0,0.3162751793861389
0.0,0.29191645979881287
1.0,0.3207171857357025
0.0,0.41976746916770935
0.0,0.30539220571517944
0.0,0.6780027151107788
1.0,0.3078339993953705
1.0,0.3955208361148834
0.0,0.39403966069221497
1.0,0.6116255521774292
1.0,0.7140859365463257
0.0,0.2733076810836792
1.0,0.6145195364952087
1.0,0.5014029741287231
1.0,0.702215850353241
1.0,0.5846116542816162
0.0,0.4988018572330475
0.0,0.2796548008918762
0.0,0.2963356077671051
1.0,0.5386044383049011
1.0,0.7011306285858154
0.0,0.44344574213027954
1.0,0.30780836939811707
0.0,0.27884334325790405
0.0,0.6883202195167542
0.0,0.2724497318267822
0.0,0.3685626983642578
0.0,0.2695945203304291
1.0,0.7060431838035583
1.0,0.7276661396026611
0.0,0.31769508123397827
1.0,0.7253884077072144
0.0,0.30269840359687805
0.0,0.41219794750213623
1.0,0.6629031896591187
1.0,0.528308093547821
0.0,0.2760590612888336
0.0,0.2718048691749573
0.0,0.27525076270103455
1.0,0.6910725235939026
0.0,0.30302324891090393
1.0,0.694570004940033
0.0,0.3377169370651245
1.0,0.720594048500061
0.0,0.30053240060806274
1.0,0.4909655451774597
1.0,0.7263818979263306
0.0,0.2796241044998169
1.0,0.5626895427703857
1.0,0.7284329533576965
0.0,0.2704508900642395
0.0,0.27429109811782837
0.0,0.3267362415790558
1.0,0.7281190156936646
1.0,0.7293516993522644
1.0,0.3944171071052551
1.0,0.7251812815666199
0.0,0.2838219106197357
0.0,0.7062438130378723
1.0,0.6828310489654541
0.0,0.3090173006057739
1.0,0.4424321949481964
0.0,0.3067973852157593
0.0,0.7077928185462952
0.0,0.5568171739578247
0.0,0.2714628279209137
1.0,0.41786065697669983
0.0,0.32525962591171265
0.0,0.30109214782714844
1.0,0.7303652167320251
1.0,0.69740229845047
1.0,0.7304583191871643
1.0,0.7303981184959412
0.0,0.6738342046737671
1.0,0.6740522384643555
1.0,0.6844783425331116
0.0,0.2901895344257355
0.0,0.6040281057357788
1.0,0.7150396704673767
0.0,0.43582847714424133
0.0,0.283011257648468
0.0,0.5579333901405334
0.0,0.37463054060935974
0.0,0.5789181590080261
0.0,0.3034799098968506
0.0,0.33211642503738403
1.0,0.6995094418525696
0.0,0.40308091044425964
1.0,0.27325695753097534
0.0,0.3414440453052521
0.0,0.33310121297836304
0.0,0.36197757720947266
1.0,0.4151277244091034
0.0,0.6136564016342163
1.0,0.7233837842941284
1.0,0.7268795967102051
0.0,0.3381032943725586
1.0,0.7272722125053406
0.0,0.2767331600189209
1.0,0.7040970325469971
1.0,0.727834939956665
0.0,0.3725133538246155
1.0,0.4475652873516083
0.0,0.700597882270813
0.0,0.2824469804763794
1.0,0.7269383072853088
1.0,0.7208642363548279
1.0,0.725400447845459
0.0,0.2812468707561493
0.0,0.4916110932826996
0.0,0.34648972749710083
0.0,0.3720148801803589
1.0,0.28813958168029785
1.0,0.6084911227226257
0.0,0.27434399724006653
1.0,0.4867388904094696
0.0,0.30328917503356934
1.0,0.2721071243286133
0.0,0.28164273500442505
0.0,0.4357108175754547
0.0,0.4166374206542969
1.0,0.7305821180343628
1.0,0.7223763465881348
0.0,0.7230443358421326
0.0,0.3018805682659149
0.0,0.36378446221351624
1.0,0.6016736626625061
0.0,0.4420958161354065
1.0,0.5671043992042542
1.0,0.6292447447776794
0.0,0.6961492300033569
0.0,0.6924558281898499
1.0,0.7128512263298035
0.0,0.2798789441585541
0.0,0.40349066257476807
1.0,0.7147666215896606
1.0,0.7217003703117371
0.0,0.4246222674846649
0.0,0.3084292709827423
1.0,0.27412301301956177
1.0,0.7250091433525085
1.0,0.35531938076019287
1.0,0.6236754059791565
1.0,0.7094836235046387
0.0,0.3037997782230377
0.0,0.35186052322387695
0.0,0.2898753881454468
1.0,0.7006353735923767
1.0,0.6862910389900208
1.0,0.6462603807449341
0.0,0.5909223556518555
1.0,0.3450869917869568
1.0,0.7281798124313354
0.0,0.2786087393760681
1.0,0.7261640429496765
0.0,0.2874741852283478
1.0,0.7305123209953308
0.0,0.6957522034645081
0.0,0.45896458625793457
1.0,0.7308169603347778
1.0,0.5106629729270935
1.0,0.55914705991745
0.0,0.27845191955566406
1.0,0.7301101684570312
1.0,0.7292577624320984
1.0,0.7177522778511047
0.0,0.2912122309207916
0.0,0.2697256803512573
1.0,0.6889986395835876
0.0,0.2703758776187897
1.0,0.7125166654586792
1.0,0.3804621696472168
1.0,0.7282541990280151
1.0,0.7292735576629639
1.0,0.47613221406936646
0.0,0.5314189791679382
0.0,0.2828536927700043
0.0,0.6844527125358582
0.0,0.7067059278488159
1.0,0.3314885199069977
1.0,0.7304338216781616
1.0,0.730819821357727
0.0,0.2700449228286743
0.0,0.41142094135284424
0.0,0.2866622507572174
1.0,0.5463493466377258
1.0,0.7114527821540833
0.0,0.39464712142944336
0.0,0.41451624035835266
1.0,0.4779351055622101
0.0,0.458612322807312
0.0,0.27541735768318176
1.0,0.7223696112632751
1.0,0.7010254859924316
1.0,0.6745394468307495
0.0,0.3493230640888214
0.0,0.2928808331489563
0.0,0.5091995596885681
0.0,0.5959047079086304
0.0,0.43569207191467285
1.0,0.7052562832832336
1.0,0.29650628566741943
0.0,0.2799031436443329
0.0,0.6630789637565613
0.0,0.5058284401893616
1.0,0.2840249836444855
0.0,0.32106703519821167
0.0,0.2719365358352661
1.0,0.7279312610626221
1.0,0.707657516002655
1.0,0.7223749756813049
0.0,0.29128533601760864
0.0,0.2722586393356323
1.0,0.725525438785553
0.0,0.5195708274841309
1.0,0.7259563207626343
0.0,0.44235947728157043
1.0,0.6654195189476013
1.0,0.27110475301742554
1.0,0.7257907390594482
0.0,0.34514716267585754
0.0,0.435865581035614
0.0,0.5791369080543518
0.0,0.33426007628440857
0.0,0.7237874269485474
1.0,0.3823622763156891
1.0,0.6670964956283569
1.0,0.7297214865684509
0.0,0.6929804682731628
1.0,0.7053595185279846
0.0,0.29657334089279175
1.0,0.43177035450935364
1.0,0.5786382555961609
1.0,0.32517877221107483
1.0,0.7144098281860352
0.0,0.5772594809532166
0.0,0.43004512786865234
0.0,0.6865761876106262
1.0,0.4857117831707001
1.0,0.6886837482452393
1.0,0.6756616234779358
0.0,0.4708312749862671
1.0,0.7112945914268494
0.0,0.6616868376731873
0.0,0.2702946364879608
1.0,0.7249175310134888
1.0,0.4849708080291748
0.0,0.31018516421318054
1.0,0.7303317785263062
1.0,0.7264695763587952
0.0,0.3227825462818146
1.0,0.2977522611618042
1.0,0.6204831600189209
0.0,0.2726030647754669
0.0,0.27930060029029846
1.0,0.7300133109092712
1.0,0.7301008701324463
1.0,0.5347674489021301
0.0,0.28753504157066345
0.0,0.32537776231765747
1.0,0.7254507541656494
0.0,0.27068471908569336
1.0,0.27421265840530396
1.0,0.7181134223937988
0.0,0.2730545103549957
0.0,0.2778453826904297
0.0,0.36803582310676575
1.0,0.7299098968505859
1.0,0.6000425219535828
1.0,0.5338350534439087
0.0,0.3556120991706848
0.0,0.29487544298171997
1.0,0.6966614723205566
1.0,0.595980703830719
0.0,0.2798396646976471
1.0,0.7272883057594299
0.0,0.28321126103401184
1.0,0.7271962761878967
0.0,0.27159470319747925
0.0,0.2909739017486572
1.0,0.6370381116867065
0.0,0.5626497268676758
1.0,0.7270076274871826
1.0,0.7301028370857239
1.0,0.7260288000106812
0.0,0.37604764103889465
0.0,0.280000776052475
0.0,0.2943279445171356
0.0,0.43099644780158997
0.0,0.3075543940067291
0.0,0.27841243147850037
1.0,0.27598124742507935
0.0,0.6911898851394653
0.0,0.3841556906700134
1.0,0.6627182364463806
1.0,0.7280778288841248
0.0,0.5503897070884705
1.0,0.7305379509925842
0.0,0.2842278778553009
1.0,0.40260210633277893
0.0,0.2797532081604004
0.0,0.2863564193248749
0.0,0.7035375833511353
1.0,0.7297351956367493
1.0,0.7305216789245605
1.0,0.7277657389640808
1.0,0.7272270321846008
0.0,0.36216458678245544
0.0,0.3187066316604614
1.0,0.6495369076728821
0.0,0.4315377473831177
1.0,0.4664261043071747
1.0,0.6923454403877258
1.0,0.7272669076919556
0.0,0.7110365629196167
1.0,0.7287333011627197
0.0,0.2708234488964081
0.0,0.2962542772293091
1.0,0.7250446081161499
1.0,0.6523334980010986
0.0,0.64436936378479
1.0,0.7293646335601807
1.0,0.6764237284660339
1.0,0.7027654051780701
0.0,0.376723974943161
0.0,0.6946957111358643
0.0,0.5368256568908691
0.0,0.3231647312641144
0.0,0.28014451265335083
0.0,0.28235962986946106
0.0,0.6678131222724915
1.0,0.727006733417511
0.0,0.2917768061161041
1.0,0.7229978442192078
0.0,0.27793586254119873
1.0,0.6691827774047852
0.0,0.693037748336792
0.0,0.4144990146160126
1.0,0.7056683897972107
0.0,0.2789633870124817
0.0,0.7007998824119568
0.0,0.3881686329841614
1.0,0.5045734643936157
0.0,0.3020741641521454
1.0,0.7260671257972717
1.0,0.6114230155944824
1.0,0.727522611618042
1.0,0.7285470366477966
1.0,0.68439781665802
1.0,0.7296801805496216
1.0,0.536876916885376
0.0,0.2779324948787689
1.0,0.7230448722839355
0.0,0.6762707829475403
0.0,0.27138659358024597
0.0,0.3363752067089081
0.0,0.3291504681110382
1.0,0.7258089184761047
1.0,0.7298611402511597
1.0,0.7199777364730835
1.0,0.29513874650001526
0.0,0.35043764114379883
1.0,0.7296105027198792
1.0,0.7261691689491272
1.0,0.726593017578125
0.0,0.3354291021823883
1.0,0.7296707034111023
1.0,0.7271807193756104
0.0,0.3825503885746002
1.0,0.7153506875038147
1.0,0.7233710885047913
0.0,0.5189729332923889
1.0,0.71961510181427
1.0,0.6946046948432922
0.0,0.2760981023311615
1.0,0.7292704582214355
1.0,0.7252016067504883
1.0,0.7296897172927856
1.0,0.6786860227584839
0.0,0.26964449882507324
0.0,0.2782411277294159
1.0,0.6896563768386841
0.0,0.2827635705471039
1.0,0.7308598756790161
0.0,0.28353360295295715
1.0,0.7294397950172424
0.0,0.4109976291656494
1.0,0.728503942489624
1.0,0.6779000759124756
0.0,0.465266615152359
0.0,0.5535842776298523
0.0,0.29344481229782104
0.0,0.2866988480091095
0.0,0.26977407932281494
1.0,0.7307388186454773
0.0,0.2896248698234558
0.0,0.2959473729133606
1.0,0.6702020168304443
1.0,0.7180123925209045
0.0,0.27571991086006165
0.0,0.37397581338882446
0.0,0.4209084212779999
0.0,0.30961886048316956
0.0,0.7191967964172363
0.0,0.47336456179618835
1.0,0.7103153467178345
1.0,0.7299598455429077
0.0,0.3031850755214691
1.0,0.6209258437156677
1.0,0.6753875613212585
1.0,0.6556183695793152
1.0,0.7298330068588257
0.0,0.35698050260543823
0.0,0.34444454312324524
0.0,0.6988865733146667
1.0,0.7260973453521729
0.0,0.282717764377594
0.0,0.2888064980506897
1.0,0.7277131676673889
0.0,0.6890133023262024
1.0,0.6985366344451904
1.0,0.7302913665771484
1.0,0.6602025628089905
0.0,0.2725341022014618
1.0,0.7266969680786133
0.0,0.354215145111084
0.0,0.2758319079875946
0.0,0.2700800597667694
1.0,0.7258173823356628
0.0,0.28193241357803345
0.0,0.28705593943595886
1.0,0.7061550617218018
0.0,0.3994017541408539
0.0,0.2950918674468994
0.0,0.693356990814209
1.0,0.7074069380760193
1.0,0.7274125218391418
0.0,0.2739275395870209
1.0,0.7197399735450745
1.0,0.5559827089309692
1.0,0.7166268229484558
0.0,0.3402964174747467
1.0,0.6645321249961853
0.0,0.3374553322792053
0.0,0.563698947429657
0.0,0.27420055866241455
0.0,0.7093098759651184
0.0,0.35483869910240173
0.0,0.28481611609458923
0.0,0.29427197575569153
0.0,0.41419026255607605
0.0,0.279617041349411
1.0,0.6328073143959045
0.0,0.30642691254615784
0.0,0.3193463087081909
0.0,0.47071853280067444
1.0,0.7251754999160767
1.0,0.7301193475723267
1.0,0.7207481265068054
1.0,0.7049124240875244
0.0,0.6675328016281128
1.0,0.4844200015068054
1.0,0.7198309898376465
0.0,0.5836398601531982
0.0,0.707482099533081
0.0,0.2701479494571686
0.0,0.33791255950927734
1.0,0.44098299741744995
0.0,0.48044344782829285
1.0,0.62799471616745
0.0,0.38283243775367737
1.0,0.28202855587005615
0.0,0.28032299876213074
1.0,0.5340832471847534
1.0,0.7120956182479858
1.0,0.31619682908058167
0.0,0.6898082494735718
1.0,0.3503667414188385
0.0,0.5669565796852112
1.0,0.7180212736129761
0.0,0.3333275616168976
1.0,0.7290351390838623
0.0,0.3170150816440582
0.0,0.2709246277809143
1.0,0.7207947373390198
0.0,0.5387309193611145
1.0,0.7238980531692505
1.0,0.7298492193222046
0.0,0.31322118639945984
0.0,0.44306594133377075
0.0,0.7101916670799255
0.0,0.2740069031715393
0.0,0.27208396792411804
0.0,0.2784794867038727
0.0,0.29500776529312134
0.0,0.2967817187309265
0.0,0.7183545231819153
1.0,0.2869195342063904
1.0,0.7240654230117798
0.0,0.2890225648880005
1.0,0.6483678817749023
1.0,0.7224915027618408
1.0,0.7309247851371765
1.0,0.7140257358551025
1.0,0.7262316346168518
0.0,0.3452889919281006
0.0,0.27253010869026184
0.0,0.3187149465084076
0.0,0.270907461643219
0.0,0.41509324312210083
0.0,0.5858132839202881
0.0,0.2703038454055786
0.0,0.2700492739677429
0.0,0.5958379507064819
1.0,0.7292843461036682
1.0,0.7088351845741272
0.0,0.6208995580673218
0.0,0.5600033402442932
0.0,0.27137619256973267
1.0,0.7299983501434326
1.0,0.7290002107620239
1.0,0.7198024392127991
0.0,0.2705878019332886
0.0,0.35043370723724365
1.0,0.30739808082580566
1.0,0.3554706275463104
1.0,0.7235278487205505
1.0,0.6117073893547058
0.0,0.710651695728302
0.0,0.2965734004974365
0.0,0.372722864151001
1.0,0.707301914691925
1.0,0.724163830280304
0.0,0.27392667531967163
1.0,0.7080361247062683
1.0,0.7260146737098694
1.0,0.722881555557251
0.0,0.277005672454834
1.0,0.7157697081565857
1.0,0.7281986474990845
1.0,0.6802757978439331
1.0,0.6844945549964905
1.0,0.7302870154380798
0.0,0.3222629427909851
1.0,0.7179065346717834
1.0,0.7307695746421814
0.0,0.4396078884601593
1.0,0.6455459594726562
1.0,0.7139689326286316
1.0,0.7004596590995789
1.0,0.4876966178417206
1.0,0.7258493900299072
0.0,0.32614511251449585
0.0,0.31539836525917053
0.0,0.28368377685546875
0.0,0.6723213791847229
1.0,0.29319876432418823
0.0,0.4285617768764496
1.0,0.6703841686248779
1.0,0.7170422673225403
0.0,0.3150370121002197
0.0,0.7013664841651917
0.0,0.4937278628349304
0.0,0.272110253572464
1.0,0.7306745648384094
0.0,0.3041526675224304
0.0,0.2883288860321045
0.0,0.5545543432235718
1.0,0.7280952334403992
0.0,0.4775939881801605
0.0,0.3763173818588257
1.0,0.6521176099777222
1.0,0.7307868003845215
0.0,0.6881574988365173
1.0,0.7303103804588318
0.0,0.27086493372917175
1.0,0.6741250157356262
0.0,0.7156175971031189
0.0,0.5607939958572388
0.0,0.2911030650138855
0.0,0.7262110114097595
1.0,0.7190635204315186
0.0,0.6835960745811462
1.0,0.7054373025894165
0.0,0.27483800053596497
0.0,0.2707616090774536
1.0,0.7258257865905762
1.0,0.7098600268363953
0.0,0.7292271256446838
1.0,0.6661199331283569
1.0,0.28567445278167725
0.0,0.28585389256477356
1.0,0.43536487221717834
1.0,0.7307639122009277
1.0,0.37862077355384827
0.0,0.6108689308166504
1.0,0.7214070558547974
0.0,0.7118814587593079
0.0,0.2766488492488861
1.0,0.5598697066307068
0.0,0.2722245156764984
0.0,0.6551856398582458
1.0,0.7293160557746887
0.0,0.31177154183387756
1.0,0.6268117427825928
0.0,0.36644482612609863
1.0,0.7296841740608215
0.0,0.2839638590812683
0.0,0.2887546420097351
1.0,0.5035327672958374
0.0,0.2745065987110138
1.0,0.6531359553337097
1.0,0.7304650545120239
0.0,0.4793229401111603
1.0,0.7083349227905273
1.0,0.7301628589630127
1.0,0.7066733837127686
0.0,0.2782534658908844
1.0,0.5115483403205872
1.0,0.6123192310333252
1.0,0.6375752687454224
1.0,0.7178667783737183
1.0,0.7272405624389648
0.0,0.308013379573822
1.0,0.39705491065979004
1.0,0.7258945107460022
0.0,0.298495352268219
1.0,0.6779675483703613
1.0,0.7132900953292847
1.0,0.7002251148223877
0.0,0.2830077111721039
1.0,0.3687349557876587
1.0,0.5795044302940369
0.0,0.27145034074783325
0.0,0.3176065683364868
0.0,0.3292740285396576
0.0,0.2738714814186096
0.0,0.2743425965309143
0.0,0.2785089910030365
1.0,0.7153680920600891
0.0,0.3609127998352051
0.0,0.3137325048446655
0.0,0.2968752384185791
0.0,0.5055422186851501
1.0,0.39474034309387207
0.0,0.41314342617988586
1.0,0.45470181107521057
0.0,0.2841565012931824
1.0,0.6937636137008667
0.0,0.34568464756011963
1.0,0.7264279723167419
0.0,0.5772103071212769
0.0,0.3486151695251465
1.0,0.7309309244155884
1.0,0.7264241576194763
1.0,0.3408510684967041
1.0,0.6013569235801697
0.0,0.4769051969051361
0.0,0.2859242558479309
1.0,0.6944324970245361
1.0,0.5046016573905945
0.0,0.2728588879108429
0.0,0.7133209109306335
1.0,0.5818527340888977
1.0,0.47103363275527954
0.0,0.2784980237483978
1.0,0.7143431901931763
1.0,0.2974109649658203
0.0,0.2840050756931305
1.0,0.7307388186454773
1.0,0.6745484471321106
1.0,0.6033470034599304
0.0,0.637631356716156
1.0,0.6359776854515076
0.0,0.27023234963417053
0.0,0.3890140950679779
0.0,0.38227739930152893
0.0,0.28450459241867065
1.0,0.7136919498443604
1.0,0.3685179352760315
1.0,0.7123456597328186
0.0,0.35661259293556213
0.0,0.2871251106262207
0.0,0.6646153926849365
0.0,0.32245877385139465
0.0,0.2873426377773285
1.0,0.67155921459198
0.0,0.35578668117523193
1.0,0.7291679978370667
1.0,0.7170524001121521
1.0,0.3956746459007263
1.0,0.2731707692146301
0.0,0.4334014356136322
1.0,0.7235349416732788
1.0,0.7120102047920227
0.0,0.2868318557739258
0.0,0.6425875425338745
1.0,0.4542205035686493
0.0,0.27413901686668396
1.0,0.6512429118156433
0.0,0.26994627714157104
0.0,0.2716237008571625
0.0,0.27464208006858826
1.0,0.7085771560668945
0.0,0.27475497126579285
0.0,0.7273993492126465
0.0,0.2822228968143463
1.0,0.7260547876358032
0.0,0.3530837595462799
1.0,0.7217248678207397
0.0,0.3574998378753662
0.0,0.41422581672668457
1.0,0.6806753873825073
1.0,0.4951447546482086
0.0,0.48857852816581726
0.0,0.31582751870155334
0.0,0.28796127438545227
1.0,0.7250829339027405
1.0,0.7101737856864929
0.0,0.30632323026657104
1.0,0.28186357021331787
0.0,0.4869956970214844
0.0,0.26983100175857544
0.0,0.3368435800075531
0.0,0.27070292830467224
0.0,0.30658289790153503
1.0,0.7132875323295593
1.0,0.700039803981781
0.0,0.28127962350845337
1.0,0.6158851981163025
1.0,0.7143096923828125
0.0,0.31829527020454407
0.0,0.4522257149219513
1.0,0.6994659304618835
0.0,0.4039172828197479
0.0,0.28804704546928406
0.0,0.2705424726009369
1.0,0.70323646068573
0.0,0.4301038980484009
1.0,0.4304986894130707
0.0,0.28024837374687195
0.0,0.576817512512207
1.0,0.5403095483779907
0.0,0.6833961009979248
0.0,0.647071897983551
1.0,0.7167716026306152
1.0,0.7275955677032471
0.0,0.27515751123428345
1.0,0.7268736958503723
1.0,0.5506323575973511
0.0,0.3089922368526459
1.0,0.6979543566703796
1.0,0.7269009351730347
1.0,0.7299614548683167
1.0,0.7129352688789368
1.0,0.3137155771255493
1.0,0.3845387399196625
0.0,0.5984848141670227
1.0,0.7227771282196045
1.0,0.7263427376747131
1.0,0.730676531791687
0.0,0.3222174048423767
1.0,0.7275753021240234
0.0,0.6650936603546143
1.0,0.7301064729690552
0.0,0.27604010701179504
0.0,0.2812100648880005
0.0,0.7156406044960022
0.0,0.5655211210250854
1.0,0.7290104031562805
1.0,0.7188085317611694
0.0,0.29600396752357483
0.0,0.2860774099826813
0.0,0.2710186541080475
1.0,0.7268650531768799
0.0,0.27140986919403076
1.0,0.725414514541626
1.0,0.6960547566413879
0.0,0.327452152967453
0.0,0.5781963467597961
0.0,0.388247013092041
0.0,0.27435341477394104
0.0,0.6628819704055786
1.0,0.6852984428405762
0.0,0.27549391984939575
1.0,0.2974804639816284
0.0,0.27437227964401245
1.0,0.7295999526977539
1.0,0.7144275307655334
0.0,0.30119213461875916
0.0,0.44553300738334656
1.0,0.3215154707431793
1.0,0.721100389957428
1.0,0.717296838760376
0.0,0.5255769491195679
1.0,0.7231431603431702
0.0,0.29333075881004333
1.0,0.7154709100723267
0.0,0.5942996740341187
0.0,0.36821863055229187
0.0,0.3355964720249176
0.0,0.27627938985824585
0.0,0.2759300768375397
1.0,0.6973321437835693
1.0,0.7278662323951721
0.0,0.31753823161125183
1.0,0.7305694818496704
0.0,0.2868511974811554
0.0,0.5621249675750732
0.0,0.27715033292770386
1.0,0.3954225480556488
1.0,0.720166027545929
1.0,0.2753162980079651
1.0,0.5119166374206543
1.0,0.7296944260597229
1.0,0.6811382174491882
1.0,0.7302021980285645
0.0,0.2821677625179291
1.0,0.546427309513092
1.0,0.7298056483268738
0.0,0.2993176281452179
0.0,0.5399718880653381
0.0,0.2770354449748993
0.0,0.5963689684867859
1.0,0.2868088483810425
0.0,0.273588627576828
0.0,0.3392685055732727
0.0,0.4515475332736969
1.0,0.7192586064338684
1.0,0.48331135511398315
1.0,0.7299889326095581
1.0,0.7288334965705872
1.0,0.7204355001449585
0.0,0.271535724401474
0.0,0.5585570931434631
0.0,0.6603488326072693
1.0,0.7275159955024719
1.0,0.7249479293823242
0.0,0.49107280373573303
0.0,0.4546855390071869
0.0,0.3109491765499115
1.0,0.7285821437835693
1.0,0.7284789085388184
1.0,0.7274633049964905
1.0,0.6947816014289856
1.0,0.535153329372406
0.0,0.28567934036254883
0.0,0.2853773236274719
0.0,0.5204179286956787
0.0,0.6282476186752319
0.0,0.2793266475200653
1.0,0.7278344631195068
1.0,0.45011258125305176
0.0,0.35057133436203003
0.0,0.4797140061855316
1.0,0.7309197783470154
1.0,0.28623902797698975
1.0,0.7307218909263611
1.0,0.7124934792518616
1.0,0.7278832793235779
0.0,0.28017863631248474
1.0,0.7297863960266113
0.0,0.2726792097091675
0.0,0.3226461112499237
1.0,0.7016964554786682
0.0,0.4389305114746094
0.0,0.3827279508113861
1.0,0.7300205230712891
0.0,0.40350618958473206
0.0,0.34326404333114624
0.0,0.2726132273674011
0.0,0.29504966735839844
1.0,0.7072122693061829
0.0,0.2768193185329437
1.0,0.3512401282787323
0.0,0.4106703996658325
0.0,0.32153916358947754
1.0,0.6060845851898193
0.0,0.28695011138916016
0.0,0.28821954131126404
1.0,0.6497498154640198
1.0,0.7218055129051208
0.0,0.2811574935913086
1.0,0.7280517220497131
1.0,0.5005684494972229
1.0,0.7212393879890442
0.0,0.3426257073879242
1.0,0.43344470858573914
1.0,0.7268683910369873
0.0,0.40963584184646606
0.0,0.47087615728378296
0.0,0.2866057753562927
1.0,0.6257043480873108
0.0,0.40757057070732117
1.0,0.5748260021209717
1.0,0.7304109930992126
1.0,0.2829190492630005
1.0,0.7208540439605713
1.0,0.7293524742126465
1.0,0.7267953753471375
0.0,0.33944305777549744
0.0,0.26954537630081177
1.0,0.7247247695922852
1.0,0.7188628315925598
0.0,0.285278856754303
0.0,0.30567964911460876
1.0,0.7300981879234314
1.0,0.7308101058006287
1.0,0.7150987982749939
0.0,0.38087600469589233
1.0,0.30612897872924805
0.0,0.27117496728897095
0.0,0.38802677392959595
1.0,0.7252529263496399
1.0,0.617117166519165
1.0,0.7301400303840637
1.0,0.7249454855918884
0.0,0.30339717864990234
1.0,0.7279556393623352
1.0,0.2805137634277344
1.0,0.6612507104873657
1.0,0.7301028966903687
1.0,0.6026647686958313
0.0,0.32392144203186035
0.0,0.2929767072200775
0.0,0.27030646800994873
1.0,0.34252145886421204
0.0,0.618786633014679
0.0,0.6324658393859863
1.0,0.3337142765522003
1.0,0.6530584692955017
1.0,0.2720227837562561
0.0,0.4813897907733917
1.0,0.7054648995399475
1.0,0.687985897064209
1.0,0.7121310234069824
1.0,0.550295352935791
1.0,0.72750324010849
0.0,0.26962706446647644
0.0,0.3174070715904236
0.0,0.3360203504562378
0.0,0.43683740496635437
0.0,0.27271944284439087
0.0,0.6449120044708252
0.0,0.46886950731277466
0.0,0.30171817541122437
1.0,0.7256719470024109
0.0,0.27775511145591736
0.0,0.4249659776687622
1.0,0.7131485342979431
0.0,0.3777310252189636
1.0,0.7233120203018188
0.0,0.5264979600906372
0.0,0.2853083312511444
0.0,0.5969409942626953
0.0,0.30811503529548645
0.0,0.4656544625759125
1.0,0.7291613817214966
0.0,0.3615938425064087
1.0,0.6089552044868469
0.0,0.4086856544017792
1.0,0.7176869511604309
0.0,0.2751547694206238
1.0,0.7292168140411377
0.0,0.689692497253418
0.0,0.39207348227500916
1.0,0.7298639416694641
0.0,0.2908230721950531
1.0,0.5667271614074707
1.0,0.49979135394096375
1.0,0.6008273959159851
1.0,0.6594707369804382
0.0,0.2944115102291107
0.0,0.35232222080230713
1.0,0.7204863429069519
0.0,0.2727763056755066
1.0,0.5792041420936584
1.0,0.7271353006362915
0.0,0.2730898857116699
1.0,0.7294496893882751
1.0,0.7242980003356934
1.0,0.6940178275108337
1.0,0.7002031803131104
1.0,0.7298843860626221
0.0,0.27054744958877563
1.0,0.7112157344818115
0.0,0.27459630370140076
1.0,0.7206773161888123
0.0,0.28482168912887573
1.0,0.5617483258247375
1.0,0.657098650932312
0.0,0.2802014648914337
1.0,0.7307286262512207
1.0,0.6915096640586853
1.0,0.6823774576187134
0.0,0.2934028208255768
0.0,0.7262922525405884
0.0,0.3121635913848877
1.0,0.28990963101387024
0.0,0.2698149085044861
1.0,0.7243839502334595
0.0,0.27017971873283386
0.0,0.336273729801178
1.0,0.29132670164108276
0.0,0.2735739052295685
1.0,0.7154528498649597
1.0,0.6433823108673096
0.0,0.54200279712677
0.0,0.4610168933868408
1.0,0.5225502848625183
1.0,0.38311758637428284
0.0,0.27287495136260986
0.0,0.2826498746871948
1.0,0.6906705498695374
1.0,0.7285571694374084
0.0,0.27003127336502075
0.0,0.3606109917163849
0.0,0.270075261592865
0.0,0.6474617719650269
0.0,0.3227660059928894
1.0,0.4874120354652405
0.0,0.6009191870689392
0.0,0.3954000771045685
0.0,0.3054218292236328
0.0,0.28234970569610596
1.0,0.27964773774147034
0.0,0.2731376588344574
1.0,0.7278074026107788
1.0,0.28393566608428955
0.0,0.29096072912216187
1.0,0.6212879419326782
0.0,0.6550099849700928
1.0,0.7178475856781006
1.0,0.7307862639427185
0.0,0.4746619760990143
1.0,0.28505846858024597
0.0,0.7005007863044739
0.0,0.7284957766532898
1.0,0.7277585864067078
0.0,0.7297104597091675
1.0,0.5322276949882507
0.0,0.3115711510181427
1.0,0.7262847423553467
1.0,0.29694947600364685
1.0,0.7295985221862793
1.0,0.728458046913147
0.0,0.27030742168426514
1.0,0.6571046710014343
1.0,0.5657079219818115
0.0,0.2932310402393341
0.0,0.5559489727020264
1.0,0.730836808681488
0.0,0.28103604912757874
1.0,0.7294949293136597
1.0,0.7220757603645325
0.0,0.2802060544490814
1.0,0.7169318795204163
0.0,0.27134838700294495
1.0,0.7098900675773621
1.0,0.730585515499115
1.0,0.6549134254455566
0.0,0.7101314663887024
0.0,0.275648295879364
1.0,0.6055986285209656
1.0,0.5453507900238037
0.0,0.3178965449333191
1.0,0.7285512685775757
0.0,0.4870898127555847
0.0,0.5950602889060974
1.0,0.7287642955780029
0.0,0.2983473837375641
0.0,0.3572053909301758
1.0,0.686736524105072
0.0,0.29592353105545044
1.0,0.5151959657669067
1.0,0.3556196987628937
0.0,0.2752038836479187
0.0,0.5464290976524353
1.0,0.4531956911087036
1.0,0.3678692579269409
0.0,0.2805182933807373
0.0,0.34193655848503113
1.0,0.7076085805892944
0.0,0.28245365619659424
1.0,0.7219303250312805
1.0,0.638727605342865
0.0,0.278189480304718
1.0,0.3028588891029358
0.0,0.43375247716903687
1.0,0.7171016335487366
0.0,0.295619398355484
1.0,0.722398579120636
1.0,0.2865563929080963
1.0,0.30484136939048767
0.0,0.36472535133361816
0.0,0.3560022711753845
0.0,0.2721620798110962
1.0,0.28274744749069214
0.0,0.2718724310398102
1.0,0.5034179091453552
1.0,0.6982393264770508
1.0,0.7265869379043579
0.0,0.6469358801841736
0.0,0.3422659635543823
0.0,0.273524671792984
0.0,0.2743414044380188
0.0,0.6931037306785583
1.0,0.6037821173667908
1.0,0.6585866808891296
1.0,0.7286435961723328
1.0,0.7125948071479797
0.0,0.3131121098995209
1.0,0.4228169918060303
0.0,0.6856035590171814
0.0,0.29109153151512146
0.0,0.7232881188392639
0.0,0.27670347690582275
1.0,0.6889649629592896
1.0,0.7283957004547119
0.0,0.5305677056312561
0.0,0.5178805589675903
0.0,0.5012746453285217
0.0,0.2995384931564331
0.0,0.3004089593887329
1.0,0.45817264914512634
1.0,0.5841080546379089
0.0,0.28812113404273987
0.0,0.28185364603996277
0.0,0.3096383512020111
1.0,0.7304660081863403
0.0,0.7032371163368225
1.0,0.7157877087593079
1.0,0.7308266162872314
0.0,0.28044718503952026
1.0,0.6847298741340637
1.0,0.5944498181343079
1.0,0.5806208252906799
1.0,0.2806927561759949
0.0,0.2944858968257904
1.0,0.7231789827346802
0.0,0.2722109258174896
0.0,0.2747972011566162
0.0,0.2846084237098694
1.0,0.2800602912902832
1.0,0.7185364365577698
1.0,0.3179478347301483
0.0,0.2694307863712311
0.0,0.3439083397388458
0.0,0.36923298239707947
1.0,0.366211473941803
1.0,0.7301555871963501
1.0,0.7124785780906677
1.0,0.7144035696983337
0.0,0.27551931142807007
0.0,0.5824816823005676
1.0,0.7176164984703064
1.0,0.7255189418792725
0.0,0.419861763715744
0.0,0.5842569470405579
0.0,0.28020989894866943
0.0,0.5953044891357422
1.0,0.6870151162147522
0.0,0.7174268364906311
1.0,0.6794945001602173
1.0,0.7275746464729309
0.0,0.6793192625045776
1.0,0.5855302810668945
0.0,0.3411726951599121
1.0,0.5737672448158264
0.0,0.5682786703109741
1.0,0.304587185382843
1.0,0.5354883670806885
1.0,0.30228060483932495
0.0,0.39783763885498047
1.0,0.7008022665977478
1.0,0.7263627052307129
0.0,0.4656347930431366
0.0,0.37599271535873413
1.0,0.7237739562988281
1.0,0.7259138226509094
1.0,0.7287349700927734
0.0,0.4921058714389801
1.0,0.5340020060539246
1.0,0.7295322418212891
1.0,0.7110549807548523
0.0,0.5859193205833435
1.0,0.6209879517555237
0.0,0.7100005149841309
1.0,0.69110506772995
1.0,0.27336516976356506
0.0,0.2953428626060486
0.0,0.30648913979530334
1.0,0.6832910776138306
1.0,0.4130573868751526
0.0,0.7089020013809204
1.0,0.7292755246162415
1.0,0.7305852174758911
0.0,0.6055182814598083
1.0,0.47733408212661743
1.0,0.5873258709907532
1.0,0.7086106538772583
1.0,0.517396092414856
1.0,0.6606038808822632
0.0,0.2707598805427551
0.0,0.2861681878566742
1.0,0.7309293746948242
0.0,0.4675230085849762
1.0,0.7265850901603699
0.0,0.3416098356246948
1.0,0.7301306128501892
0.0,0.3009165823459625
1.0,0.7180687189102173
1.0,0.7152696251869202
1.0,0.7307668328285217
0.0,0.2725547254085541
0.0,0.42312684655189514
0.0,0.6030428409576416
1.0,0.7186746001243591
0.0,0.2962075471878052
1.0,0.3609910011291504
0.0,0.34150686860084534
0.0,0.7157073616981506
0.0,0.2774497866630554
1.0,0.4354458451271057
0.0,0.41120007634162903
0.0,0.27089568972587585
1.0,0.2701435387134552
0.0,0.28624677658081055
0.0,0.2896943986415863
1.0,0.6978853940963745
0.0,0.3676431179046631
0.0,0.30683615803718567
1.0,0.7296386957168579
0.0,0.2762095332145691
1.0,0.703977108001709
0.0,0.6843215823173523
1.0,0.6387352347373962
1.0,0.7112541198730469
1.0,0.7275457978248596
0.0,0.44462165236473083
0.0,0.5090702772140503
1.0,0.3883357346057892
0.0,0.27189764380455017
1.0,0.4645324647426605
1.0,0.7304725050926208
1.0,0.70496666431427
0.0,0.2917785048484802
1.0,0.4942605495452881
0.0,0.27820420265197754
0.0,0.27619078755378723
0.0,0.38192784786224365
0.0,0.2838594317436218
0.0,0.39711305499076843
0.0,0.32649004459381104
0.0,0.2700957655906677
0.0,0.45410218834877014
1.0,0.6760576367378235
0.0,0.3993528485298157
1.0,0.7284332513809204
1.0,0.3652276396751404
1.0,0.6483285427093506
0.0,0.5677912831306458
1.0,0.7196643948554993
0.0,0.3287823498249054
1.0,0.7280142307281494
1.0,0.4021333158016205
1.0,0.7260109186172485
0.0,0.27710583806037903
1.0,0.27409127354621887
1.0,0.3814793825149536
1.0,0.5315958857536316
0.0,0.7062909007072449
1.0,0.7080733180046082
1.0,0.38158467411994934
0.0,0.36446404457092285
0.0,0.690395712852478
0.0,0.707556962966919
1.0,0.7233284115791321
1.0,0.7308943271636963
1.0,0.6778115630149841
0.0,0.2948852479457855
1.0,0.6475204229354858
0.0,0.6224666237831116
1.0,0.6723555326461792
1.0,0.7303401231765747
0.0,0.6228678226470947
1.0,0.7220064997673035
1.0,0.7306389212608337
1.0,0.2804723083972931
0.0,0.49662476778030396
1.0,0.6878732442855835
1.0,0.2774852514266968
0.0,0.494274765253067
0.0,0.27034980058670044
1.0,0.6580896973609924
1.0,0.5072195529937744
0.0,0.2781803011894226
1.0,0.6943178176879883
0.0,0.7010721564292908
1.0,0.7292884588241577
0.0,0.2949753999710083
0.0,0.34187832474708557
1.0,0.7005313038825989
1.0,0.6962735652923584
0.0,0.3152559697628021
1.0,0.7105190753936768
1.0,0.7235726714134216
0.0,0.27694231271743774
1.0,0.33492714166641235
1.0,0.2785284221172333
1.0,0.6871820092201233
1.0,0.7303400039672852
1.0,0.5432652235031128
1.0,0.7227910161018372
0.0,0.2952193319797516
1.0,0.7214898467063904
0.0,0.3233184814453125
0.0,0.5382103323936462
0.0,0.2827432155609131
1.0,0.7203786373138428
0.0,0.28096476197242737
1.0,0.597475528717041
1.0,0.327448308467865
1.0,0.6656705737113953
0.0,0.6931847929954529
0.0,0.2849131226539612
1.0,0.6757590770721436
0.0,0.3207685649394989
0.0,0.6718339920043945
0.0,0.5339491367340088
0.0,0.32857707142829895
1.0,0.7221338748931885
0.0,0.33202633261680603
0.0,0.33021411299705505
1.0,0.6598873138427734
1.0,0.7285963296890259
0.0,0.37349966168403625
0.0,0.29857107996940613
1.0,0.7297762632369995
1.0,0.5423496961593628
1.0,0.7281274199485779
1.0,0.2716229557991028
1.0,0.6605983376502991
0.0,0.3012769818305969
1.0,0.2724933326244354
0.0,0.2718493938446045
0.0,0.58955979347229
1.0,0.6933228969573975
0.0,0.28803589940071106
1.0,0.7127366065979004
0.0,0.3531208038330078
0.0,0.6068294048309326
0.0,0.41697731614112854
1.0,0.7026579976081848
1.0,0.43098050355911255
1.0,0.2716401219367981
1.0,0.7267616987228394
0.0,0.27319976687431335
1.0,0.3573582172393799
1.0,0.7132489085197449
0.0,0.2886585593223572
1.0,0.7300392389297485
0.0,0.6014208793640137
1.0,0.44634827971458435
1.0,0.5994181036949158
0.0,0.7150754928588867
1.0,0.4951348304748535
0.0,0.2800273001194
1.0,0.28357207775115967
1.0,0.7250510454177856
0.0,0.27515098452568054
1.0,0.7247524261474609
1.0,0.6868847012519836
0.0,0.3397849500179291
1.0,0.7042199373245239
1.0,0.7107337713241577
0.0,0.2770909368991852
1.0,0.7286294102668762
0.0,0.40614956617355347
0.0,0.27127644419670105
0.0,0.27546748518943787
1.0,0.7258466482162476
0.0,0.717361569404602
0.0,0.2820234000682831
0.0,0.6982971429824829
0.0,0.41828155517578125
0.0,0.2984011471271515
0.0,0.35222169756889343
1.0,0.6989284753799438
1.0,0.4966241717338562
0.0,0.624097466468811
1.0,0.686460554599762
1.0,0.6778757572174072
1.0,0.34075072407722473
1.0,0.7197431921958923
1.0,0.7202909588813782
1.0,0.7165707945823669
0.0,0.7067253589630127
1.0,0.6666539311408997
1.0,0.7297806739807129
1.0,0.5068138837814331
1.0,0.7273211479187012
1.0,0.42114633321762085
1.0,0.3920750916004181
0.0,0.33442071080207825
1.0,0.5347703099250793
0.0,0.27544575929641724
0.0,0.36170780658721924
0.0,0.5070125460624695
1.0,0.37121516466140747
1.0,0.3152695894241333
1.0,0.38088375329971313
1.0,0.3611942231655121
1.0,0.6648111343383789
1.0,0.7290065884590149
1.0,0.6620576977729797
0.0,0.2774873375892639
0.0,0.5079809427261353
1.0,0.7304261922836304
0.0,0.2776409089565277
1.0,0.5019941329956055
0.0,0.3724828064441681
1.0,0.710603654384613
0.0,0.27054980397224426
1.0,0.7030081748962402
0.0,0.2762732207775116
1.0,0.6308640241622925
1.0,0.6826222538948059
1.0,0.7302788496017456
1.0,0.6953946352005005
1.0,0.7307471632957458
0.0,0.42866915464401245
0.0,0.7186651229858398
1.0,0.6204026341438293
1.0,0.4880964457988739
0.0,0.4254310131072998
1.0,0.7047423124313354
1.0,0.5280303955078125
1.0,0.6896964907646179
0.0,0.28364744782447815
0.0,0.28088927268981934
1.0,0.7308154106140137
1.0,0.5799905061721802
0.0,0.3048356771469116
0.0,0.2850332260131836
0.0,0.3252538740634918
1.0,0.3318248391151428
1.0,0.30139678716659546
1.0,0.7156332731246948
1.0,0.7286505699157715
1.0,0.7113053798675537
0.0,0.3499951958656311
0.0,0.7001294493675232
1.0,0.7277604937553406
0.0,0.40009722113609314
0.0,0.6897143125534058
0.0,0.2734984755516052
0.0,0.2701130211353302
0.0,0.5313634276390076
0.0,0.28968945145606995
0.0,0.6966944932937622
0.0,0.6385273337364197
0.0,0.38002926111221313
1.0,0.729901134967804
0.0,0.33743488788604736
0.0,0.3581947684288025
1.0,0.6945965886116028
0.0,0.41627073287963867
0.0,0.39706185460090637
0.0,0.38577258586883545
0.0,0.6298334002494812
0.0,0.3234410285949707
1.0,0.6990879774093628
0.0,0.5041194558143616
1.0,0.7288450002670288
1.0,0.2833247184753418
1.0,0.5011960864067078
0.0,0.32799530029296875
0.0,0.3162791132926941
1.0,0.684173583984375
1.0,0.7301289439201355
0.0,0.27789580821990967
1.0,0.43636584281921387
1.0,0.6743670105934143
1.0,0.7035912275314331
0.0,0.4567136764526367
0.0,0.670551598072052
1.0,0.7191464304924011
0.0,0.7176356911659241
1.0,0.27697768807411194
1.0,0.6431460976600647
1.0,0.6416397094726562
1.0,0.4007318913936615
0.0,0.6924408674240112
1.0,0.7085630893707275
0.0,0.39410704374313354
0.0,0.5683618187904358
0.0,0.31408414244651794
0.0,0.2699301242828369
0.0,0.2801651656627655
1.0,0.7284385561943054
1.0,0.6454321146011353
1.0,0.726898729801178
1.0,0.7274788618087769
0.0,0.2730380892753601
0.0,0.48675233125686646
1.0,0.7238891124725342
1.0,0.2876773178577423
0.0,0.3417227566242218
0.0,0.396409809589386
1.0,0.71942538022995
0.0,0.33787888288497925
0.0,0.2728087306022644
1.0,0.5474128127098083
0.0,0.2762679159641266
1.0,0.7146583795547485
0.0,0.30979228019714355
1.0,0.45883917808532715
0.0,0.29179680347442627
1.0,0.7287759780883789
1.0,0.7186821103096008
1.0,0.729620099067688
1.0,0.48345592617988586
1.0,0.7225996255874634
0.0,0.721270740032196
0.0,0.2727866768836975
1.0,0.7233019471168518
1.0,0.5670027136802673
1.0,0.7300946116447449
1.0,0.34147489070892334
0.0,0.3187572956085205
0.0,0.2845166027545929
0.0,0.34329333901405334
1.0,0.3459007740020752
1.0,0.7286930680274963
1.0,0.6487394571304321
1.0,0.625338077545166
0.0,0.5469210743904114
0.0,0.29909929633140564
0.0,0.47802460193634033
1.0,0.5362932682037354
0.0,0.42199915647506714
1.0,0.621353805065155
1.0,0.7295934557914734
1.0,0.7264792919158936
1.0,0.7080498337745667
0.0,0.28524231910705566
0.0,0.3288141191005707
0.0,0.28564125299453735
0.0,0.4620212912559509
0.0,0.350983202457428
0.0,0.7301924228668213
0.0,0.640359103679657
0.0,0.2796640992164612
0.0,0.41612887382507324
1.0,0.7293097376823425
1.0,0.7275730967521667
0.0,0.29045361280441284
1.0,0.7305696606636047
1.0,0.6273680925369263
1.0,0.7294725179672241
1.0,0.3207772374153137
0.0,0.3769364058971405
1.0,0.7288172841072083
0.0,0.2708480656147003
0.0,0.4658834636211395
1.0,0.4971153140068054
0.0,0.27328845858573914
0.0,0.4469907879829407
1.0,0.7298572659492493
1.0,0.7280153036117554
0.0,0.28549206256866455
1.0,0.3978254199028015
0.0,0.2733158767223358
0.0,0.3354402184486389
0.0,0.3186003863811493
0.0,0.3358348608016968
0.0,0.2719360888004303
0.0,0.278695285320282
0.0,0.31287652254104614
0.0,0.2816692888736725
0.0,0.27075064182281494
1.0,0.73024582862854
0.0,0.6209853291511536
1.0,0.29262906312942505
0.0,0.2727851867675781
1.0,0.7305238246917725
1.0,0.6880658268928528
1.0,0.7120956182479858
0.0,0.6476966738700867
1.0,0.7306848168373108
1.0,0.3623768389225006
1.0,0.7300220131874084
0.0,0.274198442697525
1.0,0.7288945317268372
1.0,0.7111852765083313
0.0,0.2799435257911682
1.0,0.7307761907577515
1.0,0.6740020513534546
1.0,0.46539583802223206
1.0,0.5814438462257385
0.0,0.6110497713088989
1.0,0.7255820035934448
1.0,0.652259111404419
0.0,0.2797861695289612
0.0,0.3717568814754486
1.0,0.295177698135376
0.0,0.47094279527664185
1.0,0.7243165969848633
1.0,0.5229513049125671
0.0,0.2715901732444763
0.0,0.6740628480911255
0.0,0.2836492359638214
1.0,0.6956179738044739
0.0,0.30844223499298096
0.0,0.4536817967891693
0.0,0.2865447998046875
0.0,0.2815774977207184
1.0,0.7101646065711975
0.0,0.7011290192604065
0.0,0.2791436016559601
0.0,0.3250972330570221
1.0,0.6695143580436707
1.0,0.728826105594635
1.0,0.622725784778595
1.0,0.2792220115661621
0.0,0.3966462016105652
1.0,0.7235768437385559
1.0,0.4024439752101898
0.0,0.27761557698249817
1.0,0.5015578866004944
1.0,0.7295370697975159
1.0,0.42925044894218445
1.0,0.7289602756500244
0.0,0.3199300169944763
0.0,0.47837942838668823
0.0,0.27837762236595154
1.0,0.6047535538673401
0.0,0.2698805332183838
0.0,0.3661724925041199
0.0,0.4930399954319
0.0,0.30290818214416504
0.0,0.28898465633392334
1.0,0.3248441815376282
1.0,0.47845926880836487
1.0,0.2761935591697693
1.0,0.6994449496269226
1.0,0.7058995962142944
0.0,0.31110879778862
1.0,0.7207958698272705
1.0,0.707909107208252
0.0,0.5077382922172546
0.0,0.38006171584129333
0.0,0.3435646593570709
0.0,0.30141282081604004
1.0,0.44091716408729553
0.0,0.35968509316444397
0.0,0.31649452447891235
1.0,0.7269544005393982
0.0,0.28582853078842163
1.0,0.3378244936466217
0.0,0.3827704191207886
1.0,0.5256420969963074
1.0,0.5526517629623413
1.0,0.4323703944683075
1.0,0.32758864760398865
0.0,0.28098049759864807
0.0,0.3085610866546631
1.0,0.56104576587677
1.0,0.6301114559173584
0.0,0.5696547627449036
1.0,0.7297468781471252
1.0,0.7150787711143494
1.0,0.37254494428634644
1.0,0.7295325994491577
1.0,0.7294409275054932
1.0,0.7179207801818848
0.0,0.7173659801483154
1.0,0.7306197881698608
0.0,0.3459530174732208
1.0,0.5212594270706177
1.0,0.730821967124939
1.0,0.34463757276535034
0.0,0.6924402117729187
1.0,0.29621705412864685
1.0,0.7177030444145203
1.0,0.7302444577217102
0.0,0.2868448793888092
0.0,0.4744367301464081
0.0,0.2946540415287018
0.0,0.6513264775276184
1.0,0.2771134376525879
0.0,0.304826945066452
0.0,0.27814579010009766
0.0,0.564367949962616
1.0,0.6349092721939087
0.0,0.3849075734615326
0.0,0.2711579203605652
0.0,0.27440690994262695
0.0,0.5206487774848938
0.0,0.6795981526374817
0.0,0.2725990414619446
1.0,0.7301385402679443
1.0,0.7010855078697205
0.0,0.26931723952293396
1.0,0.7268999218940735
0.0,0.27651214599609375
1.0,0.7303223609924316
1.0,0.32916462421417236
1.0,0.7298639416694641
0.0,0.30508390069007874
1.0,0.6690855622291565
0.0,0.4061383903026581
0.0,0.5826289057731628
1.0,0.6325140595436096
1.0,0.33927497267723083
0.0,0.27947157621383667
0.0,0.5561731457710266
0.0,0.29028093814849854
1.0,0.67784184217453
0.0,0.5700317025184631
0.0,0.27914324402809143
1.0,0.6982588171958923
0.0,0.3659942150115967
0.0,0.3018665611743927
1.0,0.5306933522224426
1.0,0.7197463512420654
1.0,0.7153059840202332
0.0,0.2936329245567322
1.0,0.6236053109169006
0.0,0.3765648603439331
0.0,0.29561203718185425
0.0,0.2708728313446045
0.0,0.2920570969581604
1.0,0.7207719087600708
0.0,0.3702549934387207
0.0,0.4178720712661743
1.0,0.5899365544319153
1.0,0.37134554982185364
1.0,0.5415230989456177
1.0,0.730498731136322
1.0,0.6235173344612122
0.0,0.2713143527507782
0.0,0.36733412742614746
1.0,0.713150680065155
1.0,0.7049863934516907
1.0,0.7290937304496765
0.0,0.30648404359817505
1.0,0.7254191637039185
0.0,0.4850984811782837
1.0,0.3042428195476532
0.0,0.28320327401161194
1.0,0.7301540970802307
0.0,0.28406065702438354
0.0,0.32089513540267944
1.0,0.6634655594825745
1.0,0.704174816608429
0.0,0.40480098128318787
0.0,0.2948988974094391
0.0,0.28045517206192017
0.0,0.4010807275772095
1.0,0.630445122718811
1.0,0.27317214012145996
0.0,0.2899457514286041
0.0,0.31404533982276917
0.0,0.29250749945640564
1.0,0.7123892903327942
1.0,0.7190334796905518
0.0,0.2801576554775238
1.0,0.6186298727989197
0.0,0.2754860818386078
0.0,0.7245530486106873
1.0,0.7011410593986511
1.0,0.7293149828910828
1.0,0.7254342436790466
0.0,0.32115593552589417
1.0,0.7079410552978516
0.0,0.33122044801712036
1.0,0.7294138073921204
0.0,0.7031493782997131
0.0,0.6627885699272156
1.0,0.723080575466156
0.0,0.33311036229133606
0.0,0.2815892994403839
0.0,0.33724093437194824
1.0,0.7273913621902466
1.0,0.2859618365764618
1.0,0.6003994345664978
0.0,0.4756709635257721
1.0,0.7260515689849854
1.0,0.7285974621772766
1.0,0.4036756157875061
0.0,0.47106653451919556
1.0,0.690933346748352
0.0,0.3401886522769928
0.0,0.41462022066116333
1.0,0.7237957715988159
1.0,0.42470136284828186
0.0,0.27070364356040955
1.0,0.477594256401062
1.0,0.7155534029006958
0.0,0.6115542054176331
0.0,0.3980851173400879
0.0,0.2715487480163574
0.0,0.28015798330307007
0.0,0.27076244354248047
0.0,0.28983667492866516
0.0,0.35085994005203247
1.0,0.730415940284729
0.0,0.532142162322998
1.0,0.7282119989395142
0.0,0.29510316252708435
0.0,0.4351123571395874
0.0,0.2712332308292389
0.0,0.2755807042121887
0.0,0.283029168844223
0.0,0.2874999940395355
1.0,0.6774490475654602
1.0,0.7176738977432251
0.0,0.3016359210014343
0.0,0.2734251320362091
0.0,0.2962583601474762
0.0,0.3236095905303955
1.0,0.7222855687141418
0.0,0.6822010278701782
0.0,0.2765401303768158
1.0,0.718852162361145
1.0,0.6899173259735107
0.0,0.269813597202301
0.0,0.35886436700820923
1.0,0.7109758853912354
0.0,0.7005898356437683
0.0,0.43554577231407166
0.0,0.31090280413627625
1.0,0.7180061340332031
1.0,0.7300999760627747
1.0,0.7281843423843384
0.0,0.3725427985191345
1.0,0.676658034324646
1.0,0.7172306776046753
0.0,0.5421571731567383
1.0,0.6699946522712708
0.0,0.42708998918533325
1.0,0.72481769323349
0.0,0.46097180247306824
1.0,0.7183937430381775
1.0,0.7238099575042725
1.0,0.3259558081626892
0.0,0.2803899049758911
1.0,0.7287451028823853
0.0,0.2948154807090759
0.0,0.3525683581829071
0.0,0.5248801112174988
0.0,0.7154742479324341
0.0,0.28513091802597046
1.0,0.47896066308021545
1.0,0.2830660343170166
1.0,0.7271344661712646
1.0,0.716052770614624
0.0,0.2732328474521637
0.0,0.5132383704185486
1.0,0.5863856673240662
0.0,0.2714858055114746
1.0,0.5082520246505737
0.0,0.32730650901794434
0.0,0.27051258087158203
0.0,0.2713261544704437
0.0,0.2833511531352997
0.0,0.27602842450141907
0.0,0.3242183029651642
0.0,0.2747170031070709
0.0,0.27105140686035156
1.0,0.7307025194168091
1.0,0.7118592262268066
0.0,0.2719581723213196
0.0,0.31972935795783997
0.0,0.6840054392814636
1.0,0.679327666759491
0.0,0.27480027079582214
0.0,0.29520952701568604
0.0,0.30656689405441284
0.0,0.5790470242500305
1.0,0.2913235127925873
0.0,0.2718842625617981
0.0,0.27390575408935547
0.0,0.6342628598213196
1.0,0.7144249677658081
1.0,0.6998792886734009
1.0,0.7158032059669495
1.0,0.6648511290550232
0.0,0.42278656363487244
0.0,0.27750590443611145
0.0,0.27374377846717834
0.0,0.2794780731201172
0.0,0.7028746008872986
1.0,0.697394609451294
1.0,0.7169933915138245
1.0,0.728949248790741
1.0,0.730262815952301
0.0,0.2722032964229584
1.0,0.5499264001846313
1.0,0.35534125566482544
1.0,0.7295861840248108
0.0,0.27144357562065125
0.0,0.3403119444847107
1.0,0.7279953360557556
1.0,0.7304497361183167
1.0,0.6213124394416809
1.0,0.6152351498603821
0.0,0.2723734676837921
0.0,0.27001145482063293
0.0,0.27918246388435364
0.0,0.27340513467788696
0.0,0.3284383714199066
0.0,0.27354100346565247
0.0,0.3385295271873474
1.0,0.7267909646034241
1.0,0.5466011762619019
1.0,0.36951810121536255
1.0,0.7016911506652832
1.0,0.7196235656738281
0.0,0.2777515649795532
1.0,0.7040932774543762
0.0,0.7036947011947632
1.0,0.7293444871902466
1.0,0.3909861147403717
1.0,0.7287448048591614
0.0,0.47247615456581116
0.0,0.273748517036438
0.0,0.29879099130630493
1.0,0.604103147983551
1.0,0.498658150434494
1.0,0.7284153699874878
0.0,0.26974374055862427
0.0,0.2848752439022064
1.0,0.3295992612838745
0.0,0.2744073271751404
0.0,0.2865723669528961
1.0,0.6703795194625854
0.0,0.3015126883983612
1.0,0.7265859842300415
1.0,0.729610025882721
0.0,0.44895926117897034
0.0,0.3728713095188141
1.0,0.6357216835021973
1.0,0.7036409378051758
1.0,0.33754098415374756
0.0,0.27230921387672424
1.0,0.4906923770904541
1.0,0.44552484154701233
0.0,0.29119962453842163
1.0,0.31344708800315857
1.0,0.7305877804756165
1.0,0.7307615280151367
0.0,0.34991076588630676
1.0,0.719857931137085
1.0,0.6639052033424377
0.0,0.38660240173339844
1.0,0.7231696844100952
1.0,0.6205930113792419
0.0,0.4397185146808624
0.0,0.2696097791194916
1.0,0.7301592826843262
0.0,0.2714657187461853
0.0,0.27290788292884827
1.0,0.28800323605537415
1.0,0.719878613948822
0.0,0.482245534658432
0.0,0.38888785243034363
0.0,0.7260292768478394
0.0,0.5907164216041565
0.0,0.2777334451675415
0.0,0.2917467951774597
0.0,0.28689906001091003
0.0,0.7272503972053528
1.0,0.7295317053794861
0.0,0.7138011455535889
1.0,0.730190634727478
0.0,0.39358437061309814
1.0,0.6839442253112793
0.0,0.2769935131072998
0.0,0.26911619305610657
0.0,0.40357235074043274
0.0,0.2836214303970337
0.0,0.3902372121810913
0.0,0.27536407113075256
0.0,0.6893905401229858
1.0,0.7273439764976501
0.0,0.49903061985969543
1.0,0.7123883366584778
1.0,0.7252264022827148
0.0,0.28568199276924133
1.0,0.353145956993103
1.0,0.27486488223075867
1.0,0.7241427898406982
1.0,0.29178959131240845
0.0,0.6665514707565308
0.0,0.3415062725543976
0.0,0.30870845913887024
0.0,0.39624208211898804
1.0,0.6916589140892029
0.0,0.27907121181488037
0.0,0.2697230279445648
0.0,0.2860206961631775
0.0,0.6402819156646729
1.0,0.7248563170433044
1.0,0.3759952783584595
0.0,0.2709690034389496
1.0,0.6737698912620544
0.0,0.7164924740791321
0.0,0.2850283682346344
0.0,0.28017565608024597
1.0,0.5915402173995972
0.0,0.2950426936149597
0.0,0.2710271179676056
0.0,0.7298303842544556
0.0,0.2782087028026581
1.0,0.7293201684951782
1.0,0.6892271041870117
1.0,0.7284042239189148
0.0,0.28464677929878235
1.0,0.7015113830566406
0.0,0.34842947125434875
1.0,0.4784431457519531
0.0,0.36505165696144104
0.0,0.3079671859741211
0.0,0.3562711179256439
1.0,0.6966445446014404
1.0,0.5125365853309631
0.0,0.45402419567108154
1.0,0.5072649717330933
0.0,0.4335816502571106
1.0,0.6562462449073792
0.0,0.3088436424732208
1.0,0.729750394821167
0.0,0.7296646237373352
0.0,0.2702399790287018
0.0,0.6552736163139343
0.0,0.7175473570823669
0.0,0.28004881739616394
1.0,0.27995243668556213
0.0,0.2708468735218048
1.0,0.664209246635437
0.0,0.31195068359375
0.0,0.29078927636146545
0.0,0.6265721321105957
1.0,0.6862870454788208
1.0,0.71101975440979
0.0,0.6597254276275635
0.0,0.2711810767650604
0.0,0.5161741375923157
1.0,0.7262158989906311
1.0,0.7270392179489136
0.0,0.5930949449539185
0.0,0.26941078901290894
1.0,0.7262247800827026
1.0,0.7252078652381897
0.0,0.2788778841495514
1.0,0.7290406227111816
0.0,0.3509352207183838
1.0,0.691188633441925
0.0,0.3928528428077698
0.0,0.7302921414375305
0.0,0.3916647434234619
0.0,0.6871612668037415
1.0,0.7229658961296082
1.0,0.7263306975364685
1.0,0.5749327540397644
1.0,0.5367061495780945
1.0,0.5538541674613953
1.0,0.6826351881027222
1.0,0.4207010865211487
1.0,0.693427324295044
1.0,0.4199700653553009
1.0,0.7261137962341309
0.0,0.2758977711200714
0.0,0.2807219624519348
1.0,0.7297561764717102
1.0,0.6326942443847656
0.0,0.5561054348945618
1.0,0.6830422282218933
1.0,0.6931725740432739
0.0,0.7207754254341125
1.0,0.7182847261428833
0.0,0.3654676675796509
0.0,0.27138596773147583
1.0,0.7210473418235779
0.0,0.358976811170578
1.0,0.6857065558433533
0.0,0.272553026676178
0.0,0.27102670073509216
0.0,0.39137840270996094
0.0,0.34434786438941956
1.0,0.7276800870895386
1.0,0.577849268913269
1.0,0.48051247000694275
1.0,0.4750855267047882
0.0,0.3512146770954132
0.0,0.2880057394504547
1.0,0.7058342099189758
0.0,0.28351619839668274
1.0,0.6554745435714722
0.0,0.6671804785728455
0.0,0.30656978487968445
1.0,0.6727275252342224
1.0,0.713227391242981
0.0,0.6384754180908203
0.0,0.35810041427612305
1.0,0.6176177859306335
1.0,0.6895462274551392
1.0,0.3751068711280823
0.0,0.4198835492134094
0.0,0.2733255922794342
0.0,0.27043455839157104
1.0,0.5213473439216614
1.0,0.7303847074508667
0.0,0.6975620985031128
1.0,0.6999733448028564
1.0,0.29914185404777527
0.0,0.34627044200897217
1.0,0.5003753304481506
1.0,0.7245111465454102
1.0,0.7297448515892029
1.0,0.721929669380188
1.0,0.5488532781600952
0.0,0.4206278324127197
1.0,0.7297607660293579
1.0,0.6704727411270142
0.0,0.702407956123352
1.0,0.7250059843063354
1.0,0.5470474362373352
1.0,0.7041792273521423
1.0,0.7105026245117188
1.0,0.703240692615509
0.0,0.36788052320480347
1.0,0.7083742618560791
0.0,0.2799619734287262
0.0,0.3769450783729553
0.0,0.2932142913341522
1.0,0.7280685305595398
1.0,0.7211812138557434
1.0,0.707966148853302
1.0,0.7290382981300354
0.0,0.5693008303642273
1.0,0.7115694284439087
0.0,0.2969718873500824
0.0,0.5131723880767822
1.0,0.7257014513015747
0.0,0.27559328079223633
1.0,0.4886068105697632
0.0,0.3374392092227936
0.0,0.303011953830719
0.0,0.2878303527832031
1.0,0.6942909359931946
0.0,0.2941770553588867
0.0,0.5026409029960632
1.0,0.4069679081439972
1.0,0.7296085357666016
1.0,0.7303308844566345
1.0,0.7306466102600098
1.0,0.2807367742061615
0.0,0.3504294455051422
1.0,0.46689432859420776
1.0,0.7228513956069946
0.0,0.2779964804649353
0.0,0.7107938528060913
1.0,0.28642526268959045
1.0,0.6982753872871399
0.0,0.30493462085723877
1.0,0.5773903727531433
0.0,0.3269157409667969
0.0,0.3158033490180969
0.0,0.7232462763786316
0.0,0.37786877155303955
0.0,0.3025607168674469
0.0,0.3330336809158325
1.0,0.7287981510162354
0.0,0.49074870347976685
0.0,0.28670188784599304
1.0,0.7162199020385742
0.0,0.2704906761646271
1.0,0.28598660230636597
0.0,0.667240560054779
0.0,0.3552553057670593
0.0,0.2740772068500519
0.0,0.27777332067489624
0.0,0.6449860334396362
1.0,0.2886325418949127
0.0,0.28561800718307495
1.0,0.7240337133407593
0.0,0.3945646584033966
1.0,0.6662014722824097
1.0,0.26981961727142334
1.0,0.7240576148033142
0.0,0.38204118609428406
0.0,0.5744890570640564
0.0,0.4137651324272156
0.0,0.6173154711723328
1.0,0.2706766128540039
1.0,0.5401111245155334
0.0,0.5973201990127563
0.0,0.3022838234901428
0.0,0.29534897208213806
1.0,0.6909800171852112
1.0,0.725164532661438
0.0,0.29928058385849
0.0,0.3968454897403717
1.0,0.6648805737495422
1.0,0.7225492596626282
0.0,0.48326513171195984
0.0,0.32243919372558594
1.0,0.29226526618003845
0.0,0.46434953808784485
0.0,0.5859955549240112
0.0,0.7040002346038818
1.0,0.729111909866333
0.0,0.27748093008995056
1.0,0.7257709503173828
0.0,0.2719748020172119
1.0,0.5950954556465149
0.0,0.4299427568912506
0.0,0.2751263678073883
1.0,0.7244533896446228
1.0,0.7183292508125305
0.0,0.5244482755661011
0.0,0.35660111904144287
0.0,0.28215938806533813
0.0,0.2739208936691284
1.0,0.7243120074272156
0.0,0.42191487550735474
1.0,0.5575711131095886
1.0,0.7190887928009033
0.0,0.43359529972076416
1.0,0.7264165878295898
0.0,0.27166226506233215
0.0,0.28799036145210266
0.0,0.2708165943622589
1.0,0.286690890789032
0.0,0.28573304414749146
1.0,0.7301326990127563
0.0,0.32288214564323425
0.0,0.2964242696762085
0.0,0.30933091044425964
0.0,0.2700423300266266
0.0,0.37136027216911316
1.0,0.7283381819725037
1.0,0.7266287803649902
0.0,0.5113234519958496
0.0,0.6768844127655029
0.0,0.29924124479293823
1.0,0.7224637866020203
1.0,0.39086395502090454
1.0,0.6824157238006592
0.0,0.6488019227981567
0.0,0.27729183435440063
1.0,0.49299952387809753
0.0,0.6988094449043274
0.0,0.27582651376724243
0.0,0.2773454487323761
1.0,0.6716155409812927
1.0,0.3683389127254486
0.0,0.3617359399795532
0.0,0.5637415051460266
1.0,0.7269545793533325
1.0,0.4308907985687256
0.0,0.2995847463607788
1.0,0.7086055874824524
1.0,0.6253621578216553
0.0,0.6496945023536682
0.0,0.27494460344314575
1.0,0.7052699327468872
1.0,0.6135559678077698
1.0,0.45511594414711
0.0,0.2785055339336395
1.0,0.6213124394416809
1.0,0.727116048336029
1.0,0.642706036567688
1.0,0.7234864234924316
1.0,0.7245203256607056
0.0,0.5013821721076965
1.0,0.6621773838996887
0.0,0.2901700437068939
0.0,0.7063900828361511
0.0,0.4256363809108734
0.0,0.28716954588890076
0.0,0.4120754599571228
1.0,0.7242676019668579
1.0,0.2703091502189636
0.0,0.3058437705039978
0.0,0.3784790635108948
1.0,0.4496282935142517
1.0,0.7304257154464722
0.0,0.28511831164360046
0.0,0.6959360837936401
1.0,0.7302249670028687
0.0,0.28318995237350464
1.0,0.4044046700000763
1.0,0.3387131989002228
0.0,0.5174337029457092
1.0,0.5972381830215454
1.0,0.6621774435043335
0.0,0.5775591731071472
0.0,0.2986922562122345
0.0,0.7057702541351318
1.0,0.6652745604515076
0.0,0.39972683787345886
1.0,0.7064218521118164
0.0,0.4201687276363373
1.0,0.729159414768219
1.0,0.7265921831130981
0.0,0.6547620296478271
0.0,0.2739900052547455
1.0,0.4767458438873291
1.0,0.730025589466095
0.0,0.32083970308303833
0.0,0.4522479474544525
1.0,0.7302899360656738
0.0,0.3239976167678833
0.0,0.5186334848403931
1.0,0.7219100594520569
1.0,0.5730717182159424
1.0,0.7121601104736328
0.0,0.5064509510993958
0.0,0.272443950176239
1.0,0.6936134696006775
1.0,0.726482629776001
1.0,0.318056583404541
0.0,0.5904547572135925
1.0,0.5069141983985901
1.0,0.7171843647956848
1.0,0.6812730431556702
0.0,0.7306075692176819
0.0,0.31036025285720825
0.0,0.6588596105575562
1.0,0.47097840905189514
1.0,0.6184931397438049
0.0,0.3787387013435364
0.0,0.3114170432090759
1.0,0.6973744034767151
0.0,0.2739076614379883
0.0,0.41444677114486694
0.0,0.3224148750305176
1.0,0.6090717911720276
1.0,0.7255781888961792
0.0,0.721852719783783
0.0,0.6956719756126404
1.0,0.7167686820030212
0.0,0.2859569489955902
0.0,0.3451825976371765
1.0,0.6864619851112366
1.0,0.27301526069641113
0.0,0.2732276916503906
0.0,0.2694992423057556
0.0,0.2715931832790375
1.0,0.6994673013687134
1.0,0.7178998589515686
0.0,0.3068014979362488
1.0,0.4962698519229889
0.0,0.2881162464618683
0.0,0.33289140462875366
0.0,0.28030651807785034
0.0,0.37403804063796997
1.0,0.6440290212631226
0.0,0.27148401737213135
1.0,0.7223458290100098
0.0,0.27352187037467957
1.0,0.7138918042182922
0.0,0.4917239546775818
0.0,0.664310097694397
0.0,0.34535935521125793
0.0,0.5120416879653931
1.0,0.728988766670227
0.0,0.30262523889541626
1.0,0.4458683431148529
1.0,0.6797159314155579
1.0,0.7298339605331421
1.0,0.7249941229820251
0.0,0.6836514472961426
1.0,0.5400207042694092
0.0,0.28514689207077026
0.0,0.2705707252025604
0.0,0.3905714154243469
0.0,0.47759759426116943
1.0,0.30973222851753235
0.0,0.7114697098731995
1.0,0.43056339025497437
1.0,0.7261942625045776
1.0,0.3657602071762085
0.0,0.35773903131484985
1.0,0.7093254923820496
1.0,0.728795051574707
1.0,0.7309364080429077
1.0,0.27667492628097534
1.0,0.5638339519500732
1.0,0.7001794576644897
1.0,0.5577986836433411
1.0,0.5957971215248108
0.0,0.4754711389541626
1.0,0.6860411763191223
1.0,0.7043779492378235
1.0,0.3119150698184967
1.0,0.7116538286209106
1.0,0.7150469422340393
1.0,0.45967787504196167
0.0,0.5339697599411011
1.0,0.722827136516571
1.0,0.6959824562072754
0.0,0.34569665789604187
0.0,0.2967609465122223
1.0,0.5632358193397522
0.0,0.2736333906650543
1.0,0.7309408783912659
0.0,0.3231196105480194
1.0,0.7090615630149841
0.0,0.5654311776161194
1.0,0.2748440206050873
0.0,0.3013547658920288
1.0,0.7264115810394287
1.0,0.7112810611724854
0.0,0.2734619081020355
0.0,0.6742196083068848
1.0,0.702185869216919
0.0,0.2693992555141449
0.0,0.2905438542366028
1.0,0.6302173733711243
0.0,0.30659744143486023
1.0,0.5317568182945251
1.0,0.6159729957580566
1.0,0.7304167747497559
1.0,0.5273116230964661
1.0,0.6858054995536804
1.0,0.7277494668960571
1.0,0.4634309411048889
1.0,0.7053006887435913
1.0,0.6982430219650269
0.0,0.36604589223861694
1.0,0.725506067276001
1.0,0.7191972732543945
1.0,0.7261980772018433
0.0,0.278184711933136
1.0,0.7159454226493835
0.0,0.28663697838783264
1.0,0.4888356328010559
1.0,0.36825594305992126
1.0,0.7261214256286621
1.0,0.6054369211196899
0.0,0.2751092314720154
0.0,0.29675593972206116
1.0,0.7308694124221802
1.0,0.7068708539009094
0.0,0.39337652921676636
1.0,0.6766241192817688
0.0,0.2903939485549927
1.0,0.6187385320663452
0.0,0.46261730790138245
0.0,0.4274081885814667
1.0,0.7291511297225952
1.0,0.7288385629653931
0.0,0.6279668211936951
0.0,0.28494328260421753
0.0,0.7293500304222107
1.0,0.7248717546463013
0.0,0.30648794770240784
0.0,0.31305456161499023
1.0,0.7290552854537964
0.0,0.34930169582366943
1.0,0.7301511168479919
1.0,0.6856536865234375
1.0,0.7029556632041931
1.0,0.6719958186149597
1.0,0.4014681279659271
1.0,0.2876870632171631
1.0,0.7263355255126953
0.0,0.2893438935279846
1.0,0.7272612452507019
0.0,0.7240278124809265
1.0,0.7152167558670044
0.0,0.27031177282333374
0.0,0.2724677622318268
1.0,0.7286316752433777
0.0,0.42384517192840576
0.0,0.3211148977279663
0.0,0.32561537623405457
1.0,0.3101748824119568
1.0,0.7278396487236023
1.0,0.38795146346092224
1.0,0.6911405324935913
1.0,0.27967554330825806
1.0,0.5207523107528687
0.0,0.2873477637767792
1.0,0.45200154185295105
1.0,0.3416157364845276
0.0,0.3098503649234772
1.0,0.7035945057868958
1.0,0.43294835090637207
1.0,0.7177991271018982
0.0,0.27197882533073425
1.0,0.7112612724304199
0.0,0.2722853720188141
0.0,0.5916804671287537
0.0,0.6642347574234009
0.0,0.7259494066238403
0.0,0.2767947316169739
1.0,0.7149764895439148
1.0,0.7304628491401672
0.0,0.3023317754268646
1.0,0.7298297882080078
1.0,0.34107714891433716
0.0,0.2931450605392456
1.0,0.7182477712631226
1.0,0.6536274552345276
0.0,0.46344977617263794
1.0,0.7216308116912842
1.0,0.7297698855400085
1.0,0.7227897047996521
0.0,0.2971188724040985
1.0,0.7273207902908325
1.0,0.7206266522407532
1.0,0.7280609607696533
0.0,0.3035729229450226
0.0,0.2936995029449463
1.0,0.3660418689250946
0.0,0.48121365904808044
0.0,0.41270917654037476
0.0,0.2752589285373688
0.0,0.2909580171108246
1.0,0.7256786227226257
1.0,0.6649182438850403
0.0,0.3246202766895294
1.0,0.29251620173454285
0.0,0.30852648615837097
1.0,0.7303151488304138
1.0,0.723495602607727
0.0,0.37504374980926514
0.0,0.5391337871551514
0.0,0.28813061118125916
1.0,0.729346513748169
0.0,0.2711200416088104
0.0,0.7189797163009644
0.0,0.45179831981658936
1.0,0.7201629877090454
1.0,0.659803032875061
1.0,0.7240801453590393
0.0,0.27621883153915405
1.0,0.6162583231925964
1.0,0.7098684906959534
1.0,0.6286270618438721
0.0,0.2884926199913025
0.0,0.27629950642585754
1.0,0.7280616164207458
1.0,0.6797062158584595
0.0,0.27435997128486633
0.0,0.6660289764404297
0.0,0.27107900381088257
1.0,0.33470839262008667
1.0,0.7156708240509033
0.0,0.29899856448173523
0.0,0.2824946641921997
0.0,0.4679083228111267
1.0,0.7306807041168213
1.0,0.717342734336853
0.0,0.27484074234962463
1.0,0.4735339879989624
0.0,0.27307409048080444
0.0,0.2732018530368805
1.0,0.5306158661842346
0.0,0.43526363372802734
1.0,0.6064367890357971
0.0,0.2832239866256714
0.0,0.31728532910346985
1.0,0.4815981686115265
0.0,0.4042564034461975
1.0,0.6911077499389648
1.0,0.7266989350318909
0.0,0.3567395508289337
0.0,0.2707022428512573
1.0,0.6876822710037231
0.0,0.2847447395324707
1.0,0.7306679487228394
0.0,0.2808798551559448
0.0,0.2857551574707031
0.0,0.307033896446228
1.0,0.2830882668495178
1.0,0.5049278140068054
1.0,0.6949818730354309
0.0,0.27051758766174316
1.0,0.7196159958839417
0.0,0.2701624929904938
1.0,0.6606801152229309
1.0,0.5524604916572571
1.0,0.7277531623840332
1.0,0.6758925914764404
0.0,0.6876229047775269
0.0,0.5663271546363831
1.0,0.7266268730163574
1.0,0.7241355180740356
1.0,0.727253258228302
1.0,0.7282530665397644
0.0,0.7285473346710205
1.0,0.71090167760849
1.0,0.7266467213630676
1.0,0.3043939173221588
0.0,0.33788105845451355
1.0,0.7039171457290649
1.0,0.7214168906211853
0.0,0.3421686589717865
0.0,0.33655840158462524
0.0,0.6698082685470581
0.0,0.2964932918548584
1.0,0.5052907466888428
1.0,0.6978963017463684
1.0,0.7033553719520569
0.0,0.31017282605171204
1.0,0.7252185940742493
0.0,0.4250795245170593
1.0,0.7274283170700073
1.0,0.5473009943962097
1.0,0.28751140832901
1.0,0.27187034487724304
0.0,0.29162997007369995
1.0,0.5332019925117493
0.0,0.33645689487457275
0.0,0.729411780834198
0.0,0.7031362652778625
0.0,0.696863055229187
1.0,0.7213677167892456
0.0,0.2725882828235626
0.0,0.30793890357017517
1.0,0.7252975106239319
0.0,0.334682434797287
1.0,0.3493414521217346
1.0,0.3598616421222687
1.0,0.7307122945785522
0.0,0.3034590184688568
1.0,0.7307502627372742
0.0,0.3839799165725708
0.0,0.28175219893455505
1.0,0.4750403165817261
1.0,0.7305917143821716
0.0,0.5760765671730042
1.0,0.5207598805427551
0.0,0.27233827114105225
0.0,0.4155234098434448
0.0,0.282962441444397
1.0,0.7285133600234985
1.0,0.48927441239356995
0.0,0.5873071551322937
1.0,0.6878626942634583
1.0,0.40371468663215637
1.0,0.2791041433811188
0.0,0.36660733819007874
0.0,0.317766398191452
1.0,0.6270570158958435
0.0,0.3551604449748993
1.0,0.7303213477134705
0.0,0.56955486536026
0.0,0.34754785895347595
0.0,0.28659138083457947
0.0,0.3286066949367523
0.0,0.6427919268608093
1.0,0.6018335819244385
1.0,0.6544463634490967
1.0,0.29808202385902405
0.0,0.6036280989646912
0.0,0.6811105608940125
0.0,0.3172352910041809
1.0,0.6698736548423767
1.0,0.721491813659668
0.0,0.3071281909942627
0.0,0.30668744444847107
0.0,0.42382362484931946
1.0,0.45967787504196167
0.0,0.673916220664978
1.0,0.27516472339630127
0.0,0.3863995373249054
0.0,0.6499943137168884
1.0,0.433415949344635
1.0,0.7107824683189392
0.0,0.5338754057884216
1.0,0.6036207675933838
0.0,0.339929461479187
1.0,0.5174841284751892
0.0,0.3186749815940857
0.0,0.2986084818840027
1.0,0.6755338907241821
0.0,0.31978756189346313
0.0,0.30579444766044617
0.0,0.27916139364242554
0.0,0.730255126953125
0.0,0.7260321378707886
1.0,0.6225634813308716
1.0,0.5570724606513977
1.0,0.7303090691566467
0.0,0.27565616369247437
1.0,0.6980392336845398
1.0,0.5347332954406738
0.0,0.3114745020866394
1.0,0.6681530475616455
0.0,0.2781817317008972
1.0,0.7308586239814758
1.0,0.6340704560279846
1.0,0.6815686225891113
0.0,0.44865861535072327
0.0,0.29376983642578125
1.0,0.7233800888061523
1.0,0.38358303904533386
1.0,0.36232927441596985
1.0,0.27982577681541443
1.0,0.713909387588501
1.0,0.6614289283752441
1.0,0.6915053725242615
0.0,0.4216907322406769
1.0,0.28451648354530334
0.0,0.30588990449905396
0.0,0.3492092192173004
0.0,0.30494606494903564
0.0,0.37514424324035645
1.0,0.671931266784668
1.0,0.7264782190322876
0.0,0.27461105585098267
0.0,0.682023823261261
1.0,0.27765917778015137
1.0,0.5508201122283936
0.0,0.4610072672367096
0.0,0.39771637320518494
1.0,0.7066083550453186
1.0,0.7301698923110962
1.0,0.728980541229248
1.0,0.7287900447845459
0.0,0.27783289551734924
0.0,0.28695809841156006
0.0,0.30747291445732117
0.0,0.38002604246139526
1.0,0.3386898636817932
0.0,0.7114978432655334
0.0,0.6672927737236023
0.0,0.6696273684501648
1.0,0.7284391522407532
1.0,0.728343665599823
1.0,0.433384507894516
1.0,0.27036529779434204
1.0,0.27667760848999023
1.0,0.6900145411491394
0.0,0.7022102475166321
1.0,0.40995439887046814
1.0,0.2773851156234741
1.0,0.7267130017280579
1.0,0.6446560621261597
0.0,0.34084466099739075
1.0,0.6871894598007202
1.0,0.7261287569999695
1.0,0.6632071137428284
1.0,0.6381587982177734
0.0,0.2697082757949829
1.0,0.687907338142395
0.0,0.4073258936405182
0.0,0.3782820999622345
1.0,0.70844566822052
1.0,0.7288602590560913
0.0,0.3343910276889801
1.0,0.30002114176750183
1.0,0.7292045950889587
1.0,0.6976195573806763
0.0,0.48022153973579407
0.0,0.5510278940200806
1.0,0.6821280717849731
1.0,0.43716686964035034
0.0,0.43781769275665283
1.0,0.2951563894748688
1.0,0.7019011974334717
0.0,0.28924089670181274
1.0,0.7222945690155029
1.0,0.7266690135002136
1.0,0.2824002206325531
1.0,0.30331793427467346
0.0,0.3197021186351776
0.0,0.2939724624156952
0.0,0.2792634069919586
1.0,0.6946083307266235
1.0,0.292007178068161
0.0,0.3328608274459839
1.0,0.3829522132873535
1.0,0.47567474842071533
0.0,0.28473949432373047
1.0,0.42396777868270874
1.0,0.7035337686538696
0.0,0.5168029069900513
1.0,0.714838445186615
0.0,0.7142032384872437
0.0,0.4976385831832886
0.0,0.35377243161201477
0.0,0.4684501886367798
1.0,0.6445357203483582
1.0,0.7267027497291565
0.0,0.3436511754989624
0.0,0.5011893510818481
1.0,0.7293394804000854
1.0,0.44715479016304016
0.0,0.30036458373069763
0.0,0.2873263955116272
0.0,0.31793925166130066
1.0,0.39913666248321533
0.0,0.37177616357803345
0.0,0.3871196508407593
1.0,0.4745199978351593
1.0,0.7202459573745728
1.0,0.710956871509552
1.0,0.7287245988845825
1.0,0.3525543510913849
0.0,0.2698935568332672
1.0,0.7248829007148743
0.0,0.3246627748012543
1.0,0.7301813960075378
0.0,0.515549898147583
0.0,0.7288849949836731
1.0,0.3115888833999634
1.0,0.39468422532081604
0.0,0.3228035569190979
0.0,0.37797310948371887
0.0,0.30070483684539795
0.0,0.5151523351669312
0.0,0.435057669878006
1.0,0.6249855160713196
0.0,0.31821000576019287
1.0,0.5836337208747864
1.0,0.7277374863624573
0.0,0.28360822796821594
1.0,0.7273958325386047
1.0,0.7293488383293152
1.0,0.7211018204689026
1.0,0.6662022471427917
1.0,0.7278452515602112
1.0,0.7257089614868164
1.0,0.4235452711582184
1.0,0.7267109751701355
0.0,0.3932301700115204
0.0,0.2940138578414917
0.0,0.6704602241516113
1.0,0.7305527329444885
0.0,0.27181482315063477
1.0,0.6978116631507874
1.0,0.7043238282203674
1.0,0.32608965039253235
0.0,0.3403344750404358
1.0,0.3071456253528595
1.0,0.7199316620826721
1.0,0.7293081879615784
1.0,0.7308753132820129
1.0,0.7308183908462524
0.0,0.3913259208202362
1.0,0.273282915353775
1.0,0.6754622459411621
1.0,0.36154091358184814
1.0,0.4017292559146881
0.0,0.40890926122665405
1.0,0.706152081489563
1.0,0.6977057456970215
0.0,0.30413269996643066
1.0,0.27192220091819763
1.0,0.7017120122909546
1.0,0.7233462929725647
1.0,0.383116751909256
0.0,0.27502113580703735
0.0,0.2934892475605011
1.0,0.5485315918922424
0.0,0.2905803322792053
0.0,0.297931969165802
1.0,0.5661382675170898
1.0,0.7032948732376099
1.0,0.6767798662185669
0.0,0.3208841383457184
1.0,0.6353713870048523
1.0,0.6527068614959717
0.0,0.6869246363639832
1.0,0.730545699596405
0.0,0.616402804851532
0.0,0.30023372173309326
0.0,0.27655166387557983
1.0,0.7274608016014099
1.0,0.42125484347343445
0.0,0.5673507452011108
0.0,0.29214799404144287
1.0,0.4641703963279724
1.0,0.7270353436470032
1.0,0.7287105321884155
0.0,0.2808709144592285
1.0,0.7259224057197571
0.0,0.272822767496109
1.0,0.7286959886550903
1.0,0.5405191779136658
0.0,0.2738136351108551
0.0,0.5081602931022644
0.0,0.2708662748336792
1.0,0.7270846366882324
0.0,0.7226210236549377
0.0,0.5348890423774719
1.0,0.7037465572357178
1.0,0.6360138654708862
1.0,0.7005523443222046
1.0,0.7248554825782776
0.0,0.30987852811813354
1.0,0.7265800833702087
0.0,0.27247434854507446
1.0,0.728570818901062
0.0,0.2799767255783081
0.0,0.5581977963447571
0.0,0.2788279354572296
0.0,0.4126946032047272
0.0,0.5641313791275024
1.0,0.5864567160606384
0.0,0.2964528799057007
0.0,0.4443758726119995
0.0,0.28721657395362854
1.0,0.7132581472396851
0.0,0.27192386984825134
0.0,0.3547242283821106
1.0,0.7236183285713196
1.0,0.699363648891449
0.0,0.7246602773666382
0.0,0.28727516531944275
1.0,0.7233245968818665
0.0,0.2717427611351013
1.0,0.3189416825771332
1.0,0.7300394177436829
0.0,0.728295624256134
0.0,0.27283403277397156
1.0,0.31326574087142944
0.0,0.3504077196121216
0.0,0.3520487844944
1.0,0.6991581320762634
1.0,0.4761756956577301
0.0,0.4763069748878479
0.0,0.4033971428871155
1.0,0.7303865551948547
1.0,0.7087185978889465
1.0,0.7301599979400635
0.0,0.3919980525970459
0.0,0.29183655977249146
1.0,0.3562217056751251
0.0,0.272196501493454
0.0,0.28061386942863464
0.0,0.2842903435230255
0.0,0.3191019296646118
1.0,0.7236310839653015
0.0,0.33606213331222534
0.0,0.3679637014865875
1.0,0.6980413198471069
1.0,0.725768506526947
1.0,0.5610186457633972
1.0,0.7210821509361267
0.0,0.2817172408103943
0.0,0.7035212516784668
1.0,0.6507561206817627
1.0,0.5285873413085938
1.0,0.7262391448020935
1.0,0.6204878091812134
0.0,0.6485176086425781
0.0,0.27058595418930054
0.0,0.3495100140571594
0.0,0.3416469991207123
0.0,0.7255273461341858
1.0,0.6945523619651794
1.0,0.7177112102508545
1.0,0.48953115940093994
0.0,0.539242148399353
1.0,0.29521405696868896
1.0,0.5467109680175781
1.0,0.725918710231781
0.0,0.26985660195350647
1.0,0.7189187407493591
0.0,0.5023747682571411
1.0,0.730756402015686
1.0,0.7206205725669861
0.0,0.4069071412086487
1.0,0.73069167137146
0.0,0.697277843952179
0.0,0.5900906920433044
0.0,0.3122023046016693
1.0,0.7305662631988525
1.0,0.7206055521965027
1.0,0.3092747628688812
1.0,0.49862363934516907
0.0,0.577974259853363
0.0,0.6912082433700562
1.0,0.7262248992919922
1.0,0.7184352874755859
1.0,0.3832096457481384
0.0,0.2845400869846344
0.0,0.272366464138031
0.0,0.27171891927719116
0.0,0.3001117408275604
0.0,0.33938464522361755
0.0,0.29691535234451294
0.0,0.2877715229988098
1.0,0.7230581641197205
1.0,0.725315511226654
0.0,0.29712018370628357
0.0,0.7237472534179688
1.0,0.7304953932762146
1.0,0.7280128598213196
1.0,0.7246518135070801
1.0,0.7298309206962585
1.0,0.6799970269203186
1.0,0.3630525469779968
1.0,0.6657408475875854
0.0,0.3018077313899994
1.0,0.7069553732872009
0.0,0.2729162573814392
1.0,0.5050371885299683
0.0,0.27619263529777527
0.0,0.2818533480167389
0.0,0.2701480984687805
1.0,0.37694311141967773
0.0,0.47929129004478455
0.0,0.5444910526275635
0.0,0.2924506664276123
0.0,0.27564164996147156
0.0,0.5355431437492371
0.0,0.27022698521614075
1.0,0.35703203082084656
1.0,0.6890520453453064
1.0,0.6839991807937622
0.0,0.38807541131973267
0.0,0.2897977828979492
1.0,0.7306617498397827
0.0,0.2935768961906433
0.0,0.30010300874710083
0.0,0.4396083354949951
1.0,0.7261102199554443
1.0,0.7181388735771179
1.0,0.4791606068611145
1.0,0.7186183333396912
1.0,0.6609744429588318
1.0,0.30901777744293213
0.0,0.504237174987793
0.0,0.27540281414985657
0.0,0.6369348764419556
0.0,0.6663165092468262
1.0,0.7242874503135681
0.0,0.29155534505844116
0.0,0.3285391330718994
1.0,0.7295254468917847
1.0,0.7308468818664551
0.0,0.30881181359291077
1.0,0.7225991487503052
1.0,0.7186256051063538
1.0,0.7306286692619324
0.0,0.7030061483383179
1.0,0.2823830246925354
0.0,0.6957234144210815
1.0,0.682160496711731
0.0,0.2777298092842102
1.0,0.7306352257728577
1.0,0.37332087755203247
0.0,0.29339244961738586
1.0,0.2747558355331421
1.0,0.466725617647171
0.0,0.4745757281780243
1.0,0.2744728624820709
1.0,0.7155485153198242
0.0,0.3722195029258728
0.0,0.3001156747341156
1.0,0.26968082785606384
1.0,0.6646939516067505
0.0,0.29721593856811523
0.0,0.5184568166732788
1.0,0.6588902473449707
0.0,0.29531779885292053
1.0,0.7177951335906982
0.0,0.3071129024028778
0.0,0.28522056341171265
0.0,0.27837589383125305
1.0,0.5173982381820679
0.0,0.7280354499816895
0.0,0.2744111120700836
0.0,0.3153288960456848
0.0,0.28060728311538696
1.0,0.7181082367897034
0.0,0.4467310309410095
1.0,0.7188295722007751
0.0,0.5131592154502869
1.0,0.7290883660316467
1.0,0.7118844985961914
1.0,0.39583027362823486
0.0,0.34758636355400085
1.0,0.7060491442680359
1.0,0.6011798977851868
1.0,0.6815730929374695
1.0,0.729041337966919
0.0,0.5262067914009094
1.0,0.5926399230957031
0.0,0.3043874502182007
0.0,0.5754953622817993
0.0,0.6880922317504883
0.0,0.3569411635398865
0.0,0.2708471715450287
0.0,0.49837303161621094
1.0,0.3944786787033081
0.0,0.385415256023407
0.0,0.2984336018562317
0.0,0.39955219626426697
1.0,0.7306070923805237
0.0,0.312992662191391
0.0,0.2908119559288025
0.0,0.46200039982795715
1.0,0.6029660105705261
1.0,0.5370545983314514
0.0,0.41578948497772217
0.0,0.42307791113853455
0.0,0.26993346214294434
0.0,0.27514803409576416
0.0,0.2840135395526886
0.0,0.2779610753059387
1.0,0.7258501648902893
0.0,0.3089381158351898
0.0,0.4897508919239044
0.0,0.37797003984451294
0.0,0.7042887210845947
0.0,0.32374000549316406
1.0,0.3938997983932495
0.0,0.2832271456718445
1.0,0.721069872379303
0.0,0.49375760555267334
0.0,0.2717668414115906
1.0,0.7288671135902405
1.0,0.7242178916931152
1.0,0.6934470534324646
0.0,0.284183531999588
1.0,0.6645394563674927
1.0,0.5607908368110657
0.0,0.5926920771598816
0.0,0.33698683977127075
1.0,0.4485558569431305
1.0,0.6237775683403015
0.0,0.30553698539733887
0.0,0.285579115152359
0.0,0.2925451099872589
0.0,0.2758364975452423
0.0,0.29050779342651367
1.0,0.7258252501487732
0.0,0.4104066789150238
1.0,0.6295082569122314
0.0,0.2821323573589325
0.0,0.716021716594696
1.0,0.45560744404792786
0.0,0.7291979193687439
0.0,0.29680588841438293
1.0,0.7269701957702637
1.0,0.7303118109703064
0.0,0.5907627940177917
0.0,0.41924217343330383
1.0,0.40836456418037415
1.0,0.7046353220939636
1.0,0.6675155758857727
0.0,0.6559489965438843
1.0,0.7222438454627991
1.0,0.7181697487831116
1.0,0.7270960211753845
1.0,0.275596022605896
0.0,0.3210769593715668
0.0,0.7122039198875427
1.0,0.37646105885505676
1.0,0.7230908870697021
1.0,0.7306991815567017
1.0,0.7114109992980957
1.0,0.5910832285881042
0.0,0.4716598391532898
1.0,0.6642612218856812
1.0,0.7286473512649536
1.0,0.4493258595466614
0.0,0.3438451290130615
0.0,0.2704503536224365
1.0,0.42785221338272095
0.0,0.27403315901756287
0.0,0.6774916648864746
0.0,0.6385740041732788
0.0,0.29500845074653625
1.0,0.7281498908996582
1.0,0.4245851933956146
1.0,0.7288223505020142
1.0,0.671848714351654
1.0,0.7308059930801392
1.0,0.7292462587356567
1.0,0.7280851602554321
1.0,0.7306357622146606
0.0,0.28531938791275024
0.0,0.27101168036460876
1.0,0.7304327487945557
0.0,0.27910199761390686
0.0,0.28118354082107544
1.0,0.6951541900634766
0.0,0.7246243953704834
1.0,0.7295705676078796
1.0,0.7047818303108215
1.0,0.7085084319114685
0.0,0.27743417024612427
1.0,0.7147737145423889
0.0,0.27832287549972534
1.0,0.6856047511100769
1.0,0.7306135296821594
0.0,0.43534839153289795
0.0,0.6215097904205322
1.0,0.6846920251846313
0.0,0.3279869556427002
1.0,0.7299824357032776
1.0,0.729878306388855
0.0,0.45167508721351624
1.0,0.27387672662734985
1.0,0.7167478799819946
0.0,0.7219488024711609
1.0,0.7228729724884033
0.0,0.591074526309967
1.0,0.730067789554596
0.0,0.27017882466316223
1.0,0.7253758907318115
1.0,0.5847285389900208
0.0,0.6439839601516724
1.0,0.729511559009552
1.0,0.30507349967956543
1.0,0.5974881649017334
0.0,0.2933465242385864
1.0,0.6224249601364136
0.0,0.27558258175849915
0.0,0.29775500297546387
1.0,0.7306868433952332
1.0,0.7285099029541016
1.0,0.6426198482513428
0.0,0.2726992070674896
0.0,0.6638144850730896
1.0,0.2699957489967346
0.0,0.338623970746994
1.0,0.38119134306907654
0.0,0.36369407176971436
1.0,0.6763880848884583
1.0,0.7299286723136902
0.0,0.2725980579853058
1.0,0.7306200861930847
0.0,0.5496295690536499
0.0,0.3506457507610321
0.0,0.2782644033432007
1.0,0.3099793791770935
1.0,0.7287675142288208
0.0,0.5977123379707336
0.0,0.3122061789035797
1.0,0.7219376564025879
0.0,0.6469208598136902
1.0,0.7290669679641724
0.0,0.35111695528030396
1.0,0.6985652446746826
1.0,0.6947960257530212
0.0,0.2786400318145752
0.0,0.3679426312446594
0.0,0.32107001543045044
0.0,0.3256933093070984
1.0,0.6124365925788879
1.0,0.6701424717903137
0.0,0.4353715181350708
0.0,0.7155553102493286
0.0,0.5223022103309631
0.0,0.31866079568862915
0.0,0.27272316813468933
1.0,0.7308330535888672
1.0,0.7251222729682922
0.0,0.28212904930114746
1.0,0.7050988674163818
1.0,0.7034121155738831
1.0,0.7178701758384705
1.0,0.7289630770683289
1.0,0.7308434247970581
0.0,0.2821192145347595
1.0,0.7175203561782837
0.0,0.2975442111492157
0.0,0.5367633700370789
1.0,0.3052334189414978
0.0,0.28942859172821045
1.0,0.5968644022941589
0.0,0.2765571177005768
0.0,0.2912518084049225
1.0,0.7307630777359009
1.0,0.6623728275299072
0.0,0.45366722345352173
1.0,0.7246904373168945
1.0,0.6712466478347778
1.0,0.7126740217208862
1.0,0.7089959383010864
0.0,0.39283668994903564
1.0,0.7302632927894592
0.0,0.2757214307785034
1.0,0.38302916288375854
1.0,0.7185947299003601
0.0,0.2703164517879486
0.0,0.6650630831718445
0.0,0.35098960995674133
1.0,0.729680061340332
0.0,0.7249096632003784
1.0,0.7289113998413086
1.0,0.7289119958877563
0.0,0.272254079580307
0.0,0.3023660480976105
0.0,0.2918698191642761
0.0,0.3211670219898224
0.0,0.5007588267326355
0.0,0.5895060300827026
1.0,0.722355842590332
0.0,0.5460737347602844
0.0,0.5277246832847595
1.0,0.7262714505195618
1.0,0.6932041645050049
0.0,0.3935062885284424
1.0,0.7107092142105103
0.0,0.2923792600631714
0.0,0.3075666129589081
0.0,0.4733369052410126
1.0,0.6635885238647461
1.0,0.720308780670166
1.0,0.4980628788471222
0.0,0.26986411213874817
1.0,0.6644231677055359
0.0,0.28592145442962646
1.0,0.7281709313392639
0.0,0.28187352418899536
1.0,0.7295299172401428
1.0,0.7230389714241028
1.0,0.30508291721343994
0.0,0.38266521692276
0.0,0.45089125633239746
1.0,0.7020204663276672
0.0,0.4221293330192566
0.0,0.27027666568756104
0.0,0.7049121260643005
0.0,0.31631991267204285
0.0,0.5997432470321655
0.0,0.38003939390182495
0.0,0.40270161628723145
0.0,0.7173571586608887
1.0,0.4891726076602936
1.0,0.7305297255516052
0.0,0.2943204343318939
0.0,0.2698307931423187
1.0,0.5437794923782349
1.0,0.6580202579498291
1.0,0.30373600125312805
0.0,0.5990775227546692
0.0,0.29640501737594604
0.0,0.3712352216243744
0.0,0.3461170494556427
0.0,0.5769741535186768
1.0,0.36475032567977905
1.0,0.6654661297798157
1.0,0.7213469743728638
1.0,0.5739997625350952
1.0,0.5557267665863037
0.0,0.5151258707046509
0.0,0.2745007276535034
0.0,0.2749221622943878
1.0,0.6326825618743896
1.0,0.4874003231525421
0.0,0.7146279811859131
1.0,0.7305474281311035
0.0,0.4854753315448761
1.0,0.7235764265060425
0.0,0.27132850885391235
1.0,0.7299486398696899
0.0,0.2727872431278229
1.0,0.6414149403572083
0.0,0.276315301656723
1.0,0.3078262507915497
0.0,0.7140717506408691
1.0,0.7222872376441956
1.0,0.3205953538417816
1.0,0.604404866695404
1.0,0.4290224015712738
1.0,0.6638695597648621
0.0,0.5151973366737366
0.0,0.30354225635528564
0.0,0.4771519601345062
0.0,0.3114827871322632
1.0,0.5679908394813538
0.0,0.2719981372356415
1.0,0.5414226055145264
1.0,0.31351491808891296
1.0,0.536215603351593
0.0,0.28639164566993713
1.0,0.7240607142448425
1.0,0.7291361689567566
0.0,0.3118968904018402
1.0,0.728849470615387
1.0,0.6853025555610657
1.0,0.7252989411354065
0.0,0.2861223518848419
0.0,0.2830141484737396
1.0,0.6747986674308777
1.0,0.27092215418815613
1.0,0.7216442227363586
1.0,0.723870038986206
0.0,0.6438168287277222
1.0,0.5070217251777649
1.0,0.6854225993156433
0.0,0.3545164465904236
0.0,0.6307663917541504
0.0,0.2711118459701538
1.0,0.39888861775398254
1.0,0.444709450006485
0.0,0.47258490324020386
1.0,0.6634588837623596
0.0,0.27546119689941406
0.0,0.3630591928958893
1.0,0.518458902835846
1.0,0.3510579466819763
1.0,0.6985641121864319
0.0,0.4623752534389496
0.0,0.27690377831459045
1.0,0.7146663069725037
0.0,0.38114526867866516
0.0,0.42374223470687866
0.0,0.36595532298088074
0.0,0.37591353058815
0.0,0.29212698340415955
1.0,0.7118712067604065
0.0,0.2743665874004364
0.0,0.43712085485458374
0.0,0.34047791361808777
0.0,0.569268524646759
1.0,0.7120687365531921
1.0,0.6123648285865784
1.0,0.6585937738418579
0.0,0.2843427360057831
1.0,0.7159534096717834
1.0,0.5242512226104736
0.0,0.30396273732185364
0.0,0.43295732140541077
1.0,0.6628218293190002
1.0,0.3053987920284271
0.0,0.28086602687835693
0.0,0.2881069481372833
1.0,0.7214492559432983
1.0,0.6038219928741455
0.0,0.3875559866428375
1.0,0.38317087292671204
1.0,0.7183469533920288
0.0,0.28644371032714844
1.0,0.27322128415107727
0.0,0.29702746868133545
0.0,0.669638454914093
1.0,0.6916553974151611
0.0,0.5411421656608582
1.0,0.6209725737571716
1.0,0.6943106055259705
1.0,0.7298505306243896
1.0,0.72911137342453
0.0,0.41865408420562744
0.0,0.5825318098068237
1.0,0.719453752040863
1.0,0.716671347618103
1.0,0.6838026642799377
1.0,0.722531259059906
1.0,0.7299758791923523
0.0,0.3566219210624695
1.0,0.7137989401817322
1.0,0.721740186214447
1.0,0.5060549974441528
0.0,0.28014934062957764
1.0,0.4434961974620819
0.0,0.5146499276161194
0.0,0.26935186982154846
1.0,0.7189840078353882
1.0,0.7302767634391785
0.0,0.2725505828857422
0.0,0.273224413394928
1.0,0.2916506230831146
1.0,0.3540233075618744
0.0,0.39507779479026794
1.0,0.27268630266189575
0.0,0.4499070644378662
0.0,0.3157716393470764
0.0,0.5666516423225403
1.0,0.4848858118057251
0.0,0.2742139399051666
1.0,0.2729055881500244
0.0,0.3549891412258148
1.0,0.6726071834564209
1.0,0.3936532139778137
1.0,0.7307782173156738
1.0,0.5683194994926453
0.0,0.36054685711860657
0.0,0.5076175928115845
1.0,0.730658233165741
1.0,0.5058192610740662
1.0,0.7247710824012756
0.0,0.304548978805542
0.0,0.6403974890708923
0.0,0.41390132904052734
0.0,0.2751157581806183
1.0,0.664874792098999
0.0,0.2713046669960022
1.0,0.5631476044654846
1.0,0.5926227569580078
1.0,0.7158904671669006
0.0,0.27471086382865906
1.0,0.5638808012008667
1.0,0.28891676664352417
0.0,0.646969735622406
1.0,0.4485029876232147
1.0,0.723802924156189
1.0,0.7274631261825562
0.0,0.2982548177242279
0.0,0.32970744371414185
1.0,0.7268907427787781
1.0,0.4821903705596924
0.0,0.29199472069740295
0.0,0.37316906452178955
0.0,0.282679945230484
1.0,0.38620302081108093
1.0,0.6316548585891724
1.0,0.7131056189537048
0.0,0.27052727341651917
1.0,0.7153428792953491
0.0,0.7233434915542603
0.0,0.6254996061325073
0.0,0.34466367959976196
0.0,0.6492471098899841
1.0,0.7304344177246094
1.0,0.5626925230026245
1.0,0.728640615940094
1.0,0.6561243534088135
1.0,0.7162126898765564
1.0,0.39099326729774475
0.0,0.2851162552833557
1.0,0.46682119369506836
1.0,0.5116775035858154
0.0,0.3159276843070984
0.0,0.3556475043296814
1.0,0.7153895497322083
0.0,0.3509073257446289
1.0,0.7139633893966675
1.0,0.7285099625587463
0.0,0.5634714365005493
0.0,0.31873196363449097
1.0,0.3686184287071228
1.0,0.7238323092460632
0.0,0.27690520882606506
0.0,0.27058130502700806
0.0,0.35734888911247253
1.0,0.48909857869148254
1.0,0.6936910152435303
1.0,0.7269301414489746
1.0,0.541359543800354
0.0,0.37864065170288086
0.0,0.2988273799419403
1.0,0.6725676655769348
1.0,0.7297644019126892
1.0,0.6756516098976135
0.0,0.28207722306251526
1.0,0.7167108058929443
0.0,0.298918217420578
1.0,0.3125419020652771
1.0,0.702351450920105
1.0,0.6841847896575928
1.0,0.7279689311981201
1.0,0.7290917634963989
1.0,0.6965970396995544
1.0,0.6348710060119629
1.0,0.7235965132713318
0.0,0.2814720571041107
0.0,0.27039337158203125
1.0,0.364679217338562
1.0,0.7157127857208252
1.0,0.726864218711853
1.0,0.2782563269138336
0.0,0.29473644495010376
1.0,0.7283408045768738
1.0,0.4066600501537323
1.0,0.6292603611946106
0.0,0.580985426902771
0.0,0.2800644040107727
0.0,0.27805161476135254
1.0,0.6870436668395996
1.0,0.7212393283843994
1.0,0.7058601379394531
1.0,0.5599406957626343
1.0,0.2699427008628845
1.0,0.725411593914032
1.0,0.7251465320587158
0.0,0.27595192193984985
1.0,0.6817802786827087
0.0,0.2797291576862335
1.0,0.6558571457862854
1.0,0.6538479924201965
1.0,0.7304537892341614
0.0,0.4462417662143707
0.0,0.4492861032485962
1.0,0.601905345916748
1.0,0.36918002367019653
1.0,0.4071434736251831
0.0,0.27828001976013184
1.0,0.7283621430397034
1.0,0.43107762932777405
1.0,0.282448410987854
1.0,0.650127112865448
1.0,0.7278368473052979
0.0,0.27082711458206177
0.0,0.6292532682418823
0.0,0.7190179824829102
1.0,0.7247002124786377
1.0,0.694480299949646
1.0,0.7267574667930603
1.0,0.6380581259727478
1.0,0.7197737693786621
0.0,0.2871743440628052
0.0,0.2721260190010071
1.0,0.7287180423736572
1.0,0.7275876402854919
0.0,0.2796780467033386
0.0,0.2760709226131439
0.0,0.2892885208129883
1.0,0.7302854657173157
0.0,0.2775900363922119
0.0,0.7288133502006531
0.0,0.32228007912635803
0.0,0.28025519847869873
1.0,0.45946159958839417
1.0,0.6743499040603638
1.0,0.34635213017463684
0.0,0.641184389591217
1.0,0.6872105002403259
1.0,0.7125806212425232
1.0,0.6614763736724854
0.0,0.28482314944267273
0.0,0.34892940521240234
1.0,0.7306714653968811
1.0,0.6916793584823608
0.0,0.30946311354637146
1.0,0.729971170425415
0.0,0.2848566174507141
0.0,0.4846145510673523
0.0,0.27599579095840454
0.0,0.26956164836883545
1.0,0.7116669416427612
1.0,0.7301706671714783
0.0,0.2723264694213867
1.0,0.49840378761291504
1.0,0.7232090830802917
0.0,0.27154770493507385
0.0,0.3495214283466339
1.0,0.40268000960350037
1.0,0.2985770106315613
0.0,0.32084083557128906
1.0,0.3842686414718628
1.0,0.6408824920654297
1.0,0.7295759916305542
1.0,0.7297655344009399
0.0,0.7039523124694824
1.0,0.35857313871383667
0.0,0.676440417766571
0.0,0.2701384425163269
1.0,0.7087618112564087
1.0,0.7279819250106812
0.0,0.2697445750236511
1.0,0.2707500159740448
0.0,0.6016159653663635
1.0,0.7289882898330688
0.0,0.27601176500320435
1.0,0.7297127842903137
0.0,0.6825550198554993
0.0,0.3267376124858856
1.0,0.7299544215202332
0.0,0.6583473682403564
1.0,0.686303436756134
1.0,0.7184828519821167
1.0,0.6978182792663574
1.0,0.7291390299797058
0.0,0.27541303634643555
1.0,0.7076420187950134
0.0,0.466866135597229
0.0,0.2777087390422821
0.0,0.2728841006755829
1.0,0.5881304144859314
0.0,0.2738191485404968
1.0,0.7246457934379578
1.0,0.728165864944458
0.0,0.2756645083427429
0.0,0.36547109484672546
0.0,0.2758285403251648
1.0,0.7199424505233765
0.0,0.6363459825515747
1.0,0.7195976376533508
0.0,0.269363135099411
1.0,0.40966010093688965
0.0,0.27561870217323303
0.0,0.2922806143760681
1.0,0.7302324175834656
0.0,0.28878748416900635
0.0,0.3070797324180603
0.0,0.29088014364242554
0.0,0.32264581322669983
1.0,0.6697466969490051
1.0,0.6623030304908752
0.0,0.29898369312286377
0.0,0.3501680791378021
1.0,0.6513382792472839
0.0,0.314998596906662
0.0,0.4835302233695984
1.0,0.7285531759262085
0.0,0.4568144381046295
1.0,0.28007709980010986
0.0,0.4047296345233917
0.0,0.3166343569755554
0.0,0.5212134718894958
1.0,0.7307783961296082
0.0,0.2836713194847107
0.0,0.5316827297210693
1.0,0.7083513140678406
1.0,0.728431224822998
0.0,0.2696954905986786
1.0,0.7299774289131165
0.0,0.43266361951828003
0.0,0.38538625836372375
0.0,0.3202510476112366
1.0,0.2758427560329437
0.0,0.545972466468811
1.0,0.2696654200553894
1.0,0.6601028442382812
0.0,0.4443240463733673
0.0,0.3131761848926544
1.0,0.5575847029685974
0.0,0.27233636379241943
0.0,0.2931603491306305
1.0,0.7272336483001709
0.0,0.6399964094161987
1.0,0.7303056120872498
1.0,0.7222444415092468
0.0,0.3329998254776001
1.0,0.679744303226471
0.0,0.4135480225086212
0.0,0.3439500629901886
1.0,0.7228777408599854
1.0,0.4438348710536957
0.0,0.3014984130859375
0.0,0.30333253741264343
0.0,0.2812422215938568
1.0,0.6602851152420044
1.0,0.7293084859848022
0.0,0.27021098136901855
0.0,0.5515215992927551
0.0,0.27534201741218567
1.0,0.7235655784606934
1.0,0.7290468811988831
0.0,0.4161793291568756
1.0,0.375417560338974
1.0,0.7245686650276184
0.0,0.706650972366333
1.0,0.5220121145248413
1.0,0.683460533618927
0.0,0.2724493145942688
0.0,0.2992385923862457
0.0,0.27337491512298584
1.0,0.7292407751083374
1.0,0.6682994961738586
0.0,0.3010587990283966
1.0,0.5688645243644714
1.0,0.7119199633598328
0.0,0.3647444248199463
0.0,0.2770270109176636
1.0,0.7303640246391296
0.0,0.3335406184196472
0.0,0.2705751955509186
1.0,0.7274619340896606
1.0,0.6982749700546265
0.0,0.27430328726768494
0.0,0.6990938782691956
1.0,0.7305917739868164
1.0,0.7081523537635803
1.0,0.7252101898193359
0.0,0.35033485293388367
1.0,0.7220878005027771
1.0,0.725544273853302
0.0,0.3683701157569885
0.0,0.49199286103248596
0.0,0.284979909658432
0.0,0.3731732666492462
1.0,0.7202587127685547
1.0,0.5489945411682129
1.0,0.7194250822067261
1.0,0.7263469696044922
0.0,0.3017396926879883
1.0,0.7306807637214661
0.0,0.35537463426589966
1.0,0.44501635432243347
0.0,0.2752748131752014
0.0,0.3966224789619446
1.0,0.7235320806503296
0.0,0.27337855100631714
0.0,0.44606921076774597
1.0,0.2913597524166107
0.0,0.5851600766181946
0.0,0.31372424960136414
1.0,0.6399247646331787
0.0,0.2716793417930603
