protein,drug,True Label,Predicted Probability
1.0,0.7000948786735535
0.0,0.2850622534751892
0.0,0.6662864685058594
1.0,0.6857644319534302
1.0,0.3127947747707367
0.0,0.3926410377025604
0.0,0.45543697476387024
0.0,0.6465903520584106
0.0,0.6028848886489868
0.0,0.6528686285018921
1.0,0.6836755871772766
1.0,0.7083324193954468
0.0,0.572958767414093
1.0,0.4189628064632416
0.0,0.28675782680511475
1.0,0.6845848560333252
1.0,0.3864207863807678
1.0,0.6822382211685181
0.0,0.31116870045661926
1.0,0.5657031536102295
0.0,0.668540358543396
1.0,0.36897557973861694
0.0,0.6449196338653564
0.0,0.3648526966571808
0.0,0.5856101512908936
0.0,0.6803792715072632
0.0,0.31759828329086304
1.0,0.6771396994590759
1.0,0.5365380644798279
0.0,0.5854514241218567
1.0,0.4578729569911957
1.0,0.6103700995445251
1.0,0.6136853694915771
0.0,0.34259000420570374
0.0,0.34172922372817993
0.0,0.28732389211654663
0.0,0.27993258833885193
1.0,0.5725569725036621
0.0,0.38503095507621765
1.0,0.3920053243637085
1.0,0.2922329306602478
1.0,0.5551465749740601
1.0,0.30163177847862244
0.0,0.5467901825904846
1.0,0.5285008549690247
1.0,0.5470967292785645
1.0,0.5021154284477234
1.0,0.6822103261947632
1.0,0.31698131561279297
0.0,0.40878501534461975
0.0,0.3469967544078827
0.0,0.3463189899921417
0.0,0.3034816086292267
1.0,0.5242162346839905
1.0,0.6527976393699646
0.0,0.6489098072052002
0.0,0.330884724855423
1.0,0.5922203660011292
1.0,0.33264294266700745
0.0,0.5178825855255127
1.0,0.6908282041549683
0.0,0.310735821723938
1.0,0.31794074177742004
0.0,0.30291441082954407
0.0,0.5162068009376526
0.0,0.3587121367454529
0.0,0.598227858543396
1.0,0.5455198884010315
1.0,0.6994740962982178
1.0,0.6948415040969849
0.0,0.29836246371269226
0.0,0.304970920085907
0.0,0.28927457332611084
1.0,0.5134647488594055
1.0,0.6753022074699402
1.0,0.35176312923431396
1.0,0.28678280115127563
1.0,0.30291077494621277
1.0,0.6979289650917053
0.0,0.3319823145866394
1.0,0.6123401522636414
1.0,0.2805280089378357
0.0,0.5779635310173035
0.0,0.5343334078788757
1.0,0.6967985033988953
0.0,0.42150235176086426
0.0,0.6250211596488953
1.0,0.6581047177314758
1.0,0.6693828105926514
1.0,0.40063783526420593
1.0,0.6228645443916321
1.0,0.33698132634162903
0.0,0.4043991267681122
1.0,0.35076916217803955
1.0,0.6466467380523682
0.0,0.32744109630584717
0.0,0.34991660714149475
0.0,0.3438531160354614
0.0,0.30467909574508667
0.0,0.3078281581401825
0.0,0.32090094685554504
0.0,0.3768478035926819
1.0,0.6318603157997131
1.0,0.666632890701294
1.0,0.7066335678100586
0.0,0.2826962172985077
1.0,0.5582254528999329
1.0,0.717002272605896
1.0,0.3841065764427185
1.0,0.3263934254646301
1.0,0.684993326663971
1.0,0.6599658727645874
0.0,0.3920785188674927
1.0,0.6393903493881226
0.0,0.6499136686325073
0.0,0.6337462067604065
0.0,0.2814653813838959
0.0,0.6073095798492432
0.0,0.37338659167289734
0.0,0.6187599897384644
0.0,0.30653074383735657
1.0,0.6627046465873718
1.0,0.6965261101722717
1.0,0.28666386008262634
1.0,0.6467581391334534
0.0,0.4749661087989807
0.0,0.6950567364692688
1.0,0.6508886814117432
1.0,0.6652181148529053
0.0,0.3506726622581482
0.0,0.6843354105949402
0.0,0.5362781286239624
0.0,0.3262885808944702
1.0,0.6512083411216736
1.0,0.6846197843551636
1.0,0.6301607489585876
1.0,0.6668760776519775
1.0,0.7141954302787781
0.0,0.3385293185710907
0.0,0.6782031655311584
1.0,0.6559495329856873
1.0,0.5950050950050354
0.0,0.36893123388290405
1.0,0.6690126657485962
1.0,0.5783068537712097
0.0,0.5908535718917847
0.0,0.30301517248153687
1.0,0.6940657496452332
0.0,0.28519541025161743
1.0,0.4380694627761841
0.0,0.4745456576347351
1.0,0.33762213587760925
0.0,0.3122262954711914
0.0,0.28897494077682495
1.0,0.2862590253353119
1.0,0.40930771827697754
1.0,0.6379126310348511
1.0,0.5019277930259705
0.0,0.510836124420166
1.0,0.3584584891796112
1.0,0.704085111618042
0.0,0.3128528296947479
0.0,0.4572015702724457
1.0,0.6240333318710327
0.0,0.31764641404151917
0.0,0.3213774859905243
0.0,0.5439466238021851
1.0,0.33399730920791626
1.0,0.2811964154243469
0.0,0.30206719040870667
0.0,0.32946059107780457
1.0,0.29924583435058594
0.0,0.29069462418556213
0.0,0.6407579183578491
1.0,0.3941333591938019
1.0,0.6883230209350586
1.0,0.5937148928642273
1.0,0.5592993497848511
1.0,0.508946418762207
0.0,0.33110126852989197
0.0,0.5666584968566895
0.0,0.4118570387363434
1.0,0.31694671511650085
0.0,0.48192864656448364
1.0,0.30056798458099365
1.0,0.5930557250976562
1.0,0.6883315443992615
1.0,0.5720946788787842
1.0,0.6276445984840393
1.0,0.6695960164070129
1.0,0.6844364404678345
1.0,0.6928874254226685
0.0,0.32037535309791565
0.0,0.3115541636943817
1.0,0.6471337080001831
0.0,0.2927442193031311
0.0,0.47812438011169434
1.0,0.432283490896225
0.0,0.6683023571968079
0.0,0.38536301255226135
0.0,0.3691973090171814
1.0,0.6567987203598022
0.0,0.35063162446022034
0.0,0.28369832038879395
1.0,0.5124140977859497
1.0,0.6547285914421082
1.0,0.6883835792541504
0.0,0.537106990814209
0.0,0.3499590754508972
0.0,0.28985193371772766
1.0,0.45276954770088196
0.0,0.29569458961486816
0.0,0.6092222929000854
1.0,0.30777427554130554
0.0,0.4693562984466553
0.0,0.5064401030540466
1.0,0.2920593321323395
0.0,0.48378369212150574
1.0,0.5983342528343201
0.0,0.41085395216941833
0.0,0.3145170509815216
0.0,0.29857397079467773
1.0,0.6937599182128906
0.0,0.6450055241584778
0.0,0.4484570622444153
0.0,0.312583863735199
0.0,0.3512653708457947
0.0,0.6590416431427002
1.0,0.3385162353515625
1.0,0.38157448172569275
0.0,0.5225196480751038
1.0,0.6052067875862122
0.0,0.6797888278961182
1.0,0.37961000204086304
1.0,0.34362900257110596
0.0,0.34666264057159424
0.0,0.49489542841911316
1.0,0.4106292128562927
1.0,0.650297999382019
0.0,0.31635361909866333
1.0,0.6095881462097168
0.0,0.3109389543533325
1.0,0.7133892178535461
1.0,0.3465617597103119
0.0,0.2832569479942322
1.0,0.7072635889053345
1.0,0.6369011402130127
0.0,0.6232937574386597
1.0,0.3487148582935333
0.0,0.6632074117660522
1.0,0.5273325443267822
0.0,0.34762391448020935
1.0,0.6590777039527893
0.0,0.5921440720558167
1.0,0.6706440448760986
0.0,0.37597545981407166
1.0,0.2973465025424957
1.0,0.7147621512413025
0.0,0.28899380564689636
0.0,0.509368896484375
1.0,0.6781026721000671
0.0,0.5571905970573425
0.0,0.6285274028778076
1.0,0.5100980401039124
1.0,0.6844959855079651
1.0,0.5890169739723206
1.0,0.700086236000061
1.0,0.6160851716995239
0.0,0.7029061317443848
0.0,0.28918465971946716
0.0,0.3404281437397003
1.0,0.6669586896896362
1.0,0.6876060366630554
0.0,0.3657924234867096
1.0,0.6325814127922058
0.0,0.5067041516304016
0.0,0.5191369652748108
0.0,0.3253253698348999
0.0,0.6667943596839905
1.0,0.2861118018627167
0.0,0.42823526263237
0.0,0.30493736267089844
1.0,0.45106425881385803
0.0,0.48325127363204956
1.0,0.4244381785392761
0.0,0.3146790564060211
1.0,0.7103920578956604
1.0,0.5770242810249329
1.0,0.3663671314716339
0.0,0.32169386744499207
1.0,0.39735597372055054
1.0,0.29476141929626465
1.0,0.5578358769416809
1.0,0.6455593705177307
1.0,0.43789374828338623
1.0,0.6903481483459473
1.0,0.668332040309906
1.0,0.3585323095321655
0.0,0.330759733915329
0.0,0.6169518828392029
0.0,0.31527864933013916
1.0,0.6514596939086914
0.0,0.6209165453910828
0.0,0.6732600927352905
1.0,0.6378827095031738
1.0,0.2864396572113037
0.0,0.4043676257133484
1.0,0.6799225807189941
0.0,0.4676252603530884
1.0,0.674726665019989
0.0,0.2880268394947052
0.0,0.29081371426582336
0.0,0.38761430978775024
0.0,0.4050575792789459
0.0,0.2939342260360718
0.0,0.5981718897819519
1.0,0.713995635509491
1.0,0.35416287183761597
0.0,0.3046359419822693
1.0,0.6174620985984802
1.0,0.5044326186180115
0.0,0.2825474143028259
0.0,0.5692575573921204
0.0,0.299411803483963
0.0,0.2976224720478058
1.0,0.7063563466072083
0.0,0.33531635999679565
0.0,0.2822455167770386
0.0,0.4820632338523865
1.0,0.6081511974334717
1.0,0.7019666433334351
1.0,0.32752543687820435
0.0,0.3040640652179718
1.0,0.6049515008926392
0.0,0.6766297817230225
1.0,0.6875200271606445
1.0,0.7002978324890137
0.0,0.293638676404953
0.0,0.4229556918144226
1.0,0.314370334148407
0.0,0.47815030813217163
0.0,0.6373897194862366
1.0,0.6985269784927368
1.0,0.6667812466621399
1.0,0.6450350284576416
1.0,0.681946337223053
0.0,0.2783125042915344
0.0,0.33218878507614136
0.0,0.2962007522583008
0.0,0.3438584804534912
1.0,0.6233086585998535
1.0,0.5406445860862732
1.0,0.36924341320991516
1.0,0.3015524446964264
0.0,0.3131498396396637
0.0,0.6797403693199158
1.0,0.6764765381813049
0.0,0.2891388237476349
0.0,0.29066208004951477
0.0,0.47095638513565063
0.0,0.33804455399513245
0.0,0.2808615565299988
0.0,0.32003316283226013
1.0,0.6359561085700989
1.0,0.532584011554718
1.0,0.6507803201675415
1.0,0.34611353278160095
1.0,0.6871426701545715
0.0,0.36173903942108154
0.0,0.28987106680870056
1.0,0.48922979831695557
1.0,0.34013593196868896
0.0,0.29030460119247437
1.0,0.39873626828193665
1.0,0.6673707962036133
1.0,0.32126477360725403
0.0,0.3644554316997528
0.0,0.2895437479019165
1.0,0.6934186220169067
0.0,0.3142428398132324
0.0,0.5260583758354187
0.0,0.4688263535499573
0.0,0.3135811686515808
0.0,0.2986774444580078
0.0,0.3980810046195984
0.0,0.42214712500572205
1.0,0.4435834288597107
1.0,0.2931761145591736
0.0,0.3445158898830414
0.0,0.3158271908760071
1.0,0.6823028326034546
1.0,0.6264275908470154
1.0,0.6757518649101257
0.0,0.686711847782135
1.0,0.2917565703392029
1.0,0.44062963128089905
1.0,0.38746923208236694
1.0,0.680117130279541
1.0,0.6561939716339111
0.0,0.33453646302223206
0.0,0.2847478687763214
1.0,0.6922869682312012
0.0,0.42339104413986206
1.0,0.6634846925735474
1.0,0.3613336384296417
0.0,0.44321030378341675
0.0,0.28600215911865234
0.0,0.6689336895942688
1.0,0.2975504398345947
1.0,0.45557332038879395
0.0,0.2801007926464081
0.0,0.3219059407711029
0.0,0.2877531349658966
0.0,0.6349021196365356
1.0,0.6595514416694641
0.0,0.44239339232444763
1.0,0.6680882573127747
0.0,0.3210126459598541
1.0,0.3703646659851074
0.0,0.36493968963623047
0.0,0.7082962989807129
0.0,0.31637805700302124
0.0,0.3394315540790558
1.0,0.4702625870704651
0.0,0.3130146265029907
1.0,0.6279554963111877
1.0,0.6673654913902283
0.0,0.31541696190834045
0.0,0.30433303117752075
0.0,0.2819037437438965
1.0,0.4287809431552887
1.0,0.507000744342804
0.0,0.6361140012741089
0.0,0.290434330701828
1.0,0.7110328674316406
1.0,0.4653363823890686
1.0,0.5797807574272156
1.0,0.6920790672302246
1.0,0.6964947581291199
0.0,0.2874573767185211
0.0,0.29274067282676697
0.0,0.3008469343185425
0.0,0.301295667886734
1.0,0.29950225353240967
1.0,0.3709754943847656
0.0,0.4674564003944397
0.0,0.4196341633796692
1.0,0.6505821943283081
1.0,0.6453666090965271
1.0,0.69797283411026
0.0,0.30696555972099304
0.0,0.3612934947013855
1.0,0.6368187069892883
0.0,0.38785338401794434
0.0,0.36512449383735657
1.0,0.6778572201728821
0.0,0.6606122851371765
1.0,0.3757361173629761
1.0,0.700648307800293
1.0,0.638239860534668
1.0,0.3075564503669739
1.0,0.5056437253952026
1.0,0.6449416279792786
1.0,0.4171876013278961
0.0,0.3737269639968872
1.0,0.7044263482093811
0.0,0.2952602505683899
0.0,0.6150549054145813
0.0,0.5359771847724915
0.0,0.5373527407646179
1.0,0.6882776021957397
0.0,0.41957566142082214
0.0,0.3203793168067932
0.0,0.3753613233566284
1.0,0.6658985614776611
1.0,0.6050316095352173
0.0,0.3290749192237854
1.0,0.2807464301586151
1.0,0.40865200757980347
0.0,0.4587397277355194
0.0,0.3798471987247467
0.0,0.32509663701057434
1.0,0.6791025996208191
0.0,0.6029104590415955
1.0,0.28701266646385193
1.0,0.6515599489212036
0.0,0.6680537462234497
0.0,0.2934011220932007
1.0,0.7035626173019409
1.0,0.5032203197479248
1.0,0.6036238670349121
0.0,0.34738004207611084
0.0,0.36216771602630615
0.0,0.5870262980461121
0.0,0.3496874272823334
1.0,0.2995116114616394
1.0,0.6038702726364136
1.0,0.7216627597808838
1.0,0.5776006579399109
0.0,0.28021714091300964
1.0,0.31292855739593506
1.0,0.6033980250358582
1.0,0.5336504578590393
0.0,0.3472457230091095
1.0,0.6982382535934448
1.0,0.611160933971405
1.0,0.4982844591140747
0.0,0.31253302097320557
0.0,0.33976006507873535
1.0,0.6087281703948975
0.0,0.28094321489334106
0.0,0.3101983964443207
0.0,0.4250295162200928
1.0,0.6832826733589172
0.0,0.5122657418251038
1.0,0.3101091980934143
0.0,0.3851732313632965
1.0,0.6732614636421204
1.0,0.29010307788848877
1.0,0.6860383152961731
1.0,0.4433153569698334
0.0,0.5685707926750183
1.0,0.31364715099334717
0.0,0.7108139991760254
1.0,0.6656444072723389
0.0,0.34060683846473694
0.0,0.3086030185222626
1.0,0.5865570306777954
1.0,0.298431396484375
1.0,0.5753846168518066
0.0,0.5427011251449585
0.0,0.3022925853729248
1.0,0.6500402688980103
1.0,0.7004551887512207
0.0,0.3406757116317749
1.0,0.31901463866233826
1.0,0.6255024075508118
1.0,0.42780154943466187
1.0,0.6317849159240723
1.0,0.3489651381969452
1.0,0.6464144587516785
0.0,0.2952617406845093
1.0,0.6577780246734619
0.0,0.5284180641174316
0.0,0.5046562552452087
1.0,0.5138275623321533
1.0,0.6945205926895142
1.0,0.6421561241149902
0.0,0.30924734473228455
0.0,0.30935895442962646
0.0,0.529496967792511
0.0,0.6865358352661133
1.0,0.28177881240844727
1.0,0.6251876354217529
0.0,0.2780199348926544
0.0,0.4973856508731842
1.0,0.35482320189476013
0.0,0.5583908557891846
0.0,0.36828580498695374
0.0,0.6926630139350891
0.0,0.30689865350723267
1.0,0.41270673274993896
0.0,0.3615311086177826
0.0,0.3443959355354309
0.0,0.6604611873626709
0.0,0.3372853994369507
0.0,0.6466627717018127
1.0,0.4745502769947052
1.0,0.38546937704086304
0.0,0.29061368107795715
0.0,0.2945937514305115
1.0,0.293999582529068
0.0,0.49441319704055786
0.0,0.3130272924900055
0.0,0.5746076107025146
1.0,0.7198272943496704
1.0,0.6762322187423706
1.0,0.6274533271789551
0.0,0.5534968376159668
0.0,0.35233286023139954
0.0,0.3591112494468689
0.0,0.2824196517467499
1.0,0.7027686834335327
1.0,0.28636813163757324
0.0,0.3363531231880188
1.0,0.5214334726333618
1.0,0.5157256722450256
1.0,0.6884528398513794
1.0,0.333589643239975
1.0,0.6674394607543945
1.0,0.6937900185585022
0.0,0.5446810722351074
0.0,0.4375181794166565
0.0,0.2980870306491852
0.0,0.3897668719291687
1.0,0.7152480483055115
0.0,0.4565812349319458
1.0,0.6479276418685913
0.0,0.3109356164932251
0.0,0.6470376253128052
1.0,0.6423518657684326
1.0,0.6711695194244385
0.0,0.3374744653701782
1.0,0.3324698507785797
1.0,0.31172943115234375
0.0,0.6802003979682922
0.0,0.28877460956573486
1.0,0.6251513361930847
0.0,0.31040558218955994
0.0,0.2809094786643982
1.0,0.6435807347297668
0.0,0.4404325485229492
1.0,0.6789725422859192
0.0,0.6384296417236328
0.0,0.6191045641899109
1.0,0.695786714553833
0.0,0.6876549124717712
1.0,0.6990495920181274
0.0,0.288873553276062
1.0,0.5414660573005676
0.0,0.5828352570533752
0.0,0.3036787509918213
0.0,0.33713293075561523
1.0,0.5708144307136536
1.0,0.3454037606716156
1.0,0.634551465511322
1.0,0.7130695581436157
1.0,0.6366894841194153
1.0,0.32628729939460754
0.0,0.5282575488090515
1.0,0.3259681761264801
1.0,0.6048049330711365
0.0,0.28583937883377075
0.0,0.636102020740509
0.0,0.3192375898361206
0.0,0.5409138202667236
1.0,0.6457889676094055
1.0,0.6063673496246338
1.0,0.28516727685928345
0.0,0.6553847789764404
1.0,0.3154809772968292
0.0,0.2990429401397705
1.0,0.6744689345359802
0.0,0.3103419542312622
1.0,0.6715182065963745
0.0,0.37133124470710754
1.0,0.4192732572555542
1.0,0.710216760635376
1.0,0.29050958156585693
1.0,0.47211360931396484
1.0,0.5649675130844116
0.0,0.3243945240974426
0.0,0.30402642488479614
1.0,0.5791353583335876
0.0,0.5872774720191956
1.0,0.6304690837860107
1.0,0.6795122623443604
0.0,0.2942403554916382
0.0,0.6485327482223511
1.0,0.5277102589607239
1.0,0.623666524887085
1.0,0.6855108737945557
1.0,0.7039133310317993
1.0,0.6678119897842407
1.0,0.6838250756263733
1.0,0.6441835761070251
0.0,0.3891608417034149
0.0,0.49711140990257263
1.0,0.2906317710876465
0.0,0.2993733584880829
0.0,0.3780345320701599
0.0,0.3412277400493622
0.0,0.3366541266441345
1.0,0.687285304069519
1.0,0.6011550426483154
0.0,0.37205803394317627
0.0,0.6650744676589966
1.0,0.5073434114456177
0.0,0.5779269337654114
1.0,0.6392056345939636
0.0,0.5827498435974121
0.0,0.2875441312789917
1.0,0.6480776071548462
0.0,0.31072863936424255
0.0,0.387820839881897
1.0,0.6480090618133545
0.0,0.5065127015113831
1.0,0.5073726177215576
0.0,0.6648577451705933
1.0,0.6341062188148499
1.0,0.6560531258583069
0.0,0.606446385383606
0.0,0.3424404263496399
0.0,0.3698204755783081
0.0,0.27979394793510437
0.0,0.6463759541511536
1.0,0.6546080112457275
1.0,0.4569259285926819
0.0,0.6553415060043335
0.0,0.39222222566604614
0.0,0.639991044998169
1.0,0.594074547290802
1.0,0.662921130657196
0.0,0.5873552560806274
0.0,0.6306556463241577
0.0,0.3111618459224701
0.0,0.2865370512008667
1.0,0.5870959758758545
1.0,0.3017091751098633
1.0,0.6839829087257385
1.0,0.6688346266746521
1.0,0.6781259179115295
1.0,0.34676453471183777
1.0,0.7052523493766785
1.0,0.7138434052467346
0.0,0.69066321849823
0.0,0.30476123094558716
0.0,0.41961535811424255
0.0,0.36239364743232727
1.0,0.7105541229248047
1.0,0.33002156019210815
0.0,0.6730972528457642
1.0,0.2913592755794525
1.0,0.6655705571174622
0.0,0.34377506375312805
1.0,0.41822391748428345
1.0,0.6819635033607483
0.0,0.29529356956481934
0.0,0.2807389795780182
0.0,0.4211158752441406
0.0,0.3092174232006073
0.0,0.48952212929725647
0.0,0.35612165927886963
0.0,0.6817185878753662
1.0,0.6972607970237732
1.0,0.6880987882614136
0.0,0.295301616191864
0.0,0.3457750678062439
1.0,0.6749221682548523
0.0,0.3498847186565399
0.0,0.27926385402679443
1.0,0.4991905689239502
1.0,0.7138679623603821
1.0,0.6879312992095947
1.0,0.31444963812828064
1.0,0.6802685260772705
1.0,0.6847426295280457
1.0,0.6891957521438599
1.0,0.2934267222881317
0.0,0.36153075098991394
1.0,0.3581411838531494
1.0,0.7047906517982483
1.0,0.6948899626731873
1.0,0.29120516777038574
1.0,0.6278295516967773
0.0,0.3198768198490143
0.0,0.34657806158065796
1.0,0.7154029011726379
1.0,0.6776219606399536
1.0,0.5512458682060242
0.0,0.32978367805480957
0.0,0.573813796043396
0.0,0.5362523198127747
1.0,0.5638407468795776
0.0,0.32047227025032043
0.0,0.32257887721061707
0.0,0.28267523646354675
0.0,0.31460198760032654
0.0,0.29105767607688904
0.0,0.29983583092689514
0.0,0.37910738587379456
1.0,0.6218273043632507
0.0,0.34535545110702515
1.0,0.34692829847335815
0.0,0.6296355724334717
0.0,0.30769234895706177
1.0,0.5330339074134827
1.0,0.30035239458084106
0.0,0.6649304032325745
1.0,0.695615828037262
0.0,0.35046473145484924
0.0,0.580106794834137
1.0,0.5360445380210876
1.0,0.40211889147758484
1.0,0.7005730271339417
1.0,0.6207376718521118
0.0,0.30001792311668396
0.0,0.37241533398628235
0.0,0.3017730712890625
0.0,0.4707740545272827
1.0,0.4578278660774231
1.0,0.7000430822372437
0.0,0.2953113317489624
1.0,0.5627814531326294
1.0,0.32601219415664673
0.0,0.3233415186405182
0.0,0.412261426448822
0.0,0.2867978513240814
1.0,0.3006442189216614
0.0,0.3701057434082031
0.0,0.4442250430583954
1.0,0.6546714305877686
0.0,0.49871334433555603
1.0,0.3634677827358246
0.0,0.2807733416557312
0.0,0.29376694560050964
0.0,0.5763882994651794
0.0,0.49064335227012634
1.0,0.6933301091194153
1.0,0.6125260591506958
1.0,0.4681398868560791
1.0,0.5319389700889587
0.0,0.6079012751579285
1.0,0.6459020376205444
0.0,0.49784448742866516
1.0,0.6652364730834961
1.0,0.3871566653251648
1.0,0.33395645022392273
0.0,0.32065272331237793
1.0,0.6809626221656799
1.0,0.6681584715843201
1.0,0.6706907153129578
0.0,0.2880462408065796
0.0,0.30917784571647644
0.0,0.5456171035766602
1.0,0.36354300379753113
1.0,0.7105135917663574
1.0,0.31479737162590027
0.0,0.2786344289779663
0.0,0.4088987112045288
0.0,0.3866901099681854
1.0,0.5568865537643433
0.0,0.2879037857055664
0.0,0.30399149656295776
0.0,0.4219647943973541
0.0,0.6698564291000366
0.0,0.36116963624954224
0.0,0.3523589074611664
0.0,0.28790923953056335
0.0,0.5871542096138
0.0,0.5201733708381653
1.0,0.3964492678642273
1.0,0.4427090585231781
1.0,0.37933477759361267
1.0,0.4043673276901245
0.0,0.30200859904289246
0.0,0.31345024704933167
0.0,0.626390814781189
1.0,0.28929904103279114
1.0,0.3143184185028076
0.0,0.29789039492607117
1.0,0.3063989579677582
1.0,0.6999369263648987
1.0,0.5543388724327087
0.0,0.46210089325904846
0.0,0.36892804503440857
0.0,0.31097379326820374
1.0,0.37774786353111267
1.0,0.4586453437805176
1.0,0.6994773745536804
1.0,0.5618670582771301
1.0,0.2855094075202942
0.0,0.28998273611068726
1.0,0.5932549238204956
1.0,0.33179599046707153
0.0,0.40327849984169006
1.0,0.7131285667419434
0.0,0.3048742711544037
0.0,0.2896709442138672
1.0,0.64711594581604
1.0,0.31606525182724
1.0,0.34145280718803406
1.0,0.7037447094917297
0.0,0.6463447213172913
1.0,0.28907012939453125
0.0,0.6697307229042053
1.0,0.7082100510597229
0.0,0.29381129145622253
0.0,0.28937816619873047
1.0,0.4309343695640564
0.0,0.2937031388282776
0.0,0.4263940453529358
0.0,0.5835440158843994
0.0,0.29411736130714417
1.0,0.6729683876037598
1.0,0.6793166995048523
1.0,0.3685830533504486
1.0,0.7056328058242798
0.0,0.4059256911277771
1.0,0.5395731925964355
0.0,0.6705505847930908
0.0,0.6387101411819458
1.0,0.6032410264015198
1.0,0.6563166975975037
1.0,0.635273277759552
0.0,0.30123192071914673
1.0,0.6537190675735474
0.0,0.39161595702171326
0.0,0.5672532320022583
1.0,0.42894789576530457
1.0,0.6833349466323853
0.0,0.6258983612060547
0.0,0.4043436050415039
1.0,0.4298338294029236
0.0,0.46748584508895874
0.0,0.5113937854766846
1.0,0.2811961770057678
0.0,0.3757859170436859
1.0,0.6418436169624329
1.0,0.7082220315933228
0.0,0.3027515411376953
0.0,0.665459930896759
1.0,0.3780393600463867
0.0,0.2855302691459656
0.0,0.5913726687431335
0.0,0.28450673818588257
0.0,0.4952132999897003
1.0,0.6961492300033569
1.0,0.5593571066856384
1.0,0.3240948021411896
1.0,0.7027701735496521
0.0,0.3423936069011688
0.0,0.3296736478805542
0.0,0.6628708243370056
0.0,0.3128034472465515
1.0,0.6573716402053833
1.0,0.331091046333313
1.0,0.6800260543823242
0.0,0.4086376130580902
1.0,0.32726868987083435
1.0,0.7134973406791687
1.0,0.6672115921974182
1.0,0.7176035046577454
1.0,0.6385955810546875
1.0,0.3460387587547302
0.0,0.44435325264930725
0.0,0.31044039130210876
0.0,0.2867771089076996
0.0,0.3355737328529358
1.0,0.6335926055908203
0.0,0.2823755443096161
1.0,0.47605419158935547
1.0,0.6763091683387756
0.0,0.6695296168327332
1.0,0.6925658583641052
0.0,0.41591677069664
0.0,0.33937156200408936
0.0,0.30085769295692444
1.0,0.3364701271057129
1.0,0.7185894846916199
0.0,0.2795540392398834
0.0,0.3908751308917999
0.0,0.44371354579925537
0.0,0.2815135419368744
0.0,0.6377872228622437
0.0,0.3176848590373993
0.0,0.6323124766349792
1.0,0.3648945689201355
0.0,0.33951085805892944
0.0,0.5303499102592468
1.0,0.7046075463294983
1.0,0.3294398784637451
0.0,0.4140281677246094
1.0,0.6898544430732727
0.0,0.6197527647018433
1.0,0.5577390789985657
0.0,0.5936936736106873
0.0,0.3022010624408722
0.0,0.34661585092544556
1.0,0.6488334536552429
0.0,0.3145701289176941
1.0,0.5906664133071899
0.0,0.6476839780807495
1.0,0.6132029891014099
0.0,0.3614761531352997
0.0,0.6509976983070374
1.0,0.3289395272731781
1.0,0.38575389981269836
1.0,0.3143804669380188
1.0,0.6935986280441284
1.0,0.7024096846580505
0.0,0.3084017038345337
0.0,0.3308802545070648
1.0,0.6548194289207458
1.0,0.6801365613937378
1.0,0.3087329566478729
1.0,0.7170644998550415
0.0,0.2866552770137787
1.0,0.6326258778572083
0.0,0.589451253414154
1.0,0.6834471225738525
0.0,0.28991997241973877
0.0,0.3246310353279114
0.0,0.29133665561676025
0.0,0.4171421229839325
0.0,0.3809194564819336
0.0,0.6721606850624084
0.0,0.31656599044799805
1.0,0.32927456498146057
1.0,0.7112882733345032
0.0,0.3864721953868866
1.0,0.6811458468437195
0.0,0.27802780270576477
1.0,0.608422577381134
1.0,0.5337501764297485
1.0,0.3797365725040436
0.0,0.6397703886032104
0.0,0.3269788324832916
1.0,0.3174779415130615
1.0,0.3442019522190094
1.0,0.7043731808662415
0.0,0.5503686666488647
1.0,0.6055988073348999
1.0,0.6507995128631592
1.0,0.6736516356468201
1.0,0.7138848304748535
1.0,0.5859551429748535
1.0,0.6787840127944946
1.0,0.6929877400398254
0.0,0.2873237133026123
1.0,0.586569607257843
1.0,0.30239924788475037
1.0,0.35197585821151733
1.0,0.6801895499229431
0.0,0.439806193113327
0.0,0.3122645616531372
0.0,0.31148701906204224
0.0,0.328331857919693
1.0,0.6043872833251953
1.0,0.6143461465835571
1.0,0.4719381332397461
0.0,0.3461219072341919
1.0,0.36471307277679443
1.0,0.6417204141616821
1.0,0.34838002920150757
1.0,0.6444735527038574
1.0,0.313029021024704
0.0,0.6658036708831787
0.0,0.3038390576839447
1.0,0.6717092394828796
1.0,0.4552399516105652
0.0,0.28517499566078186
0.0,0.28695032000541687
0.0,0.28253287076950073
1.0,0.6744269132614136
1.0,0.6944490075111389
1.0,0.48251625895500183
0.0,0.28219902515411377
0.0,0.5120578408241272
1.0,0.361587792634964
0.0,0.5044729113578796
1.0,0.590831995010376
1.0,0.7066718935966492
1.0,0.7117031216621399
0.0,0.6115359663963318
0.0,0.28063255548477173
1.0,0.319851815700531
1.0,0.5907739996910095
0.0,0.714435338973999
0.0,0.36708199977874756
0.0,0.2992907166481018
1.0,0.2889513075351715
1.0,0.702095091342926
0.0,0.5785297751426697
0.0,0.291720449924469
1.0,0.2890450656414032
0.0,0.3404407203197479
1.0,0.463320255279541
1.0,0.5161479115486145
1.0,0.6659541130065918
1.0,0.2860562801361084
0.0,0.34811505675315857
0.0,0.32067742943763733
0.0,0.4485156536102295
1.0,0.684082567691803
0.0,0.32145968079566956
0.0,0.3119373321533203
1.0,0.6400570869445801
0.0,0.367716521024704
0.0,0.2900178134441376
1.0,0.30565962195396423
1.0,0.5077269673347473
0.0,0.34000128507614136
0.0,0.324068158864975
0.0,0.6069117784500122
0.0,0.3316577076911926
1.0,0.3647191822528839
1.0,0.6358591914176941
0.0,0.3045368492603302
0.0,0.303514689207077
1.0,0.38835644721984863
0.0,0.5366972088813782
1.0,0.31263723969459534
0.0,0.3172839283943176
0.0,0.6344760060310364
0.0,0.6257424354553223
1.0,0.28559577465057373
0.0,0.32448336482048035
0.0,0.4190588593482971
0.0,0.5262628197669983
0.0,0.5854774117469788
0.0,0.6624086499214172
1.0,0.31658118963241577
0.0,0.45348140597343445
0.0,0.2873861491680145
1.0,0.7060818672180176
0.0,0.45242494344711304
0.0,0.46249669790267944
0.0,0.6547884941101074
1.0,0.43258801102638245
1.0,0.650201678276062
0.0,0.6191752552986145
0.0,0.34062886238098145
0.0,0.3493867516517639
0.0,0.4267820715904236
1.0,0.693802535533905
0.0,0.33891716599464417
1.0,0.285335898399353
0.0,0.3258858323097229
1.0,0.3432510793209076
1.0,0.29058682918548584
1.0,0.6765491962432861
0.0,0.5983243584632874
1.0,0.2860442101955414
0.0,0.5053568482398987
0.0,0.4633769392967224
0.0,0.32352331280708313
1.0,0.6332501769065857
0.0,0.6789693832397461
1.0,0.29082542657852173
1.0,0.6434414982795715
0.0,0.31414246559143066
1.0,0.7022107839584351
0.0,0.28787773847579956
0.0,0.29258063435554504
0.0,0.3001168370246887
0.0,0.3177882432937622
0.0,0.2850175201892853
0.0,0.27907007932662964
1.0,0.7189199924468994
0.0,0.4712679386138916
0.0,0.3857969641685486
0.0,0.414044588804245
0.0,0.455696165561676
1.0,0.6117194294929504
1.0,0.6846386194229126
1.0,0.6854532957077026
1.0,0.6773985028266907
0.0,0.29517078399658203
1.0,0.4614696502685547
0.0,0.29938793182373047
1.0,0.6571520566940308
0.0,0.30074772238731384
0.0,0.40609949827194214
0.0,0.31685107946395874
1.0,0.7166607975959778
1.0,0.2786683440208435
1.0,0.6658510565757751
0.0,0.2890303432941437
1.0,0.3498145639896393
1.0,0.30932512879371643
0.0,0.33516785502433777
0.0,0.2934342622756958
1.0,0.4709920585155487
1.0,0.560066819190979
1.0,0.7077536582946777
0.0,0.3058578670024872
0.0,0.40309152007102966
1.0,0.5091253519058228
0.0,0.4749275743961334
0.0,0.5535808801651001
0.0,0.360758513212204
1.0,0.6199309229850769
1.0,0.6126020550727844
0.0,0.28867247700691223
0.0,0.2925443649291992
1.0,0.6419378519058228
0.0,0.6181065440177917
0.0,0.28403156995773315
0.0,0.6662287712097168
1.0,0.607264518737793
0.0,0.37752673029899597
1.0,0.644529402256012
0.0,0.28699421882629395
1.0,0.3725384473800659
0.0,0.28542083501815796
1.0,0.6738086938858032
0.0,0.290033221244812
1.0,0.7072494626045227
0.0,0.4524669945240021
0.0,0.287862092256546
0.0,0.5793420672416687
1.0,0.673194169998169
0.0,0.5476261377334595
1.0,0.6493211984634399
0.0,0.6362730860710144
0.0,0.5797328948974609
0.0,0.4717554450035095
1.0,0.6617067456245422
0.0,0.5821439623832703
1.0,0.7168742418289185
1.0,0.6604491472244263
1.0,0.4539364278316498
0.0,0.5418623685836792
0.0,0.6420506834983826
0.0,0.28977829217910767
0.0,0.3273746371269226
1.0,0.35671213269233704
1.0,0.32385140657424927
0.0,0.2934364378452301
1.0,0.7026228308677673
0.0,0.35165464878082275
1.0,0.6371042132377625
0.0,0.6149253845214844
0.0,0.38967758417129517
1.0,0.6608225703239441
1.0,0.636371374130249
0.0,0.49296095967292786
1.0,0.6634132862091064
1.0,0.6882604360580444
1.0,0.7061866521835327
0.0,0.5545021295547485
1.0,0.5497602820396423
0.0,0.6489155292510986
0.0,0.44086796045303345
1.0,0.33759424090385437
0.0,0.3408330976963043
0.0,0.7043138742446899
0.0,0.6235096454620361
1.0,0.6720432639122009
0.0,0.4673295319080353
1.0,0.6956275701522827
1.0,0.4644702672958374
0.0,0.29048097133636475
0.0,0.4855594038963318
1.0,0.35722440481185913
0.0,0.2821834683418274
0.0,0.6107945442199707
1.0,0.596831202507019
0.0,0.29760292172431946
0.0,0.6809338927268982
0.0,0.3203510344028473
0.0,0.28630316257476807
1.0,0.5905169248580933
1.0,0.5116748809814453
0.0,0.6456631422042847
0.0,0.3068210780620575
0.0,0.6511756777763367
1.0,0.32513630390167236
1.0,0.4902486205101013
0.0,0.3040773570537567
0.0,0.6698715686798096
1.0,0.6614848375320435
0.0,0.3133876919746399
0.0,0.3770401179790497
0.0,0.6356346607208252
1.0,0.6839746832847595
0.0,0.31060972809791565
0.0,0.33490225672721863
0.0,0.44802334904670715
0.0,0.28623348474502563
0.0,0.280143678188324
1.0,0.6920067071914673
1.0,0.4897957146167755
0.0,0.28353098034858704
1.0,0.504258930683136
0.0,0.33094632625579834
0.0,0.2908829152584076
0.0,0.2896883189678192
0.0,0.3829813003540039
0.0,0.2876935601234436
0.0,0.3212548494338989
1.0,0.6493101716041565
0.0,0.37911248207092285
0.0,0.4588911831378937
0.0,0.3421207666397095
0.0,0.3105095624923706
1.0,0.37951189279556274
0.0,0.35388168692588806
1.0,0.6241633296012878
1.0,0.6769681572914124
1.0,0.7015678882598877
0.0,0.29784518480300903
0.0,0.341626912355423
0.0,0.3473411798477173
1.0,0.7029565572738647
0.0,0.30548733472824097
0.0,0.3386569023132324
0.0,0.314608633518219
1.0,0.40922683477401733
0.0,0.6760227084159851
0.0,0.29044124484062195
1.0,0.6651053428649902
0.0,0.31726378202438354
0.0,0.39479684829711914
1.0,0.7101582884788513
0.0,0.4399013817310333
0.0,0.44352656602859497
0.0,0.3107537031173706
0.0,0.3475908637046814
1.0,0.6199730038642883
0.0,0.32435905933380127
0.0,0.6424424648284912
0.0,0.35141634941101074
0.0,0.31024473905563354
1.0,0.6336593627929688
0.0,0.36939507722854614
1.0,0.6846340298652649
1.0,0.6828908920288086
0.0,0.33925583958625793
1.0,0.6972397565841675
1.0,0.398660272359848
0.0,0.298159122467041
1.0,0.2901268005371094
0.0,0.3776826560497284
0.0,0.6227457523345947
1.0,0.6891734600067139
0.0,0.5077522993087769
0.0,0.5263922810554504
0.0,0.3177519738674164
0.0,0.31947001814842224
0.0,0.456006795167923
1.0,0.5287325978279114
0.0,0.4269597828388214
0.0,0.5312708020210266
0.0,0.29133227467536926
0.0,0.3500271141529083
1.0,0.39363348484039307
0.0,0.37593165040016174
0.0,0.3440135717391968
0.0,0.48082512617111206
0.0,0.3918825387954712
0.0,0.41355666518211365
1.0,0.5431526899337769
0.0,0.6845502853393555
0.0,0.4321996569633484
1.0,0.2925829291343689
0.0,0.3728531002998352
1.0,0.642350971698761
1.0,0.5123754739761353
1.0,0.595369279384613
1.0,0.7062748074531555
0.0,0.3935302793979645
0.0,0.5840527415275574
0.0,0.32949936389923096
1.0,0.5276473164558411
0.0,0.6766194105148315
0.0,0.2767718434333801
0.0,0.37916329503059387
1.0,0.3157755434513092
1.0,0.3304356634616852
0.0,0.3143842816352844
0.0,0.3160041570663452
1.0,0.3028891086578369
1.0,0.6772660613059998
1.0,0.3585696816444397
0.0,0.6232872009277344
0.0,0.324388325214386
1.0,0.4670340120792389
0.0,0.4501286745071411
0.0,0.5769925713539124
0.0,0.37667858600616455
0.0,0.2836012542247772
1.0,0.32927557826042175
0.0,0.3750481605529785
1.0,0.44502153992652893
1.0,0.4945068657398224
1.0,0.6329249143600464
1.0,0.32295283675193787
0.0,0.6218023896217346
1.0,0.6385721564292908
0.0,0.3764592409133911
1.0,0.5564318299293518
1.0,0.6588215827941895
0.0,0.6072859168052673
0.0,0.690669596195221
0.0,0.3407076895236969
1.0,0.6344767212867737
1.0,0.44101762771606445
0.0,0.2892720699310303
0.0,0.3389612138271332
1.0,0.6796416640281677
1.0,0.7044509053230286
1.0,0.3437401354312897
1.0,0.7026808857917786
0.0,0.2940063178539276
1.0,0.6191173791885376
0.0,0.659028947353363
1.0,0.6849993467330933
0.0,0.28167274594306946
0.0,0.29079100489616394
1.0,0.46233928203582764
1.0,0.6835609078407288
1.0,0.6538065671920776
1.0,0.6989064812660217
1.0,0.6878656148910522
1.0,0.3917866349220276
0.0,0.568428635597229
0.0,0.3933424949645996
0.0,0.6147353053092957
0.0,0.2818833589553833
1.0,0.713128387928009
0.0,0.43974098563194275
0.0,0.671632707118988
0.0,0.4271923899650574
1.0,0.674007773399353
0.0,0.30064651370048523
0.0,0.3975093364715576
1.0,0.6961051225662231
1.0,0.6001091599464417
1.0,0.5854046940803528
0.0,0.3579237163066864
1.0,0.2960021495819092
0.0,0.279694139957428
0.0,0.6783791184425354
0.0,0.3201845586299896
0.0,0.3121687173843384
0.0,0.5049118399620056
0.0,0.3338843584060669
0.0,0.39582663774490356
1.0,0.7008697390556335
1.0,0.4847986102104187
0.0,0.3003539741039276
0.0,0.5488739609718323
1.0,0.688072919845581
1.0,0.3631640076637268
0.0,0.7085477113723755
1.0,0.39353302121162415
0.0,0.6023496389389038
1.0,0.657672643661499
0.0,0.5328024625778198
0.0,0.2931222915649414
1.0,0.5973566770553589
1.0,0.6695083379745483
0.0,0.36649081110954285
0.0,0.4250338673591614
0.0,0.4847055971622467
0.0,0.370145708322525
0.0,0.3178606927394867
0.0,0.5123206973075867
1.0,0.7122137546539307
1.0,0.5022637844085693
1.0,0.33909669518470764
0.0,0.5179563760757446
1.0,0.5675276517868042
0.0,0.29318106174468994
1.0,0.2952357232570648
0.0,0.3102983832359314
1.0,0.6620714664459229
1.0,0.6856170296669006
0.0,0.35726919770240784
0.0,0.36881542205810547
0.0,0.5767518281936646
0.0,0.2944687306880951
0.0,0.3368723392486572
0.0,0.2998585104942322
1.0,0.6250160336494446
1.0,0.2895642817020416
1.0,0.6572136282920837
1.0,0.3177259564399719
0.0,0.3562684655189514
0.0,0.3002856969833374
0.0,0.3214929699897766
0.0,0.35295581817626953
0.0,0.7177056074142456
0.0,0.3041003346443176
0.0,0.3679102957248688
1.0,0.5009456872940063
1.0,0.6514731049537659
1.0,0.6840690970420837
0.0,0.32844212651252747
1.0,0.6160902380943298
0.0,0.47565749287605286
1.0,0.59639972448349
0.0,0.3408898413181305
0.0,0.3892293870449066
0.0,0.33288949728012085
0.0,0.32147616147994995
0.0,0.4976896047592163
0.0,0.30779191851615906
0.0,0.41540980339050293
1.0,0.32764574885368347
0.0,0.3781629204750061
1.0,0.6350238919258118
0.0,0.4786520004272461
0.0,0.31753501296043396
1.0,0.2968703508377075
1.0,0.719660222530365
0.0,0.6767289638519287
0.0,0.3368534743785858
0.0,0.661004900932312
1.0,0.28892672061920166
1.0,0.6450536847114563
1.0,0.31775978207588196
0.0,0.2908999025821686
1.0,0.693697988986969
1.0,0.6089714765548706
0.0,0.34439823031425476
0.0,0.6753085255622864
1.0,0.6906350255012512
0.0,0.379242867231369
1.0,0.6200796961784363
0.0,0.4119117259979248
1.0,0.6451075077056885
1.0,0.3034602999687195
1.0,0.6521710753440857
0.0,0.6906816959381104
0.0,0.29063883423805237
1.0,0.7030235528945923
1.0,0.6574844717979431
0.0,0.28470513224601746
0.0,0.5382715463638306
0.0,0.30266663432121277
1.0,0.5617151260375977
0.0,0.3967114984989166
0.0,0.5715131163597107
0.0,0.3042888343334198
1.0,0.28990638256073
0.0,0.6477511525154114
1.0,0.6104515790939331
1.0,0.51503986120224
1.0,0.3181370198726654
0.0,0.4377768337726593
0.0,0.28040701150894165
0.0,0.294440895318985
0.0,0.29821497201919556
1.0,0.6638633608818054
1.0,0.685973048210144
0.0,0.33574074506759644
0.0,0.39434805512428284
0.0,0.6810198426246643
1.0,0.28666436672210693
1.0,0.46673765778541565
1.0,0.6515780091285706
0.0,0.5736799836158752
0.0,0.29561683535575867
0.0,0.28434351086616516
0.0,0.2918998897075653
0.0,0.5118047595024109
0.0,0.43693989515304565
1.0,0.4081357419490814
0.0,0.33642861247062683
1.0,0.37246620655059814
0.0,0.33823925256729126
0.0,0.294944167137146
1.0,0.5367395281791687
0.0,0.30688172578811646
1.0,0.64179927110672
0.0,0.3546949326992035
0.0,0.28443241119384766
1.0,0.6921570897102356
1.0,0.3419276475906372
1.0,0.282859742641449
0.0,0.4997900426387787
1.0,0.5414919853210449
1.0,0.5833142399787903
1.0,0.31571412086486816
1.0,0.3235865831375122
1.0,0.7140361070632935
1.0,0.709902286529541
0.0,0.3397475779056549
0.0,0.3001933693885803
0.0,0.5526320338249207
0.0,0.28634071350097656
1.0,0.7211357951164246
0.0,0.41108831763267517
0.0,0.6881545782089233
1.0,0.6671486496925354
1.0,0.28897255659103394
0.0,0.4131224453449249
1.0,0.6157285571098328
1.0,0.36318597197532654
0.0,0.4914988875389099
0.0,0.6512647867202759
1.0,0.6470503807067871
0.0,0.33165237307548523
0.0,0.3488808274269104
1.0,0.29466623067855835
0.0,0.33717814087867737
0.0,0.31640520691871643
0.0,0.3405380845069885
0.0,0.314610093832016
1.0,0.706561267375946
0.0,0.5127415657043457
1.0,0.5158803462982178
0.0,0.40878888964653015
0.0,0.5566131472587585
1.0,0.30930644273757935
0.0,0.2881375849246979
0.0,0.28060221672058105
0.0,0.41356489062309265
1.0,0.665576696395874
1.0,0.6708312630653381
0.0,0.4397759437561035
1.0,0.6276307106018066
1.0,0.7060873508453369
1.0,0.6932881474494934
1.0,0.32039350271224976
0.0,0.672508180141449
0.0,0.3011130392551422
0.0,0.3028434216976166
1.0,0.3339589238166809
0.0,0.4333430528640747
0.0,0.6284675002098083
0.0,0.28986358642578125
1.0,0.30448997020721436
1.0,0.6026495695114136
0.0,0.6998733282089233
1.0,0.6780494451522827
1.0,0.6399784088134766
1.0,0.6360170245170593
1.0,0.3131270408630371
1.0,0.3162577152252197
1.0,0.4556353688240051
1.0,0.515466034412384
0.0,0.5468789339065552
1.0,0.5910598039627075
1.0,0.30868691205978394
1.0,0.6715274453163147
1.0,0.4048337936401367
1.0,0.35826578736305237
1.0,0.6456415057182312
0.0,0.29229098558425903
1.0,0.32292449474334717
1.0,0.6617416739463806
1.0,0.6631676554679871
1.0,0.3009285032749176
1.0,0.6689972281455994
1.0,0.31467902660369873
0.0,0.6013653874397278
0.0,0.2881034016609192
1.0,0.310808002948761
1.0,0.7136890292167664
1.0,0.6340026259422302
1.0,0.45886608958244324
0.0,0.31592193245887756
0.0,0.2849012613296509
1.0,0.378735214471817
1.0,0.4586646556854248
1.0,0.47760307788848877
1.0,0.6766077280044556
1.0,0.6640440225601196
1.0,0.6316115856170654
1.0,0.6453902125358582
1.0,0.2975546419620514
0.0,0.5834997296333313
1.0,0.33932092785835266
1.0,0.5907194018363953
1.0,0.5170369744300842
0.0,0.3052327036857605
1.0,0.6329718828201294
1.0,0.6593026518821716
1.0,0.6358164548873901
1.0,0.703640341758728
0.0,0.40717077255249023
1.0,0.6922147274017334
1.0,0.7108367085456848
1.0,0.45662567019462585
1.0,0.32446107268333435
0.0,0.3177430033683777
0.0,0.4899861514568329
1.0,0.6658748388290405
0.0,0.2938310205936432
1.0,0.6879445910453796
0.0,0.6658780574798584
0.0,0.43470245599746704
1.0,0.6431374549865723
0.0,0.2851368486881256
1.0,0.5322847366333008
0.0,0.2948743402957916
1.0,0.32471373677253723
1.0,0.6610158085823059
0.0,0.3187750577926636
1.0,0.5262323617935181
0.0,0.2937833368778229
1.0,0.666675865650177
0.0,0.2919306457042694
0.0,0.3519333302974701
0.0,0.2908051311969757
1.0,0.5350252985954285
0.0,0.6798328161239624
1.0,0.6044580936431885
1.0,0.6743627786636353
0.0,0.28509411215782166
1.0,0.6792550086975098
0.0,0.4991473853588104
0.0,0.36991721391677856
1.0,0.6964704990386963
0.0,0.5532150268554688
0.0,0.39737993478775024
0.0,0.3789178729057312
1.0,0.6189854145050049
0.0,0.3392556607723236
1.0,0.6506043076515198
0.0,0.34337297081947327
1.0,0.3511711657047272
1.0,0.29572951793670654
0.0,0.4139903485774994
1.0,0.341076523065567
1.0,0.697608232498169
0.0,0.6359416842460632
1.0,0.29217326641082764
1.0,0.4686964452266693
0.0,0.33495715260505676
0.0,0.6856143474578857
1.0,0.46148496866226196
0.0,0.2881210148334503
1.0,0.6565695405006409
0.0,0.3143143951892853
0.0,0.5854002237319946
1.0,0.3113366365432739
1.0,0.33851638436317444
0.0,0.5393694639205933
1.0,0.68243807554245
1.0,0.3961608111858368
1.0,0.45789480209350586
1.0,0.40835943818092346
0.0,0.28181180357933044
1.0,0.6586488485336304
1.0,0.6340202689170837
1.0,0.2821550667285919
0.0,0.34187236428260803
0.0,0.3180399239063263
1.0,0.6132478713989258
1.0,0.5893283486366272
0.0,0.29154351353645325
0.0,0.37381258606910706
0.0,0.5887630581855774
1.0,0.4501626491546631
0.0,0.49588048458099365
0.0,0.2885756492614746
0.0,0.5618047714233398
1.0,0.4410502314567566
0.0,0.4567106366157532
0.0,0.43689584732055664
0.0,0.5164949297904968
0.0,0.6517819166183472
1.0,0.7022206783294678
0.0,0.43698909878730774
1.0,0.6422221660614014
0.0,0.29766494035720825
0.0,0.5665823221206665
0.0,0.2920437753200531
0.0,0.5557780861854553
1.0,0.6905063986778259
1.0,0.28811436891555786
0.0,0.2889913022518158
1.0,0.514168381690979
1.0,0.5243188142776489
0.0,0.50730961561203
1.0,0.3554932773113251
1.0,0.3789049983024597
1.0,0.6546055674552917
1.0,0.6872779726982117
1.0,0.5810548663139343
1.0,0.4129897356033325
1.0,0.28433486819267273
1.0,0.6238281726837158
0.0,0.5426210165023804
1.0,0.5354732871055603
1.0,0.34442123770713806
0.0,0.3323473036289215
1.0,0.6312274932861328
0.0,0.29226571321487427
1.0,0.608313798904419
1.0,0.2918910086154938
0.0,0.34921160340309143
1.0,0.6659186482429504
0.0,0.6912369132041931
1.0,0.6980238556861877
0.0,0.6280150413513184
0.0,0.3844428062438965
0.0,0.5278339982032776
0.0,0.289999395608902
0.0,0.6329482793807983
1.0,0.5868644714355469
1.0,0.6938089728355408
0.0,0.6639639735221863
0.0,0.30622148513793945
0.0,0.6416478753089905
0.0,0.5457169413566589
1.0,0.6635963916778564
0.0,0.5404396653175354
0.0,0.29298681020736694
0.0,0.30765795707702637
1.0,0.517643392086029
1.0,0.32983773946762085
0.0,0.284752756357193
0.0,0.2957327961921692
1.0,0.5515328049659729
0.0,0.3320016860961914
0.0,0.3064758777618408
0.0,0.2857561409473419
1.0,0.3494932949542999
1.0,0.6595169305801392
0.0,0.36881327629089355
0.0,0.30887120962142944
0.0,0.3498547673225403
0.0,0.2948767840862274
1.0,0.5084794163703918
1.0,0.6885901689529419
1.0,0.6699421405792236
1.0,0.3144325911998749
1.0,0.29140833020210266
1.0,0.38597914576530457
0.0,0.5273804664611816
0.0,0.3337516784667969
1.0,0.6972523331642151
0.0,0.40486231446266174
1.0,0.30023911595344543
1.0,0.6084232926368713
0.0,0.28838905692100525
1.0,0.6861329078674316
1.0,0.40782150626182556
1.0,0.6822061538696289
0.0,0.2831968069076538
0.0,0.3336399495601654
0.0,0.7007537484169006
1.0,0.6969468593597412
0.0,0.27851375937461853
0.0,0.3250601291656494
1.0,0.28431981801986694
1.0,0.6179786920547485
1.0,0.706319272518158
1.0,0.6599355936050415
0.0,0.30924728512763977
1.0,0.7065820693969727
0.0,0.29655641317367554
1.0,0.7021697163581848
1.0,0.7108656764030457
1.0,0.7005581259727478
1.0,0.4645971357822418
1.0,0.6726536750793457
1.0,0.6801334619522095
1.0,0.6792215704917908
0.0,0.4811597168445587
1.0,0.703146755695343
0.0,0.2904803156852722
1.0,0.5960549712181091
1.0,0.7005660533905029
0.0,0.3433220684528351
1.0,0.709347665309906
0.0,0.32264724373817444
0.0,0.37723758816719055
1.0,0.686301052570343
0.0,0.2908899188041687
0.0,0.651370644569397
1.0,0.7014776468276978
0.0,0.286277711391449
0.0,0.3301808834075928
0.0,0.28538066148757935
1.0,0.6935824155807495
1.0,0.7180189490318298
1.0,0.4930592179298401
1.0,0.7157993316650391
1.0,0.4431120753288269
1.0,0.3710145056247711
1.0,0.30451542139053345
1.0,0.5332227349281311
0.0,0.4254986047744751
0.0,0.3360690474510193
1.0,0.619087278842926
0.0,0.5979135632514954
0.0,0.2911165654659271
0.0,0.3643471598625183
0.0,0.2918476164340973
0.0,0.37005212903022766
0.0,0.384433776140213
1.0,0.39773574471473694
0.0,0.2971532344818115
0.0,0.3805754780769348
0.0,0.3040890097618103
1.0,0.3064593970775604
0.0,0.6826545596122742
0.0,0.3177923262119293
1.0,0.28718578815460205
0.0,0.38450512290000916
0.0,0.4058816730976105
1.0,0.6483927369117737
0.0,0.674730122089386
0.0,0.29919496178627014
1.0,0.34376615285873413
1.0,0.6669008135795593
0.0,0.438407301902771
0.0,0.30189308524131775
0.0,0.5582484602928162
0.0,0.33285167813301086
0.0,0.33727726340293884
1.0,0.6574133634567261
0.0,0.6357132792472839
0.0,0.6279277205467224
1.0,0.6400352716445923
1.0,0.2911290228366852
0.0,0.29350781440734863
0.0,0.3524574339389801
0.0,0.43436291813850403
1.0,0.6857593655586243
0.0,0.435362845659256
1.0,0.3182585537433624
1.0,0.29574450850486755
1.0,0.5019278526306152
1.0,0.6558448076248169
1.0,0.671809196472168
0.0,0.684124767780304
0.0,0.29477569460868835
0.0,0.4132627844810486
1.0,0.3360825777053833
1.0,0.6531410813331604
0.0,0.5127275586128235
1.0,0.5302311182022095
1.0,0.6605826020240784
0.0,0.3196876347064972
0.0,0.5764787793159485
1.0,0.649356484413147
1.0,0.3590860664844513
1.0,0.31767433881759644
1.0,0.6592041254043579
1.0,0.6363922357559204
0.0,0.39945417642593384
0.0,0.3601002097129822
0.0,0.6263090372085571
1.0,0.30497151613235474
1.0,0.5560014247894287
0.0,0.5325905084609985
1.0,0.311850368976593
0.0,0.33442455530166626
0.0,0.3064858913421631
0.0,0.5206579566001892
1.0,0.283458411693573
1.0,0.3892277181148529
1.0,0.6374618411064148
0.0,0.2975306510925293
1.0,0.5597195625305176
1.0,0.6914077401161194
1.0,0.399186372756958
1.0,0.6405231952667236
0.0,0.31841135025024414
1.0,0.6580411195755005
1.0,0.6176608800888062
0.0,0.309826523065567
1.0,0.6032745242118835
0.0,0.3156437277793884
1.0,0.5542615056037903
1.0,0.6579050421714783
0.0,0.6459910273551941
0.0,0.5247582197189331
1.0,0.3332090377807617
1.0,0.622989296913147
0.0,0.32854241132736206
0.0,0.35915979743003845
0.0,0.46695712208747864
1.0,0.6576201915740967
0.0,0.28091761469841003
1.0,0.6651286482810974
1.0,0.4639873504638672
1.0,0.5438702702522278
0.0,0.5180454850196838
1.0,0.6826554536819458
0.0,0.30131763219833374
1.0,0.6620579957962036
1.0,0.6930290460586548
1.0,0.6228637099266052
0.0,0.5338520407676697
0.0,0.6144961714744568
1.0,0.34867244958877563
0.0,0.3582381308078766
1.0,0.3814060091972351
1.0,0.670506477355957
0.0,0.5470615029335022
1.0,0.6250030994415283
1.0,0.3564680814743042
1.0,0.6689063906669617
1.0,0.6247627139091492
1.0,0.5217512249946594
0.0,0.3009915351867676
1.0,0.5395975708961487
0.0,0.32194575667381287
1.0,0.42544862627983093
0.0,0.3030930757522583
0.0,0.6033998131752014
1.0,0.519795835018158
0.0,0.5258079171180725
0.0,0.3382492959499359
1.0,0.6656143069267273
0.0,0.2853486239910126
0.0,0.30861160159111023
0.0,0.4368962049484253
1.0,0.3279498815536499
1.0,0.6722533106803894
0.0,0.3167628347873688
1.0,0.4510250687599182
0.0,0.3367888629436493
0.0,0.6917962431907654
1.0,0.6593098044395447
1.0,0.3276563584804535
0.0,0.3043697774410248
0.0,0.6723072528839111
0.0,0.6592115759849548
0.0,0.3412819504737854
1.0,0.29373854398727417
1.0,0.6483639478683472
1.0,0.3434298634529114
1.0,0.31630444526672363
1.0,0.33091628551483154
0.0,0.29289138317108154
1.0,0.387663334608078
0.0,0.337187260389328
0.0,0.33590036630630493
0.0,0.29001063108444214
0.0,0.33889657258987427
1.0,0.31473538279533386
1.0,0.6352376341819763
0.0,0.303780198097229
0.0,0.530573308467865
0.0,0.31455108523368835
1.0,0.5844794511795044
0.0,0.599713921546936
1.0,0.576436460018158
0.0,0.2962828278541565
1.0,0.2879292666912079
0.0,0.31799080967903137
1.0,0.7003865242004395
0.0,0.33081918954849243
0.0,0.31576016545295715
0.0,0.6603937745094299
0.0,0.3047569990158081
0.0,0.30237576365470886
1.0,0.28640082478523254
1.0,0.6923977136611938
1.0,0.6887076497077942
0.0,0.6450808644294739
1.0,0.5566092729568481
1.0,0.6315828561782837
0.0,0.4648391902446747
1.0,0.7054725885391235
0.0,0.2960086464881897
0.0,0.6301988959312439
0.0,0.34449830651283264
0.0,0.32228773832321167
1.0,0.6935804486274719
1.0,0.3122568428516388
0.0,0.4486842453479767
0.0,0.49272051453590393
0.0,0.36527541279792786
1.0,0.5406158566474915
0.0,0.6449798941612244
1.0,0.34462770819664
1.0,0.4306063950061798
1.0,0.7091379165649414
1.0,0.4678824245929718
0.0,0.29305025935173035
1.0,0.667104184627533
1.0,0.714153528213501
1.0,0.6434031128883362
0.0,0.2799476087093353
0.0,0.5096601247787476
1.0,0.28783902525901794
1.0,0.6986178159713745
1.0,0.5401418805122375
1.0,0.6539655327796936
1.0,0.7009974718093872
0.0,0.2880450189113617
1.0,0.325374960899353
0.0,0.30633577704429626
0.0,0.3185911774635315
1.0,0.5692869424819946
1.0,0.617251992225647
1.0,0.43881261348724365
0.0,0.2876664698123932
0.0,0.44600850343704224
1.0,0.6787973046302795
1.0,0.34944650530815125
0.0,0.3643067479133606
0.0,0.3644307255744934
0.0,0.4355502128601074
1.0,0.6460554003715515
0.0,0.5232905745506287
1.0,0.6630145907402039
0.0,0.6818622946739197
1.0,0.6137292385101318
1.0,0.5937734246253967
1.0,0.6412345170974731
0.0,0.2791095972061157
1.0,0.6100682020187378
0.0,0.3514290153980255
0.0,0.6035945415496826
1.0,0.6085662245750427
0.0,0.565353274345398
0.0,0.3487120270729065
1.0,0.6487505435943604
1.0,0.3634715676307678
1.0,0.582767128944397
0.0,0.35162416100502014
1.0,0.555864155292511
0.0,0.3492479622364044
0.0,0.3057478368282318
0.0,0.3330313265323639
1.0,0.6434571743011475
1.0,0.6965226531028748
1.0,0.6896750330924988
0.0,0.2792735695838928
0.0,0.6722150444984436
0.0,0.5575782060623169
0.0,0.2893122136592865
0.0,0.6866405010223389
0.0,0.6770089268684387
1.0,0.4759661853313446
1.0,0.5537325143814087
1.0,0.4910542368888855
1.0,0.6371117234230042
0.0,0.34203091263771057
0.0,0.3200947344303131
0.0,0.36573290824890137
1.0,0.3097131848335266
0.0,0.3205551207065582
1.0,0.2880028188228607
1.0,0.6520043611526489
1.0,0.679495096206665
1.0,0.702003002166748
1.0,0.32047805190086365
0.0,0.6646124124526978
0.0,0.33670949935913086
0.0,0.3954615592956543
0.0,0.35835471749305725
0.0,0.2970714867115021
0.0,0.5574445128440857
1.0,0.6113672256469727
0.0,0.31856802105903625
0.0,0.3726179897785187
1.0,0.30558085441589355
0.0,0.32773879170417786
0.0,0.28564536571502686
1.0,0.3244638741016388
0.0,0.5376713275909424
0.0,0.29629284143447876
0.0,0.3242262005805969
1.0,0.5674086213111877
1.0,0.48647695779800415
0.0,0.5515186190605164
0.0,0.38192400336265564
1.0,0.5098116993904114
1.0,0.6538532972335815
0.0,0.4116646349430084
0.0,0.29722490906715393
1.0,0.6668279767036438
1.0,0.7041105031967163
0.0,0.35498344898223877
1.0,0.556122899055481
1.0,0.3818334937095642
0.0,0.5023106932640076
0.0,0.314177006483078
1.0,0.324594110250473
1.0,0.6959189176559448
0.0,0.27957552671432495
1.0,0.40385499596595764
0.0,0.3543170690536499
1.0,0.7014106512069702
0.0,0.5728771686553955
0.0,0.42632782459259033
1.0,0.7238397598266602
0.0,0.3010362982749939
0.0,0.4489590525627136
0.0,0.4048626720905304
1.0,0.289042204618454
1.0,0.30141767859458923
0.0,0.5586467385292053
0.0,0.2876664400100708
1.0,0.5584953427314758
0.0,0.33061933517456055
1.0,0.4547962248325348
1.0,0.6670121550559998
0.0,0.44503599405288696
0.0,0.338667631149292
0.0,0.45674654841423035
0.0,0.3259756863117218
1.0,0.6373634934425354
0.0,0.3054565191268921
0.0,0.29601672291755676
1.0,0.5249699950218201
1.0,0.691274881362915
1.0,0.29527419805526733
1.0,0.637592077255249
0.0,0.4509352743625641
0.0,0.2936732769012451
1.0,0.6357321739196777
1.0,0.5859081149101257
0.0,0.3110000789165497
0.0,0.4983750581741333
1.0,0.3093417286872864
1.0,0.6158464550971985
0.0,0.4772753119468689
1.0,0.5137923955917358
1.0,0.6259760856628418
0.0,0.29656001925468445
1.0,0.541205883026123
1.0,0.5807865262031555
1.0,0.40764522552490234
0.0,0.6837224364280701
0.0,0.575281023979187
0.0,0.6586481928825378
0.0,0.3754960894584656
0.0,0.598778247833252
1.0,0.6960622668266296
1.0,0.6540446281433105
0.0,0.6233769059181213
1.0,0.7139955163002014
0.0,0.31467077136039734
0.0,0.28907454013824463
0.0,0.6062870621681213
0.0,0.3631651699542999
1.0,0.3146362006664276
1.0,0.38965022563934326
0.0,0.5772172212600708
0.0,0.6628991365432739
0.0,0.4195525348186493
0.0,0.49837759137153625
1.0,0.5402960181236267
1.0,0.6611824035644531
0.0,0.2975073754787445
0.0,0.3265981674194336
0.0,0.5714251399040222
0.0,0.47904932498931885
0.0,0.5451467633247375
1.0,0.6812387108802795
1.0,0.7041036486625671
0.0,0.6034194231033325
0.0,0.41012221574783325
0.0,0.539006233215332
0.0,0.35043859481811523
1.0,0.687014102935791
0.0,0.298078328371048
0.0,0.34813228249549866
1.0,0.33098071813583374
1.0,0.5642564296722412
1.0,0.5465561151504517
0.0,0.4533596634864807
0.0,0.33531200885772705
0.0,0.329445481300354
1.0,0.6813438534736633
0.0,0.32746151089668274
1.0,0.37748268246650696
0.0,0.2903859615325928
1.0,0.6906240582466125
1.0,0.34355154633522034
0.0,0.2882671356201172
0.0,0.3385031819343567
0.0,0.33990350365638733
1.0,0.641919732093811
0.0,0.2849445939064026
0.0,0.2826650142669678
1.0,0.33396250009536743
0.0,0.5754589438438416
0.0,0.2783198952674866
0.0,0.3118298649787903
0.0,0.3645206689834595
0.0,0.47685933113098145
1.0,0.6952670216560364
1.0,0.38910776376724243
0.0,0.28179633617401123
1.0,0.6829254627227783
0.0,0.4674976170063019
1.0,0.32549551129341125
0.0,0.29175320267677307
1.0,0.6743194460868835
0.0,0.36375516653060913
0.0,0.48329660296440125
0.0,0.3234728276729584
0.0,0.6313196420669556
0.0,0.32383862137794495
1.0,0.6496584415435791
0.0,0.29108676314353943
1.0,0.31753677129745483
1.0,0.6398898959159851
0.0,0.34547096490859985
0.0,0.2881777882575989
1.0,0.5232831835746765
1.0,0.6774112582206726
0.0,0.2968371510505676
1.0,0.6427760720252991
1.0,0.3595508635044098
0.0,0.3501076102256775
1.0,0.5828381776809692
1.0,0.6991286277770996
1.0,0.31087127327919006
0.0,0.29230421781539917
0.0,0.2928122878074646
0.0,0.5240904688835144
0.0,0.29862210154533386
0.0,0.3172977566719055
1.0,0.6083916425704956
0.0,0.2889382839202881
0.0,0.41520482301712036
0.0,0.2898290753364563
1.0,0.6534287929534912
1.0,0.5806272029876709
0.0,0.3063679337501526
0.0,0.28670334815979004
1.0,0.5165765285491943
1.0,0.5240631699562073
1.0,0.7112268805503845
0.0,0.4347805082798004
0.0,0.31973716616630554
1.0,0.635093629360199
0.0,0.4381326138973236
0.0,0.33143526315689087
1.0,0.7022053599357605
1.0,0.6580854058265686
1.0,0.40917953848838806
1.0,0.7058015465736389
1.0,0.5729252099990845
0.0,0.33012092113494873
0.0,0.3698880970478058
1.0,0.6988388895988464
1.0,0.570001482963562
1.0,0.5242214202880859
1.0,0.30169355869293213
1.0,0.6994932889938354
0.0,0.3727344572544098
1.0,0.2970779836177826
0.0,0.2862725853919983
0.0,0.6620957851409912
1.0,0.6804262399673462
0.0,0.6117262244224548
0.0,0.2964281439781189
0.0,0.3571096360683441
1.0,0.2892443835735321
0.0,0.3229687511920929
0.0,0.311619371175766
1.0,0.7048223614692688
1.0,0.7109585404396057
0.0,0.29201486706733704
0.0,0.6626986861228943
0.0,0.47221678495407104
0.0,0.29141607880592346
1.0,0.3196697533130646
0.0,0.283572256565094
0.0,0.4608531594276428
0.0,0.2867414057254791
1.0,0.6709191203117371
1.0,0.5985796451568604
1.0,0.6098431348800659
0.0,0.3022822141647339
1.0,0.31642571091651917
1.0,0.2887327969074249
0.0,0.32916128635406494
0.0,0.3116445541381836
0.0,0.4960709810256958
1.0,0.4177737534046173
0.0,0.6758871078491211
1.0,0.6896684765815735
1.0,0.5033039450645447
1.0,0.335643470287323
0.0,0.6787717342376709
1.0,0.6974314451217651
1.0,0.38788315653800964
1.0,0.5999554991722107
1.0,0.3204890191555023
0.0,0.31288182735443115
1.0,0.685891330242157
0.0,0.34239661693573
1.0,0.6984403729438782
0.0,0.6242971420288086
1.0,0.33265140652656555
0.0,0.30606406927108765
1.0,0.5347077250480652
1.0,0.3404196500778198
1.0,0.3248006999492645
1.0,0.39386701583862305
0.0,0.3639366924762726
1.0,0.31858694553375244
0.0,0.5573206543922424
1.0,0.6225811243057251
1.0,0.6789881587028503
0.0,0.31546759605407715
0.0,0.3276311159133911
1.0,0.2914274334907532
0.0,0.3255809247493744
0.0,0.4872244596481323
1.0,0.6723725199699402
1.0,0.6727252006530762
0.0,0.47909268736839294
0.0,0.638197660446167
1.0,0.49364766478538513
1.0,0.6493328809738159
1.0,0.45632362365722656
1.0,0.6873555183410645
0.0,0.4760080575942993
0.0,0.4208533763885498
0.0,0.5080835223197937
0.0,0.602109968662262
0.0,0.33841192722320557
1.0,0.6761994361877441
0.0,0.43994125723838806
1.0,0.6527976393699646
1.0,0.5367164611816406
0.0,0.47782033681869507
0.0,0.30295228958129883
1.0,0.31118181347846985
0.0,0.6430808305740356
1.0,0.28762468695640564
1.0,0.30089589953422546
1.0,0.7203263640403748
0.0,0.5001554489135742
0.0,0.41660791635513306
0.0,0.31942641735076904
0.0,0.3000704050064087
0.0,0.40126875042915344
0.0,0.2953171730041504
1.0,0.3351714015007019
1.0,0.6148635745048523
1.0,0.6150810122489929
0.0,0.6366653442382812
0.0,0.30177921056747437
0.0,0.5937369465827942
0.0,0.6748128533363342
0.0,0.47837990522384644
0.0,0.3152731657028198
0.0,0.5021028518676758
0.0,0.34604498744010925
0.0,0.3658938407897949
0.0,0.6109906435012817
0.0,0.29671481251716614
0.0,0.33989375829696655
1.0,0.6397266983985901
0.0,0.3401143550872803
1.0,0.6800033450126648
1.0,0.6570928692817688
0.0,0.3956456780433655
1.0,0.6302693486213684
1.0,0.7068834900856018
0.0,0.3807696998119354
1.0,0.6771101355552673
1.0,0.7008253335952759
1.0,0.6514057517051697
1.0,0.3143419623374939
0.0,0.2930354177951813
0.0,0.5343577861785889
0.0,0.3140846788883209
1.0,0.6722826957702637
1.0,0.6553719639778137
0.0,0.3233545422554016
1.0,0.6966677308082581
1.0,0.6821466088294983
1.0,0.7168371677398682
0.0,0.4315900504589081
1.0,0.2925906777381897
1.0,0.6531220078468323
0.0,0.38893336057662964
0.0,0.3211706876754761
0.0,0.3022116422653198
1.0,0.688001275062561
0.0,0.2890206277370453
1.0,0.28203409910202026
0.0,0.2921814024448395
0.0,0.6275468468666077
1.0,0.7018100619316101
1.0,0.497071236371994
0.0,0.3184669315814972
1.0,0.43332943320274353
1.0,0.6923862099647522
0.0,0.3369530737400055
1.0,0.5980346202850342
1.0,0.6831287145614624
1.0,0.6023243069648743
0.0,0.3447241187095642
1.0,0.6089362502098083
0.0,0.4905281960964203
0.0,0.38786134123802185
0.0,0.5743017792701721
1.0,0.4086957275867462
0.0,0.2771412432193756
1.0,0.32804784178733826
1.0,0.5613430142402649
1.0,0.6475294232368469
1.0,0.512690007686615
0.0,0.3221902847290039
1.0,0.6605682969093323
0.0,0.3368415832519531
0.0,0.36094748973846436
0.0,0.49623873829841614
1.0,0.6762382984161377
0.0,0.33969753980636597
1.0,0.606238067150116
1.0,0.5254325270652771
0.0,0.3226107656955719
1.0,0.5746486783027649
0.0,0.3020106852054596
0.0,0.358446329832077
1.0,0.6102017164230347
0.0,0.46792545914649963
1.0,0.515349268913269
1.0,0.6718011498451233
0.0,0.4179825782775879
1.0,0.3506966531276703
0.0,0.28548896312713623
0.0,0.6455000638961792
1.0,0.6638250946998596
1.0,0.4528351426124573
0.0,0.4948376715183258
0.0,0.28809067606925964
1.0,0.2966170012950897
1.0,0.635489821434021
1.0,0.3594425320625305
1.0,0.37947702407836914
1.0,0.6538670659065247
0.0,0.5058529376983643
0.0,0.33606672286987305
0.0,0.3123129904270172
1.0,0.6518468260765076
0.0,0.5636347532272339
1.0,0.6585078239440918
1.0,0.36138272285461426
0.0,0.27944350242614746
0.0,0.5576663017272949
1.0,0.319192498922348
1.0,0.4155845046043396
1.0,0.33430179953575134
0.0,0.39788341522216797
1.0,0.43716537952423096
0.0,0.3421311378479004
0.0,0.2879703640937805
1.0,0.3720601201057434
0.0,0.6356411576271057
0.0,0.3297644853591919
0.0,0.3085610866546631
1.0,0.33929046988487244
1.0,0.4939122796058655
0.0,0.6841462850570679
0.0,0.6266098618507385
1.0,0.6883518695831299
0.0,0.5736130475997925
1.0,0.2787265479564667
1.0,0.6527156829833984
0.0,0.29129594564437866
0.0,0.5584073066711426
1.0,0.5328957438468933
1.0,0.6886566281318665
0.0,0.3240680694580078
1.0,0.3995393216609955
0.0,0.3054068088531494
0.0,0.5143242478370667
1.0,0.6193860769271851
1.0,0.6511219143867493
0.0,0.294347882270813
1.0,0.6883516907691956
0.0,0.6355907320976257
0.0,0.309987336397171
0.0,0.31366991996765137
1.0,0.3176443576812744
0.0,0.7007285356521606
1.0,0.6813059449195862
1.0,0.42810648679733276
1.0,0.3086153268814087
0.0,0.34563687443733215
1.0,0.6327621340751648
1.0,0.44063934683799744
0.0,0.5749735236167908
0.0,0.2860433757305145
0.0,0.4504220485687256
1.0,0.6481045484542847
1.0,0.6949812769889832
0.0,0.2966938614845276
0.0,0.6174823641777039
0.0,0.3462528884410858
0.0,0.49161750078201294
1.0,0.616993248462677
0.0,0.5918141603469849
0.0,0.6051010489463806
1.0,0.6631030440330505
1.0,0.3854387700557709
0.0,0.4217371642589569
1.0,0.6813852787017822
1.0,0.5258093476295471
0.0,0.5267993807792664
0.0,0.35049089789390564
1.0,0.33257678151130676
1.0,0.596823513507843
1.0,0.6320928931236267
0.0,0.6427559852600098
0.0,0.43580353260040283
0.0,0.3848567605018616
0.0,0.34362637996673584
1.0,0.3904346227645874
1.0,0.442253977060318
0.0,0.29591357707977295
0.0,0.38389864563941956
1.0,0.40603166818618774
1.0,0.6743323802947998
0.0,0.31848374009132385
0.0,0.4493654668331146
0.0,0.34267279505729675
1.0,0.4700181186199188
0.0,0.3001386225223541
1.0,0.31860432028770447
0.0,0.27943456172943115
1.0,0.7215263247489929
0.0,0.2893250584602356
0.0,0.2938118577003479
1.0,0.37156936526298523
0.0,0.45623695850372314
1.0,0.6854420304298401
0.0,0.4168907701969147
1.0,0.6315310597419739
1.0,0.5415399670600891
0.0,0.6014382839202881
1.0,0.44086697697639465
0.0,0.335036039352417
1.0,0.5604501962661743
0.0,0.5677884221076965
0.0,0.562413215637207
0.0,0.3168162405490875
0.0,0.3170545697212219
1.0,0.7161200642585754
1.0,0.6923194527626038
0.0,0.3244266211986542
1.0,0.562563955783844
0.0,0.7070040702819824
1.0,0.5729750394821167
1.0,0.6914141178131104
0.0,0.34134912490844727
1.0,0.37868162989616394
1.0,0.27949491143226624
0.0,0.3518267571926117
0.0,0.5597131848335266
1.0,0.6476565599441528
0.0,0.42115023732185364
1.0,0.7034001350402832
1.0,0.6602383852005005
1.0,0.646818995475769
0.0,0.3391750752925873
1.0,0.6897846460342407
1.0,0.357595294713974
0.0,0.34050536155700684
0.0,0.27995607256889343
1.0,0.6908186078071594
1.0,0.6950591206550598
1.0,0.6270430088043213
0.0,0.31932947039604187
0.0,0.5805364847183228
1.0,0.5156012177467346
1.0,0.6991286277770996
0.0,0.39060765504837036
1.0,0.5563390254974365
1.0,0.6681144833564758
1.0,0.35225802659988403
0.0,0.28024160861968994
0.0,0.3322196900844574
1.0,0.560951828956604
1.0,0.41485339403152466
1.0,0.5590773820877075
0.0,0.3344835638999939
1.0,0.7048222422599792
0.0,0.29656532406806946
0.0,0.6830230951309204
1.0,0.6502642035484314
1.0,0.6393019556999207
0.0,0.29181787371635437
1.0,0.6760843992233276
0.0,0.6833121180534363
1.0,0.6657741665840149
1.0,0.6753843426704407
1.0,0.3528572916984558
1.0,0.608625590801239
1.0,0.29988107085227966
1.0,0.6693418025970459
0.0,0.6767168641090393
1.0,0.5802451968193054
1.0,0.3024187684059143
0.0,0.6711230874061584
1.0,0.6893513202667236
0.0,0.6664546132087708
1.0,0.6788747906684875
0.0,0.37106695771217346
1.0,0.5385174751281738
1.0,0.6531906127929688
0.0,0.4128057062625885
0.0,0.6631113290786743
1.0,0.31222233176231384
1.0,0.48399823904037476
0.0,0.5516079664230347
0.0,0.3799861967563629
0.0,0.30947762727737427
0.0,0.39466357231140137
0.0,0.5829153060913086
0.0,0.5888931155204773
1.0,0.5411527752876282
1.0,0.48952385783195496
1.0,0.7039633989334106
1.0,0.720125138759613
0.0,0.3053601086139679
0.0,0.30525413155555725
0.0,0.5144290328025818
0.0,0.692383885383606
0.0,0.28597041964530945
1.0,0.6524935960769653
1.0,0.7009292840957642
1.0,0.5372821688652039
0.0,0.46146339178085327
1.0,0.6749680042266846
0.0,0.2941415309906006
1.0,0.3473823368549347
0.0,0.33822593092918396
0.0,0.6739586591720581
0.0,0.6071959733963013
1.0,0.5206073522567749
1.0,0.5513246059417725
1.0,0.6851562857627869
0.0,0.6790353059768677
1.0,0.32896631956100464
1.0,0.34334859251976013
1.0,0.3663206696510315
0.0,0.2924967408180237
0.0,0.3792177140712738
1.0,0.695737361907959
1.0,0.32546523213386536
1.0,0.6537993550300598
0.0,0.39972302317619324
0.0,0.31883886456489563
0.0,0.3108929395675659
0.0,0.2846149802207947
0.0,0.42299583554267883
1.0,0.44428151845932007
0.0,0.5273879766464233
0.0,0.39706847071647644
1.0,0.6133265495300293
0.0,0.2958158552646637
0.0,0.3237481117248535
0.0,0.37248390913009644
1.0,0.5480487942695618
0.0,0.47666338086128235
0.0,0.4558643102645874
1.0,0.6024265885353088
0.0,0.606295108795166
1.0,0.7064673900604248
0.0,0.30013060569763184
0.0,0.4254089295864105
1.0,0.27939698100090027
1.0,0.6881888508796692
0.0,0.5750523209571838
1.0,0.6886051893234253
1.0,0.7004277110099792
1.0,0.6412256956100464
0.0,0.337089478969574
1.0,0.6418736577033997
0.0,0.6824638843536377
0.0,0.3286482095718384
0.0,0.3184055984020233
0.0,0.2960667014122009
1.0,0.3166261911392212
0.0,0.32140791416168213
0.0,0.5150464177131653
0.0,0.30294251441955566
0.0,0.29619893431663513
1.0,0.647173285484314
0.0,0.3325803875923157
1.0,0.6966309547424316
1.0,0.4708765745162964
0.0,0.5981614589691162
0.0,0.32766053080558777
0.0,0.2892780601978302
0.0,0.3835025429725647
1.0,0.3633407652378082
1.0,0.3531327247619629
1.0,0.3079720437526703
0.0,0.48583218455314636
0.0,0.3142726719379425
1.0,0.6792815327644348
1.0,0.46028369665145874
0.0,0.6344773173332214
1.0,0.6682425141334534
1.0,0.6496472954750061
0.0,0.48854801058769226
1.0,0.692905604839325
0.0,0.285908967256546
0.0,0.30390000343322754
0.0,0.27905282378196716
1.0,0.28593143820762634
0.0,0.4345591962337494
0.0,0.2845430374145508
0.0,0.4718050956726074
1.0,0.6396240592002869
1.0,0.44527289271354675
1.0,0.6589179635047913
1.0,0.6791712045669556
1.0,0.49511998891830444
0.0,0.28885072469711304
1.0,0.6457628011703491
0.0,0.35764873027801514
1.0,0.666917622089386
1.0,0.44030433893203735
1.0,0.6788191199302673
1.0,0.3132399916648865
0.0,0.30110061168670654
1.0,0.3951873779296875
0.0,0.36118561029434204
1.0,0.6886114478111267
0.0,0.4077495038509369
0.0,0.6792841553688049
0.0,0.31057098507881165
1.0,0.3784138858318329
1.0,0.646390974521637
1.0,0.7196431159973145
0.0,0.28628355264663696
1.0,0.4111618399620056
1.0,0.5519466400146484
0.0,0.34351396560668945
0.0,0.28708305954933167
1.0,0.32349318265914917
1.0,0.6528717279434204
0.0,0.3103887438774109
0.0,0.3026576638221741
1.0,0.5938234925270081
0.0,0.311465322971344
0.0,0.6056118011474609
1.0,0.5981457829475403
1.0,0.44771286845207214
1.0,0.29086312651634216
1.0,0.549126923084259
0.0,0.7090003490447998
1.0,0.6832263469696045
0.0,0.5872474908828735
1.0,0.33055463433265686
1.0,0.6756306290626526
0.0,0.49078574776649475
0.0,0.30687856674194336
1.0,0.5837405920028687
0.0,0.3785349130630493
1.0,0.33894458413124084
1.0,0.6672163009643555
1.0,0.6325646042823792
0.0,0.3474552631378174
0.0,0.6047275066375732
1.0,0.7020649313926697
1.0,0.689736008644104
1.0,0.6865915656089783
0.0,0.31479188799858093
0.0,0.2960701882839203
0.0,0.5766506195068359
0.0,0.3031652271747589
0.0,0.6289668083190918
0.0,0.29123443365097046
0.0,0.2822919189929962
0.0,0.38366183638572693
0.0,0.29164814949035645
1.0,0.683139979839325
0.0,0.45035433769226074
1.0,0.29219090938568115
1.0,0.6627554297447205
1.0,0.6842805743217468
0.0,0.32682371139526367
0.0,0.2812877893447876
1.0,0.71323162317276
1.0,0.5569435954093933
1.0,0.5242152214050293
0.0,0.2894923985004425
1.0,0.7000430822372437
0.0,0.3149041533470154
0.0,0.5179206132888794
1.0,0.658225417137146
0.0,0.6227773427963257
1.0,0.6821607351303101
0.0,0.2902374565601349
0.0,0.27875474095344543
1.0,0.3153816759586334
1.0,0.31759920716285706
1.0,0.3047001361846924
1.0,0.5150445103645325
0.0,0.70489901304245
1.0,0.3050263226032257
1.0,0.38623446226119995
0.0,0.29959920048713684
1.0,0.6171848177909851
0.0,0.34419354796409607
0.0,0.2880220413208008
0.0,0.40800026059150696
1.0,0.28992143273353577
0.0,0.3562452793121338
0.0,0.30445238947868347
0.0,0.2894325256347656
1.0,0.6217836141586304
1.0,0.712070882320404
0.0,0.322781503200531
1.0,0.6952012181282043
1.0,0.30190199613571167
1.0,0.5688444972038269
1.0,0.6537259221076965
0.0,0.3457653224468231
0.0,0.6432342529296875
0.0,0.6680323481559753
0.0,0.2883639335632324
1.0,0.6475384831428528
1.0,0.35371795296669006
1.0,0.3064727187156677
0.0,0.3489172160625458
1.0,0.6625023484230042
0.0,0.3293513357639313
1.0,0.6601898074150085
1.0,0.6592769026756287
1.0,0.7042158246040344
1.0,0.717498779296875
0.0,0.285695880651474
1.0,0.7145394086837769
0.0,0.3573454022407532
1.0,0.4034099876880646
1.0,0.6195363998413086
0.0,0.6733430027961731
1.0,0.4989919066429138
1.0,0.32030513882637024
0.0,0.5599063038825989
1.0,0.4474751055240631
1.0,0.6949903964996338
1.0,0.281771719455719
1.0,0.33520644903182983
1.0,0.6853209733963013
0.0,0.536045491695404
0.0,0.2805624008178711
0.0,0.4176627993583679
0.0,0.6659589409828186
0.0,0.29203927516937256
0.0,0.3322063088417053
1.0,0.707373857498169
0.0,0.4120575487613678
1.0,0.3158425986766815
1.0,0.28754565119743347
1.0,0.6898673176765442
0.0,0.2838906943798065
1.0,0.6609689593315125
0.0,0.3658050000667572
0.0,0.6884823441505432
0.0,0.5000120997428894
1.0,0.490182101726532
1.0,0.6751833558082581
1.0,0.6552271842956543
1.0,0.6804317831993103
1.0,0.3042178750038147
1.0,0.6878851056098938
0.0,0.3009706139564514
0.0,0.41255882382392883
0.0,0.2903682589530945
1.0,0.6114781498908997
1.0,0.3626411557197571
1.0,0.6266501545906067
0.0,0.6828699111938477
0.0,0.4033122956752777
0.0,0.6172469258308411
1.0,0.6740550994873047
0.0,0.3481220006942749
1.0,0.6831434369087219
1.0,0.6924667358398438
0.0,0.3131510317325592
1.0,0.6910812258720398
0.0,0.49577921628952026
1.0,0.6309977769851685
1.0,0.6484683752059937
0.0,0.6392675638198853
1.0,0.4279112219810486
0.0,0.3819403648376465
1.0,0.5673284530639648
0.0,0.3288578391075134
1.0,0.2931738793849945
1.0,0.3261530101299286
1.0,0.6991875171661377
1.0,0.35984429717063904
1.0,0.6543692350387573
1.0,0.3573816418647766
1.0,0.5285828709602356
0.0,0.4351029694080353
0.0,0.35687142610549927
1.0,0.6556642651557922
0.0,0.5930481553077698
1.0,0.3401614725589752
0.0,0.6417006850242615
0.0,0.4505927562713623
0.0,0.3058268129825592
0.0,0.5078209042549133
1.0,0.6398221850395203
1.0,0.7009999752044678
0.0,0.3405756950378418
0.0,0.30217334628105164
0.0,0.3279471695423126
0.0,0.6952500939369202
0.0,0.3777811527252197
0.0,0.31326937675476074
1.0,0.5866847038269043
1.0,0.6903289556503296
1.0,0.5633211731910706
0.0,0.28061872720718384
1.0,0.6688858270645142
0.0,0.4163377285003662
1.0,0.6768887639045715
0.0,0.5408929586410522
0.0,0.2816575765609741
1.0,0.4928945004940033
1.0,0.3539317846298218
1.0,0.6494019627571106
1.0,0.6437090635299683
1.0,0.6467306017875671
0.0,0.3078349530696869
0.0,0.6112555861473083
0.0,0.4461846947669983
0.0,0.3576733469963074
1.0,0.5966480374336243
1.0,0.6047202944755554
0.0,0.5629552602767944
0.0,0.2983705699443817
1.0,0.4393012225627899
1.0,0.6993458271026611
1.0,0.6634150147438049
1.0,0.459713876247406
0.0,0.2893069088459015
1.0,0.5818231701850891
1.0,0.7116997241973877
0.0,0.37548699975013733
0.0,0.6532230377197266
1.0,0.6847789883613586
0.0,0.30287182331085205
1.0,0.30708828568458557
1.0,0.33550378680229187
1.0,0.7022556662559509
0.0,0.40304815769195557
0.0,0.322847455739975
1.0,0.48928600549697876
1.0,0.6948633790016174
0.0,0.662720799446106
0.0,0.2885356843471527
1.0,0.3684923052787781
1.0,0.5184961557388306
1.0,0.6689493656158447
0.0,0.6502142548561096
1.0,0.28312861919403076
0.0,0.5150510668754578
0.0,0.4616797864437103
1.0,0.357143759727478
1.0,0.4075857102870941
0.0,0.5810758471488953
0.0,0.3200996518135071
0.0,0.42426300048828125
1.0,0.693501353263855
0.0,0.3824949860572815
0.0,0.687807559967041
1.0,0.6181581020355225
1.0,0.6926343441009521
0.0,0.6977924704551697
0.0,0.5072339773178101
0.0,0.6909727454185486
1.0,0.5439710021018982
0.0,0.4652527868747711
0.0,0.2877580523490906
1.0,0.5541209578514099
0.0,0.30989131331443787
1.0,0.6111405491828918
1.0,0.5958529114723206
0.0,0.29333585500717163
0.0,0.2917433977127075
0.0,0.33837419748306274
0.0,0.31667956709861755
1.0,0.5019278526306152
1.0,0.6342515349388123
0.0,0.4836858808994293
0.0,0.5713563561439514
0.0,0.29850882291793823
0.0,0.28649571537971497
0.0,0.3729521632194519
0.0,0.4394713044166565
1.0,0.4589040279388428
0.0,0.5618664026260376
0.0,0.4307762682437897
0.0,0.33910414576530457
1.0,0.29835623502731323
1.0,0.6592497825622559
0.0,0.3815442621707916
1.0,0.47508499026298523
1.0,0.7021022439002991
1.0,0.45256298780441284
0.0,0.35355037450790405
1.0,0.5495017170906067
1.0,0.40624096989631653
0.0,0.38481104373931885
0.0,0.5914028882980347
1.0,0.3184375464916229
0.0,0.4265761375427246
0.0,0.31897228956222534
1.0,0.6459937691688538
1.0,0.677577793598175
1.0,0.6529462337493896
1.0,0.7094137072563171
1.0,0.4103769361972809
1.0,0.40338611602783203
1.0,0.6829070448875427
1.0,0.687223494052887
1.0,0.6405959725379944
1.0,0.6879105567932129
0.0,0.2942655086517334
1.0,0.4424484670162201
0.0,0.6338573098182678
0.0,0.3403674364089966
1.0,0.6762697100639343
0.0,0.3224654495716095
1.0,0.5023196935653687
0.0,0.3126852214336395
0.0,0.27939584851264954
0.0,0.35144102573394775
1.0,0.3898908793926239
0.0,0.3132319152355194
1.0,0.6501114964485168
1.0,0.7046836018562317
1.0,0.7054181098937988
1.0,0.4703584611415863
0.0,0.3044898509979248
0.0,0.2805742621421814
0.0,0.5894496440887451
1.0,0.42459937930107117
1.0,0.5709004998207092
1.0,0.3152281939983368
0.0,0.473576158285141
1.0,0.32342448830604553
1.0,0.28840553760528564
1.0,0.2993221879005432
1.0,0.5607326030731201
1.0,0.5479800701141357
1.0,0.6292777061462402
1.0,0.29462048411369324
1.0,0.6936495900154114
1.0,0.6919785737991333
0.0,0.4518471956253052
1.0,0.7076659202575684
1.0,0.6564882397651672
0.0,0.3330781161785126
1.0,0.5096272230148315
1.0,0.6854426860809326
0.0,0.39211899042129517
1.0,0.6788628697395325
0.0,0.3950890302658081
0.0,0.2994288504123688
0.0,0.36293867230415344
0.0,0.5392680764198303
1.0,0.6978387236595154
1.0,0.6686634421348572
1.0,0.5277239084243774
1.0,0.6393382549285889
1.0,0.6874322891235352
1.0,0.4648127257823944
0.0,0.29185348749160767
1.0,0.3747996985912323
0.0,0.2800641357898712
1.0,0.5324061512947083
0.0,0.29229292273521423
1.0,0.6826059222221375
0.0,0.3214074969291687
1.0,0.48522764444351196
1.0,0.6783168911933899
0.0,0.3590076267719269
1.0,0.657631516456604
0.0,0.5186448693275452
1.0,0.628600001335144
1.0,0.5994930267333984
1.0,0.7190229296684265
0.0,0.6859858632087708
0.0,0.5681537389755249
1.0,0.6041914820671082
1.0,0.6299524307250977
0.0,0.2942008972167969
1.0,0.350065141916275
1.0,0.6803334355354309
0.0,0.43275997042655945
0.0,0.3632774353027344
0.0,0.2823902368545532
1.0,0.5662419199943542
0.0,0.38587939739227295
1.0,0.5310381054878235
0.0,0.6506614685058594
0.0,0.29892322421073914
1.0,0.7091807723045349
0.0,0.2988291382789612
0.0,0.6592208743095398
0.0,0.7211374640464783
1.0,0.42369943857192993
1.0,0.6742411255836487
0.0,0.2776623070240021
1.0,0.36933842301368713
1.0,0.6868510842323303
1.0,0.7050068974494934
0.0,0.29274657368659973
0.0,0.6641907095909119
1.0,0.65284264087677
1.0,0.33051425218582153
0.0,0.2978086769580841
0.0,0.3308962881565094
0.0,0.337242990732193
1.0,0.6823683977127075
0.0,0.29871106147766113
1.0,0.28854900598526
0.0,0.3223758041858673
1.0,0.5854652523994446
0.0,0.3773842453956604
0.0,0.30088353157043457
0.0,0.3127180337905884
0.0,0.6085017323493958
0.0,0.286541223526001
1.0,0.6071993112564087
0.0,0.2939417064189911
0.0,0.2865247428417206
1.0,0.403260201215744
0.0,0.3521246612071991
0.0,0.28214895725250244
1.0,0.5560268759727478
1.0,0.6607145667076111
1.0,0.6797838807106018
1.0,0.36656829714775085
0.0,0.5865178108215332
0.0,0.6741213202476501
1.0,0.35602322220802307
1.0,0.6762494444847107
1.0,0.5807200074195862
1.0,0.6604413390159607
1.0,0.5378937721252441
1.0,0.6976502537727356
1.0,0.5145977735519409
1.0,0.6156526207923889
0.0,0.4570508897304535
1.0,0.3861517012119293
1.0,0.3473864793777466
1.0,0.5271178483963013
0.0,0.4275980293750763
0.0,0.32408493757247925
0.0,0.29719749093055725
0.0,0.45574894547462463
0.0,0.3241643011569977
1.0,0.6650845408439636
0.0,0.43594643473625183
0.0,0.5141267776489258
0.0,0.2813642919063568
0.0,0.3060340881347656
0.0,0.32737550139427185
1.0,0.6211373805999756
1.0,0.3163102865219116
1.0,0.3297988176345825
0.0,0.28827768564224243
0.0,0.3715757429599762
0.0,0.3515559136867523
0.0,0.6765896081924438
1.0,0.7193102836608887
0.0,0.3745344281196594
0.0,0.3527933359146118
1.0,0.31601017713546753
0.0,0.3000275790691376
1.0,0.6349530220031738
1.0,0.667155385017395
0.0,0.3412991166114807
1.0,0.6793089509010315
1.0,0.6571534872055054
0.0,0.2946181893348694
1.0,0.5494496822357178
1.0,0.4277149736881256
0.0,0.4229031503200531
0.0,0.43358227610588074
0.0,0.3198053538799286
0.0,0.28592726588249207
1.0,0.687193751335144
0.0,0.30250874161720276
1.0,0.6595853567123413
1.0,0.6766714453697205
0.0,0.30340930819511414
1.0,0.5968475937843323
0.0,0.38625624775886536
0.0,0.2878361940383911
0.0,0.2917308509349823
0.0,0.3017830550670624
1.0,0.5078069567680359
0.0,0.4962192475795746
0.0,0.5336804986000061
0.0,0.6114468574523926
1.0,0.7054932117462158
0.0,0.3055275082588196
0.0,0.48821091651916504
0.0,0.643079400062561
0.0,0.3400269150733948
0.0,0.37423014640808105
0.0,0.33213451504707336
1.0,0.7200481295585632
0.0,0.2965318262577057
1.0,0.6693181991577148
0.0,0.29069435596466064
1.0,0.6802394390106201
0.0,0.3234383165836334
0.0,0.312179833650589
0.0,0.5938842296600342
0.0,0.38349759578704834
0.0,0.45711854100227356
0.0,0.28651201725006104
1.0,0.6219465732574463
0.0,0.28664064407348633
1.0,0.649730384349823
0.0,0.32127609848976135
0.0,0.3004767596721649
0.0,0.33342182636260986
0.0,0.3919321596622467
1.0,0.38326525688171387
0.0,0.2923814654350281
1.0,0.4499819576740265
1.0,0.6085284352302551
0.0,0.3948753774166107
0.0,0.44667521119117737
0.0,0.3949452042579651
0.0,0.3169408440589905
1.0,0.3216246962547302
1.0,0.6564544439315796
0.0,0.48645323514938354
0.0,0.7068459391593933
1.0,0.3628096580505371
1.0,0.6661590337753296
0.0,0.4129379689693451
1.0,0.6732059717178345
0.0,0.30562278628349304
1.0,0.7037229537963867
0.0,0.4703429043292999
0.0,0.4648420214653015
1.0,0.6864930987358093
1.0,0.6810447573661804
0.0,0.4312381446361542
1.0,0.37516748905181885
1.0,0.6815625429153442
0.0,0.3618173897266388
0.0,0.29595810174942017
0.0,0.34505388140678406
1.0,0.6793752908706665
0.0,0.3061845898628235
0.0,0.517348051071167
0.0,0.28373983502388
0.0,0.2975006401538849
0.0,0.6520867347717285
0.0,0.5875989198684692
0.0,0.3924447298049927
1.0,0.6057678461074829
1.0,0.7140835523605347
0.0,0.288850873708725
0.0,0.47355830669403076
0.0,0.6335386633872986
0.0,0.33128610253334045
1.0,0.2869942784309387
1.0,0.3308354914188385
0.0,0.45230403542518616
0.0,0.40513935685157776
0.0,0.3034382164478302
0.0,0.5352132320404053
1.0,0.6084225177764893
1.0,0.35367637872695923
1.0,0.6614423990249634
1.0,0.6405757069587708
0.0,0.33731865882873535
0.0,0.4171738922595978
0.0,0.3139021396636963
0.0,0.28916558623313904
0.0,0.4022723436355591
0.0,0.2948726713657379
0.0,0.37515053153038025
0.0,0.3254624903202057
1.0,0.27632594108581543
1.0,0.30739858746528625
1.0,0.6638676524162292
0.0,0.36441782116889954
0.0,0.3281806409358978
1.0,0.37672147154808044
1.0,0.6821355223655701
1.0,0.5492936968803406
1.0,0.6913511753082275
0.0,0.28818655014038086
0.0,0.279411256313324
0.0,0.3779985010623932
0.0,0.3588953912258148
0.0,0.3843323886394501
0.0,0.3351726233959198
0.0,0.6697887182235718
1.0,0.5694474577903748
0.0,0.3297320306301117
0.0,0.3186558187007904
1.0,0.6743425130844116
0.0,0.31270086765289307
1.0,0.43259501457214355
1.0,0.3732874393463135
0.0,0.3268308639526367
0.0,0.29384058713912964
1.0,0.6193328499794006
0.0,0.5295332670211792
0.0,0.3410755693912506
1.0,0.4421442747116089
0.0,0.30522918701171875
0.0,0.3578312397003174
1.0,0.29258590936660767
1.0,0.4735286235809326
0.0,0.6855341196060181
0.0,0.3134555220603943
0.0,0.4100864827632904
0.0,0.6222603917121887
0.0,0.5284718871116638
0.0,0.5994024276733398
1.0,0.6816636919975281
0.0,0.4405921399593353
1.0,0.6917728781700134
0.0,0.39795413613319397
1.0,0.6716448664665222
1.0,0.6768076419830322
1.0,0.43103933334350586
0.0,0.2894989252090454
0.0,0.2880348563194275
0.0,0.30987682938575745
0.0,0.5176733136177063
0.0,0.5080357789993286
0.0,0.2872028350830078
1.0,0.3324647843837738
1.0,0.6426674127578735
1.0,0.6787319779396057
0.0,0.5268409252166748
0.0,0.3373551368713379
1.0,0.4239090383052826
0.0,0.45173487067222595
0.0,0.520252525806427
0.0,0.3558991253376007
1.0,0.31277209520339966
0.0,0.3528476357460022
0.0,0.3538101613521576
0.0,0.3829241693019867
1.0,0.3955283463001251
1.0,0.6768333911895752
1.0,0.6886176466941833
1.0,0.40423664450645447
1.0,0.6398996710777283
1.0,0.7188622951507568
0.0,0.4908008873462677
1.0,0.5783851742744446
0.0,0.44570261240005493
0.0,0.42003315687179565
0.0,0.33472850918769836
1.0,0.6397367119789124
0.0,0.655703604221344
1.0,0.5755387544631958
0.0,0.5923798680305481
1.0,0.33142855763435364
0.0,0.3388698995113373
0.0,0.3455300033092499
1.0,0.6109535694122314
1.0,0.7027686834335327
1.0,0.3457718789577484
1.0,0.35528290271759033
0.0,0.3848831355571747
1.0,0.36071252822875977
1.0,0.6612899899482727
1.0,0.2874068021774292
0.0,0.29646754264831543
1.0,0.6892571449279785
1.0,0.31723061203956604
0.0,0.43142691254615784
0.0,0.3338898718357086
0.0,0.47135552763938904
0.0,0.5035807490348816
1.0,0.6762198209762573
1.0,0.30651775002479553
1.0,0.6743215322494507
1.0,0.6894400119781494
0.0,0.31400570273399353
0.0,0.2943113148212433
0.0,0.43543118238449097
1.0,0.658970832824707
1.0,0.6100854873657227
1.0,0.6969757676124573
1.0,0.3073578476905823
0.0,0.29158541560173035
1.0,0.321987509727478
1.0,0.6305641531944275
0.0,0.6136928200721741
1.0,0.6214427351951599
0.0,0.37276896834373474
0.0,0.6677861213684082
0.0,0.505808413028717
0.0,0.32317858934402466
1.0,0.7121939659118652
0.0,0.4889196753501892
1.0,0.40391021966934204
0.0,0.31881600618362427
0.0,0.41207870841026306
1.0,0.6485593318939209
0.0,0.28661853075027466
1.0,0.6491111516952515
0.0,0.29222986102104187
0.0,0.5438070297241211
0.0,0.288324773311615
0.0,0.35389837622642517
1.0,0.3554297685623169
0.0,0.3484785854816437
0.0,0.36155879497528076
0.0,0.3346056640148163
1.0,0.3143003284931183
0.0,0.2997335195541382
0.0,0.2834430932998657
0.0,0.34535813331604004
1.0,0.2919151484966278
1.0,0.5513806939125061
1.0,0.3740540146827698
0.0,0.3331720530986786
0.0,0.409072607755661
0.0,0.42676812410354614
0.0,0.29241958260536194
1.0,0.5613712668418884
1.0,0.7021595239639282
0.0,0.31368234753608704
0.0,0.28737780451774597
1.0,0.7078558206558228
1.0,0.672684371471405
0.0,0.29781877994537354
1.0,0.2802765965461731
0.0,0.6490435600280762
1.0,0.2999923825263977
0.0,0.48764568567276
1.0,0.5541022419929504
0.0,0.4774106740951538
0.0,0.43939271569252014
0.0,0.4550911486148834
1.0,0.7027263641357422
0.0,0.3064102828502655
1.0,0.665679395198822
0.0,0.3450089395046234
0.0,0.39415889978408813
0.0,0.3764397203922272
1.0,0.7087417840957642
1.0,0.6908039450645447
0.0,0.2917487621307373
1.0,0.510903537273407
0.0,0.46880608797073364
0.0,0.4894936978816986
0.0,0.3082692325115204
0.0,0.39455103874206543
1.0,0.6827163696289062
0.0,0.33335357904434204
1.0,0.5236250162124634
1.0,0.29546982049942017
1.0,0.6961501240730286
1.0,0.30473193526268005
0.0,0.4871331453323364
1.0,0.5201045870780945
0.0,0.32348236441612244
0.0,0.6430032849311829
1.0,0.6361478567123413
1.0,0.3372821509838104
1.0,0.6492272615432739
0.0,0.2994144558906555
0.0,0.27937987446784973
0.0,0.3198072612285614
0.0,0.40486326813697815
1.0,0.6956807971000671
0.0,0.5387810468673706
1.0,0.5731428265571594
0.0,0.4179845452308655
1.0,0.6513042449951172
0.0,0.3954262137413025
1.0,0.31905800104141235
1.0,0.6528295874595642
0.0,0.6313204169273376
1.0,0.688332200050354
1.0,0.7086452841758728
0.0,0.48361948132514954
1.0,0.6715123653411865
1.0,0.6920782327651978
0.0,0.640276312828064
1.0,0.6085476279258728
1.0,0.41856899857521057
0.0,0.3001539707183838
1.0,0.6007793545722961
0.0,0.4817110002040863
0.0,0.293250173330307
0.0,0.6828976273536682
0.0,0.3773437738418579
0.0,0.3467371463775635
1.0,0.33246293663978577
1.0,0.7068449854850769
1.0,0.6844667196273804
1.0,0.2887193560600281
0.0,0.3535430431365967
0.0,0.29701733589172363
0.0,0.3203677237033844
0.0,0.43917950987815857
1.0,0.6344262361526489
0.0,0.30173635482788086
1.0,0.722244143486023
0.0,0.2913796305656433
0.0,0.6409808993339539
1.0,0.688559889793396
0.0,0.30208903551101685
0.0,0.38315141201019287
0.0,0.3607139587402344
0.0,0.5329777002334595
1.0,0.31682533025741577
0.0,0.28943291306495667
0.0,0.5104346871376038
1.0,0.6817845702171326
0.0,0.6950487494468689
0.0,0.29100069403648376
1.0,0.28798601031303406
0.0,0.30865511298179626
1.0,0.7075026035308838
1.0,0.687292754650116
1.0,0.3085421323776245
0.0,0.3003522753715515
0.0,0.42612984776496887
0.0,0.2839813828468323
0.0,0.35779237747192383
1.0,0.6684100031852722
0.0,0.5503349900245667
1.0,0.5930778980255127
0.0,0.29340529441833496
1.0,0.3030959665775299
1.0,0.291570246219635
0.0,0.32738640904426575
1.0,0.6633591651916504
1.0,0.7032325267791748
0.0,0.2894023656845093
0.0,0.33586299419403076
0.0,0.45847466588020325
0.0,0.3465317189693451
1.0,0.7138695120811462
1.0,0.6521241664886475
0.0,0.662997305393219
1.0,0.6877350211143494
0.0,0.66838538646698
1.0,0.6796268224716187
0.0,0.42669087648391724
1.0,0.6838032603263855
1.0,0.3047429919242859
1.0,0.5863764882087708
1.0,0.5816534161567688
1.0,0.38582947850227356
1.0,0.48820585012435913
1.0,0.4570258855819702
0.0,0.441141813993454
1.0,0.6534920334815979
1.0,0.31501322984695435
1.0,0.6475485563278198
0.0,0.3219606876373291
0.0,0.34114959836006165
1.0,0.3938342332839966
1.0,0.714816689491272
0.0,0.32980403304100037
0.0,0.31241747736930847
1.0,0.6265793442726135
1.0,0.6781296730041504
0.0,0.2901768088340759
0.0,0.31944435834884644
1.0,0.7031346559524536
0.0,0.4880877435207367
0.0,0.292284220457077
0.0,0.3677740693092346
0.0,0.33380863070487976
1.0,0.6808143854141235
0.0,0.48612162470817566
1.0,0.6692583560943604
0.0,0.4931364357471466
1.0,0.32521355152130127
0.0,0.31504541635513306
1.0,0.6760735511779785
0.0,0.30791527032852173
0.0,0.28959840536117554
0.0,0.3282078504562378
1.0,0.30829206109046936
0.0,0.30307185649871826
0.0,0.3332824409008026
0.0,0.5169775485992432
1.0,0.6796990633010864
1.0,0.6289078593254089
0.0,0.6375782489776611
1.0,0.3291243612766266
1.0,0.5619080066680908
0.0,0.5357198119163513
1.0,0.5387800931930542
1.0,0.5549743175506592
1.0,0.6692069172859192
1.0,0.5250877141952515
0.0,0.6147023439407349
0.0,0.28334686160087585
0.0,0.37963220477104187
1.0,0.6976481676101685
1.0,0.3267245292663574
0.0,0.28310859203338623
1.0,0.32629987597465515
0.0,0.6199078559875488
0.0,0.2901306450366974
0.0,0.4975205361843109
0.0,0.44856324791908264
0.0,0.30511584877967834
1.0,0.6314405798912048
1.0,0.6321933269500732
0.0,0.614743173122406
1.0,0.2939557433128357
0.0,0.382402241230011
0.0,0.322398841381073
1.0,0.5944145917892456
1.0,0.35586947202682495
0.0,0.4990207552909851
0.0,0.3197948932647705
0.0,0.4492957293987274
1.0,0.5959969162940979
0.0,0.5388598442077637
1.0,0.5979071855545044
0.0,0.6787411570549011
1.0,0.6726146340370178
0.0,0.2872602939605713
1.0,0.32641997933387756
1.0,0.7034462094306946
0.0,0.533915638923645
1.0,0.6595242023468018
1.0,0.7167811989784241
0.0,0.41086331009864807
0.0,0.3101985454559326
0.0,0.40246787667274475
1.0,0.34713560342788696
1.0,0.6165396571159363
1.0,0.3166337013244629
1.0,0.64934903383255
0.0,0.30042240023612976
0.0,0.31378212571144104
1.0,0.6333854794502258
0.0,0.3925173580646515
1.0,0.6520216464996338
0.0,0.3809716999530792
0.0,0.29390907287597656
0.0,0.5505919456481934
0.0,0.29589447379112244
1.0,0.6791870594024658
0.0,0.31332817673683167
0.0,0.41623926162719727
1.0,0.6910175681114197
1.0,0.4375542402267456
1.0,0.6958984136581421
1.0,0.7164778113365173
0.0,0.6503910422325134
1.0,0.4488047659397125
1.0,0.32605990767478943
0.0,0.36278921365737915
0.0,0.5621400475502014
1.0,0.674412190914154
0.0,0.4223581850528717
0.0,0.49985840916633606
0.0,0.6439202427864075
0.0,0.32704463601112366
0.0,0.6790833473205566
0.0,0.3574487268924713
0.0,0.3139757812023163
1.0,0.5466926693916321
0.0,0.2865980267524719
1.0,0.2976442277431488
0.0,0.6280624270439148
0.0,0.3310697674751282
0.0,0.6787821054458618
1.0,0.5641370415687561
0.0,0.3546956777572632
1.0,0.6760450005531311
1.0,0.6661286354064941
0.0,0.3600887954235077
1.0,0.415198415517807
0.0,0.39052614569664
1.0,0.6763128042221069
1.0,0.7155985832214355
0.0,0.6609887480735779
1.0,0.5971933603286743
0.0,0.6771343946456909
0.0,0.28892433643341064
1.0,0.4976833462715149
1.0,0.6986571550369263
1.0,0.6330881714820862
0.0,0.45885053277015686
0.0,0.3323977589607239
0.0,0.3028029203414917
0.0,0.3172294795513153
1.0,0.373295396566391
1.0,0.6546698808670044
0.0,0.2991980314254761
1.0,0.31116417050361633
0.0,0.3180540204048157
1.0,0.29615524411201477
0.0,0.3670564293861389
0.0,0.28582727909088135
0.0,0.4958120882511139
1.0,0.6935179233551025
1.0,0.3873980939388275
0.0,0.4722801446914673
0.0,0.3654075860977173
0.0,0.5449477434158325
1.0,0.6528685688972473
0.0,0.48808780312538147
1.0,0.5574710369110107
1.0,0.5611650943756104
0.0,0.5921745896339417
0.0,0.3368509113788605
1.0,0.7002110481262207
0.0,0.29478442668914795
0.0,0.29950693249702454
1.0,0.49139222502708435
1.0,0.6797711849212646
0.0,0.4252173900604248
0.0,0.43233802914619446
1.0,0.656639814376831
1.0,0.3366886377334595
1.0,0.3650704622268677
1.0,0.6881932020187378
1.0,0.6707357168197632
0.0,0.4584972560405731
0.0,0.31820327043533325
0.0,0.3840540647506714
1.0,0.32732516527175903
1.0,0.6741197109222412
1.0,0.3193157911300659
0.0,0.3375449478626251
1.0,0.39659571647644043
1.0,0.3356281518936157
0.0,0.6065382361412048
1.0,0.6751829981803894
0.0,0.29042473435401917
1.0,0.6488547325134277
0.0,0.570162296295166
0.0,0.5025531053543091
1.0,0.6596249341964722
1.0,0.5160802602767944
1.0,0.5823090672492981
0.0,0.34537258744239807
1.0,0.698934018611908
1.0,0.7168288826942444
1.0,0.6826297640800476
0.0,0.42519205808639526
0.0,0.28973856568336487
1.0,0.6038282513618469
0.0,0.3377093970775604
1.0,0.6752628087997437
1.0,0.46156400442123413
1.0,0.6525715589523315
1.0,0.6784552931785583
1.0,0.6624531149864197
0.0,0.608495831489563
0.0,0.4716215431690216
0.0,0.41451361775398254
0.0,0.6898753643035889
1.0,0.44701915979385376
1.0,0.7085939049720764
1.0,0.6897956728935242
0.0,0.39705854654312134
0.0,0.43361130356788635
0.0,0.457935631275177
1.0,0.6669703125953674
1.0,0.6195456385612488
0.0,0.5083609819412231
0.0,0.3142850697040558
1.0,0.6758104562759399
0.0,0.6237034201622009
0.0,0.3473377525806427
1.0,0.630432665348053
1.0,0.3219388425350189
1.0,0.6795213222503662
0.0,0.37996044754981995
0.0,0.4063577353954315
0.0,0.5826098918914795
0.0,0.3228418827056885
0.0,0.2974257469177246
1.0,0.602142870426178
1.0,0.5985937714576721
0.0,0.3161888122558594
0.0,0.5135297775268555
0.0,0.33574244379997253
1.0,0.28338101506233215
0.0,0.29345080256462097
0.0,0.320357084274292
1.0,0.6981284618377686
1.0,0.6761019825935364
1.0,0.627964973449707
0.0,0.49197617173194885
0.0,0.29319247603416443
1.0,0.7038577198982239
0.0,0.4859364330768585
1.0,0.31555286049842834
0.0,0.28185051679611206
1.0,0.663017213344574
1.0,0.3237363398075104
1.0,0.5927091836929321
0.0,0.6305564045906067
0.0,0.6471805572509766
0.0,0.6362951993942261
0.0,0.4785284698009491
0.0,0.5462816953659058
1.0,0.3797186017036438
1.0,0.5864033699035645
1.0,0.6947855949401855
0.0,0.595441460609436
1.0,0.5836458802223206
0.0,0.33039742708206177
1.0,0.3208576440811157
1.0,0.7029266953468323
1.0,0.5062458515167236
1.0,0.318327933549881
0.0,0.6726087927818298
0.0,0.622864842414856
0.0,0.6903163194656372
1.0,0.6909593343734741
1.0,0.6690110564231873
1.0,0.34244391322135925
0.0,0.31516674160957336
1.0,0.6596112847328186
0.0,0.339885950088501
0.0,0.35564279556274414
1.0,0.6474204063415527
1.0,0.6531391143798828
0.0,0.2849145531654358
1.0,0.6987579464912415
1.0,0.6970022320747375
0.0,0.29167822003364563
1.0,0.2847854495048523
1.0,0.6782983541488647
0.0,0.65864098072052
0.0,0.3172764182090759
1.0,0.7036578059196472
1.0,0.703892171382904
1.0,0.6774584650993347
0.0,0.5201393961906433
0.0,0.34070178866386414
1.0,0.6974311470985413
0.0,0.4452202320098877
1.0,0.40230488777160645
1.0,0.6591349840164185
0.0,0.3018852472305298
0.0,0.2874375283718109
0.0,0.47241318225860596
1.0,0.660038948059082
1.0,0.5197988152503967
1.0,0.281278133392334
0.0,0.3357294499874115
0.0,0.2888905704021454
1.0,0.3177824914455414
1.0,0.40227892994880676
0.0,0.2881716191768646
1.0,0.6206206679344177
0.0,0.28761664032936096
1.0,0.4482491910457611
0.0,0.345500648021698
0.0,0.3795371353626251
1.0,0.6830050349235535
0.0,0.6655808091163635
1.0,0.6970820426940918
1.0,0.6943971514701843
1.0,0.6820233464241028
0.0,0.34173598885536194
0.0,0.5069165825843811
0.0,0.40350988507270813
0.0,0.3210032284259796
0.0,0.29876312613487244
0.0,0.28534796833992004
1.0,0.2962226867675781
0.0,0.6674442291259766
0.0,0.3350297808647156
1.0,0.6684607267379761
1.0,0.5604492425918579
0.0,0.3448707163333893
1.0,0.7140277624130249
0.0,0.2929215133190155
1.0,0.6372207403182983
0.0,0.3252231180667877
0.0,0.28077614307403564
0.0,0.6809617877006531
1.0,0.7130215764045715
1.0,0.6871931552886963
1.0,0.6826831698417664
1.0,0.709794819355011
0.0,0.520392119884491
0.0,0.2857326567173004
1.0,0.4040956199169159
0.0,0.44223421812057495
1.0,0.6696898341178894
1.0,0.3207409083843231
1.0,0.7039567828178406
0.0,0.5909441709518433
1.0,0.6818208694458008
0.0,0.303955614566803
0.0,0.2862095236778259
1.0,0.6682410836219788
1.0,0.5268691182136536
0.0,0.31998661160469055
1.0,0.5246093273162842
1.0,0.5509473085403442
1.0,0.31231918931007385
0.0,0.32574665546417236
0.0,0.5695769786834717
0.0,0.423157662153244
0.0,0.2865259349346161
0.0,0.3151329457759857
0.0,0.3068791925907135
0.0,0.5138373970985413
1.0,0.7159324288368225
0.0,0.35105350613594055
1.0,0.6740003228187561
0.0,0.29337286949157715
1.0,0.6501599550247192
0.0,0.5146601796150208
0.0,0.30375829339027405
1.0,0.4351191520690918
0.0,0.3291272819042206
0.0,0.3274828791618347
0.0,0.34551942348480225
1.0,0.5491640567779541
0.0,0.5036705732345581
1.0,0.6619974374771118
1.0,0.633816123008728
1.0,0.7091317176818848
1.0,0.6728200912475586
1.0,0.3233669400215149
1.0,0.6997901201248169
1.0,0.5293114185333252
0.0,0.4564597010612488
1.0,0.6949955224990845
0.0,0.2829359471797943
0.0,0.38521456718444824
0.0,0.3474932014942169
0.0,0.40781351923942566
1.0,0.6770107746124268
1.0,0.6884167790412903
1.0,0.6816190481185913
1.0,0.3605193793773651
0.0,0.33409008383750916
1.0,0.5191978216171265
1.0,0.5952939987182617
1.0,0.5350534915924072
0.0,0.29036980867385864
1.0,0.7095553874969482
1.0,0.6274306774139404
0.0,0.41851741075515747
1.0,0.6990481019020081
1.0,0.40421366691589355
0.0,0.55635666847229
1.0,0.6974283456802368
1.0,0.5172983407974243
0.0,0.3267354369163513
1.0,0.6825950741767883
1.0,0.690568208694458
1.0,0.5471054315567017
1.0,0.6886118650436401
0.0,0.2997373044490814
0.0,0.33537405729293823
1.0,0.466351717710495
0.0,0.28361985087394714
1.0,0.666413426399231
0.0,0.381207674741745
1.0,0.4042609930038452
0.0,0.3174729645252228
1.0,0.7019180059432983
1.0,0.5522336363792419
0.0,0.2812452018260956
0.0,0.4057987332344055
0.0,0.2904956042766571
0.0,0.4385257959365845
0.0,0.30105656385421753
1.0,0.5846856832504272
0.0,0.5560176372528076
0.0,0.3316570222377777
1.0,0.5336045026779175
1.0,0.5864381790161133
0.0,0.302277535200119
0.0,0.4994974434375763
0.0,0.6658143401145935
0.0,0.43427762389183044
0.0,0.6555589437484741
0.0,0.6680912375450134
1.0,0.6770252585411072
1.0,0.7151363492012024
0.0,0.31602948904037476
1.0,0.4069560468196869
1.0,0.6666259765625
1.0,0.6683547496795654
1.0,0.4193192720413208
0.0,0.41081342101097107
0.0,0.3127845823764801
0.0,0.29212895035743713
1.0,0.6741455793380737
0.0,0.2861538827419281
0.0,0.5386365652084351
1.0,0.6946879625320435
0.0,0.42122897505760193
1.0,0.6883441805839539
1.0,0.7053431272506714
1.0,0.4031030237674713
0.0,0.28108638525009155
1.0,0.5009757280349731
0.0,0.5410814881324768
0.0,0.28024744987487793
0.0,0.2944287061691284
1.0,0.49194830656051636
0.0,0.3000113368034363
0.0,0.2825130820274353
1.0,0.34329456090927124
0.0,0.36425843834877014
0.0,0.323370099067688
0.0,0.6238663196563721
1.0,0.2852069139480591
1.0,0.6039287447929382
0.0,0.353071004152298
1.0,0.668321967124939
1.0,0.3191867768764496
1.0,0.6696440577507019
0.0,0.4088829457759857
1.0,0.2970658540725708
0.0,0.3117489814758301
0.0,0.2883974313735962
0.0,0.33190104365348816
0.0,0.648067057132721
0.0,0.31772032380104065
0.0,0.4135010540485382
0.0,0.2928367853164673
0.0,0.3181977868080139
0.0,0.6344426274299622
1.0,0.5876525640487671
0.0,0.2881591022014618
0.0,0.660186767578125
0.0,0.32814034819602966
1.0,0.6018139719963074
1.0,0.4156019985675812
1.0,0.6405118703842163
1.0,0.5324122309684753
0.0,0.6462437510490417
1.0,0.2851373553276062
1.0,0.5269346237182617
0.0,0.6612510085105896
0.0,0.587726891040802
0.0,0.2972398102283478
0.0,0.3342847228050232
1.0,0.3174627125263214
0.0,0.3829430937767029
1.0,0.33556488156318665
0.0,0.29571619629859924
1.0,0.32811930775642395
0.0,0.3260863125324249
1.0,0.3385240435600281
1.0,0.6202272176742554
1.0,0.6111793518066406
0.0,0.6865479946136475
1.0,0.6257452368736267
0.0,0.32668185234069824
1.0,0.49039462208747864
0.0,0.44725072383880615
1.0,0.48944422602653503
0.0,0.30253252387046814
0.0,0.28244709968566895
1.0,0.5778188109397888
0.0,0.33403050899505615
1.0,0.6901270747184753
1.0,0.67442786693573
0.0,0.30515050888061523
0.0,0.4583035111427307
0.0,0.634770929813385
0.0,0.40986672043800354
0.0,0.3783109486103058
0.0,0.36220017075538635
0.0,0.2880755066871643
0.0,0.3786969482898712
0.0,0.4526669383049011
1.0,0.3026585876941681
1.0,0.5806307792663574
0.0,0.3389257788658142
1.0,0.6258606314659119
1.0,0.6734399795532227
1.0,0.719005286693573
1.0,0.6596430540084839
1.0,0.6201794743537903
0.0,0.3332698345184326
0.0,0.29462915658950806
0.0,0.5412586331367493
0.0,0.3185959458351135
0.0,0.2834443747997284
0.0,0.5955446362495422
0.0,0.3100331127643585
0.0,0.30339494347572327
0.0,0.2950812578201294
1.0,0.7052647471427917
1.0,0.2906525731086731
0.0,0.6792101860046387
0.0,0.5090035796165466
0.0,0.29280298948287964
1.0,0.29150405526161194
1.0,0.6478143334388733
1.0,0.6930357813835144
0.0,0.28356271982192993
0.0,0.28441527485847473
1.0,0.35928580164909363
1.0,0.39188432693481445
1.0,0.4557691514492035
1.0,0.5537068843841553
0.0,0.5990262627601624
0.0,0.3490125834941864
0.0,0.5183740258216858
1.0,0.6024554967880249
1.0,0.6234521269798279
0.0,0.29506245255470276
1.0,0.6760601997375488
1.0,0.5959184765815735
1.0,0.3818334639072418
0.0,0.5748037695884705
1.0,0.6846251487731934
1.0,0.6219630837440491
1.0,0.29088929295539856
1.0,0.6701427102088928
1.0,0.6440593600273132
0.0,0.5935771465301514
1.0,0.6226508617401123
1.0,0.5733023285865784
0.0,0.32617175579071045
1.0,0.6407304406166077
1.0,0.32483142614364624
1.0,0.5761433243751526
1.0,0.37515223026275635
1.0,0.33724719285964966
0.0,0.45745930075645447
0.0,0.48833683133125305
0.0,0.28191938996315
0.0,0.5408591032028198
1.0,0.5490617156028748
0.0,0.35355281829833984
1.0,0.6884579658508301
1.0,0.7154762148857117
0.0,0.29774343967437744
0.0,0.29808637499809265
0.0,0.5499129295349121
0.0,0.473222553730011
1.0,0.6771212220191956
0.0,0.32423996925354004
0.0,0.32210931181907654
0.0,0.4785129725933075
1.0,0.678146481513977
0.0,0.32096830010414124
0.0,0.3148200213909149
1.0,0.6121117472648621
1.0,0.5045099258422852
0.0,0.5401391386985779
1.0,0.7032363414764404
0.0,0.3104124665260315
1.0,0.5640672445297241
0.0,0.30718910694122314
0.0,0.33302924036979675
0.0,0.3035028576850891
0.0,0.6899569034576416
1.0,0.6909587383270264
0.0,0.44077593088150024
1.0,0.5949821472167969
0.0,0.43608275055885315
0.0,0.6714699864387512
1.0,0.6406036615371704
1.0,0.2913658916950226
0.0,0.7142692804336548
1.0,0.517004132270813
1.0,0.29499921202659607
0.0,0.43900153040885925
1.0,0.6009210348129272
1.0,0.7013675570487976
1.0,0.3546757102012634
0.0,0.4620429575443268
1.0,0.5809316039085388
0.0,0.37272095680236816
0.0,0.3073251247406006
1.0,0.2943146526813507
0.0,0.28892678022384644
0.0,0.4950794279575348
1.0,0.7190982699394226
0.0,0.5589211583137512
1.0,0.5941630601882935
0.0,0.45641255378723145
1.0,0.7100590467453003
0.0,0.34375905990600586
0.0,0.2892625033855438
1.0,0.6794187426567078
0.0,0.34070709347724915
1.0,0.4948793053627014
1.0,0.7051777243614197
0.0,0.2822275459766388
1.0,0.40526625514030457
1.0,0.4371366500854492
1.0,0.6313153505325317
0.0,0.2854638397693634
1.0,0.330351322889328
1.0,0.6631144881248474
1.0,0.5095100402832031
1.0,0.42447811365127563
1.0,0.6232621073722839
0.0,0.3192766010761261
1.0,0.4481326639652252
1.0,0.6885079741477966
0.0,0.32603463530540466
1.0,0.5569611191749573
1.0,0.7053494453430176
1.0,0.37349143624305725
0.0,0.3644770383834839
1.0,0.2850394546985626
1.0,0.6867820024490356
0.0,0.3028012216091156
0.0,0.28634077310562134
0.0,0.3444042503833771
0.0,0.2890811860561371
0.0,0.3936956822872162
0.0,0.3468475043773651
1.0,0.6537812352180481
0.0,0.2859190106391907
0.0,0.5268082618713379
0.0,0.34331974387168884
0.0,0.32053232192993164
1.0,0.6700008511543274
0.0,0.4920571446418762
1.0,0.33301588892936707
0.0,0.3492860198020935
1.0,0.528478741645813
0.0,0.40590575337409973
1.0,0.4105583131313324
0.0,0.5837216377258301
0.0,0.39679357409477234
1.0,0.6673415303230286
1.0,0.696139931678772
1.0,0.6663475036621094
1.0,0.6149513125419617
0.0,0.39879605174064636
0.0,0.31051021814346313
1.0,0.5743813514709473
1.0,0.34025436639785767
0.0,0.5217898488044739
0.0,0.42561060190200806
1.0,0.3888411819934845
1.0,0.6361478567123413
0.0,0.35135209560394287
1.0,0.6310763955116272
1.0,0.28591179847717285
0.0,0.3400784730911255
1.0,0.6627205014228821
1.0,0.6117991209030151
1.0,0.47434574365615845
0.0,0.33077535033226013
1.0,0.550839900970459
0.0,0.3911554217338562
0.0,0.3822318911552429
0.0,0.616417407989502
0.0,0.5816382765769958
1.0,0.7135245203971863
1.0,0.33201727271080017
1.0,0.2946827709674835
0.0,0.2824322581291199
0.0,0.29121240973472595
0.0,0.3085535764694214
0.0,0.5079675316810608
0.0,0.6204400062561035
1.0,0.5636375546455383
0.0,0.39712199568748474
1.0,0.6359915733337402
1.0,0.6463109254837036
1.0,0.6588252186775208
1.0,0.35036253929138184
0.0,0.360024631023407
1.0,0.6137702465057373
1.0,0.6740729212760925
0.0,0.6130238771438599
0.0,0.6820571422576904
1.0,0.29519107937812805
0.0,0.29360833764076233
1.0,0.6699213981628418
0.0,0.3052915036678314
0.0,0.2940426468849182
0.0,0.33442774415016174
1.0,0.6112446784973145
0.0,0.589288055896759
0.0,0.5838137865066528
0.0,0.4285920560359955
1.0,0.6497116684913635
0.0,0.5722717642784119
1.0,0.688728928565979
0.0,0.41886627674102783
0.0,0.4210078716278076
1.0,0.6919959187507629
1.0,0.5613273978233337
0.0,0.6153790950775146
0.0,0.3220110833644867
0.0,0.3579563498497009
1.0,0.3141055405139923
1.0,0.4910542368888855
0.0,0.2949131429195404
1.0,0.6761590838432312
0.0,0.3926970362663269
0.0,0.31184640526771545
0.0,0.28721556067466736
0.0,0.3979249894618988
0.0,0.29056933522224426
1.0,0.3057668209075928
1.0,0.5699741244316101
0.0,0.6226682662963867
1.0,0.667248547077179
1.0,0.5521394610404968
0.0,0.33382105827331543
0.0,0.5864802002906799
1.0,0.3237847089767456
0.0,0.3925490975379944
0.0,0.4282985031604767
0.0,0.3013124465942383
1.0,0.6690264344215393
0.0,0.380414754152298
1.0,0.38662460446357727
0.0,0.3014202415943146
0.0,0.5136921405792236
1.0,0.6115354895591736
0.0,0.7108492255210876
0.0,0.6373280882835388
1.0,0.6264381408691406
1.0,0.5940523147583008
0.0,0.3438844680786133
1.0,0.6597204208374023
1.0,0.6449950337409973
0.0,0.328808456659317
1.0,0.6710378527641296
1.0,0.6904588937759399
1.0,0.6696038842201233
1.0,0.6872421503067017
1.0,0.5084080100059509
1.0,0.5440081357955933
0.0,0.3071979284286499
1.0,0.7179610133171082
1.0,0.7047735452651978
1.0,0.6809342503547668
0.0,0.4466360807418823
1.0,0.6401565074920654
0.0,0.6422372460365295
1.0,0.7021874189376831
0.0,0.38761472702026367
0.0,0.33415308594703674
0.0,0.586993932723999
0.0,0.2845093011856079
1.0,0.7205067276954651
1.0,0.645582377910614
0.0,0.29228267073631287
0.0,0.2947975993156433
0.0,0.28832298517227173
1.0,0.6958486437797546
0.0,0.5027753710746765
1.0,0.678349494934082
1.0,0.6998656392097473
0.0,0.3552382290363312
0.0,0.5664803981781006
0.0,0.5404903888702393
0.0,0.2847398817539215
0.0,0.3940330147743225
1.0,0.6904044151306152
0.0,0.3057120442390442
1.0,0.3860204815864563
0.0,0.5138944983482361
1.0,0.6457488536834717
1.0,0.6669415235519409
0.0,0.2997520864009857
0.0,0.3585948050022125
1.0,0.30970603227615356
1.0,0.6096311807632446
1.0,0.3293074071407318
0.0,0.28937411308288574
1.0,0.6959707140922546
0.0,0.28584280610084534
1.0,0.6666574478149414
0.0,0.28306230902671814
0.0,0.29571864008903503
0.0,0.5135010480880737
0.0,0.2989322543144226
0.0,0.3017161786556244
1.0,0.5995933413505554
1.0,0.4001905918121338
0.0,0.33702144026756287
1.0,0.6574352979660034
0.0,0.3168039321899414
0.0,0.3512019217014313
0.0,0.5999917984008789
1.0,0.6496387720108032
1.0,0.6895946860313416
1.0,0.4522879421710968
1.0,0.3813632130622864
1.0,0.7054712772369385
1.0,0.6750069856643677
1.0,0.6881254315376282
0.0,0.536925196647644
1.0,0.31211796402931213
1.0,0.6527402400970459
0.0,0.34219175577163696
0.0,0.3949386775493622
0.0,0.5860031247138977
0.0,0.3277944326400757
1.0,0.3381423354148865
0.0,0.32236796617507935
0.0,0.3013804256916046
0.0,0.3376416862010956
1.0,0.45279496908187866
1.0,0.5681381821632385
1.0,0.5056508779525757
1.0,0.700030505657196
1.0,0.6176723837852478
0.0,0.6783673763275146
0.0,0.4131348133087158
0.0,0.5786121487617493
1.0,0.6017646789550781
1.0,0.6737943887710571
0.0,0.35358166694641113
0.0,0.4717823266983032
0.0,0.32255518436431885
1.0,0.694913923740387
1.0,0.6962177753448486
1.0,0.34130632877349854
1.0,0.6450362801551819
1.0,0.3271138370037079
0.0,0.30764535069465637
0.0,0.301050066947937
0.0,0.5597273707389832
0.0,0.3456737697124481
0.0,0.5755090117454529
1.0,0.7019243240356445
1.0,0.4406764805316925
0.0,0.6504903435707092
0.0,0.4497714340686798
1.0,0.704102098941803
1.0,0.4314141869544983
1.0,0.6979920268058777
1.0,0.3357495069503784
1.0,0.6842972040176392
0.0,0.34176984429359436
1.0,0.6889246106147766
0.0,0.5713584423065186
0.0,0.29756030440330505
1.0,0.6701831817626953
0.0,0.5005360841751099
0.0,0.3033673167228699
1.0,0.6813812851905823
0.0,0.30301788449287415
0.0,0.36889275908470154
0.0,0.42698773741722107
0.0,0.3265935778617859
1.0,0.7222984433174133
0.0,0.29264765977859497
1.0,0.7003256678581238
0.0,0.2794519364833832
0.0,0.6538535952568054
1.0,0.29643356800079346
0.0,0.38195058703422546
0.0,0.3458809554576874
1.0,0.3263126015663147
1.0,0.6613653898239136
0.0,0.3689490556716919
1.0,0.6485503911972046
1.0,0.3363521695137024
1.0,0.6857255101203918
0.0,0.3655956983566284
1.0,0.6472418904304504
1.0,0.6206424236297607
0.0,0.3301141560077667
0.0,0.432620108127594
0.0,0.29153698682785034
1.0,0.5462678670883179
0.0,0.494040846824646
1.0,0.45069095492362976
1.0,0.48463985323905945
1.0,0.6015759706497192
1.0,0.36585119366645813
1.0,0.6733075380325317
1.0,0.709558367729187
0.0,0.28405144810676575
0.0,0.2913016676902771
1.0,0.7190721035003662
1.0,0.6670718789100647
0.0,0.3440621495246887
0.0,0.29527774453163147
1.0,0.6930897831916809
1.0,0.6126471757888794
1.0,0.5862069725990295
0.0,0.378143846988678
1.0,0.4450608193874359
0.0,0.3779522478580475
0.0,0.6569039225578308
1.0,0.7008654475212097
1.0,0.6250807046890259
1.0,0.7229096293449402
1.0,0.6504724025726318
0.0,0.5306349396705627
1.0,0.6910528540611267
1.0,0.5923455953598022
1.0,0.3285839557647705
1.0,0.34897667169570923
1.0,0.2922402024269104
0.0,0.3483780026435852
0.0,0.31299152970314026
0.0,0.37610310316085815
1.0,0.6743981838226318
0.0,0.6676676273345947
0.0,0.6005526781082153
1.0,0.6310832500457764
1.0,0.679298460483551
1.0,0.3441137969493866
0.0,0.33523133397102356
1.0,0.5773380994796753
1.0,0.621487021446228
1.0,0.7011831402778625
1.0,0.5486228466033936
1.0,0.4719714820384979
0.0,0.564798891544342
0.0,0.5572621822357178
0.0,0.4671895503997803
0.0,0.5978562235832214
0.0,0.6772834062576294
0.0,0.35090044140815735
0.0,0.2817841172218323
0.0,0.29679861664772034
1.0,0.5438668727874756
0.0,0.3245866596698761
0.0,0.6943870782852173
1.0,0.5189105868339539
0.0,0.5002650618553162
1.0,0.696323573589325
0.0,0.4031342566013336
0.0,0.3489181399345398
0.0,0.30407220125198364
0.0,0.30325156450271606
0.0,0.40656572580337524
1.0,0.7020850777626038
0.0,0.49688562750816345
1.0,0.5056245923042297
0.0,0.28355666995048523
1.0,0.7097665071487427
0.0,0.6342545747756958
1.0,0.6683512330055237
0.0,0.3358244001865387
0.0,0.3376486003398895
1.0,0.7139561176300049
0.0,0.32304200530052185
1.0,0.43930479884147644
1.0,0.6262746453285217
1.0,0.614600658416748
1.0,0.4360872805118561
0.0,0.45203104615211487
0.0,0.3439432978630066
1.0,0.6498110890388489
0.0,0.281475692987442
1.0,0.5904651284217834
1.0,0.4878797233104706
0.0,0.36494603753089905
1.0,0.5522642135620117
1.0,0.7072991728782654
1.0,0.4070858359336853
1.0,0.6974481344223022
1.0,0.5681633353233337
0.0,0.3587433099746704
1.0,0.6745147705078125
0.0,0.3005852997303009
1.0,0.6187488436698914
0.0,0.31989550590515137
1.0,0.6606595516204834
1.0,0.676369309425354
0.0,0.5150611400604248
1.0,0.6482131481170654
1.0,0.47240495681762695
1.0,0.6126101613044739
0.0,0.5375843644142151
0.0,0.3076934516429901
0.0,0.2825086712837219
1.0,0.31127995252609253
0.0,0.3117588460445404
1.0,0.6842446327209473
0.0,0.6392078399658203
0.0,0.3115081787109375
1.0,0.6295544505119324
0.0,0.3166576027870178
1.0,0.6764951348304749
1.0,0.6612048149108887
0.0,0.3475286662578583
0.0,0.5199723839759827
1.0,0.530553936958313
1.0,0.38059529662132263
0.0,0.294315367937088
0.0,0.3194745182991028
1.0,0.6672144532203674
1.0,0.7202238440513611
0.0,0.32047879695892334
0.0,0.39895111322402954
0.0,0.40821731090545654
0.0,0.5307751893997192
0.0,0.284968763589859
1.0,0.5793906450271606
0.0,0.5876409411430359
0.0,0.29078853130340576
0.0,0.28851500153541565
0.0,0.32820257544517517
1.0,0.40532830357551575
0.0,0.28852739930152893
1.0,0.6879719495773315
1.0,0.2988014817237854
0.0,0.35995182394981384
1.0,0.6571180820465088
0.0,0.6852888464927673
1.0,0.6975253224372864
1.0,0.6116940975189209
0.0,0.407707542181015
1.0,0.2938745319843292
0.0,0.6717020273208618
0.0,0.3952348828315735
1.0,0.5017430782318115
0.0,0.32290926575660706
1.0,0.6655627489089966
0.0,0.28480422496795654
1.0,0.6079556345939636
1.0,0.2918910086154938
1.0,0.5581352710723877
1.0,0.6419378519058228
0.0,0.29458552598953247
1.0,0.6540195941925049
1.0,0.3173345923423767
0.0,0.37134677171707153
0.0,0.694338858127594
1.0,0.7201665639877319
0.0,0.4528886377811432
1.0,0.6252726316452026
1.0,0.6648708581924438
0.0,0.37834396958351135
1.0,0.43977150321006775
0.0,0.45575374364852905
1.0,0.5468138456344604
1.0,0.6274073123931885
1.0,0.7056450247764587
0.0,0.6756415963172913
0.0,0.290810227394104
1.0,0.4361572861671448
1.0,0.31362420320510864
0.0,0.43736279010772705
1.0,0.6936461329460144
0.0,0.36009350419044495
0.0,0.3258134722709656
1.0,0.6597572565078735
0.0,0.2834510803222656
0.0,0.3018023669719696
1.0,0.32335981726646423
0.0,0.331010103225708
1.0,0.6663395166397095
1.0,0.6842272281646729
0.0,0.40442797541618347
0.0,0.3208112120628357
1.0,0.4109431803226471
1.0,0.31773433089256287
0.0,0.3251609802246094
0.0,0.3441886007785797
1.0,0.5487777590751648
0.0,0.5820447206497192
1.0,0.6737972497940063
1.0,0.6130715012550354
0.0,0.37981969118118286
1.0,0.6808518171310425
0.0,0.6646745800971985
1.0,0.4571600556373596
0.0,0.2849254906177521
1.0,0.5406878590583801
1.0,0.30443233251571655
1.0,0.35981446504592896
0.0,0.3076220452785492
0.0,0.4026479125022888
0.0,0.3424936532974243
1.0,0.2955024838447571
0.0,0.48509645462036133
1.0,0.5164762735366821
1.0,0.6305519342422485
1.0,0.49273520708084106
0.0,0.6543082594871521
0.0,0.3089468479156494
0.0,0.65437251329422
0.0,0.5287530422210693
0.0,0.6555461287498474
1.0,0.35186833143234253
1.0,0.34994345903396606
1.0,0.3342677056789398
1.0,0.30417293310165405
0.0,0.42025232315063477
1.0,0.6230112314224243
0.0,0.4393760859966278
0.0,0.42133232951164246
0.0,0.49148115515708923
0.0,0.38138189911842346
1.0,0.6865658760070801
1.0,0.6719630360603333
0.0,0.6135552525520325
0.0,0.30809032917022705
0.0,0.3552635610103607
0.0,0.5224034786224365
0.0,0.4168548285961151
1.0,0.5637224912643433
1.0,0.6834834218025208
0.0,0.2899850904941559
0.0,0.3680388629436493
0.0,0.322652667760849
1.0,0.6550474166870117
0.0,0.6294953227043152
1.0,0.6435503363609314
1.0,0.6770213842391968
0.0,0.27843284606933594
1.0,0.40981772541999817
1.0,0.6684511303901672
1.0,0.5153061151504517
1.0,0.33522894978523254
0.0,0.5413364171981812
1.0,0.6010617017745972
0.0,0.2911314368247986
0.0,0.3169214427471161
0.0,0.28564220666885376
1.0,0.28457581996917725
1.0,0.669994056224823
1.0,0.3127972185611725
0.0,0.29792678356170654
0.0,0.28500425815582275
0.0,0.2967667281627655
1.0,0.31203675270080566
1.0,0.635076105594635
1.0,0.39470869302749634
1.0,0.34038305282592773
0.0,0.3266955614089966
0.0,0.31627601385116577
1.0,0.66468745470047
1.0,0.3348499834537506
0.0,0.5168224573135376
0.0,0.3000272512435913
0.0,0.29400718212127686
0.0,0.6441023945808411
1.0,0.4866389334201813
0.0,0.34999868273735046
1.0,0.45262444019317627
1.0,0.6871581077575684
0.0,0.3332681953907013
1.0,0.6882691383361816
0.0,0.663528561592102
1.0,0.5762375593185425
0.0,0.3068171441555023
1.0,0.41237905621528625
1.0,0.2836516797542572
1.0,0.2886214852333069
0.0,0.5963802337646484
1.0,0.6604248285293579
1.0,0.6193902492523193
0.0,0.32348352670669556
0.0,0.3504694998264313
1.0,0.6953853964805603
1.0,0.6993338465690613
1.0,0.32087215781211853
0.0,0.5986104011535645
1.0,0.4077792763710022
1.0,0.6529231667518616
1.0,0.6421331763267517
0.0,0.32092806696891785
1.0,0.592624306678772
0.0,0.3266391158103943
1.0,0.639400839805603
1.0,0.29755282402038574
0.0,0.3023724853992462
0.0,0.4047143757343292
1.0,0.672816812992096
1.0,0.31467828154563904
0.0,0.3650423288345337
1.0,0.4695623815059662
1.0,0.639481782913208
0.0,0.2866305708885193
1.0,0.5056628584861755
1.0,0.33990803360939026
1.0,0.5556926131248474
1.0,0.2885873019695282
1.0,0.3150061070919037
0.0,0.29531359672546387
0.0,0.35154277086257935
1.0,0.7057846784591675
0.0,0.3209647536277771
1.0,0.6641523241996765
0.0,0.556232213973999
1.0,0.6831661462783813
0.0,0.31995582580566406
1.0,0.6464775800704956
1.0,0.4240320920944214
1.0,0.7206562161445618
0.0,0.4022746980190277
0.0,0.6394447088241577
0.0,0.6858794093132019
1.0,0.6752007007598877
0.0,0.29160624742507935
1.0,0.5905041694641113
0.0,0.3111514151096344
0.0,0.49840816855430603
0.0,0.5362242460250854
1.0,0.677371084690094
0.0,0.28816986083984375
0.0,0.3156157433986664
1.0,0.38383668661117554
0.0,0.4024522602558136
0.0,0.2896019518375397
1.0,0.6462616324424744
0.0,0.6729860305786133
0.0,0.2983819544315338
1.0,0.5965784788131714
0.0,0.2915102243423462
1.0,0.39185580611228943
0.0,0.6405594944953918
1.0,0.5624595284461975
1.0,0.34791865944862366
1.0,0.5173933506011963
0.0,0.4224855601787567
0.0,0.2917788624763489
1.0,0.5202564597129822
0.0,0.3115440607070923
1.0,0.6675172448158264
1.0,0.6883214712142944
1.0,0.357593297958374
0.0,0.3493259847164154
1.0,0.3472316265106201
0.0,0.5162211060523987
0.0,0.501684308052063
0.0,0.2916174530982971
0.0,0.2862775921821594
0.0,0.29124173521995544
0.0,0.5494892001152039
0.0,0.32324227690696716
0.0,0.4026622474193573
1.0,0.6844392418861389
0.0,0.5994650721549988
1.0,0.6742721796035767
1.0,0.6878279447555542
1.0,0.3112916946411133
0.0,0.31470605731010437
1.0,0.6814394593238831
0.0,0.3210509717464447
1.0,0.5930444002151489
1.0,0.3023886978626251
1.0,0.5556715726852417
0.0,0.3167055547237396
1.0,0.31449955701828003
1.0,0.4185333847999573
1.0,0.6081327795982361
0.0,0.28235194087028503
1.0,0.33305832743644714
1.0,0.6106232404708862
0.0,0.29269081354141235
0.0,0.6563543677330017
0.0,0.5134335160255432
1.0,0.5399234890937805
1.0,0.6429797410964966
1.0,0.6727348566055298
0.0,0.28847867250442505
1.0,0.4612884521484375
0.0,0.2935691475868225
1.0,0.4543362855911255
1.0,0.7124501466751099
0.0,0.30379563570022583
1.0,0.6799474954605103
1.0,0.7009598016738892
1.0,0.2988993227481842
0.0,0.2892642617225647
1.0,0.31102970242500305
1.0,0.29085469245910645
0.0,0.29121917486190796
0.0,0.28705108165740967
1.0,0.5056824088096619
1.0,0.4943546950817108
0.0,0.294143944978714
1.0,0.6198535561561584
0.0,0.6545302867889404
1.0,0.6246395707130432
0.0,0.718804657459259
0.0,0.3369520306587219
1.0,0.6290149092674255
1.0,0.6724477410316467
0.0,0.3714968264102936
1.0,0.29528486728668213
1.0,0.5309441685676575
0.0,0.33030226826667786
1.0,0.6549810171127319
1.0,0.3159964084625244
1.0,0.45897725224494934
1.0,0.67593914270401
1.0,0.30942022800445557
1.0,0.6982571482658386
0.0,0.512844979763031
1.0,0.6501008868217468
0.0,0.34361955523490906
0.0,0.30859529972076416
0.0,0.29301220178604126
1.0,0.631883442401886
0.0,0.6663457751274109
1.0,0.5260521769523621
1.0,0.34343552589416504
1.0,0.6751692891120911
0.0,0.30537185072898865
0.0,0.33458974957466125
1.0,0.6189664006233215
0.0,0.330870121717453
0.0,0.6782318949699402
0.0,0.4470006823539734
0.0,0.2816951274871826
1.0,0.7056633234024048
0.0,0.40988394618034363
0.0,0.3196170926094055
1.0,0.6951380968093872
1.0,0.6845552921295166
0.0,0.44288212060928345
0.0,0.3236549198627472
1.0,0.6547284722328186
1.0,0.376731276512146
1.0,0.6767602562904358
1.0,0.2941931486129761
1.0,0.2845747172832489
0.0,0.2847115397453308
1.0,0.33411940932273865
0.0,0.4156494140625
0.0,0.44288986921310425
1.0,0.6949383616447449
0.0,0.3244343400001526
1.0,0.6438366174697876
0.0,0.35076647996902466
0.0,0.5711062550544739
0.0,0.29089608788490295
1.0,0.543156623840332
1.0,0.6669570207595825
1.0,0.35822537541389465
1.0,0.34212520718574524
0.0,0.4694361388683319
1.0,0.6845777630805969
1.0,0.6820505261421204
0.0,0.40737417340278625
1.0,0.7071409821510315
0.0,0.3272700309753418
1.0,0.40945446491241455
1.0,0.6978240013122559
0.0,0.39071041345596313
1.0,0.3056592643260956
0.0,0.49727508425712585
1.0,0.2919521629810333
1.0,0.3995073437690735
0.0,0.27979737520217896
1.0,0.6609987616539001
1.0,0.5411360859870911
0.0,0.6096060872077942
1.0,0.6498509049415588
1.0,0.685926616191864
0.0,0.2828536033630371
1.0,0.4670257270336151
0.0,0.3040548861026764
0.0,0.2986953854560852
0.0,0.40164461731910706
1.0,0.6948609352111816
0.0,0.6296573877334595
0.0,0.6471841335296631
0.0,0.5937958359718323
0.0,0.3159993588924408
0.0,0.28291887044906616
0.0,0.35346683859825134
1.0,0.3475097715854645
1.0,0.4383803606033325
0.0,0.6232646703720093
1.0,0.4260552227497101
1.0,0.5401259660720825
1.0,0.3127438426017761
1.0,0.5408474802970886
1.0,0.617271363735199
1.0,0.6607348918914795
0.0,0.6081229448318481
1.0,0.6556586027145386
1.0,0.6544616222381592
1.0,0.4881017208099365
1.0,0.6655899882316589
1.0,0.47732681035995483
1.0,0.2804352641105652
0.0,0.4097464382648468
1.0,0.32790619134902954
0.0,0.6254810690879822
0.0,0.5875803828239441
0.0,0.3926042318344116
1.0,0.6437941193580627
1.0,0.6423165798187256
1.0,0.5640308856964111
1.0,0.3350372612476349
1.0,0.6827506422996521
1.0,0.709902286529541
1.0,0.5194165706634521
0.0,0.3023378849029541
0.0,0.6837095618247986
1.0,0.7121642231941223
0.0,0.40723732113838196
1.0,0.3047420084476471
0.0,0.4180835783481598
1.0,0.6607006788253784
0.0,0.35143980383872986
1.0,0.7155612111091614
0.0,0.4426141381263733
1.0,0.6376262307167053
1.0,0.6639505624771118
1.0,0.6206707954406738
1.0,0.4375321567058563
1.0,0.7065734267234802
0.0,0.3028516173362732
0.0,0.5290400385856628
1.0,0.6505324244499207
1.0,0.28283122181892395
0.0,0.5983601808547974
1.0,0.660424530506134
1.0,0.32032302021980286
1.0,0.4760383665561676
0.0,0.45948368310928345
0.0,0.6836360692977905
1.0,0.6986998915672302
1.0,0.47624656558036804
0.0,0.29204168915748596
0.0,0.47633489966392517
0.0,0.6595093607902527
1.0,0.29563024640083313
1.0,0.680793046951294
1.0,0.6885693669319153
1.0,0.33250683546066284
1.0,0.6089819073677063
0.0,0.31794169545173645
0.0,0.4651915729045868
1.0,0.6537007689476013
0.0,0.3167840242385864
0.0,0.5322390794754028
0.0,0.6348319053649902
0.0,0.30949777364730835
0.0,0.4719644784927368
0.0,0.34187769889831543
0.0,0.6033541560173035
0.0,0.6515239477157593
0.0,0.6914418935775757
1.0,0.6260452270507812
0.0,0.5276920795440674
0.0,0.2967086136341095
1.0,0.6377640962600708
0.0,0.5246367454528809
0.0,0.3497852087020874
0.0,0.6625808477401733
0.0,0.5490455031394958
0.0,0.662279486656189
1.0,0.5261647701263428
0.0,0.36122921109199524
1.0,0.6441473960876465
1.0,0.39069944620132446
1.0,0.3663165271282196
0.0,0.2858531177043915
0.0,0.29026755690574646
1.0,0.6587352156639099
1.0,0.6608577370643616
0.0,0.33245834708213806
1.0,0.6791967749595642
1.0,0.29526638984680176
1.0,0.6712124347686768
0.0,0.3057672381401062
0.0,0.5382934808731079
1.0,0.6175824999809265
0.0,0.6857574582099915
1.0,0.3381437659263611
1.0,0.5629053711891174
1.0,0.34811344742774963
1.0,0.4271060526371002
0.0,0.5810864567756653
1.0,0.452114075422287
0.0,0.3436093032360077
0.0,0.2892772853374481
0.0,0.3219761550426483
0.0,0.5386064648628235
0.0,0.3688409924507141
1.0,0.6482337713241577
1.0,0.29530853033065796
1.0,0.6698819398880005
1.0,0.5738652944564819
0.0,0.34519627690315247
0.0,0.321768581867218
1.0,0.6664014458656311
1.0,0.29256558418273926
0.0,0.3638109862804413
0.0,0.33512452244758606
1.0,0.7004855275154114
0.0,0.667790412902832
0.0,0.2789999842643738
1.0,0.3132137954235077
0.0,0.32228922843933105
1.0,0.6845428943634033
0.0,0.6642343997955322
1.0,0.28451865911483765
0.0,0.2904457151889801
1.0,0.6347719430923462
1.0,0.34272363781929016
1.0,0.6987414956092834
1.0,0.547118067741394
1.0,0.2881828546524048
0.0,0.5292679667472839
0.0,0.4246586561203003
1.0,0.5425488352775574
1.0,0.5419746041297913
1.0,0.6069603562355042
1.0,0.447965145111084
0.0,0.29184526205062866
0.0,0.5724526643753052
0.0,0.46290847659111023
1.0,0.644706130027771
1.0,0.6983098983764648
1.0,0.5874112844467163
1.0,0.39013856649398804
0.0,0.5444313883781433
0.0,0.41592323780059814
0.0,0.2918951213359833
1.0,0.40628114342689514
0.0,0.6314431428909302
1.0,0.32834380865097046
1.0,0.7053465843200684
1.0,0.28871405124664307
1.0,0.6933342814445496
0.0,0.3384109139442444
0.0,0.2952004671096802
0.0,0.46412476897239685
0.0,0.3244549036026001
0.0,0.28684088587760925
0.0,0.6565471887588501
0.0,0.40556132793426514
0.0,0.30470699071884155
0.0,0.6488447785377502
1.0,0.6440956592559814
1.0,0.7095006108283997
0.0,0.38245245814323425
1.0,0.7157739400863647
1.0,0.651484489440918
1.0,0.6298515796661377
1.0,0.3148740530014038
0.0,0.4353025257587433
1.0,0.6677130460739136
0.0,0.32025137543678284
0.0,0.29436424374580383
1.0,0.44189319014549255
0.0,0.2978382408618927
0.0,0.49711424112319946
1.0,0.6554064750671387
1.0,0.667900800704956
0.0,0.2932188808917999
1.0,0.39820390939712524
0.0,0.2867051064968109
0.0,0.32796263694763184
0.0,0.4429086446762085
0.0,0.5846983194351196
0.0,0.3042038381099701
0.0,0.3430783152580261
0.0,0.3378779888153076
0.0,0.4718364179134369
0.0,0.4129212200641632
1.0,0.6789536476135254
0.0,0.35049596428871155
1.0,0.3085240423679352
0.0,0.28299736976623535
1.0,0.6731657385826111
1.0,0.6678690314292908
1.0,0.620124101638794
0.0,0.40308067202568054
1.0,0.6590665578842163
1.0,0.3918841481208801
1.0,0.3196473717689514
0.0,0.28576621413230896
1.0,0.698074460029602
1.0,0.6300917267799377
0.0,0.279480904340744
1.0,0.6536708474159241
1.0,0.6665760278701782
1.0,0.5899192094802856
1.0,0.6038724184036255
0.0,0.5084755420684814
1.0,0.6212369799613953
1.0,0.4094145596027374
0.0,0.29504650831222534
0.0,0.5069364905357361
1.0,0.35225731134414673
0.0,0.6774294376373291
1.0,0.6006625294685364
1.0,0.6800187230110168
0.0,0.3031247556209564
0.0,0.430943101644516
0.0,0.32065221667289734
1.0,0.673346996307373
0.0,0.3458733856678009
0.0,0.28593382239341736
0.0,0.2881739139556885
0.0,0.29275161027908325
1.0,0.3188328742980957
0.0,0.6627364158630371
0.0,0.4257553815841675
0.0,0.2871256470680237
1.0,0.6866488456726074
1.0,0.6879977583885193
1.0,0.5172404646873474
1.0,0.4969269633293152
0.0,0.527535617351532
1.0,0.7171059846878052
1.0,0.6218171715736389
0.0,0.2818746566772461
1.0,0.2925323247909546
1.0,0.7050812244415283
1.0,0.6799557209014893
1.0,0.6978264451026917
0.0,0.3003428876399994
0.0,0.31612876057624817
0.0,0.29337432980537415
1.0,0.34632423520088196
0.0,0.28979724645614624
0.0,0.304744154214859
0.0,0.5458523631095886
0.0,0.5565338134765625
0.0,0.6837101578712463
1.0,0.29515060782432556
1.0,0.5802900791168213
1.0,0.43064287304878235
1.0,0.42791205644607544
1.0,0.6262987852096558
0.0,0.28251156210899353
1.0,0.6957234144210815
1.0,0.6512011289596558
0.0,0.47975048422813416
0.0,0.3819356858730316
0.0,0.3294655382633209
0.0,0.49480411410331726
1.0,0.6563716530799866
0.0,0.31332895159721375
0.0,0.325229287147522
1.0,0.6188740134239197
0.0,0.42560291290283203
1.0,0.450858473777771
0.0,0.43693289160728455
1.0,0.2953501343727112
1.0,0.2866874635219574
1.0,0.4736582040786743
1.0,0.5898130536079407
0.0,0.36487844586372375
0.0,0.3068140149116516
1.0,0.31699517369270325
1.0,0.673949122428894
0.0,0.6470001935958862
1.0,0.5782932043075562
1.0,0.6225794553756714
1.0,0.5612247586250305
1.0,0.7069966197013855
1.0,0.70008784532547
1.0,0.6630349159240723
0.0,0.3987772464752197
1.0,0.7174820899963379
0.0,0.3360118567943573
1.0,0.31223320960998535
1.0,0.6589000821113586
1.0,0.32852035760879517
0.0,0.2902985215187073
1.0,0.2973213493824005
1.0,0.6694622039794922
1.0,0.5231001377105713
0.0,0.3632868230342865
0.0,0.6029303073883057
0.0,0.39608168601989746
0.0,0.5067675709724426
1.0,0.29524439573287964
0.0,0.44349971413612366
0.0,0.3208105266094208
0.0,0.6562671661376953
1.0,0.5312336683273315
0.0,0.5137507319450378
0.0,0.3292452394962311
0.0,0.5046288371086121
0.0,0.3031948506832123
0.0,0.5833048820495605
0.0,0.2952513098716736
1.0,0.6595154404640198
1.0,0.6767838001251221
0.0,0.3007265031337738
1.0,0.6628387570381165
0.0,0.3160284161567688
1.0,0.6941384077072144
1.0,0.34776005148887634
1.0,0.5228766798973083
0.0,0.5464474558830261
1.0,0.6619569063186646
0.0,0.33586543798446655
0.0,0.5985596776008606
1.0,0.6218380928039551
1.0,0.3226954936981201
0.0,0.3100772798061371
0.0,0.5402539372444153
0.0,0.3317224085330963
1.0,0.6998904943466187
0.0,0.2819216549396515
0.0,0.6477411389350891
1.0,0.56344074010849
0.0,0.5979731678962708
0.0,0.5631399154663086
1.0,0.6487383246421814
1.0,0.6822249293327332
1.0,0.5759117603302002
0.0,0.5183547139167786
1.0,0.6462259888648987
0.0,0.2848551571369171
0.0,0.46414265036582947
0.0,0.49694591760635376
0.0,0.29078245162963867
1.0,0.6148403882980347
0.0,0.4983355700969696
0.0,0.27976858615875244
1.0,0.28674712777137756
1.0,0.684930682182312
1.0,0.33837446570396423
1.0,0.7037678360939026
1.0,0.38755226135253906
0.0,0.30245864391326904
0.0,0.2984478771686554
1.0,0.6576164364814758
1.0,0.6434201598167419
1.0,0.7166871428489685
0.0,0.2993408441543579
1.0,0.6323372721672058
0.0,0.2932807505130768
1.0,0.5603227019309998
0.0,0.6250931024551392
1.0,0.7159479856491089
0.0,0.6681404113769531
0.0,0.3559442460536957
1.0,0.41464030742645264
1.0,0.2998800277709961
0.0,0.6290196180343628
0.0,0.3601778447628021
0.0,0.6677892208099365
0.0,0.36715391278266907
1.0,0.5877006649971008
1.0,0.2817036211490631
0.0,0.33448562026023865
0.0,0.7037139534950256
0.0,0.6357181072235107
1.0,0.686625063419342
1.0,0.6279554963111877
0.0,0.5016992092132568
1.0,0.3097865581512451
0.0,0.2865910530090332
0.0,0.46216902136802673
1.0,0.6581554412841797
1.0,0.5397271513938904
1.0,0.5745108127593994
0.0,0.45269185304641724
1.0,0.6899876594543457
0.0,0.2815658450126648
1.0,0.6932139992713928
0.0,0.32328206300735474
0.0,0.2961817979812622
1.0,0.7057815194129944
0.0,0.3472226560115814
0.0,0.4078918993473053
0.0,0.295692503452301
1.0,0.32843613624572754
1.0,0.32536935806274414
1.0,0.3151524066925049
0.0,0.3228455185890198
1.0,0.6719173192977905
1.0,0.6865084171295166
1.0,0.6377409100532532
0.0,0.3018578886985779
1.0,0.4461333155632019
0.0,0.35981959104537964
0.0,0.29089897871017456
1.0,0.5157604217529297
1.0,0.6733636260032654
0.0,0.38451623916625977
1.0,0.3512093126773834
1.0,0.6835049986839294
0.0,0.33572879433631897
0.0,0.3348338305950165
0.0,0.5957522988319397
0.0,0.2886960506439209
0.0,0.39187103509902954
0.0,0.34795165061950684
0.0,0.3832884430885315
1.0,0.6333976984024048
0.0,0.5331612825393677
1.0,0.6456127166748047
0.0,0.2970663011074066
0.0,0.3206392824649811
0.0,0.2851914167404175
0.0,0.5787947773933411
0.0,0.3811408281326294
0.0,0.5235905647277832
1.0,0.6709526777267456
1.0,0.6785895824432373
0.0,0.3042076826095581
0.0,0.30002525448799133
0.0,0.3448196053504944
0.0,0.3021666407585144
1.0,0.6431419253349304
0.0,0.32723692059516907
0.0,0.2987555265426636
1.0,0.36471375823020935
1.0,0.6923689842224121
0.0,0.35647663474082947
0.0,0.29668810963630676
1.0,0.6592137217521667
0.0,0.3391376733779907
0.0,0.3260386288166046
0.0,0.41572076082229614
1.0,0.652174711227417
1.0,0.7062050104141235
1.0,0.6631130576133728
0.0,0.6295824646949768
1.0,0.67542564868927
1.0,0.6678057909011841
0.0,0.35703229904174805
1.0,0.687030553817749
0.0,0.583461582660675
1.0,0.7141885161399841
0.0,0.3700439929962158
1.0,0.6185795068740845
1.0,0.5459483861923218
1.0,0.387107789516449
0.0,0.3451220989227295
1.0,0.7035697102546692
0.0,0.4177546203136444
0.0,0.5976811051368713
0.0,0.3721628785133362
0.0,0.29730305075645447
0.0,0.29636645317077637
1.0,0.6652761697769165
1.0,0.4401918649673462
1.0,0.7047219276428223
1.0,0.6984666585922241
0.0,0.4165641963481903
0.0,0.3067142963409424
1.0,0.6671870350837708
0.0,0.31423187255859375
1.0,0.3076770603656769
0.0,0.6575114727020264
0.0,0.33903512358665466
0.0,0.34456780552864075
0.0,0.32172882556915283
0.0,0.339859277009964
0.0,0.33985453844070435
0.0,0.28572899103164673
0.0,0.2964155077934265
1.0,0.7147185206413269
1.0,0.540332555770874
0.0,0.3400220274925232
0.0,0.6197555065155029
0.0,0.2889097332954407
1.0,0.2983973026275635
0.0,0.5723804235458374
0.0,0.3780871629714966
0.0,0.2888634502887726
0.0,0.29356539249420166
1.0,0.2861066460609436
0.0,0.48315146565437317
0.0,0.4575309157371521
0.0,0.648334801197052
1.0,0.5058124661445618
1.0,0.3282684087753296
1.0,0.6779980063438416
1.0,0.6668908596038818
0.0,0.32129716873168945
0.0,0.2952467203140259
0.0,0.29217109084129333
0.0,0.4125524163246155
0.0,0.2954334318637848
1.0,0.6732336282730103
1.0,0.7188998460769653
1.0,0.3233664929866791
1.0,0.7060697674751282
0.0,0.40362268686294556
1.0,0.40107983350753784
1.0,0.3526918590068817
1.0,0.6900798082351685
0.0,0.36591973900794983
0.0,0.4095957279205322
1.0,0.6555498242378235
1.0,0.6031225323677063
1.0,0.3150435984134674
1.0,0.5071496367454529
0.0,0.3164651691913605
0.0,0.6945215463638306
0.0,0.6022757291793823
0.0,0.3094288110733032
0.0,0.2922235429286957
0.0,0.6886801719665527
0.0,0.4754244089126587
1.0,0.667843222618103
1.0,0.6062394380569458
1.0,0.551237940788269
1.0,0.6784999370574951
1.0,0.5919742584228516
0.0,0.28393498063087463
1.0,0.6688374280929565
0.0,0.6794140338897705
1.0,0.6974652409553528
1.0,0.6406203508377075
1.0,0.713384211063385
0.0,0.4087933599948883
0.0,0.5109164118766785
0.0,0.2863923907279968
1.0,0.5924255847930908
1.0,0.339065819978714
1.0,0.6355242133140564
0.0,0.5642431974411011
0.0,0.3942779004573822
1.0,0.6623131036758423
0.0,0.3231029808521271
0.0,0.35479143261909485
1.0,0.675308883190155
0.0,0.3703545033931732
1.0,0.6523101329803467
1.0,0.7108281254768372
0.0,0.2869270443916321
0.0,0.2999858260154724
1.0,0.6533649563789368
1.0,0.5061759948730469
1.0,0.45197466015815735
0.0,0.5340640544891357
1.0,0.5639066100120544
1.0,0.28995823860168457
0.0,0.28441983461380005
1.0,0.34154000878334045
1.0,0.2983655035495758
1.0,0.6980430483818054
0.0,0.28791674971580505
1.0,0.7201887965202332
1.0,0.3427524268627167
0.0,0.39131197333335876
1.0,0.6691398620605469
1.0,0.3521004915237427
0.0,0.28345513343811035
0.0,0.3741435408592224
1.0,0.5364922881126404
0.0,0.2905938923358917
0.0,0.36837273836135864
1.0,0.28790783882141113
1.0,0.6803829669952393
0.0,0.6587570309638977
0.0,0.345859557390213
0.0,0.3843338191509247
0.0,0.2885134816169739
0.0,0.3195945620536804
0.0,0.4485296607017517
0.0,0.6353760361671448
0.0,0.6152371168136597
1.0,0.5510371327400208
0.0,0.6827210187911987
1.0,0.6704368591308594
0.0,0.5009554028511047
1.0,0.2800388038158417
0.0,0.4633205831050873
0.0,0.2976609766483307
0.0,0.28946149349212646
0.0,0.30729785561561584
0.0,0.5096347332000732
0.0,0.279497891664505
0.0,0.2996789515018463
1.0,0.6919206380844116
0.0,0.4678683280944824
1.0,0.5499435663223267
1.0,0.6601992249488831
0.0,0.2866058945655823
1.0,0.3654191195964813
1.0,0.3760720491409302
1.0,0.6298481822013855
1.0,0.28055405616760254
0.0,0.4640243351459503
0.0,0.2880364954471588
0.0,0.4332764446735382
0.0,0.32834523916244507
1.0,0.6768844127655029
0.0,0.30194589495658875
0.0,0.35710108280181885
0.0,0.28994470834732056
0.0,0.6854643225669861
1.0,0.6980354189872742
1.0,0.635847270488739
0.0,0.2879126965999603
1.0,0.6724302768707275
0.0,0.6768855452537537
0.0,0.4546750783920288
0.0,0.37181732058525085
1.0,0.5847120881080627
0.0,0.4155421853065491
0.0,0.3063659965991974
0.0,0.6605793237686157
0.0,0.2858916223049164
1.0,0.6926990151405334
1.0,0.6142448782920837
1.0,0.7118726372718811
0.0,0.3210694193840027
1.0,0.40240076184272766
0.0,0.34527936577796936
1.0,0.32080385088920593
0.0,0.4133959710597992
0.0,0.3375470042228699
0.0,0.3234202265739441
1.0,0.3218081593513489
1.0,0.32135242223739624
0.0,0.38063549995422363
1.0,0.5646641850471497
0.0,0.6683498024940491
1.0,0.679344892501831
0.0,0.437836617231369
1.0,0.6916018128395081
0.0,0.6630637645721436
0.0,0.40625545382499695
0.0,0.45563656091690063
0.0,0.672157883644104
0.0,0.2827922999858856
1.0,0.29277506470680237
0.0,0.3834049701690674
1.0,0.49149322509765625
0.0,0.3089401125907898
0.0,0.4583369195461273
0.0,0.6087548732757568
1.0,0.28052836656570435
1.0,0.4373619854450226
0.0,0.320853054523468
0.0,0.41668155789375305
0.0,0.30077114701271057
1.0,0.32920604944229126
1.0,0.7114132642745972
0.0,0.44100573658943176
0.0,0.299660861492157
1.0,0.6526684761047363
1.0,0.6026413440704346
0.0,0.29935017228126526
1.0,0.574085533618927
0.0,0.5605947375297546
1.0,0.6382673382759094
0.0,0.5234394669532776
0.0,0.5994622707366943
0.0,0.2824104130268097
0.0,0.6487331390380859
1.0,0.6470566391944885
1.0,0.7015805840492249
1.0,0.6736631393432617
1.0,0.3040691316127777
1.0,0.7095980048179626
1.0,0.3229735791683197
1.0,0.6699556708335876
1.0,0.7193877696990967
1.0,0.2893654406070709
1.0,0.43959930539131165
0.0,0.4817630648612976
0.0,0.6572335362434387
1.0,0.4743354916572571
1.0,0.3717448115348816
0.0,0.5391569137573242
1.0,0.4928862750530243
1.0,0.31989261507987976
0.0,0.6670470833778381
1.0,0.6816797256469727
0.0,0.3323497772216797
0.0,0.48884788155555725
1.0,0.5888907313346863
0.0,0.377843976020813
1.0,0.6771688461303711
0.0,0.30984827876091003
0.0,0.2961421012878418
0.0,0.5011226534843445
0.0,0.37782010436058044
1.0,0.6716557145118713
1.0,0.5777719616889954
1.0,0.5495110154151917
1.0,0.6865400075912476
0.0,0.29572415351867676
0.0,0.6712979078292847
1.0,0.6505972146987915
0.0,0.3272542357444763
1.0,0.5105933547019958
0.0,0.28206703066825867
0.0,0.7137129902839661
1.0,0.5791172385215759
1.0,0.30395492911338806
0.0,0.3155375123023987
0.0,0.3137461543083191
1.0,0.6373276710510254
1.0,0.514275848865509
1.0,0.674059271812439
0.0,0.30520278215408325
0.0,0.2922805845737457
0.0,0.298906534910202
1.0,0.3577248752117157
1.0,0.6477802395820618
0.0,0.3283509910106659
1.0,0.49657678604125977
1.0,0.3392791748046875
0.0,0.3171749413013458
1.0,0.6350094079971313
1.0,0.5155287981033325
1.0,0.7029188275337219
1.0,0.7014132142066956
1.0,0.3663232624530792
0.0,0.3434138298034668
1.0,0.7149777412414551
1.0,0.42730358242988586
0.0,0.5344909429550171
1.0,0.6444455981254578
1.0,0.31650272011756897
1.0,0.664578378200531
1.0,0.4943428039550781
1.0,0.5550344586372375
0.0,0.3203127682209015
1.0,0.6732307076454163
0.0,0.35818400979042053
0.0,0.45969298481941223
0.0,0.29463741183280945
1.0,0.41839829087257385
1.0,0.6807698607444763
1.0,0.663837194442749
1.0,0.5338883399963379
0.0,0.30800992250442505
1.0,0.6201441287994385
0.0,0.4200378656387329
0.0,0.4823013246059418
1.0,0.599460244178772
0.0,0.6805324554443359
1.0,0.42508742213249207
0.0,0.2905442714691162
0.0,0.45556628704071045
0.0,0.2831655442714691
1.0,0.6174823045730591
0.0,0.4394192397594452
0.0,0.2907702326774597
1.0,0.2954976260662079
1.0,0.7015773057937622
1.0,0.6404078006744385
1.0,0.6881633400917053
1.0,0.3563988506793976
0.0,0.39390915632247925
1.0,0.7035950422286987
1.0,0.46031448245048523
0.0,0.5652992725372314
0.0,0.30381637811660767
1.0,0.2865140438079834
1.0,0.40884384512901306
0.0,0.4854528605937958
1.0,0.2951067090034485
0.0,0.29030993580818176
0.0,0.31077808141708374
0.0,0.31980475783348083
0.0,0.33231839537620544
0.0,0.2885242700576782
0.0,0.3125363290309906
1.0,0.3185473382472992
0.0,0.5843343138694763
0.0,0.2809779942035675
1.0,0.6780550479888916
0.0,0.2796657085418701
1.0,0.2917824387550354
0.0,0.6603372097015381
0.0,0.3038114905357361
0.0,0.45618772506713867
0.0,0.3915151357650757
0.0,0.6760355830192566
1.0,0.2979605793952942
0.0,0.30811694264411926
1.0,0.6121855974197388
0.0,0.30866551399230957
1.0,0.6762715578079224
1.0,0.34868958592414856
1.0,0.37043848633766174
0.0,0.3540039658546448
0.0,0.5229591131210327
0.0,0.4231984615325928
0.0,0.6394485831260681
1.0,0.5080424547195435
1.0,0.6788788437843323
0.0,0.654119610786438
0.0,0.29341644048690796
0.0,0.5490082502365112
1.0,0.2832072675228119
1.0,0.7123950123786926
0.0,0.28207212686538696
0.0,0.3100680708885193
1.0,0.3744919002056122
1.0,0.6840990781784058
0.0,0.5601590275764465
0.0,0.4063172936439514
1.0,0.33720633387565613
0.0,0.49527865648269653
0.0,0.3310786187648773
0.0,0.6269093751907349
1.0,0.7020050287246704
0.0,0.33126896619796753
1.0,0.6986903548240662
0.0,0.37262293696403503
1.0,0.5781840682029724
0.0,0.3234570622444153
0.0,0.29202529788017273
1.0,0.6962284445762634
1.0,0.6779407858848572
0.0,0.3822627067565918
0.0,0.5955897569656372
0.0,0.3042374551296234
0.0,0.6068608164787292
1.0,0.47712334990501404
0.0,0.3055393397808075
1.0,0.31952106952667236
1.0,0.6877639293670654
0.0,0.45920902490615845
1.0,0.6846615076065063
0.0,0.290508896112442
0.0,0.28385400772094727
0.0,0.35265859961509705
1.0,0.3489286005496979
0.0,0.29429155588150024
1.0,0.7134838700294495
0.0,0.6491893529891968
0.0,0.3126608431339264
0.0,0.5878746509552002
0.0,0.29319560527801514
0.0,0.41137081384658813
1.0,0.6503632664680481
1.0,0.4477806091308594
0.0,0.5058202147483826
0.0,0.6667903065681458
0.0,0.2933017909526825
1.0,0.40167683362960815
1.0,0.29947829246520996
1.0,0.2858772575855255
0.0,0.573211133480072
0.0,0.3307046592235565
1.0,0.6306992769241333
0.0,0.31922808289527893
0.0,0.44834449887275696
0.0,0.43938902020454407
1.0,0.6894912719726562
1.0,0.6298664212226868
0.0,0.3118319511413574
0.0,0.3061171770095825
1.0,0.6589111089706421
1.0,0.6462594866752625
0.0,0.30981552600860596
1.0,0.4867255687713623
1.0,0.5792517066001892
0.0,0.2995927035808563
0.0,0.45622286200523376
1.0,0.6552391648292542
1.0,0.7056052684783936
1.0,0.29935672879219055
0.0,0.3166944980621338
1.0,0.3150435984134674
1.0,0.635188639163971
1.0,0.32593876123428345
1.0,0.523390531539917
1.0,0.6737075448036194
0.0,0.4063672125339508
1.0,0.6986347436904907
0.0,0.3343294560909271
0.0,0.5557354092597961
0.0,0.3810006082057953
0.0,0.3088827431201935
0.0,0.3257044851779938
1.0,0.5052338242530823
1.0,0.3901565968990326
0.0,0.34162619709968567
0.0,0.3562178909778595
1.0,0.5250794887542725
1.0,0.5896027684211731
0.0,0.4794273376464844
0.0,0.6678345203399658
1.0,0.6737687587738037
0.0,0.5321040153503418
1.0,0.5433350801467896
1.0,0.28103578090667725
0.0,0.5730387568473816
1.0,0.5380405783653259
1.0,0.45347562432289124
0.0,0.5487408638000488
0.0,0.2904493510723114
0.0,0.34807246923446655
1.0,0.6403198838233948
0.0,0.31513938307762146
1.0,0.5308423638343811
0.0,0.5758332014083862
1.0,0.47733646631240845
1.0,0.6861343383789062
0.0,0.6631327271461487
0.0,0.387223482131958
1.0,0.28476613759994507
1.0,0.6417511701583862
0.0,0.2875412702560425
0.0,0.49060335755348206
1.0,0.6901583075523376
0.0,0.5809162259101868
0.0,0.5338558554649353
1.0,0.5049619674682617
1.0,0.6468544602394104
1.0,0.6526487469673157
0.0,0.3663408160209656
0.0,0.37885481119155884
1.0,0.5823989510536194
1.0,0.5867374539375305
1.0,0.30778414011001587
0.0,0.6727017760276794
1.0,0.3425363302230835
1.0,0.419313907623291
1.0,0.27875831723213196
0.0,0.5283206701278687
0.0,0.4155370593070984
0.0,0.4173833727836609
1.0,0.652174711227417
1.0,0.31847575306892395
0.0,0.640493631362915
0.0,0.46161147952079773
1.0,0.3477626144886017
0.0,0.3349098563194275
0.0,0.33564749360084534
0.0,0.43512266874313354
1.0,0.6638058423995972
1.0,0.5834608674049377
0.0,0.2803056836128235
0.0,0.2908180058002472
1.0,0.32158759236335754
0.0,0.3033953011035919
0.0,0.3787601888179779
1.0,0.6878025531768799
1.0,0.5131464600563049
0.0,0.4632784128189087
0.0,0.31856390833854675
0.0,0.3423892557621002
1.0,0.6824145913124084
1.0,0.6350681781768799
0.0,0.5812064409255981
1.0,0.38717392086982727
0.0,0.3019660711288452
0.0,0.5863328576087952
0.0,0.31031087040901184
0.0,0.3352648913860321
1.0,0.6674265265464783
0.0,0.2913700342178345
1.0,0.6398478150367737
0.0,0.37709224224090576
1.0,0.6418484449386597
0.0,0.30200591683387756
0.0,0.6578031182289124
0.0,0.6355456709861755
0.0,0.3386017084121704
1.0,0.43717366456985474
0.0,0.45781198143959045
1.0,0.3750963509082794
1.0,0.5884036421775818
1.0,0.6516355276107788
1.0,0.696994423866272
0.0,0.62546306848526
1.0,0.4719522297382355
0.0,0.30103573203086853
0.0,0.34321656823158264
0.0,0.6728448867797852
0.0,0.6734023690223694
1.0,0.34053364396095276
0.0,0.3119580149650574
1.0,0.45431193709373474
1.0,0.6605514287948608
1.0,0.3198520839214325
0.0,0.6165553331375122
1.0,0.3869968056678772
1.0,0.6407467722892761
1.0,0.704108715057373
1.0,0.3416186273097992
1.0,0.6593111753463745
1.0,0.675938606262207
1.0,0.6861335039138794
1.0,0.5712378621101379
0.0,0.3041113317012787
1.0,0.2925254702568054
1.0,0.6901358962059021
1.0,0.4869893491268158
1.0,0.7190402150154114
1.0,0.6212369203567505
1.0,0.5987355709075928
0.0,0.5312476754188538
1.0,0.6618764996528625
1.0,0.4115094244480133
0.0,0.3066536784172058
0.0,0.66941237449646
1.0,0.27897384762763977
0.0,0.49791890382766724
1.0,0.6915435791015625
0.0,0.4648154377937317
1.0,0.6479732394218445
0.0,0.41255369782447815
1.0,0.3290879726409912
0.0,0.29529961943626404
1.0,0.6893430948257446
1.0,0.456437349319458
0.0,0.30835241079330444
0.0,0.33015626668930054
1.0,0.5221303105354309
0.0,0.30437132716178894
0.0,0.28653067350387573
1.0,0.30730295181274414
0.0,0.5021767020225525
1.0,0.6377120018005371
1.0,0.32770413160324097
1.0,0.7145461440086365
1.0,0.3698938190937042
1.0,0.6158008575439453
1.0,0.7195945978164673
1.0,0.6871428489685059
1.0,0.6722170114517212
1.0,0.69221031665802
0.0,0.6367132663726807
1.0,0.6961687803268433
1.0,0.6719770431518555
1.0,0.6321772933006287
0.0,0.2833542227745056
1.0,0.28393062949180603
0.0,0.2840537428855896
1.0,0.4682617783546448
1.0,0.5154696702957153
1.0,0.7026024460792542
1.0,0.5098589658737183
0.0,0.6926658153533936
0.0,0.29543617367744446
1.0,0.6915530562400818
1.0,0.2996702790260315
0.0,0.28628626465797424
1.0,0.42932918667793274
0.0,0.2838172912597656
1.0,0.6821655631065369
0.0,0.33354830741882324
0.0,0.31524500250816345
1.0,0.6586396098136902
1.0,0.7019935250282288
0.0,0.5908225774765015
0.0,0.3567257225513458
0.0,0.3649151027202606
1.0,0.7122778296470642
0.0,0.2979576289653778
0.0,0.2815236747264862
1.0,0.6841583847999573
0.0,0.28590938448905945
1.0,0.714087724685669
1.0,0.6881327033042908
1.0,0.6620749831199646
1.0,0.6035094857215881
1.0,0.6160465478897095
1.0,0.2891111671924591
1.0,0.6814553737640381
0.0,0.30284321308135986
1.0,0.2788957953453064
0.0,0.6790401339530945
1.0,0.7035007476806641
0.0,0.6451938152313232
0.0,0.3518592119216919
1.0,0.6376423835754395
0.0,0.29245725274086
0.0,0.28769195079803467
0.0,0.3370915651321411
1.0,0.6837135553359985
1.0,0.6422940492630005
1.0,0.3615308105945587
1.0,0.3674279749393463
1.0,0.4619057774543762
1.0,0.5301964282989502
0.0,0.38271546363830566
1.0,0.29064464569091797
1.0,0.49696439504623413
0.0,0.2940027415752411
1.0,0.6246660351753235
1.0,0.32899540662765503
1.0,0.7071678638458252
0.0,0.44764015078544617
1.0,0.6741726994514465
0.0,0.3000732958316803
0.0,0.4415810704231262
0.0,0.6408985257148743
0.0,0.6702272891998291
0.0,0.2864232659339905
1.0,0.4600514769554138
1.0,0.6672706007957458
0.0,0.5192484259605408
1.0,0.47882184386253357
1.0,0.32901328802108765
0.0,0.3837529718875885
1.0,0.6813334822654724
1.0,0.3569050133228302
0.0,0.28344979882240295
1.0,0.5601562857627869
1.0,0.3537180721759796
1.0,0.5702738761901855
0.0,0.5791179537773132
1.0,0.6377489566802979
1.0,0.6266976594924927
1.0,0.6462218165397644
0.0,0.3039523959159851
0.0,0.2847169041633606
1.0,0.5190166234970093
0.0,0.3076009154319763
0.0,0.29499685764312744
0.0,0.2897033393383026
0.0,0.4012182652950287
1.0,0.3809850513935089
1.0,0.6569042801856995
0.0,0.31756511330604553
1.0,0.29394280910491943
0.0,0.5412788987159729
1.0,0.6998976469039917
1.0,0.3203118145465851
0.0,0.3380811810493469
0.0,0.4612676501274109
0.0,0.3132743835449219
1.0,0.7099031209945679
0.0,0.33378636837005615
0.0,0.5753728151321411
0.0,0.445128858089447
1.0,0.6216524243354797
1.0,0.6943041086196899
1.0,0.6737852692604065
0.0,0.32731327414512634
1.0,0.6783978939056396
1.0,0.6672406792640686
1.0,0.6348893642425537
0.0,0.5728840827941895
0.0,0.40451401472091675
1.0,0.645236611366272
1.0,0.6739189028739929
0.0,0.27623286843299866
0.0,0.284586638212204
0.0,0.49351486563682556
1.0,0.28843554854393005
1.0,0.34694021940231323
0.0,0.3589409291744232
0.0,0.3098353445529938
0.0,0.27938544750213623
1.0,0.5055766701698303
1.0,0.6632221341133118
0.0,0.3961639404296875
1.0,0.3649545907974243
0.0,0.29297012090682983
0.0,0.3167845606803894
1.0,0.4260079264640808
0.0,0.5227746367454529
1.0,0.3406003415584564
0.0,0.5625182390213013
0.0,0.5025129914283752
1.0,0.6794241666793823
0.0,0.28809472918510437
1.0,0.6418171525001526
1.0,0.6907561421394348
0.0,0.38028237223625183
0.0,0.28290894627571106
1.0,0.30280786752700806
0.0,0.3261565864086151
1.0,0.7202146649360657
0.0,0.3769247531890869
0.0,0.3002188801765442
0.0,0.2946833372116089
1.0,0.29150691628456116
1.0,0.29796937108039856
1.0,0.6795375347137451
0.0,0.28934529423713684
1.0,0.6547847390174866
0.0,0.28953632712364197
1.0,0.6168673634529114
1.0,0.5171061158180237
1.0,0.32909220457077026
1.0,0.5849243402481079
0.0,0.5214670300483704
0.0,0.572085440158844
1.0,0.6551061868667603
1.0,0.3158787488937378
1.0,0.5397193431854248
1.0,0.624504029750824
0.0,0.6937533020973206
1.0,0.42757031321525574
1.0,0.7065495848655701
1.0,0.3166675269603729
0.0,0.5539391040802002
1.0,0.6059355735778809
1.0,0.6821585297584534
0.0,0.2910025715827942
0.0,0.3014473617076874
0.0,0.3167552947998047
0.0,0.2958188056945801
1.0,0.3922216594219208
1.0,0.40181294083595276
1.0,0.5492621660232544
0.0,0.38330933451652527
1.0,0.711855411529541
0.0,0.49873802065849304
1.0,0.6804982423782349
1.0,0.5773075222969055
1.0,0.3015018701553345
1.0,0.36456099152565
0.0,0.3207668960094452
1.0,0.3520077168941498
0.0,0.3321259915828705
0.0,0.6844728589057922
0.0,0.6284255981445312
0.0,0.6572656035423279
1.0,0.7151604294776917
0.0,0.39785081148147583
0.0,0.571122407913208
1.0,0.5658725500106812
0.0,0.6825311183929443
1.0,0.3103761672973633
1.0,0.6113699078559875
1.0,0.3423859179019928
0.0,0.2814955413341522
1.0,0.7010141015052795
0.0,0.5637505650520325
0.0,0.3131551146507263
1.0,0.6179763078689575
1.0,0.7014142870903015
0.0,0.3809351921081543
1.0,0.2866824269294739
0.0,0.3102734386920929
0.0,0.3164537250995636
0.0,0.3130180537700653
1.0,0.5496137142181396
1.0,0.39333221316337585
0.0,0.29549741744995117
1.0,0.6799710988998413
1.0,0.6861104965209961
1.0,0.29368916153907776
0.0,0.33025723695755005
0.0,0.4246116280555725
1.0,0.36389851570129395
0.0,0.3718981146812439
1.0,0.6570877432823181
0.0,0.37379124760627747
0.0,0.3045293688774109
0.0,0.31010571122169495
0.0,0.5052524209022522
0.0,0.6248106360435486
1.0,0.3127698302268982
1.0,0.6775012612342834
1.0,0.699113667011261
0.0,0.6369694471359253
0.0,0.2955649793148041
0.0,0.40853351354599
1.0,0.5997275114059448
1.0,0.6224513649940491
0.0,0.6212682723999023
0.0,0.2881437838077545
0.0,0.3763234615325928
1.0,0.5987355709075928
0.0,0.4463200271129608
1.0,0.30234938859939575
0.0,0.5404881238937378
0.0,0.6763893961906433
1.0,0.6925460696220398
1.0,0.6559846997261047
0.0,0.39392539858818054
1.0,0.29709187150001526
0.0,0.3011036217212677
1.0,0.7026246786117554
0.0,0.34064197540283203
0.0,0.32626017928123474
1.0,0.3189161717891693
0.0,0.5517043471336365
0.0,0.28278613090515137
0.0,0.5918943881988525
0.0,0.6617332696914673
0.0,0.32322633266448975
1.0,0.3991430401802063
1.0,0.30702340602874756
1.0,0.7077087163925171
0.0,0.2822194993495941
1.0,0.54450523853302
1.0,0.30757999420166016
0.0,0.6776811480522156
1.0,0.5165023803710938
0.0,0.4132658839225769
1.0,0.7032555937767029
1.0,0.3159463107585907
1.0,0.3297877311706543
0.0,0.32776591181755066
0.0,0.3244588077068329
1.0,0.5931128263473511
1.0,0.3985518515110016
1.0,0.2885925769805908
1.0,0.6482617855072021
1.0,0.5563837885856628
1.0,0.6767379641532898
1.0,0.2977123558521271
0.0,0.3087069094181061
1.0,0.5019394755363464
0.0,0.3975692093372345
0.0,0.37082046270370483
0.0,0.30239182710647583
0.0,0.4001568853855133
1.0,0.5131545066833496
1.0,0.5661656856536865
0.0,0.39490869641304016
0.0,0.4343329668045044
1.0,0.5778631567955017
1.0,0.6766523718833923
0.0,0.34311643242836
0.0,0.3218422532081604
1.0,0.5806951522827148
1.0,0.40555766224861145
1.0,0.6925474405288696
1.0,0.6699545383453369
0.0,0.31262561678886414
0.0,0.30104801058769226
0.0,0.6656913161277771
0.0,0.43326130509376526
1.0,0.2909773588180542
0.0,0.5462841987609863
0.0,0.33863791823387146
0.0,0.6106827259063721
1.0,0.6866915822029114
1.0,0.7104243040084839
1.0,0.588779628276825
1.0,0.32508015632629395
1.0,0.6036606431007385
1.0,0.6573649644851685
0.0,0.36602699756622314
1.0,0.6967433094978333
1.0,0.4075794816017151
1.0,0.7188330888748169
1.0,0.2913566827774048
0.0,0.595248281955719
1.0,0.3393400013446808
1.0,0.6602510213851929
1.0,0.6110907793045044
1.0,0.6764450073242188
0.0,0.3018982708454132
1.0,0.41068243980407715
0.0,0.4190797507762909
0.0,0.35386422276496887
1.0,0.30942556262016296
1.0,0.720572829246521
0.0,0.6598189473152161
1.0,0.616002082824707
1.0,0.6952618360519409
1.0,0.5681099891662598
0.0,0.46754664182662964
0.0,0.3212161660194397
1.0,0.6750246286392212
1.0,0.37772616744041443
0.0,0.6964454650878906
1.0,0.6697853803634644
1.0,0.6979464888572693
0.0,0.294051855802536
1.0,0.6666897535324097
1.0,0.6931517720222473
1.0,0.310007244348526
1.0,0.2869197428226471
0.0,0.34463128447532654
0.0,0.5487350225448608
0.0,0.3086998462677002
1.0,0.6549496054649353
1.0,0.6752182841300964
0.0,0.6003201007843018
1.0,0.5626920461654663
1.0,0.6826252937316895
0.0,0.2803824245929718
1.0,0.5517805218696594
1.0,0.4011991620063782
0.0,0.2989805042743683
1.0,0.4026266038417816
0.0,0.3560856878757477
0.0,0.46136581897735596
0.0,0.5267866253852844
0.0,0.3062916696071625
1.0,0.6542004346847534
1.0,0.6358878016471863
0.0,0.3322697877883911
0.0,0.3468143939971924
1.0,0.44458991289138794
1.0,0.6774250864982605
0.0,0.39587682485580444
0.0,0.3067464828491211
0.0,0.29852232336997986
1.0,0.532781183719635
0.0,0.4351639151573181
0.0,0.6422305703163147
1.0,0.5430341958999634
1.0,0.39550668001174927
1.0,0.5337185859680176
1.0,0.636191189289093
1.0,0.5539402365684509
0.0,0.30047327280044556
1.0,0.626408040523529
0.0,0.31714457273483276
1.0,0.6455603837966919
0.0,0.4813368022441864
0.0,0.35676419734954834
1.0,0.6762632727622986
1.0,0.31332719326019287
0.0,0.31117257475852966
0.0,0.3161851167678833
0.0,0.4574267268180847
0.0,0.3701648712158203
0.0,0.285968154668808
1.0,0.6621229648590088
0.0,0.3201867640018463
1.0,0.6351697444915771
1.0,0.7082761526107788
0.0,0.3570537269115448
1.0,0.5832247734069824
1.0,0.6898175477981567
1.0,0.6723871827125549
1.0,0.6515942811965942
1.0,0.630588173866272
1.0,0.6257505416870117
1.0,0.5786346793174744
1.0,0.6941643953323364
0.0,0.2901923954486847
0.0,0.4779696762561798
0.0,0.5038330554962158
1.0,0.7207304835319519
0.0,0.29781225323677063
1.0,0.4052657186985016
1.0,0.6054047346115112
1.0,0.6110705137252808
0.0,0.4027305245399475
1.0,0.37206336855888367
1.0,0.32250937819480896
1.0,0.583707332611084
1.0,0.721848726272583
1.0,0.7182372808456421
0.0,0.5259767174720764
1.0,0.32120099663734436
1.0,0.28931519389152527
1.0,0.29537490010261536
1.0,0.5449327230453491
0.0,0.6862627267837524
1.0,0.6984850168228149
1.0,0.41160422563552856
0.0,0.2815250754356384
1.0,0.36895662546157837
1.0,0.3076011538505554
1.0,0.6072138547897339
1.0,0.6527961492538452
0.0,0.5312666296958923
0.0,0.6771461367607117
1.0,0.33000773191452026
0.0,0.36673080921173096
0.0,0.3792567253112793
1.0,0.29434800148010254
1.0,0.49199724197387695
1.0,0.7150933742523193
0.0,0.28441888093948364
1.0,0.664794921875
1.0,0.47390833497047424
0.0,0.2915148437023163
1.0,0.6958997249603271
0.0,0.6545571088790894
0.0,0.29299503564834595
0.0,0.33666807413101196
1.0,0.6167598962783813
1.0,0.5130544900894165
0.0,0.38581231236457825
0.0,0.37604960799217224
1.0,0.692550539970398
1.0,0.6979728937149048
1.0,0.6952808499336243
0.0,0.27885451912879944
1.0,0.6656903028488159
0.0,0.39754703640937805
1.0,0.38831427693367004
1.0,0.28123530745506287
0.0,0.2879909873008728
0.0,0.291493684053421
0.0,0.4185326397418976
1.0,0.6816390156745911
0.0,0.39043301343917847
0.0,0.5667224526405334
1.0,0.31053411960601807
1.0,0.2883756458759308
1.0,0.6425923705101013
1.0,0.685278058052063
0.0,0.28918617963790894
1.0,0.5236802101135254
0.0,0.32003262639045715
1.0,0.5259402394294739
0.0,0.32762956619262695
0.0,0.31092220544815063
0.0,0.31465885043144226
0.0,0.30969712138175964
0.0,0.3420030474662781
1.0,0.48881450295448303
0.0,0.7038372159004211
0.0,0.4486232101917267
0.0,0.41117119789123535
1.0,0.6171451210975647
0.0,0.29907944798469543
0.0,0.34536680579185486
1.0,0.6796981692314148
1.0,0.6901515126228333
0.0,0.3042677938938141
0.0,0.30800288915634155
1.0,0.587550163269043
0.0,0.39795681834220886
1.0,0.6855398416519165
1.0,0.6150527000427246
0.0,0.33578673005104065
0.0,0.4513852298259735
1.0,0.44488823413848877
0.0,0.5944674611091614
0.0,0.543491005897522
1.0,0.6524875164031982
1.0,0.3704603612422943
0.0,0.2911505699157715
0.0,0.30246880650520325
1.0,0.5566953420639038
1.0,0.5845913887023926
1.0,0.6651516556739807
0.0,0.46332189440727234
0.0,0.5209259986877441
1.0,0.28215622901916504
0.0,0.31516075134277344
0.0,0.3224145770072937
0.0,0.29975342750549316
0.0,0.32133498787879944
1.0,0.3153730034828186
0.0,0.5965257287025452
0.0,0.2940141260623932
1.0,0.7073776721954346
1.0,0.3976086676120758
1.0,0.3649246096611023
1.0,0.6995227336883545
0.0,0.2883991003036499
0.0,0.3286438584327698
1.0,0.681071400642395
1.0,0.5901220440864563
1.0,0.7025095224380493
1.0,0.5182710289955139
0.0,0.6270371675491333
0.0,0.6180790066719055
0.0,0.5205937623977661
0.0,0.3468629717826843
0.0,0.6350522041320801
1.0,0.5899369120597839
1.0,0.6796119213104248
1.0,0.6746578216552734
0.0,0.3577177822589874
1.0,0.36331695318222046
1.0,0.31591230630874634
1.0,0.6901928186416626
0.0,0.32089677453041077
1.0,0.6831129193305969
0.0,0.3785816729068756
1.0,0.5834611058235168
1.0,0.6753693222999573
0.0,0.3014802038669586
1.0,0.6341197490692139
0.0,0.6822529435157776
0.0,0.30003809928894043
0.0,0.38097846508026123
1.0,0.6795343160629272
1.0,0.7000231742858887
1.0,0.530833899974823
1.0,0.4966595768928528
0.0,0.6048244833946228
0.0,0.28380632400512695
1.0,0.5897760987281799
1.0,0.6712918877601624
1.0,0.3375205099582672
0.0,0.4772737920284271
0.0,0.2919759750366211
0.0,0.34380486607551575
0.0,0.40830403566360474
0.0,0.3762149214744568
0.0,0.2987317144870758
0.0,0.28466105461120605
1.0,0.2938201129436493
1.0,0.6002500057220459
0.0,0.3257869482040405
0.0,0.5625056624412537
1.0,0.6494237780570984
1.0,0.6799630522727966
1.0,0.7069805264472961
1.0,0.7041015625
1.0,0.31413552165031433
1.0,0.5012103319168091
1.0,0.4885953664779663
0.0,0.36827513575553894
1.0,0.6725336909294128
0.0,0.5539573431015015
1.0,0.6488246917724609
0.0,0.3136638104915619
0.0,0.3002901077270508
0.0,0.29815417528152466
1.0,0.4719017744064331
0.0,0.6778695583343506
0.0,0.32004037499427795
0.0,0.46075278520584106
0.0,0.6977607011795044
0.0,0.5339134335517883
0.0,0.335018515586853
1.0,0.28781795501708984
1.0,0.7181025743484497
1.0,0.5995423197746277
0.0,0.42041653394699097
0.0,0.4682609438896179
1.0,0.6341902613639832
0.0,0.2924492359161377
0.0,0.48622068762779236
0.0,0.6046813726425171
1.0,0.6579421758651733
1.0,0.6838259696960449
1.0,0.5113536715507507
1.0,0.6881455183029175
1.0,0.6873458623886108
1.0,0.6942932605743408
0.0,0.33597663044929504
0.0,0.3444032669067383
0.0,0.39617133140563965
0.0,0.6578350067138672
1.0,0.3222782611846924
0.0,0.3543855547904968
0.0,0.3560110926628113
1.0,0.6939041018486023
1.0,0.6731842160224915
0.0,0.33849474787712097
1.0,0.620975911617279
1.0,0.49558696150779724
1.0,0.6214674711227417
0.0,0.610684871673584
1.0,0.3739222586154938
0.0,0.6668873429298401
1.0,0.6691445112228394
0.0,0.5576763153076172
1.0,0.7087540030479431
1.0,0.660656213760376
0.0,0.3111886978149414
1.0,0.31198850274086
1.0,0.2886389195919037
0.0,0.30944913625717163
1.0,0.4156395196914673
1.0,0.6673777103424072
0.0,0.35092735290527344
0.0,0.3103334605693817
1.0,0.31159892678260803
1.0,0.6857300400733948
0.0,0.5347607135772705
0.0,0.49446624517440796
1.0,0.6923900842666626
0.0,0.3385985195636749
1.0,0.4147161543369293
0.0,0.29819199442863464
0.0,0.4001157283782959
0.0,0.3031735122203827
1.0,0.3074308931827545
0.0,0.3066379725933075
0.0,0.46128049492836
0.0,0.28714531660079956
0.0,0.35306084156036377
1.0,0.3103562295436859
0.0,0.588060200214386
1.0,0.43936702609062195
0.0,0.4213310182094574
1.0,0.656825840473175
1.0,0.6588718891143799
1.0,0.6367600560188293
0.0,0.29716771841049194
1.0,0.31203383207321167
1.0,0.2968156933784485
1.0,0.6852374076843262
1.0,0.6497110724449158
0.0,0.5667559504508972
1.0,0.28741568326950073
0.0,0.32840538024902344
0.0,0.4097760021686554
0.0,0.7181978225708008
0.0,0.560239315032959
0.0,0.2876885235309601
0.0,0.29917967319488525
1.0,0.33177000284194946
0.0,0.2913280725479126
0.0,0.3775272071361542
0.0,0.28376126289367676
1.0,0.6893832087516785
0.0,0.4498491883277893
0.0,0.3096825182437897
0.0,0.4676690101623535
1.0,0.5523360967636108
1.0,0.45938917994499207
0.0,0.2832946479320526
0.0,0.391825407743454
0.0,0.2888653576374054
0.0,0.28052055835723877
0.0,0.30520910024642944
0.0,0.3102776110172272
1.0,0.668382465839386
0.0,0.36004704236984253
0.0,0.3058168292045593
0.0,0.41394558548927307
0.0,0.2922302782535553
0.0,0.337233304977417
1.0,0.36243340373039246
0.0,0.34765374660491943
1.0,0.6758988499641418
0.0,0.5714317560195923
0.0,0.3503899574279785
1.0,0.7188805937767029
1.0,0.6843869090080261
1.0,0.5382274985313416
0.0,0.6744442582130432
1.0,0.44736456871032715
1.0,0.3486163020133972
0.0,0.29672306776046753
0.0,0.3921699523925781
1.0,0.6869820952415466
1.0,0.34244611859321594
0.0,0.38178178668022156
0.0,0.6787452101707458
0.0,0.5355405211448669
0.0,0.2981283962726593
0.0,0.33828994631767273
1.0,0.6948468685150146
0.0,0.3007413446903229
1.0,0.2867448329925537
0.0,0.6289346218109131
0.0,0.29232898354530334
1.0,0.3736303150653839
0.0,0.6969894170761108
0.0,0.2981434762477875
1.0,0.7130180597305298
1.0,0.717276930809021
0.0,0.48523786664009094
0.0,0.4499150216579437
1.0,0.2992425262928009
1.0,0.6536761522293091
1.0,0.4528949558734894
0.0,0.3458736836910248
1.0,0.34394341707229614
1.0,0.6989935636520386
1.0,0.695458173751831
1.0,0.4138069748878479
0.0,0.3342770040035248
0.0,0.5442912578582764
1.0,0.5398820638656616
1.0,0.7202799916267395
1.0,0.6977505683898926
1.0,0.6398583054542542
1.0,0.380026251077652
0.0,0.29693686962127686
1.0,0.6608259081840515
1.0,0.5991871356964111
1.0,0.48262515664100647
0.0,0.44520264863967896
0.0,0.31603702902793884
1.0,0.6843205690383911
0.0,0.5887834429740906
0.0,0.5908878445625305
0.0,0.5659438967704773
0.0,0.5329693555831909
1.0,0.7040796279907227
1.0,0.3982377052307129
1.0,0.6406965851783752
1.0,0.6427048444747925
1.0,0.6953233480453491
1.0,0.497488409280777
1.0,0.4374525845050812
1.0,0.689871609210968
0.0,0.5365533232688904
0.0,0.4251309335231781
1.0,0.617655873298645
0.0,0.2856854200363159
0.0,0.2820579409599304
1.0,0.6649169325828552
0.0,0.6692652106285095
1.0,0.667161226272583
1.0,0.3037686049938202
1.0,0.6912680864334106
0.0,0.5746474266052246
1.0,0.6260805726051331
0.0,0.49582943320274353
1.0,0.47245097160339355
1.0,0.7164336442947388
0.0,0.5318793058395386
0.0,0.33622488379478455
1.0,0.6993865370750427
0.0,0.4622580409049988
1.0,0.6373314261436462
1.0,0.6514725685119629
0.0,0.3186458945274353
1.0,0.3364134430885315
1.0,0.6773214340209961
0.0,0.3140871822834015
1.0,0.6486959457397461
0.0,0.5238907337188721
1.0,0.7085712552070618
0.0,0.42148375511169434
1.0,0.6965848803520203
1.0,0.34491434693336487
0.0,0.28717976808547974
1.0,0.7129551768302917
1.0,0.3052855134010315
1.0,0.7076777219772339
0.0,0.2968195080757141
1.0,0.5354593992233276
0.0,0.4694528579711914
0.0,0.474210649728775
1.0,0.631771981716156
1.0,0.486104279756546
1.0,0.6667135953903198
0.0,0.2882612943649292
0.0,0.3904816508293152
1.0,0.3414655923843384
0.0,0.29412540793418884
1.0,0.5903871059417725
0.0,0.5338719487190247
1.0,0.3318871259689331
1.0,0.69632887840271
0.0,0.5273237824440002
1.0,0.7037968039512634
0.0,0.6605657339096069
0.0,0.3239794671535492
0.0,0.34261325001716614
1.0,0.4481692612171173
1.0,0.6844236254692078
0.0,0.4132044017314911
0.0,0.6344176530838013
1.0,0.37516841292381287
0.0,0.3683117628097534
1.0,0.7034931778907776
0.0,0.37362661957740784
1.0,0.6370747685432434
1.0,0.6044415235519409
0.0,0.28337928652763367
0.0,0.4120466113090515
0.0,0.31341680884361267
0.0,0.3605503737926483
1.0,0.3562578856945038
1.0,0.32237356901168823
0.0,0.6632071137428284
0.0,0.28996357321739197
0.0,0.6874586343765259
0.0,0.3268257677555084
0.0,0.28990480303764343
1.0,0.7166515588760376
1.0,0.6865707039833069
0.0,0.35484179854393005
1.0,0.7004521489143372
1.0,0.6835755705833435
1.0,0.6500322818756104
1.0,0.6877331137657166
1.0,0.6965309381484985
0.0,0.31721800565719604
1.0,0.3657311201095581
0.0,0.32791727781295776
0.0,0.4661986529827118
1.0,0.6216400265693665
0.0,0.34044626355171204
1.0,0.5738198161125183
0.0,0.29859572649002075
0.0,0.5305803418159485
1.0,0.5459460616111755
1.0,0.316965788602829
0.0,0.289603590965271
1.0,0.6748378276824951
1.0,0.5416069030761719
1.0,0.3747265636920929
1.0,0.7015163898468018
0.0,0.2820700705051422
1.0,0.5725293755531311
0.0,0.27868011593818665
1.0,0.40859609842300415
1.0,0.6588941216468811
0.0,0.33607417345046997
0.0,0.4416097104549408
0.0,0.5262396335601807
1.0,0.4748018980026245
0.0,0.3180898129940033
1.0,0.6877503991127014
1.0,0.7214572429656982
0.0,0.308544784784317
0.0,0.2797134518623352
0.0,0.3366618752479553
0.0,0.5768029689788818
0.0,0.3747009336948395
0.0,0.5262352824211121
1.0,0.3650256097316742
0.0,0.3024795949459076
0.0,0.579518735408783
1.0,0.4446851909160614
1.0,0.6762440800666809
0.0,0.6401436924934387
1.0,0.34102490544319153
0.0,0.319972425699234
0.0,0.6020776629447937
0.0,0.49027884006500244
1.0,0.4475620985031128
1.0,0.690876305103302
1.0,0.5853487253189087
0.0,0.30004003643989563
1.0,0.6702510118484497
0.0,0.39922240376472473
1.0,0.5674951076507568
0.0,0.4379173517227173
1.0,0.6892561316490173
1.0,0.7007513046264648
1.0,0.2865031659603119
0.0,0.3762633502483368
0.0,0.7110300064086914
1.0,0.6529433727264404
0.0,0.2889958918094635
0.0,0.30744126439094543
0.0,0.6674365997314453
0.0,0.542100727558136
0.0,0.5688621997833252
0.0,0.6255674362182617
0.0,0.29905635118484497
0.0,0.586128294467926
1.0,0.28076350688934326
1.0,0.6971297264099121
0.0,0.6079567670822144
0.0,0.46907955408096313
1.0,0.4910132586956024
1.0,0.6490635871887207
1.0,0.32216528058052063
0.0,0.3085765242576599
0.0,0.3874034583568573
0.0,0.5647786855697632
0.0,0.28761911392211914
0.0,0.5484168529510498
1.0,0.7014747262001038
1.0,0.6696149706840515
1.0,0.5496336221694946
1.0,0.4239138960838318
1.0,0.28141695261001587
0.0,0.5212282538414001
0.0,0.28960996866226196
0.0,0.36877599358558655
1.0,0.6577931642532349
1.0,0.6668390035629272
0.0,0.3099364936351776
1.0,0.34759223461151123
0.0,0.288724422454834
1.0,0.3725454807281494
0.0,0.343267560005188
1.0,0.6417825818061829
0.0,0.34370002150535583
1.0,0.36489900946617126
0.0,0.40322867035865784
1.0,0.44073593616485596
0.0,0.4297707676887512
1.0,0.409967303276062
1.0,0.6506579518318176
1.0,0.6319034695625305
1.0,0.6799561381340027
1.0,0.29534193873405457
0.0,0.3386398255825043
0.0,0.31331753730773926
0.0,0.6694891452789307
0.0,0.3485390245914459
1.0,0.5493937730789185
0.0,0.30957677960395813
1.0,0.6205890774726868
1.0,0.32633885741233826
1.0,0.4910843074321747
0.0,0.3613438606262207
1.0,0.568329930305481
1.0,0.31335800886154175
0.0,0.2832597494125366
1.0,0.6898565888404846
1.0,0.6556897163391113
1.0,0.5958817601203918
0.0,0.3133990168571472
0.0,0.37134572863578796
1.0,0.5598682761192322
1.0,0.6635661125183105
1.0,0.6678740382194519
1.0,0.6721453666687012
0.0,0.6893155574798584
1.0,0.3809630870819092
1.0,0.5382381677627563
0.0,0.3458958864212036
0.0,0.3598606288433075
0.0,0.2951277196407318
1.0,0.32918524742126465
1.0,0.31168675422668457
0.0,0.2982184886932373
1.0,0.6456695795059204
0.0,0.3173302114009857
0.0,0.354608416557312
1.0,0.5365871787071228
1.0,0.31183481216430664
1.0,0.5121854543685913
0.0,0.3328061103820801
0.0,0.3025948107242584
1.0,0.5932518839836121
0.0,0.6777573227882385
0.0,0.3080073297023773
0.0,0.29404765367507935
0.0,0.678781270980835
0.0,0.3281417489051819
1.0,0.6812818646430969
0.0,0.4183485507965088
0.0,0.3379736840724945
0.0,0.3215958774089813
0.0,0.28088775277137756
1.0,0.6852321624755859
1.0,0.689193844795227
1.0,0.33553215861320496
0.0,0.4379526972770691
1.0,0.34431153535842896
1.0,0.45741215348243713
0.0,0.2824588119983673
0.0,0.32708975672721863
1.0,0.6858672499656677
1.0,0.4327342212200165
0.0,0.29133835434913635
0.0,0.4292988181114197
1.0,0.6295937299728394
1.0,0.6910525560379028
0.0,0.6570454239845276
1.0,0.3546387851238251
1.0,0.54780513048172
0.0,0.2923966944217682
1.0,0.32247650623321533
0.0,0.33286693692207336
0.0,0.466603547334671
1.0,0.3684315085411072
0.0,0.577480673789978
1.0,0.6838954091072083
1.0,0.6526517271995544
1.0,0.6949738264083862
1.0,0.5818653702735901
0.0,0.5347753167152405
0.0,0.47205638885498047
1.0,0.3656606376171112
1.0,0.6269662380218506
1.0,0.35635027289390564
1.0,0.6733102798461914
1.0,0.6428424119949341
0.0,0.2804223895072937
1.0,0.6251776218414307
1.0,0.6597257256507874
1.0,0.6700119972229004
0.0,0.30303463339805603
1.0,0.41802340745925903
0.0,0.29255878925323486
0.0,0.36091458797454834
1.0,0.668883204460144
1.0,0.5429327487945557
0.0,0.6375322937965393
0.0,0.35621774196624756
1.0,0.6495820879936218
1.0,0.417843222618103
0.0,0.34411099553108215
1.0,0.3236575722694397
0.0,0.6651272773742676
0.0,0.5734262466430664
0.0,0.3007882535457611
1.0,0.40113285183906555
0.0,0.2912445664405823
1.0,0.3453582525253296
0.0,0.6710605621337891
1.0,0.7045992612838745
1.0,0.4575854241847992
1.0,0.7008495926856995
1.0,0.6439768075942993
0.0,0.36276549100875854
0.0,0.3915480077266693
1.0,0.6886558532714844
1.0,0.3303702175617218
1.0,0.5491129755973816
0.0,0.31632566452026367
0.0,0.6733834147453308
0.0,0.2987644672393799
0.0,0.3142261505126953
1.0,0.6639178991317749
0.0,0.5449574589729309
1.0,0.6084222197532654
1.0,0.40782421827316284
1.0,0.4571271240711212
0.0,0.41339707374572754
1.0,0.6246742010116577
1.0,0.29381564259529114
0.0,0.6278734803199768
1.0,0.3465571701526642
1.0,0.6400312185287476
1.0,0.6702393889427185
0.0,0.28975987434387207
0.0,0.3460448384284973
1.0,0.6667866706848145
1.0,0.6648594737052917
0.0,0.5972380042076111
0.0,0.42750006914138794
0.0,0.2802314758300781
1.0,0.29202646017074585
1.0,0.4454958140850067
1.0,0.3853478729724884
0.0,0.29801085591316223
1.0,0.6771265268325806
0.0,0.4001000225543976
0.0,0.3293290138244629
0.0,0.5283462405204773
0.0,0.3275407552719116
1.0,0.656642735004425
1.0,0.33397209644317627
1.0,0.6917070150375366
1.0,0.6684457659721375
1.0,0.674085259437561
1.0,0.5772390365600586
0.0,0.432966947555542
1.0,0.6724078059196472
1.0,0.4957871735095978
0.0,0.5942538976669312
0.0,0.4268704950809479
1.0,0.5342510938644409
0.0,0.4296940267086029
1.0,0.6712173819541931
1.0,0.6439828276634216
0.0,0.40600770711898804
0.0,0.294771283864975
1.0,0.2899852991104126
1.0,0.6462023258209229
0.0,0.32911115884780884
0.0,0.5521687865257263
0.0,0.3432239890098572
1.0,0.6294245719909668
1.0,0.6309388875961304
1.0,0.49940788745880127
1.0,0.32356980443000793
0.0,0.28462082147598267
0.0,0.639764130115509
1.0,0.31578847765922546
1.0,0.7030719518661499
1.0,0.5868939757347107
0.0,0.6870046257972717
1.0,0.6727551221847534
0.0,0.30480900406837463
1.0,0.41831621527671814
1.0,0.32027700543403625
1.0,0.6635729074478149
1.0,0.5708945989608765
1.0,0.6678286790847778
1.0,0.37043556571006775
1.0,0.5563212037086487
1.0,0.687768280506134
0.0,0.3002644181251526
0.0,0.2782488167285919
1.0,0.5426321029663086
1.0,0.5695728659629822
1.0,0.7195110321044922
1.0,0.295597642660141
0.0,0.34300369024276733
1.0,0.6964256167411804
1.0,0.30865103006362915
1.0,0.2835901975631714
0.0,0.5779505372047424
0.0,0.2808209955692291
0.0,0.2865593731403351
1.0,0.28435075283050537
1.0,0.7052298784255981
1.0,0.6094939112663269
1.0,0.4875229299068451
1.0,0.31176382303237915
1.0,0.7030993103981018
1.0,0.6983543634414673
0.0,0.30583426356315613
1.0,0.6361517906188965
0.0,0.28983843326568604
1.0,0.37835708260536194
1.0,0.6792747378349304
1.0,0.7131943702697754
0.0,0.4244919717311859
0.0,0.29770058393478394
1.0,0.33137261867523193
1.0,0.6494966745376587
1.0,0.5813863277435303
0.0,0.29257044196128845
1.0,0.7011920809745789
1.0,0.5239213109016418
1.0,0.32558345794677734
1.0,0.6955146789550781
1.0,0.6678237318992615
0.0,0.29795438051223755
0.0,0.33325210213661194
0.0,0.2873454988002777
1.0,0.6422873735427856
1.0,0.6988208889961243
1.0,0.7069060802459717
1.0,0.5490869879722595
1.0,0.6035876274108887
0.0,0.29476049542427063
0.0,0.28331369161605835
1.0,0.6924917101860046
1.0,0.6935697197914124
0.0,0.43722274899482727
0.0,0.37268009781837463
0.0,0.6517907977104187
1.0,0.6699556708335876
0.0,0.34165576100349426
0.0,0.3158401548862457
0.0,0.3458956182003021
0.0,0.3418429493904114
1.0,0.27985018491744995
1.0,0.28465166687965393
1.0,0.6808291673660278
0.0,0.3260420858860016
1.0,0.6801393628120422
1.0,0.6756032109260559
1.0,0.6335883736610413
0.0,0.28767865896224976
0.0,0.3256571888923645
1.0,0.43881431221961975
1.0,0.5651572942733765
0.0,0.4729534089565277
1.0,0.7129974961280823
0.0,0.6807170510292053
0.0,0.3073235750198364
0.0,0.28669822216033936
0.0,0.2934700846672058
1.0,0.6854943633079529
1.0,0.6778205633163452
0.0,0.3543606996536255
1.0,0.41637900471687317
1.0,0.4007086455821991
0.0,0.3986729681491852
0.0,0.39593642950057983
1.0,0.35262829065322876
1.0,0.596174418926239
0.0,0.28997185826301575
1.0,0.5446881651878357
1.0,0.31827643513679504
1.0,0.4234694838523865
1.0,0.7216851115226746
0.0,0.647826611995697
1.0,0.6125211119651794
0.0,0.33715781569480896
0.0,0.3364213705062866
1.0,0.2923402786254883
1.0,0.4859253466129303
0.0,0.3542817234992981
1.0,0.47890734672546387
0.0,0.6407061815261841
1.0,0.7083605527877808
0.0,0.3557843267917633
1.0,0.6992499232292175
0.0,0.6612339019775391
0.0,0.3201276659965515
1.0,0.7087692618370056
0.0,0.3787353038787842
1.0,0.5385510325431824
1.0,0.3958851397037506
1.0,0.5799375772476196
1.0,0.7002043128013611
0.0,0.3018871247768402
1.0,0.6767659783363342
0.0,0.5229294896125793
0.0,0.3534306287765503
0.0,0.32433030009269714
1.0,0.5411670207977295
0.0,0.304710328578949
1.0,0.3524017632007599
1.0,0.28395384550094604
0.0,0.5088733434677124
0.0,0.3548583686351776
0.0,0.3999367952346802
1.0,0.701962947845459
0.0,0.5340901017189026
1.0,0.6906935572624207
0.0,0.3474457561969757
1.0,0.4149976372718811
0.0,0.28760722279548645
0.0,0.431121289730072
1.0,0.6983243227005005
0.0,0.6066173315048218
0.0,0.41630974411964417
0.0,0.29662618041038513
0.0,0.3225940465927124
1.0,0.3126227557659149
1.0,0.7086989879608154
0.0,0.49340537190437317
0.0,0.29123273491859436
1.0,0.5721849799156189
0.0,0.488687127828598
0.0,0.43418607115745544
1.0,0.6920020580291748
0.0,0.37938591837882996
1.0,0.34338104724884033
0.0,0.3102405071258545
0.0,0.31293830275535583
0.0,0.28387078642845154
1.0,0.7051498293876648
0.0,0.4071032404899597
0.0,0.6699259877204895
1.0,0.6582869291305542
1.0,0.6628506183624268
0.0,0.32121390104293823
1.0,0.6545161008834839
0.0,0.6816791892051697
0.0,0.27897021174430847
0.0,0.3134535551071167
1.0,0.3818753957748413
0.0,0.3381970226764679
1.0,0.6675156950950623
1.0,0.6335781216621399
0.0,0.2966843247413635
0.0,0.33471524715423584
1.0,0.6683719754219055
0.0,0.48506009578704834
0.0,0.4752705693244934
1.0,0.5871731042861938
0.0,0.565815806388855
1.0,0.6130578517913818
1.0,0.44859662652015686
0.0,0.3710673451423645
1.0,0.665858268737793
0.0,0.43042120337486267
0.0,0.32375022768974304
1.0,0.4281269907951355
1.0,0.6335249543190002
0.0,0.3564935028553009
0.0,0.3521690368652344
0.0,0.3898427486419678
1.0,0.68243807554245
1.0,0.6232698559761047
0.0,0.3079570531845093
0.0,0.2839060127735138
0.0,0.2997850775718689
1.0,0.7108615636825562
1.0,0.7109730839729309
0.0,0.6977890729904175
1.0,0.4515954554080963
1.0,0.39821064472198486
0.0,0.7138558030128479
1.0,0.3318471610546112
1.0,0.6786472201347351
0.0,0.37942248582839966
0.0,0.40202322602272034
0.0,0.39818495512008667
1.0,0.6730404496192932
1.0,0.7058205008506775
0.0,0.3622468411922455
1.0,0.6645497679710388
1.0,0.5227091312408447
0.0,0.3176083266735077
0.0,0.3631458580493927
1.0,0.6805360317230225
0.0,0.31654444336891174
0.0,0.34348422288894653
1.0,0.6654868125915527
1.0,0.5189982652664185
0.0,0.2870689630508423
0.0,0.5551230907440186
1.0,0.5911175608634949
1.0,0.6825512051582336
1.0,0.6916324496269226
0.0,0.2872660756111145
1.0,0.5187739729881287
1.0,0.6617122292518616
0.0,0.3023170828819275
0.0,0.40930595993995667
0.0,0.5006288290023804
0.0,0.6791223883628845
1.0,0.6842283606529236
1.0,0.6493439078330994
1.0,0.6389760375022888
1.0,0.6320653557777405
0.0,0.6047473549842834
1.0,0.6890997290611267
0.0,0.5758772492408752
1.0,0.6901692152023315
0.0,0.3825591206550598
0.0,0.2869655191898346
1.0,0.5011217594146729
0.0,0.5321559906005859
0.0,0.2891702651977539
1.0,0.3260952830314636
0.0,0.5730359554290771
0.0,0.34915417432785034
1.0,0.32186418771743774
0.0,0.4822748005390167
